Barcode,Description,Category_ID,Category_Name,Items_CSV_Category
842426152792,WINDSOR LEAF SWEET 25/2CT,31,BLUNT WRAP,0
649964308373,WILD HEMP CONE DW WHT 50CT,11,CIG ROLLING PAPER,15
689490002390,THIS MENTHOL 100 BOX 200CT,48,CIGARETTE,0
689490001379,TIMELESS MNTL GRN LT 100BX,48,CIGARETTE,0
784762078858,ZIG ZAG LEAF 25CT STRAIGHT UP,31,BLUNT WRAP,-2
860009348349,LIL LEAF 10/5CT ORIGINAL,31,BLUNT WRAP,0
649964319911,WILD PALM RUSS CRM SLIM 20/2PK,31,BLUNT WRAP,8
784762072023,ZIG ZAG WRAPS 25CT APPLE,31,BLUNT WRAP,0
817458027448,WILDHEMP CXL WRAP 25/2CT HAWA,31,BLUNT WRAP,0
8414775013530,SMOKING BROWN PAPER 50CT,11,CIG ROLLING PAPER,44
6974828617631,EVOK 6MG 5CT CITRUS,83,NICOTINE POUCHES,-2
853202002019,PALERMO RED BX,48,CIGARETTE,0
608011835200,SNP 8MG COOL CUCUMBER 5CT,83,NICOTINE POUCHES,0
840045208357,ROGUE 6MG 3.99$ 5CT FROST,83,NICOTINE POUCHES,0
649964319744,WILD HEMP CONES UT KS 24CT,11,CIG ROLLING PAPER,16
842426143738,GT FTW 2/.79 25CT CHOCALATE,31,BLUNT WRAP,25
185092000821,PALMETTO GOLD 100 BOX 10CT,48,CIGARETTE,6
840439106160,KARMA HEMP WRAP TROPIK 25CT,31,BLUNT WRAP,-2
10857545008759,BILLION WRAPS 25/2CT NATURAL,31,BLUNT WRAP,2
817127024778,HEMP ZONE 5/$1 15CT LEMONADE,31,BLUNT WRAP,21
784762071583,ZIG ZAG WRAP 2/99 25/2CT GRAPE,31,BLUNT WRAP,3
784762078612,ZIG ZAG WRAP 4/99 15/4CT PINK,31,BLUNT WRAP,16
814101024403,FIESTA STRAWBERRY 5/99 15CT,23,CIGARS,0
818892015718,GT 90CT CIGAR MANGO  3/99 ,23,CIGARS,0
814101024373,FIESTA WHITE GRAPE 5/99 15CT,23,CIGARS,26
816667012511,CHASE MENTHOL 100,23,CIGARS,0
874411000689,CHEYENNE CIG CLASSIC  100 BOX,23,CIGARS,0
842426157209,GT 3/92 WHITE GRAPE 15/3CT,23,CIGARS,160
817127029216,SHOW BLK 1/$.49 25/1CT CLOVE,23,CIGARS,30
784762080615,TENZ WRAP 8/2CT ISLAND RUM,23,CIGARS,57
812474016643,FANTASIA PURPLE K 10CT,49,LT-TAX-COLLECTED,0
812474012140,FANTASIA DRAGON BREATH  50GM,49,LT-TAX-COLLECTED,-6
812474016650,FANTASIA MAYBACH MEL 10 X50G,49,LT-TAX-COLLECTED,1
660989379735,FRONTO KING CHOCOLATE 12CT-BX,49,LT-TAX-COLLECTED,0
660989379728,FRONTO KING VANILLA 12CT-BX,49,LT-TAX-COLLECTED,0
850048616363,ZAZA LEAF 5/5CT IRISH CREAM,49,LT-TAX-COLLECTED,0
817127023351,SHOW DIAMOND 3PKWRAP APLE 25CT,49,LT-TAX-COLLECTED,0
792105975771,OLD MAN CUTS LEAF 8/5CT,49,LT-TAX-COLLECTED,0
796559467196,SLAPWOODS 10/5PK BLOOD SHOT,49,LT-TAX-COLLECTED,-6
817127028264,SHOW LEAF 2/1.29 15/2PK STRBRY,49,LT-TAX-COLLECTED,16
658238735616,LOOSE LEAF 8/5CT WATERMELON D,49,LT-TAX-COLLECTED,13
817127028387,BIG DOG WRAP 2/$1.99 20CT BLBR,49,LT-TAX-COLLECTED,22
887969009868,MY BLU INT HONEYMOON 2.5% 1CT,81,ECIG - PODS,0
849205016290,VUSE RICH TOBACCO 5.0% 5/2CT,81,ECIG - PODS,30
894945001068,OHM BLUE FILTERED CIGAR 200CT,56,CIGAR GA,0
816518018235,EXTENDO POLAR-ICE  2/1.39 ,56,CIGAR GA,0
842426142922,GT 3/99 HD WTRM BONUS 15/3CT,56,CIGAR GA,0
812319018849,GT 90CTCIGAR  KUSH 3/99 ,56,CIGAR GA,0
818892018528,GT 4/99 4KS 15/4CT WHITE GRAPE,56,CIGAR GA,0
842426146166,GT 45CT .  KASH 3/99 ,56,CIGAR GA,0
842426153904,GT 3/92 15/3CT FRUIT PUNCH,56,CIGAR GA,74
842426146494,GT WOODS 2/1.29 15/2CT CREAM,56,CIGAR GA,0
842426174541,GT MINI 3/1.19 GRN SWT 45CT,56,CIGAR GA,37
645781183551,JUNGO LEAF 10/5CT MINT/PASSN F,57,LT-TAX PAID,5
422321,HAWKEN WINTERGREEN 5CT,45,T7 SMOKELESS GA,0
420671,GRIZZLY 1900 LC NATURAL 5CT,45,T7 SMOKELESS GA,0
850008118630,NATTY HEMP 4/99 15/4CT PALMA,31,BLUNT WRAP,15
719499005112,HIGH HEMP WRAPS 25CT HONEY,31,BLUNT WRAP,43
708926564049,WILDHORSE MENTHOL SLVR 100 BOX,48,CIGARETTE,28
716165252450,RAW ORGANIC BLK KS SLIM 50CT,11,CIG ROLLING PAPER,31
6291108164457,AL FAKHER 10 X 50GM CTRS MINT ,57,LT-TAX PAID,10
717519011112,AL CAPONE 10/10CT JAMAICAN BLZ,51,LIT CIGARS 003251,29
609792009354,GREEN HRVST CONE 10/2CT PLATI,49,LT-TAX-COLLECTED,24
609792009385,GREEN HRVST CONE 10/2CT STR KI,49,LT-TAX-COLLECTED,24
762446450206,LONGHORN LC NATURAL 5CT,45,T7 SMOKELESS GA,30
425531,GRIZZLY SNUFF 5CT,45,T7 SMOKELESS GA,23
850008118487,NATTY HEMP 4/99 15/4CT R CRM ,31,BLUNT WRAP,10
887982094285,BOB M ORGANIC KS PAPER 50CT,11,CIG ROLLING PAPER,138
854133005506,STALLION TUBES RED KING 1CT,11,CIG ROLLING PAPER,114
619683001398,PALM LEAF MINT 2PK 24CT,31,BLUNT WRAP,4
815970020312,TWISTED HEMP 4/99 GRAPE BURST,31,BLUNT WRAP,0
619682993380,EZ ROLL MINI OGKUSH  4/99 15CT,31,BLUNT WRAP,0
689490002307,THIS RED 100 BOX 200CT,48,CIGARETTE,0
671734004987,BOB M ORG KS PAPER + TIPS 24CT,11,CIG ROLLING PAPER,0
818892014285,GT F/WRAP GREEN 2/79 25CT,31,BLUNT WRAP,0
812319018962,GT 1 1/4 R/PAPER 2/$.99 100CT,11,CIG ROLLING PAPER,0
716165177388,RAW CLSC KING SIZE 3M 12CT,11,CIG ROLLING PAPER,8
840439106191,KARMA HEMP WRAP BLAZIN BLU25CT,31,BLUNT WRAP,0
6974828617594,EVOK 6MG 5CT BLUEBERR ICE,83,NICOTINE POUCHES,-4
810146970163,COLORS WRAPS 25/2CT BANANA,31,BLUNT WRAP,70
684514010177,KYK 7MG 5CT BLUE RAZZ ICE,83,NICOTINE POUCHES,0
684514010184,KYK 7MG 5CT WATERMELON ICE,83,NICOTINE POUCHES,0
JBOR96,JOB CIG ORANGE 1 1/4 96CT JAR,11,CIG ROLLING PAPER,-2
708926641542,FIRST CLASS MEN SILVER 100 BOX,48,CIGARETTE,0
653341241443,BIG BAMBU ORGANIC HEMP KS 50CT,11,CIG ROLLING PAPER,0
10857545011315,BILLION WRAPS 25/2CT GOLD,31,BLUNT WRAP,5
857908000744,DECADE RED 100 BOX 200CT,48,CIGARETTE,0
857908000799,DECADE MENTHOL BOX 200CT,48,CIGARETTE,0
840045207725,ROGUE 6MG POUCH 5CT ORIGINAL ,83,NICOTINE POUCHES,0
814057002319,SHIELD BLUE 100 BOX 10CT,48,CIGARETTE,16
10850018987049,KING PALM MINI WMELON WAV 20CT,31,BLUNT WRAP,22
719499005143,HIGH HEMP WRAPS 25CT GRAPEADE,31,BLUNT WRAP,68
619682999085,TRUE HEMP 25/2CT FLAVORLESS,31,BLUNT WRAP,48
649964320931,RUSH $1.99 6MG 5CT GREEN MINT,83,NICOTINE POUCHES,0
840170600613,VELO 7MG SPEARMINT 5CT,83,NICOTINE POUCHES,0
819721012175,ENTOURAGE 25CT PINK D CIGAR,23,CIGARS,0
818892010591,GT 90CT BLACK CIG 3/99  ,23,CIGARS,0
784762044877,ZIGZAG CIG SLOW BURN BERY 15CT,23,CIGARS,0
814101025134,SUPREME 5/99 WATERMELON 15CT,23,CIGARS,0
858765009482,SHOW BK LEAF SWEET 5PK,23,CIGARS,0
817127029315,SHOW BLK 2/$99 12/2CT CLOVE,23,CIGARS,21
819721010416,BLUNTVILLE CIG 25CT WHT VANILA,23,CIGARS,184
858765007334,SHOW 5/$1 15/5CT CREAM,23,CIGARS,36
849523005815,FANTASIA PINK LEMONADE 10CT,49,LT-TAX-COLLECTED,0
812474010207,FANTASIA MON' CHERRY 50GM,49,LT-TAX-COLLECTED,-5
685141573080,BACCO MILD 6OZ P/TOB 1CT,49,LT-TAX-COLLECTED,0
817127027205,BIG DOG DARK CRUSH 20CT,49,LT-TAX-COLLECTED,0
887969009929,MY BLU INT MELON TIME 2.5% 1CT,81,ECIG - PODS,0
859477001788,CARTEL CIGAR GRAPE 200CT,56,CIGAR GA,0
10818433010438,ROXWELL 3/99 PINEAPPLE,56,CIGAR GA,21
842426162210,HYBRID WOODS HNY BERY 2PK 15CT,56,CIGAR GA,0
818892019273,GT 4/99 KINGS ULTIMATE 15CT,56,CIGAR GA,0
842426142861,GT 3/99 HD KUSH BONUS 15/3CT,56,CIGAR GA,0
818892010782,GT 45CT. CHAMPAGNE 3/99 ,56,CIGAR GA,0
818892010058,GT 45CT. WINE 3/99 ,56,CIGAR GA,0
842426146661,GT LITTLE N WLD VANIL .59 25CT,56,CIGAR GA,0
818892013882,GT 4/99 4KS 15/4CT SWEET DELC,56,CIGAR GA,0
842426174848,GT WOODS 2/1.39 15/2CT STRBRY,56,CIGAR GA,0
645781434998,JUNGO LEAF 10/5CT WATERMELON,57,LT-TAX PAID,11
616366828235,CANABZY LEAF 8/5CT BANANA BLIS,57,LT-TAX PAID,0
847244047213,STARBUZZ EXOTIC 250GM SAFARI M,57,LT-TAX PAID,11
762446522200,SOUTHERN PRIDE 12CT,57,LT-TAX PAID,3
8681511382872,ADALYA 250GM SKY FALL,57,LT-TAX PAID,4
762446420209,LONGHORN LC STRAIGHT 5CT,45,T7 SMOKELESS GA,23
849205030012,VUSE KIT MENTHOL 5.0% 1CT 5PK,81,ECIG - PODS,0
742978846661,LOOSE LEAF MINI 8/5CT GRAPE DR,57,LT-TAX PAID,17
812615006724,CLIPPER CIGAR 10CT LIGHT,23,CIGARS,6
850008118616,NATTY HEMP 4/99 15/4CT DARK,31,BLUNT WRAP,23
842426181112,GT 3/1.29 HD 15/3CT PEACHES,56,CIGAR GA,148
422361,KODIAK MINT 5CT,45,T7 SMOKELESS GA,6
708926563042,WILDHORSE MENTHOL GREEN BOX,48,CIGARETTE,27
6291108161722,AL FAKHER 10 X 50GM BERRY ,57,LT-TAX PAID,1
842426165570,GT 4/1.19 4KS 15/4CT WHT GRAPE,56,CIGAR GA,80
613527006242,BLIZZY CONE 10/2CT EMERALD,49,LT-TAX-COLLECTED,24
810159861489,LOOSE LEAF 2/2.99 20CT SWT ARM,49,LT-TAX-COLLECTED,42
717519111706,AL CAPONE TOWER JAM BLZ 60/2CT,51,LIT CIGARS 003251,67
751667126663,TAJMAHAL BIDIS 10/20 200 CT,48,CIGARETTE,248
810159863230,LOOSE LEAF 20/2CT CHIEF KEEF,49,LT-TAX-COLLECTED,0
769577921018,LOOSE LEAF 2/2.99 20CT PRPL DR,49,LT-TAX-COLLECTED,130
619682010360,EZ ROLL .49C 25CT SOUR APLE,31,BLUNT WRAP,504
609249901422,ZYN 6MG PEPPERMINT 5CT,83,NICOTINE POUCHES,8
842426155342,GT 4/.99 4K WRAP 30/4CT SWT DL,31,BLUNT WRAP,23
842426170703,GT WOODS 2/1.39 15/2CT SILVER,56,CIGAR GA,113
818892019013,NAT.U.ROLL CLASSIC K/S R/PAPER,11,CIG ROLLING PAPER,0
716165154969,RAW CONE TIPS PRE ROL PERFECTO,11,CIG ROLLING PAPER,0
716165250463,RAW CELLULOSE FILTERS 30CT,11,CIG ROLLING PAPER,2
811673010025,HOT ROD TUBES SMOOTH K/S 200CT,11,CIG ROLLING PAPER,36
716165250456,RAW MASTRPC 3M ROLL + TIPS 12C,11,CIG ROLLING PAPER,0
619682996374,EZ ROLL XXL RUSSIAN CREAM ,31,BLUNT WRAP,0
812319010324,GT F/WRAP W/GRAPE 2/.79 25CT,31,BLUNT WRAP,0
689490000983,TIMELESS MNTHL GREEN LT BOX,48,CIGARETTE,0
716165174325,ZEN MENTHOL 100'S CIG TUBES,11,CIG ROLLING PAPER,0
716165200550,RAW CLSC ARTESANO KS SLIM 15CT,11,CIG ROLLING PAPER,1
619682999412,RB BLUNTS ROSES 25/2CT R ROSE,31,BLUNT WRAP,31
10812624020077,CHEECH & CHONG HEMP 50CT ,11,CIG ROLLING PAPER,0
608011835156,SNP 8MG COOL MINT 5CT,83,NICOTINE POUCHES,0
Z24,ZONE DISPLAY 24CT,83,NICOTINE POUCHES,9
802284005142,ECHO MENTHOL GOLD BOX 10CT,48,CIGARETTE,0
719499008045,HIGH HEMP WRAPS 25CT PINK CLOU,31,BLUNT WRAP,123
817127021036,HEMP ZONE 5/$1 15CT BANANA,31,BLUNT WRAP,44
716165202110,RAW CONES ORGANIC K/S 32/3PK,11,CIG ROLLING PAPER,94
887969011892,ZONE 6MM 5CT WINTERGREEN,83,NICOTINE POUCHES,16
816518017139,EXTENDOS PURPLE K  2/99 15CT,23,CIGARS,0
814101024359,FIESTA KUSH 5/99 15CT,23,CIGARS,0
818059028551,OG WOODS 2/1.29 ORIGINAL 15CT,23,CIGARS,24
685141850358,RICHWOOD CIGAR GRAPE 100,23,CIGARS,0
817127029896,SHOW JACK 4/99 WATERMELON 60CT,23,CIGARS,0
812319018054,GT CIG/BLACK 49C 60CT,23,CIGARS,0
818892013547,GT4/99 4 KING  VN PIN SWT 45CT,23,CIGARS,0
858765009505,SHOW BK LEAF NATURAL 5PK,23,CIGARS,-212
784762080318,ZIG ZAG LEAF 2/1.29 15CT RUS C,23,CIGARS,21
812474010399,FANTASIA HOOKAH ADIOS 10CT ,49,LT-TAX-COLLECTED,0
812474010313,FANTASIA STRAWBERRRY 50GM,49,LT-TAX-COLLECTED,-8
812474016728,FANTASIA VANILA SKY 10CT,49,LT-TAX-COLLECTED,2
849855000229,SV PIPE TOBACCO 12OZ AMARETTO,49,LT-TAX-COLLECTED,24
817127023412,SHOW DIAMOND 3PKWRAP GRPE25CT,49,LT-TAX-COLLECTED,0
761073422815,BORKUM RIFF BOURB WHISKY 200CT,49,LT-TAX-COLLECTED,0
817127024457,N'TCH 3MG CLASSIC ORIGINAL 5CT,53,TOB 003211,0
894945001051,OHM MENTHOL FILTERED CGR 200CT,56,CIGAR GA,0
611640102100,REMINGTON S/BERRY CIG 100 BX,56,CIGAR GA,0
812319018870,GT 45CT. KUSH PCH CIGR 3/99 ,56,CIGAR GA,0
842426156363,GT WOODS 2/99  NATURAL  15CT,56,CIGAR GA,0
818892019396,GT 4/99 4KS 15/4CT WMLN GRAPE,56,CIGAR GA,2
844504001497,SENECA CIGAR LIGHTS  200CT,56,CIGAR GA,12
844504002876,SENECA CIGAR MENTHOL LGT 200CT,56,CIGAR GA,0
842426163743,GT 3/99 HD 15/3CT HONEY FUSION,56,CIGAR GA,1
842426146463,GT WOODS 2/1.29 15/2CT HONEY,56,CIGAR GA,0
6291100733071,AL FAKHER 250GM B/APPLE ,57,LT-TAX PAID,0
844504002951,AMERICAN CLUB TOB MENTHOL 16OZ,57,LT-TAX PAID,9
708926701215,WILDHORSE PIPE TOB 16OZ MENTHL,57,LT-TAX PAID,2
658238735029,LOOSE LEAF 8/5CT REDD RUM,57,LT-TAX PAID,0
645781212961,JUNGO LEAF 10/5CT WINE,57,LT-TAX PAID,0
708926701130,WILDHORSE PIPE TOB 6OZ REGULAR,57,LT-TAX PAID,14
802084128492,AFZAL 10 X 50GM PAN RAAS,57,LT-TAX PAID,7
762446707232,TW L/CT WGREEN 1.69 10 CT,45,T7 SMOKELESS GA,0
429911,GRIZZLY SNUFF POUCHES 5CT,45,T7 SMOKELESS GA,0
849205022239,VUSE GOLDEN TOBACCO 5% 5/1CT,81,ECIG - PODS,9
658238734800,LOOSE LEAF 8/5CT ICE COLD,49,LT-TAX-COLLECTED,25
819721010379,BLUNTVILLE CIG 25CT PALMA,23,CIGARS,612
810159862783,LOOSE LEAF 20/2CT CKIES CINN,49,LT-TAX-COLLECTED,-3
761847548864,FRONTO KING MINI LEAF 12CT,57,LT-TAX PAID,11
842426167161,GT 3/1.29 HD 15/3CT VANILLA,56,CIGAR GA,44
850730000135,BOB M CLASSIC 1.25 PAPER 25CT,11,CIG ROLLING PAPER,25
6291108166970,AL FAKHER 250GM WATERMELON,57,LT-TAX PAID,6
6291108166833,AL FAKHER 250GM PEACH,57,LT-TAX PAID,4
849205030586,VUSE MENTHOL 5.0% 5/6CT,81,ECIG - PODS,0
850730000302,BOB M CLASSIC KS PAPERS 50CT,11,CIG ROLLING PAPER,162
796559467110,SLAPWOODS 10/5PK NATURAL,57,LT-TAX PAID,-78
853272008188,TETON 6 RED BOX 100 10CT,48,CIGARETTE,-2
842426170826,GT WOODS 2/1.39 15/2CT HNY BRY,56,CIGAR GA,252
619682621221,EZ ROLL .49C 25CT WET MANGO,31,BLUNT WRAP,817
810159861519,LOOSE LEAF 2/1.99 20CT SWT GLD,49,LT-TAX-COLLECTED,70
799953039150,STOKERS RED SUP 16OZ $9.98 6CT,49,LT-TAX-COLLECTED,34
609249907424,ZYN 6MG CITRUS 5CT,83,NICOTINE POUCHES,97
609249904423,ZYN 6MG COFEE 5CT,83,NICOTINE POUCHES,38
428721,GRIZZLY LC WINTERGREEN 5CT,45,T7 SMOKELESS GA,133
716165174240,RAW CLASSIC SINGLE WIDE 25CT,11,CIG ROLLING PAPER,23
818892019037,NAT.U.ROLL CLASSIC 11/4 R/PAPE,11,CIG ROLLING PAPER,0
619683001336,PALM LEAF PURPLE HAZE 2PK 24CT,31,BLUNT WRAP,3
784762078735,ZIG ZAG LEAF 2/.99 25/2CT BERY,31,BLUNT WRAP,6
812319010089,GT F/WRAP GRAPE 2/79 25 CT,31,BLUNT WRAP,0
689490000945,TIMELESS TIME MENTHOL BOX 200C,48,CIGARETTE,0
769256453649,ZILLOW HEMP WILD BERRY 20CT,31,BLUNT WRAP,96
6974828617587,EVOK 6MG 5CT APPLE,83,NICOTINE POUCHES,-3
6974828617563,EVOK 6MG 5CT WATERMELON ICE,83,NICOTINE POUCHES,-3
811673010018,HOT ROD CIG TUBE REG K/S 200CT,11,CIG ROLLING PAPER,5
619682010544,EZ ROLL CHICKEN & WAFFLES 25CT,11,CIG ROLLING PAPER,0
840045208234,ROGUE 6MG 3.99$ 5CT CITRUS,83,NICOTINE POUCHES,0
684514010269,KYK 14MG 5CT CLEAR,83,NICOTINE POUCHES,0
832310240179,KADOBAR 3MG 5CT PCH PINAPL MNT,83,NICOTINE POUCHES,4
8414775012786,SMOKING MED WHITE PAPER 50CT,11,CIG ROLLING PAPER,44
716165200253,RAW PERFORTED GUMMED TIP 24CT,11,CIG ROLLING PAPER,34
802284004725,EDGEFIELD MNTH LGT100 BOX,48,CIGARETTE,5
716165155645,ELEMENTS PRE ROLL TIPS 20CT,11,CIG ROLLING PAPER,-6
817127029780,HEMP ZONE 5/$1 15CT SWEET,31,BLUNT WRAP,18
840158612560,FRE $2.99 9MG POUCH 5CT WNTGR,83,NICOTINE POUCHES,7
840158612416,FRE $2.99 9MG POUCH 5CT MINT,83,NICOTINE POUCHES,29
840158608570,FRE 3MG POUCH 5CT WINTERGRN,83,NICOTINE POUCHES,18
681467003584,SENECA SILVER BOX 10CT,48,CIGARETTE,2
649964321044,RUSH $1.99 12MG 5CT GREEN MINT,83,NICOTINE POUCHES,0
716165174189,RAW ORGANIC 1 1/4 1.25 24CT,11,CIG ROLLING PAPER,1015
816667010937,RICHMOND SMOOTH 100,23,CIGARS,11
816518019072,EXTENDOS CALI GREEN 2/99 15CT,23,CIGARS,0
689076936620,BLUNTVILLE CIG 25CT NATRAL DLX,23,CIGARS,0
685141850235,RICHWOOD CIGAR VANILLA 100,23,CIGARS,0
812319017224,GT 45CT. FRENCH GRAPE 3/99  ,23,CIGARS,0
817127020589,SHOW BK LEAF COMBO 5PK,23,CIGARS,0
816667010951,RICHMOND MTHL 100,23,CIGARS,0
814101025066,SUPREME 5/99 WHITE GRAPE 15CT,23,CIGARS,0
814101025073,SUPREME 5/99 GREEN HAZE 15CT,23,CIGARS,0
812615002740,CLIPPER 4/99  B/BERRY IGR 15CT,23,CIGARS,-84
812615006748,CLIPPER CIGAR 10CT PEACH,23,CIGARS,0
817127026628,DOPPYWOODS RUSSIAN CREAM 8/5CT,23,CIGARS,13
812474012232,FANTASIA DOLLAR FLVR 10CT,49,LT-TAX-COLLECTED,0
812474016049,FANTASIA SCREWDRIVER 10CT,49,LT-TAX-COLLECTED,0
812474010382,FANTASIA ACE OF SPADES 10CT,49,LT-TAX-COLLECTED,0
812474016094,FANTASIA WHITE LOTOUS 10CT,49,LT-TAX-COLLECTED,-6
812474012539,FANTASIA QUEEN OF HEARTS 10X50,49,LT-TAX-COLLECTED,21
812474012201,FANTASIA DRAGON'S BREATH 10CT,49,LT-TAX-COLLECTED,2
660989379797,FRONTO KING PINEAPPLE 12CT-BX,49,LT-TAX-COLLECTED,0
685141975020,RED BUCK MENTHOL 16OZ PIPE TOB,59,LT-NON-GA/ROL UR OWN,6
799953310365,STOKERS TOWER 10CT LC WNTRGRN,49,LT-TAX-COLLECTED,0
817127023429,SHOW DIAMOND 3PKWRAP KSTR 25CT,49,LT-TAX-COLLECTED,0
750253916657,PAYD LEAF 8/5CT BANANA,49,LT-TAX-COLLECTED,0
717519195201,AL CAPONE LEAF 12CT ORIGINAL,49,LT-TAX-COLLECTED,0
717519195249,AL CAPONE LEAF 12CT RUM,49,LT-TAX-COLLECTED,0
685141573011,BACCO MILD P/TOBACCO 16 OZ,49,LT-TAX-COLLECTED,0
817127024648,N'TCH 6MG COFFEE CUP 5CT,53,TOB 003211,0
JUULM32,JUUL CLASSIC MENTHL 5% 2PK 8CT,81,ECIG - PODS,21
879982004135,TRAFFIC CIGAR GREEN 100 BOX,56,CIGAR GA,0
818892011758,GT DM 2/.99 W/G 15CT,56,CIGAR GA,0
844504002845,SENECA CIGAR VANILA 200CT,56,CIGAR GA,10
812319017286,GT 45CT. W/GRAPE 3/99 ,56,CIGAR GA,0
842426146340,GT WOODS 2/1.29 15/2CT SWEET,56,CIGAR GA,0
818892018795,GT 5/99 QUICKIE SWEET 75CT,56,CIGAR GA,10
812474011143,FANTASIA RED MELON 10 X 50G,57,LT-TAX PAID,0
6291108160763,AL FAKHER 1KG TWO APPLE W/MINT,57,LT-TAX PAID,0
8681511382766,ADALYA 250GM BAGDADI,57,LT-TAX PAID,6
8681511382049,ADALYA 250GM BLUEBERRY'S,57,LT-TAX PAID,4
8681511382582,ADALYA 250GM ORANGE MINT,57,LT-TAX PAID,0
762446831005,RED MAN LC SNUFF STRAIGHT 5CT,45,T7 SMOKELESS GA,0
10857545012053,BOB M HEMP WRAP OGK 25/2CT,31,BLUNT WRAP,11
842426181808,GT BLK SMOOTH .69 15CT BLK SWT,56,CIGAR GA,30
716165250319,RAW CLSC BLK 1 1/4 1.25 24CT,11,CIG ROLLING PAPER,46
842426145770,GT 3/99 15/3CT DIAMOND,56,CIGAR GA,52
751667290029,DJARUM 10/12PK SAPHIRE/MENTHOL,23,CIGARS,140
818892010966,GT 3/1.19 15/3CT SWEET,56,CIGAR GA,20
840045207695,ROGUE 3MG POUCH 5CT ORIGNL,83,NICOTINE POUCHES,10
6291108167915,AL FAKHER 10 X 50GM LUCID DRMS,57,LT-TAX PAID,0
6291108164884,AL FAKHER 250GM ORANGE W/CRM,57,LT-TAX PAID,3
6291109097549,AL FAKHER 10 X 50GM GA PCH PIE,57,LT-TAX PAID,13
842426166836,GT 3/1.29 HD 15/3CT HONEY FSN,56,CIGAR GA,35
742978845961,LOOSE LEAF MINI 8/5CT HNY BRBN,57,LT-TAX PAID,14
850008118265,NATTY HEMP 4/99 15/4CT SWEET,31,BLUNT WRAP,11
609249906427,ZYN 6MG CINNAMON 5CT,83,NICOTINE POUCHES,82
6291108167700,AL FAKHER 10 X 50GM MAGIC LOVE,57,LT-TAX PAID,11
855022005393,ON! 8MG 5CT - ORIGINAL,83,NICOTINE POUCHES,9
858765005835,SHOW 5/$1 15/5CT WHITE GRAPE,23,CIGARS,116
840170618229,VELO PLUS 9MG 5CT - PEPPERMINT,83,NICOTINE POUCHES,0
842426170765,GT WOODS 2/1.39 15/2CT GLD HNY,56,CIGAR GA,187
850059190036,LIL LEAF 3/$2.99 10/3CT WT RUM,49,LT-TAX-COLLECTED,505
812319010447,GT F/WRAP BLUEBERRY 2/79 25CT,31,BLUNT WRAP,0
842426153300,GT SUPERHEMP WRAP BB/PIN 25CT,31,BLUNT WRAP,0
689490001041,TIMELESS TIME BLU 100 BX,48,CIGARETTE,0
689490000884,TIMELESS TIME BLU BX,48,CIGARETTE,0
716165281153,RAW CELLULOSE FILTERS 1CT,11,CIG ROLLING PAPER,0
784762078773,ZIG ZAG WRAPS 25CT STRAWBERRY,31,BLUNT WRAP,54
648658033171,RANDYS KS PAPER 25CT ,11,CIG ROLLING PAPER,0
784762078940,ZIG ZAG LEAF 25CT PALMA,31,BLUNT WRAP,11
840045200917,ROGUE 3MG POUCH 5CT CINNAMON,83,NICOTINE POUCHES,0
684514010337,KYK 14MG 5CT WATERMELON,83,NICOTINE POUCHES,0
716165250272,RAW ORGANI ARTESANO 1 1/4 15CT,11,CIG ROLLING PAPER,0
716165177807,ELEMENTS ULT THN 1 1/2CT 25CT,11,CIG ROLLING PAPER,15
842426183123,GT PAPER $.99 1 1/4 25CT STRBR,11,CIG ROLLING PAPER,8
810090981369,ZLAB 7GM 6CT STRAWBERRY,83,NICOTINE POUCHES,-1
832310240186,KADOBAR 3MG 5CT WMLN MINT,83,NICOTINE POUCHES,5
812319010867,GT FTW 2/.79 25CT WHITE GRAPE,31,BLUNT WRAP,6
812319010805,GT FTW 2/.79 25CT CHERRY,31,BLUNT WRAP,7
719499005310,HIGH HEMP WRAPS 25CT BARE BRY,31,BLUNT WRAP,49
842426165129,GT WOODS WRAP 30/2CT VANILLA,31,BLUNT WRAP,17
619682001658,EZ ROLL DBL 25CT WHITE GRAPE,31,BLUNT WRAP,0
708926561116,WILDHORSE RED KING BOX 10CT,48,CIGARETTE,8
784762077325,ZIG ZAG WRAP 4/99 15/4CT DIAMD,31,BLUNT WRAP,61
716165171454,RAW CLSC KS SUPREME 24CT,11,CIG ROLLING PAPER,47
816518011984,SPLIT'LOS CIG SWEET PCH 3/99 ,23,CIGARS,1
20860004671637,THROWBACK 5PK RUSS CREAM  40CT,23,CIGARS,1
816667012474,CHASE FULL FLAVOR 100,23,CIGARS,0
874411001358,CHEYENNE CIGAR GRAPE 100BOX ,23,CIGARS,0
816518016484,SPLITARILLO 6/99 PURPLE K 45CT,23,CIGARS,0
814101025110,SUPREME 5/99 TROPICAL BUZ 15CT,23,CIGARS,27
817127026604,DOPPYWOODS BANANA 8/5CT,23,CIGARS,-1
689076935920,BLUNTVILLE CIG 25CT SWEET,23,CIGARS,507
751667074223,DJARUM 10/12PK SPLASH ,23,CIGARS,97
812474016117,FANTASIA  GRAPE G6 10 X 50G,49,LT-TAX-COLLECTED,0
812474011679,FANTASIA MONDAY CHERRY 10CT,49,LT-TAX-COLLECTED,1
812474010535,FANTASIA STRBRY LEMNADE 10X50G,49,LT-TAX-COLLECTED,1
799953331360,STOKERS TOWER 10CT LC STRAIGHT,49,LT-TAX-COLLECTED,0
850048616349,ZAZA LEAF 5/5CT HONEY BOURBN,49,LT-TAX-COLLECTED,0
660111933729,LOOSE LEAF 8/5CT RESERVE,49,LT-TAX-COLLECTED,-2
850059190463,LIL LEAF 3/$2.99 10/3CT DK WHT,49,LT-TAX-COLLECTED,0
817127024624,N'TCH 6MG CITRUS 5CT,53,TOB 003211,0
887969010802,MY BLU INT TOBACCO 2.4% 1CT,81,ECIG - PODS,35
10819913015196,JUUL VIRGINIA TOB 5% 2PK 8CT,81,ECIG - PODS,5
812615007592,CLIPPER CIG GRAPE BOX 60CT,56,CIGAR GA,0
816518012554,SPLIT'LOS CIG GRAPE3/99 90CT,56,CIGAR GA,0
685141350032,RED BUCK CIGAR REGULAR,56,CIGAR GA,0
784762074881,ZIG ZAG CIG $.89 DISPLAY,56,CIGAR GA,0
818892011727,GT DM 2/.99  COGN 15CT,56,CIGAR GA,0
818892011871,GT DM 2/.99 BLBRY 15CT,56,CIGAR GA,0
818892015176,GT LIITLE N WLD MANGO .59 25CT,56,CIGAR GA,0
842426144247,GT MINI 3/99 S/COGNAC CIG 45CT,56,CIGAR GA,0
818892018405,GT MINI GREEN SWEET 3+2=5 75CT,56,CIGAR GA,0
842426153935,GT 3/92 DIAMOND 15/3CT,56,CIGAR GA,0
742978845534,LOOSE LEAF MINI 8/5CT PEACH DR,57,LT-TAX PAID,0
649964992770,GOT LEAF 5WRAPS 1CT,57,LT-TAX PAID,0
894945001433,OHM 16OZ SILVER,57,LT-TAX PAID,0
894945001372,OHM 6OZ BOLD,57,LT-TAX PAID,0
894945001396,OHM 6OZ SILVER,57,LT-TAX PAID,0
894945001853,OHM RED 6OZ RED,57,LT-TAX PAID,0
707466999359,SWAG  WH LEAF NATURAL10PK,57,LT-TAX PAID,6
762446723232,TW MINT POUCH 0.99 10 CT,45,T7 SMOKELESS GA,0
742978846203,LOOSE LEAF 8/5CT RESERVE,49,LT-TAX-COLLECTED,33
784762071705,ZIG ZAG WRAP 2/99 25/2CT ORNGE,31,BLUNT WRAP,36
842426166959,GT 3/1.29 HD 15/3CT GRN SWT ,56,CIGAR GA,119
842426156332,GT WOODS WRAP 30/2CT NATURAL,31,BLUNT WRAP,19
6291108161364,AL FAKHER 10 X 50GM VANILA ,57,LT-TAX PAID,8
842426172059,GT 4/1.19 4KS 15/4CT CLS GREEN,56,CIGAR GA,48
762446492251,LONGHORN POUCH STRAIGHT 5CT,45,T7 SMOKELESS GA,11
20819500024850,FUTUROLA TYSON BLUNT CONES 12C,31,BLUNT WRAP,132
799953309376,STOKERS FC  NATURAL 5CT,57,LT-TAX PAID,15
810159860277,LOOSE LEAF 8/5CT CHIEF KIEF,49,LT-TAX-COLLECTED,0
619682009968,EZ ROLL .49C 25C ATOMIC BLAST ,31,BLUNT WRAP,119
858765005828,SHOW 5/$1 15/5CT SWEET,23,CIGARS,228
769577921742,LOOSE LEAF 2/2.99 20CT EMRL DR,49,LT-TAX-COLLECTED,229
716165177302,ELEMENTS ULT THN 1 1/4CT 25CT,11,CIG ROLLING PAPER,-17
799953221203,STOKERS TUB 12OZ LC MINT,49,LT-TAX-COLLECTED,12
860010326282,LIL LEAF 3/$2.99 10/3CT COG/HN,49,LT-TAX-COLLECTED,180
860010326268,LIL LEAF 3/$2.99 10/3CT ORIGNL,49,LT-TAX-COLLECTED,706
619683001244,PALM LEAF NAKED 2PK 24CT,31,BLUNT WRAP,3
716165251699,RAW PRE ROLLED SLIM TIPS 20CT,11,CIG ROLLING PAPER,0
716165251477,RAW PRE ROLLED WIDE TIPS 20CT,11,CIG ROLLING PAPER,0
769256453328,ZILLOW HEMP WRAP BDAY CAKE20CT,31,BLUNT WRAP,231
769256453656,ZILLOW HEMP RUSS CREAM 20CT,31,BLUNT WRAP,95
850023213044,BROCONE CLASSIC 3/6PK 32CT,11,CIG ROLLING PAPER,0
8414775013387,PURE HEMP UNBLEACHE 1 1/4 25CT,11,CIG ROLLING PAPER,0
684514010306,KYK 14MG 5CT CITRUS,83,NICOTINE POUCHES,0
708926630218,FIRST CLASS BLUE KING BOX,48,CIGARETTE,0
10857545009473,BILLION WRAPS 25/2CT WATERMELN,31,BLUNT WRAP,5
802284000413,ECHO RED 100 BOX 10CT,48,CIGARETTE,0
716165257318,RAW CONES GARDEN KS 30/3CT,11,CIG ROLLING PAPER,5
840045207633,ROGUE 3MG POUCH 5CT TABAC,83,NICOTINE POUCHES,10
649964308380,WILD HEMP CONE 1.25 WHT 50CT,11,CIG ROLLING PAPER,11
709215615336,305'S MENTHOL GOLD 100 10CT,48,CIGARETTE,10
817127021043,HEMP ZONE 5/$1 15CT GRAPE,31,BLUNT WRAP,13
817458027134,WILDHEMP WRAP 4/99 20CT LIMEAD,31,BLUNT WRAP,36
810134922068,BLAZY SUSAN ROSE WRAPS 25/2CT,31,BLUNT WRAP,48
187700001589,STAMPEDE CIGAR SWEET VAN 100,23,CIGARS,0
685141694044,REDBUCK CIGAR SWEET 49C 25CT,23,CIGARS,0
818892013110,GT 90CT CIGAR MIX 3/99 ,23,CIGARS,0
858765008522,SHOW JACK 4/99 PALMA 60 CT,23,CIGARS,0
812615008032,CLIPPER CIG SPECIAL RED 60CT,23,CIGARS,0
842426143219,GT 3/99 HD 15/3CT BERRY TWIST,23,CIGARS,0
842426143240,GT 3/99 HD 15/3CT CHOCOLATE,23,CIGARS,0
816518019133,EXTENDOS ON POINT P/M 2/$1.39,23,CIGARS,0
817127029322,SHOW BLK 2/$99 12/2CT LITE,23,CIGARS,21
812474016070,FANTASIA MARY JANE 10CT,49,LT-TAX-COLLECTED,0
812474012133,FANTASIA RAINBOW BURST 50GM,49,LT-TAX-COLLECTED,-1
715786995067,JUNGO LEAF LE 10/5CT MAGIC CRM,49,LT-TAX-COLLECTED,0
849855002384,SV PIPE TOBACCO 12OZ PEACH,49,LT-TAX-COLLECTED,24
817127023382,SHOW DIAMOND 3PKWRAP CHOC 25CT,49,LT-TAX-COLLECTED,0
658238734848,LOOSE LEAF CRUSH 10CT STRBRY C,49,LT-TAX-COLLECTED,0
658238735722,LOOSE LEAF CRUSH 10CT WMLN,49,LT-TAX-COLLECTED,0
817127028202,SHOW LEAF 2/1.29 15/2PK AROMAT,49,LT-TAX-COLLECTED,19
817127027977,BIG DOG WRAP 2/$1.99 20CT DKLF,49,LT-TAX-COLLECTED,8
817127027984,BIG DOG WRAP 2/$1.99 20CT NATR,49,LT-TAX-COLLECTED,38
887969009028,MY BLU POD MAG MENTHOL 2PK,81,ECIG - PODS,116
708926250027,WILDHORSE RED CIGAR,56,CIGAR GA,0
708926250225,WILDHORSE GRN CIGAR,56,CIGAR GA,0
842426162128,HYBRID WOODS SWEE ARM 2PK 15CT,56,CIGAR GA,0
818892018436,GT 4 KING SWT DEL 4+1= 5  75CT,56,CIGAR GA,0
793573167286,RRR GREEN F/ CIGAR 1010 BOX,56,CIGAR GA,0
818892011147,GT 45CT. 3/99 BLACK SIGNATURE,56,CIGAR GA,0
842426144001,GT 4KINGS  B/BANANA 4+1=5 75CT,56,CIGAR GA,0
842426144032,GT 4KINGS 4+1 GOLD HONEY 75CT,56,CIGAR GA,0
818892018467,GT 4KINGS 4+1 GREEN SWEET 75CT,56,CIGAR GA,0
842426160896,GT BLACK SMOOTH .59 25CT KASH,56,CIGAR GA,0
859477001870,CARTEL CIGAR STRAWBERRY 200CT,56,CIGAR GA,0
842426146258,GT 3/99 HD 15/3CT KASH,56,CIGAR GA,-1
676737899790,JUNGO LEAF 10/5CT STRAWBRY,57,LT-TAX PAID,0
6291100736430,AL FAKHER 10 X 50GM G'FRT MNT ,57,LT-TAX PAID,0
645781031111,JUNGO LEAF 10/5CT MOCHA,57,LT-TAX PAID,8
812615003433,RED RIVER COOLMINT 6OZ 1CT,57,LT-TAX PAID,0
716165252054,RAW CONES CL BLK 1 1/4 32/6CT,11,CIG ROLLING PAPER,174
850008118623,NATTY HEMP 4/99 15/4CT DIAMOND,31,BLUNT WRAP,0
842426165549,GT 4/1.19 4KS 15/4CT WMLN GRPE,56,CIGAR GA,28
784762071613,ZIG ZAG WRAP 2/99 25/2CT APPLE,31,BLUNT WRAP,38
609249920423,ZYN 6MG CHILL 5CT,83,NICOTINE POUCHES,71
8681511389291,ADALYA 10 X 50GM BAKU NIGHTS,57,LT-TAX PAID,5
6291108167380,AL FAKHER 250GM GRAPE W/MINT ,57,LT-TAX PAID,8
609249914422,ZYN 6MG SMOOTH 5CT,83,NICOTINE POUCHES,72
609792010602,GREEN HRVST HEMP 15/4CT PEACH,31,BLUNT WRAP,30
609249907417,ZYN 3MG CITRUS 5CT,83,NICOTINE POUCHES,109
840170618199,VELO PLUS 6MG 5CT - PEPPERMINT,83,NICOTINE POUCHES,9
769577921186,LOOSE LEAF 2/2.99 20CT CKIS CR,49,LT-TAX-COLLECTED,133
840158609720,FRE 15MG POUCH 5CT MINT,83,NICOTINE POUCHES,0
609249902412,ZYN 3MG SPEARMINT 5CT,83,NICOTINE POUCHES,116
762446424009,LONGHORN TUB 14.4OZ LC STRGHT,45,T7 SMOKELESS GA,18
842426165273,GT 4/1.19 4KS 15/4CT DIAMOND,56,CIGAR GA,495
609249902429,ZYN 6MG SPEARMINT 5CT,83,NICOTINE POUCHES,0
685141913046,24/7 GOLD KING BOX 10CT,48,CIGARETTE,-56
609249900425,ZYN 6MG COOL MINT 5CT,83,NICOTINE POUCHES,6
716165203346,RAW CLASSIC CONE LEAN 20CT,11,CIG ROLLING PAPER,0
619683001275,PALM LEAF SLIM REGULAR2PK 24CT,31,BLUNT WRAP,4
802501105723,PURE PALM 2PK 0.8GMS 20CT,31,BLUNT WRAP,0
649964319881,WILD PALM STR/GUVA MINI 20/2PK,31,BLUNT WRAP,12
842426153331,GT SUPERHEMP WRAP SWEET 25CT,31,BLUNT WRAP,0
619682030283,TRUE BLUNT CANDY APPLE 25CT,31,BLUNT WRAP,11
716165173670,RAW SINGLE WIDE CLASSIC 50CT,11,CIG ROLLING PAPER,0
685867953654,PURE LEAF GOLDN HONEY 3/16 1CT,11,CIG ROLLING PAPER,0
716165176114,RAW CLSC CONNOSSEUR 1.25 15CT,11,CIG ROLLING PAPER,0
817458027431,WILDHEMP CXL WRAP 25/2CT GRAPE,31,BLUNT WRAP,0
822310240156,KADOBAR 6MG 5CT BLUEBRRY CANDY,83,NICOTINE POUCHES,0
853202002057,PALERMO GRN BX,48,CIGARETTE,0
853202002132,PALERMO BLU 100 BX,48,CIGARETTE,0
784762078285,ZIG ZAG LEAF 2/.99 25/2CT VANI,31,BLUNT WRAP,22
684514010283,KYK 14MG 5CT SPEARMINT,83,NICOTINE POUCHES,0
716165178927,ELEMENTS  ARTESANO TN KS 15CT,11,CIG ROLLING PAPER,-4
840439105804,ZIG ZAG HEMP B4G1 ASST 5CT,31,BLUNT WRAP,45
609249923110,ZYN 3MG MENTHOL 5CT,83,NICOTINE POUCHES,53
619682020161,EZ ROLL 25CT FRANCH MARTINI,31,BLUNT WRAP,173
705105724966,TREEZVILLE CIG CARIBE ROY 25CT,23,CIGARS,0
816518018891,EXTENDOS OG SWEET  2/99 15CT,23,CIGARS,0
20860004671613,THROWBACK 5PK ORIGINAL 40CT,23,CIGARS,1
812615002795,CLIPPER 4/99 KUSH 15CT,23,CIGARS,0
784762044075,ZIGZAG CIG SLOW BURN GRPE 15CT,23,CIGARS,0
818892017286,GT 3/99 HD 15/3CT MANGO,23,CIGARS,0
818892018375,GT MINI SWEET 3+2=5 75CT,23,CIGARS,0
812615001033,SUPREME BLEND 4/99 MANGO 15CT,23,CIGARS,0
858765001721,SHOW MASTER CIG 3/99 SILVER 15,23,CIGARS,50
817127029506,SHOW 5/$1 15/5CT BLACK CHERRY,23,CIGARS,31
858765005934,SHOW 5/$1 15/5CT BLACK NATURAL,23,CIGARS,23
812474016001,FANTASIA BLACK MAMBA 10CT,49,LT-TAX-COLLECTED,0
685141975037,RED BUCK REGULAR 8OZ PIPE TOB,59,LT-NON-GA/ROL UR OWN,3
660989379766,FRONTO KING BERRY 12CT-BX,49,LT-TAX-COLLECTED,0
645189835106,FRONTO RUSSIAN CREAM 20POUCHES,49,LT-TAX-COLLECTED,0
849855000236,SV PIPE TOBACCO 12OZ BLK CNDSH,49,LT-TAX-COLLECTED,24
849855000281,SV PIPE TOBACCO 12OZ NAT CNDSH,49,LT-TAX-COLLECTED,24
849855000311,SV PIPE TOBACCO 12OZ WSK CNDSH,49,LT-TAX-COLLECTED,24
657479930316,HAVANA LEAF 8/5CT BANANA CREAM,49,LT-TAX-COLLECTED,0
10849855003142,BACKWOOD PIPE TOB 6CT CHERRY,49,LT-TAX-COLLECTED,10
616663964902,LOOSE LEAF 8/5CT NATURAL DARK,49,LT-TAX-COLLECTED,73
10840048217445,JUUL VIRG TOB 5% 2PK+DVICE 4CT,81,ECIG - PODS,1
10818433010414,ROXWELL 3/99 SILVER,56,CIGAR GA,12
844504004610,CHIEFWOODS CIG SWEETS 10/5PK,56,CIGAR GA,1
842426150453,GT 4/99 4KS 15/4CT PK LEMNADE,56,CIGAR GA,0
818892018313,GT 5/99 GREEN SWEET 75CT,56,CIGAR GA,0
842426146630,GT LITTLE N WLD GOLD  .59 25CT,56,CIGAR GA,0
818892018702,GT LITTLE N WLD WINE .59 25CT,56,CIGAR GA,0
818892014520,GT WOODS 2/99 H/BERRY 15CT,56,CIGAR GA,0
818892013929,GT 4/99 4KS 15/4CT WATERMELON,56,CIGAR GA,0
844504001473,SENECA CIGAR MENTHOL 10CT,56,CIGAR GA,42
842426156639,GT WOODS 2/1.29 15/2CT CLASSIC,56,CIGAR GA,0
842426156516,GT WOODS 2/1.29 15/2CT SILVER,56,CIGAR GA,0
818892013844,GT 45CT. WATERMELON 3/99,56,CIGAR GA,23
616366828273,CANABZY LEAF 8/5CT PURE WHITE,57,LT-TAX PAID,0
616043444161,TRU LEAF NAKED LEAF 1CT,57,LT-TAX PAID,607
762446501007,JD'S BLEND 12CT,57,LT-TAX PAID,7
847244000584,STARBUZZ EXOTIC 250GM MLN BLU,57,LT-TAX PAID,7
817127026949,HARSH LEAF WHL LF WRAP 10CT,57,LT-TAX PAID,6
762446400355,LONGHORN L/C WNTG 1.19 10CT,45,T7 SMOKELESS GA,0
762446706204,TW LC MINT 5CT,45,T7 SMOKELESS GA,11
784762072337,ZIG ZAG CIG 3/99 15/3CT STRBRY,23,CIGARS,20
761073425953,BUGLER ORIGINAL BOX 6OZ ,57,LT-TAX PAID,0
799953321279,STOKERS LC MINT 5CT,49,LT-TAX-COLLECTED,23
784762078919,ZIG ZAG WRAP 4/99 15/4CT GOLD,31,BLUNT WRAP,16
855022005249,ON! 4MG 5CT - MINT,83,NICOTINE POUCHES,12
6291108166482,AL FAKHER 250GM BLUEBERRY,57,LT-TAX PAID,12
6291108167892,AL FAKHER 250GM LUCID DREAM,57,LT-TAX PAID,0
819721010355,BLUNTVILLE CIG 25CT GRAPE,23,CIGARS,378
609792009361,GREEN HRVST CONE 10/2CT MANGO,49,LT-TAX-COLLECTED,24
702338576355,BLIZZY CONE 10/2CT GRAPE,49,LT-TAX-COLLECTED,24
660111933682,LOOSE LEAF 8/5CT STRAWBRY DRM,49,LT-TAX-COLLECTED,10
742978847064,LOOSE LEAF MINI 8/5CT SWT AROM,57,LT-TAX PAID,21
762446704200,TW LC STRAIGHT 5CT,45,T7 SMOKELESS GA,12
842426167079,GT 3/1.29 HD 15/3CT PURE SLVR,56,CIGAR GA,214
840170618465,VELO PLUS 9MG 5CT - WILD BERRY,83,NICOTINE POUCHES,5
842426165365,GT 4/1.19 4KS 15/4CT KIWI BRRY,56,CIGAR GA,51
819721012335,BLUNTVILLE 1.29 25CT PLMA TRIO,23,CIGARS,0
752129450401,KARDEL BLUNTS FR/VANILA 6/10 ,31,BLUNT WRAP,37
525200199557,PURE PALM 5PK 1.25.8GMS 15CT,31,BLUNT WRAP,0
819913015175,JUUL STARTER KIT 2PODS 1CT,81,ECIG - PODS,0
842426142441,NAT-U-ROLL HEMP 11/4 COMP,11,CIG ROLLING PAPER,4
860009348356,LIL LEAF 10/5CT RUSSIAN CREAM,31,BLUNT WRAP,0
719499005013,HIGH HEMP MINTYS WRAPS 25CT,31,BLUNT WRAP,56
6974828617648,EVOK 6MG 5CT MINT BLAST,83,NICOTINE POUCHES,0
810090981406,ZLAB 7GM 6CT STRAWBERRY BANANA,83,NICOTINE POUCHES,0
853202002095,PALERMO MNTH SLVR 100 BX,48,CIGARETTE,0
853202002118,PALERMO SLVR 100 PX,48,CIGARETTE,0
767321424174,GOLD CREST YELLOW ,48,CIGARETTE,0
619682999191,TRUE HEMP 25/2CT TAMARIND,31,BLUNT WRAP,29
716165177821,ELEMENTS ULT THIN KS 50CT,11,CIG ROLLING PAPER,-5
716165152811,RAW 110MM KS SLIM ROLLER 12CT,11,CIG ROLLING PAPER,1
816518017269,EXTENDOS ON POINT 2/99 15CT,23,CIGARS,0
812319013707,GT 90CT CIGAR ORIGINAL 3/99 ,23,CIGARS,0
812615002573,SUPREME BLEND 4/99 NAT BUZ 15C,23,CIGARS,0
812615001057,CLIPPER 4/99 MANGO 15CT,23,CIGARS,-14
812615002757,CLIPPER 4/99 PINEAPPLE 15 CT,23,CIGARS,0
784762080226,ZIG ZAG LEAF 2/1.29 15CT NATR,23,CIGARS,5
784762080257,ZIG ZAG LEAF 2/1.29 15CT HNY B,23,CIGARS,0
842426157230,GT 3/92 WATERMELON 15/3CT,23,CIGARS,205
858765008898,SHOW 5/$1 15/5CT ICE,23,CIGARS,36
812474016704,FANTASIA MASTER MANGO10CT,49,LT-TAX-COLLECTED,0
812474016612,FANTASIA WETMANGO 50GM,49,LT-TAX-COLLECTED,-6
812474011716,FANTASIA PUMPKIN SPICE 10X50G,49,LT-TAX-COLLECTED,4
849523007925,FANTASIA MAYBACH MELON 10CT,49,LT-TAX-COLLECTED,1
817127027045,BIG DOG LEAF 8/5PK NATURAL,49,LT-TAX-COLLECTED,0
817127023375,SHOW DIAMOND 3PKWRAP CHRY 25CT,49,LT-TAX-COLLECTED,0
685141573004,BACCO RED P/TOBACCO 16 OZ,49,LT-TAX-COLLECTED,0
658238734961,LOOSE LEAF MINI 8/5CT RESERVE,49,LT-TAX-COLLECTED,0
817127027236,HARSH CRUSH REG BLND 10GM 20CT,49,LT-TAX-COLLECTED,43
717519001328,AL CAPONE JAR 60/2CT CANDELA,51,LIT CIGARS 003251,0
717519000857,AL CAPONE JAR 60/2CT JAMCN BLZ,51,LIT CIGARS 003251,4
840048217356,JUUL STARTER KIT VIRG 2POD 1CT,81,ECIG - PODS,-4
793573167262,RRR GOLD F/CIGAR 100 BOX,56,CIGAR GA,0
818892011697,GT DM 2/.99 VANIL 15CT,56,CIGAR GA,0
842426156189,GT L&W 2/0.92 BLUEBERRY 15/2CT,56,CIGAR GA,0
818892015237,GT LITLE N WLD WTRMN .59  25CT,56,CIGAR GA,0
842426147255,GT LITTLE N WLD KASH .59 25CT,56,CIGAR GA,0
842426156394,GT WOODS 2/99 DIAMOND 15/2CT,56,CIGAR GA,0
818892013141,GT WOODS 2/99 SWEET ARM. 15CT,56,CIGAR GA,0
842426153966,GT MINI 3/92 SWEET 15 CT,56,CIGAR GA,10
818892016524,GT MINI 3/99 GREEN CIGARL 45CT,56,CIGAR GA,5
842426157957,GT MINI 3/99 DIAMOND 45CT,56,CIGAR GA,45
6291100732425,AL FAKHER 250GM MANGO,57,LT-TAX PAID,0
761073426240,BUGLER MENTHOL 0.65 OZ 6CT,57,LT-TAX PAID,0
8681511382315,ADALYA 250GM HAVANA,57,LT-TAX PAID,5
8681655765302,ADALYA 250GM WATERMELON ,57,LT-TAX PAID,3
761073426394,KITE MENTHOL 0.65 OZ 6CT,57,LT-TAX PAID,6
762446434008,LONGHORN TUB 14.4OZ FC WNTRGRN,45,T7 SMOKELESS GA,7
849205032467,VUSE KIT AQUA FRST 5.0% 5/2CT,81,ECIG - PODS,0
819721011994,BLUNTVILLE .99 25CT BLUE,23,CIGARS,862
850008118241,NATTY HEMP 4/99 15/4CT WT GRPE,31,BLUNT WRAP,11
619682621405,EZ ROLL .49C 25CT TROP PASSION,31,BLUNT WRAP,87
784762071637,ZIG ZAG WRAP 2/99 25/2CT CHERY,31,BLUNT WRAP,5
814057001015,SHIELD RED KING BOX 10CT,48,CIGARETTE,29
717519011105,AL CAPONE 10/10CT SWEET COGNAC,51,LIT CIGARS 003251,108
6291100736768,AL FAKHER 10 X 50GM GRP/CREAM,57,LT-TAX PAID,0
6291108166758,AL FAKHER 250GM MANGO FLAVOR,57,LT-TAX PAID,6
6291109092902,AL FAKHER 250GM DIAMOND DUST,57,LT-TAX PAID,6
6291108160282,AL FAKHER 10 X 50GM S/BERRY ,57,LT-TAX PAID,7
802084128485,AFZAL 250GM - PAAN RAAS,57,LT-TAX PAID,8
840158608396,FRE 12MG POUCH 5CT MINT,83,NICOTINE POUCHES,10
609792009378,GREEN HRVST CONE 10/2CT BLBRY,49,LT-TAX-COLLECTED,24
819721011789,BLUNTVILLE CIG 25CT PINK DIVA,23,CIGARS,-1
842426170550,GT WOODS 2/1.39 15/2CT SW AROM,56,CIGAR GA,159
784762078810,ZIG ZAG WRAP 4/99 15/4CT GRN,31,BLUNT WRAP,34
10819913011747,JUUL VIRG TOBACCO 3% 4PK 8CT,81,ECIG - PODS,80
762446404001,LONGHORN TUB 14.4OZ LC WNTRGRN,45,T7 SMOKELESS GA,9
609249906410,ZYN 3MG CINNAMON 5CT,83,NICOTINE POUCHES,105
840045201129,ROGUE 6MG POUCH 5CT APPLE ,83,NICOTINE POUCHES,17
840439101080,PRIMAL HERBAL CONE SAGE,11,CIG ROLLING PAPER,0
716165202097,WIZ KHALIFA CONE 1 1/4 32PK,11,CIG ROLLING PAPER,0
842426157117,GT 1 1/2 R/PAPER 2/$.99 100CT ,11,CIG ROLLING PAPER,0
10850018987032,KING PALM MINI MAGIC MINT 20CT,31,BLUNT WRAP,82
817127025218,HEMP ZONE CONE KS WHT ORGANIC,11,CIG ROLLING PAPER,15
619682587435,EZ DUZ IT BLUEBERRY 30CT,31,BLUNT WRAP,71
619682020680,EZ ROLL DBL 25CT PURPLE,31,BLUNT WRAP,0
784762072184,ZIG ZAG WRAPS 25CT PINEAPPLE,31,BLUNT WRAP,0
619682993410,EZ ROLL MINI 4/1.19 NAKED 15CT,31,BLUNT WRAP,0
716165179702,RAW CLASSIC 12INCH 20CT,11,CIG ROLLING PAPER,0
716165202417,RAW CONE NATURAL EMPRADOR 24PK,11,CIG ROLLING PAPER,0
10074460151367,EZWIDER JOKER MIX JAR 96CT,11,CIG ROLLING PAPER,0
8414775011307,PURE HEMP ROLLING P 1 1/4 25CT,11,CIG ROLLING PAPER,0
6974828617969,EVOK 12MG 5CT GRAPE ICE,83,NICOTINE POUCHES,-1
784762070135,ZIG ZAG CONES 15/2CT PINEAPPLE,31,BLUNT WRAP,13
822310240101,KADOBAR 6MG 5CT SIMPLY MINT,83,NICOTINE POUCHES,-4
840045201273,ROGUE 3MG POUCH 5CT MANGO,83,NICOTINE POUCHES,0
684514010160,KYK 7MG 5CT POLAR MINT,83,NICOTINE POUCHES,0
850043583790,TYSON LEAF 10/5CT HONEY BRBN,31,BLUNT WRAP,2
802284005081,ECHO BLUE BOX 10CT,48,CIGARETTE,0
10857545008773,BILLION WRAPS 25/2CT BLUEBERRY,31,BLUNT WRAP,4
716165251606,RAW BLACK TIPS 50CT,11,CIG ROLLING PAPER,15
887982093981,BOB M ORGANIC 1.25 PAPER 25CT,11,CIG ROLLING PAPER,38
10857545012008,BOB M CONES CL 1 1/4CT 33/6PK,11,CIG ROLLING PAPER,69
10854029008731,KING PALM MINI BERRY TERP 20CT,31,BLUNT WRAP,49
619682999115,TRUE HEMP 25/2CT MANGO,31,BLUNT WRAP,27
649964320924,RUSH $1.99 6MG 5CT BERRY ICE,83,NICOTINE POUCHES,0
716165253815,RAW BLACK PRE ROLLED TIPS 20CT,11,CIG ROLLING PAPER,-1
840158608273,FRE 9MG POUCH 5CT MINT,83,NICOTINE POUCHES,4
818892010560,GT 90CT CIGAR WINE 3/99,23,CIGARS,0
817127029889,SHOW JACK 4/99 GRAPE 60 CT,23,CIGARS,0
812615002580,SUPREME BLEND 4/99 TROP BUZ 15,23,CIGARS,0
819721010843,ENTOURAGE 25CT BLACK DON,23,CIGARS,6
812474010559,FANTASIA MINT ICE 10 X 50 G,49,LT-TAX-COLLECTED,0
812474010276,FANTASIA RASPBERRY 50GM,49,LT-TAX-COLLECTED,-16
850048616370,ZAZA LEAF 5/5CT SWEET AROMATIC,49,LT-TAX-COLLECTED,0
817127023092,SHOW DIAMD WRAP 5/99 DIAM 15CT,49,LT-TAX-COLLECTED,0
817127023085,SHOW DIAMOND 3PKWRAP ZERO25CT,49,LT-TAX-COLLECTED,0
657479609427,HAVANA LEAF 8/5CT NATURAL,49,LT-TAX-COLLECTED,0
817127027038,BIG DOG LEAF 8/5PK DARK LEAF,49,LT-TAX-COLLECTED,0
685141573103,BACCO MENTHOL P/TOBACCO 6 OZ,49,LT-TAX-COLLECTED,0
DGRABBA25,HI-TIMES BLK GRABBA LEAF 25CT,49,LT-TAX-COLLECTED,0
810179220136,DA WOODS LEAF 20CT STICKY ICKY,49,LT-TAX-COLLECTED,27
817127024631,N'TCH 6MG CLASSIC ORIGINAL 5CT,53,TOB 003211,0
887969009967,MY BLU INT TOB CHILL 4% 1CT,81,ECIG - PODS,11
10840048219043,JUUL 5% 6/4CT 23.99 CLSC MENTH,81,ECIG - PODS,94
816518010062,SPLIT'LOS  SWEET CIG 60CT,56,CIGAR GA,15
844504004603,CHIEFWOODS CIG ROCKSTAR 10/5PK,56,CIGAR GA,0
818892018559,GT 3/99 3+1=5 HD RED 60CT,56,CIGAR GA,0
842426153218,GT HD SWEET 3+1/99  15/3CT,56,CIGAR GA,0
857995003987,MILLENNIUM W/GRAPE 3/99C,56,CIGAR GA,0
842426175050,GT WOODS 2/1.39 15/2CT WTRMLN,56,CIGAR GA,0
874411000726,CHEYNNE VANILLA BOX 100,56,CIGAR GA,0
842426175173,GT WOODS NP 15/2CT STRBRY CRM,56,CIGAR GA,2
842426163927,GT 45CT. BLACK SWEET PCH 3/99 ,56,CIGAR GA,80
842426171458,GT 4/1.19 4KS 15/4CT BLK DIAMN,56,CIGAR GA,52
812474016087,FANTASIA MENAGE 10CT,49,LT-TAX-COLLECTED,4
6291108165805,AL FAKHER 1KG MINT,57,LT-TAX PAID,0
844504002968,AMERICAN CLUB TOB CLASSIC 16OZ,57,LT-TAX PAID,11
762446701001,TW FC NATURAL 5CT,45,T7 SMOKELESS GA,12
858765005880,SHOW 5/$1 15/5CT PEACH MANGO,23,CIGARS,33
842426166898,GT 3/1.29 HD 15/3CT BLUE,56,CIGAR GA,30
818892014636,GT 3/99 HD 15/3CT NAPA GRAPE,56,CIGAR GA,44
819721012397,BLUNTVILLE 1.29 25CT BLUE,23,CIGARS,228
716165177586,RAW ORGANIC CONNOISSEUR KS 24C,11,CIG ROLLING PAPER,-3
609249923226,ZYN 6MG MENTHOL 5CT,83,NICOTINE POUCHES,60
855022005294,ON! 8MG 5CT - WINTERGREEN,83,NICOTINE POUCHES,18
6291108161180,AL FAKHER 10 X 50GM FRSH FLVR ,57,LT-TAX PAID,5
840170618045,VELO PLUS 9MG 5CT - WINTERGRN,83,NICOTINE POUCHES,7
784762080707,TENZ WRAP 8/2CT RUSSIAN CRM,23,CIGARS,30
840045200764,ROGUE 6MG POUCH 5CT WINTRGREEN,83,NICOTINE POUCHES,9
619682010445,EZ ROLL .49C 25CT STRAWBERRY ,31,BLUNT WRAP,119
796559466908,SLAPWOODS 10/5PK SWT BANANA,49,LT-TAX-COLLECTED,-9
681467003522,SENECA RED KING BOX 10CT,48,CIGARETTE,53
840158608334,FRE 9MG POUCH 5CT WINTERGRN,83,NICOTINE POUCHES,0
818892018993,NAT.U.ROLL CLASSIC 1 1/4 CONE ,11,CIG ROLLING PAPER,0
619683001367,PALM LEAF WET MANGO 2PK 24CT,31,BLUNT WRAP,1
689490002451,THIS RED BOX 200CT,48,CIGARETTE,0
689490000914,TIMELESS TIME SLVR BX,48,CIGARETTE,0
817127024990,HEMP ZONE CONE KS ORGANIC,11,CIG ROLLING PAPER,18
619682030221,TRUE BLUNT CITR ORNGE 25CT,31,BLUNT WRAP,72
784762078780,ZIG ZAG LEAF 2/.99 25/2CT STUP,31,BLUNT WRAP,4
619682004161,BALLERS CHOICE TEQUILA .99C  ,31,BLUNT WRAP,15
10812624020091,CHEECH & CHONG ROLLING KS 50CT,11,CIG ROLLING PAPER,0
6974828617549,EVOK 6MG 5CT GRAPE ICE,83,NICOTINE POUCHES,-4
684514010313,KYK 14MG 5CT POLAR MINT,83,NICOTINE POUCHES,0
619682996862,RB BLUNTS ROSES 25/2CT SW CHRY,31,BLUNT WRAP,35
685141429028,DIXON CIG F/T BLUE KINGS,11,CIG ROLLING PAPER,13
8906181782952,CLEW 9MG 5CT SPEARMINT,83,NICOTINE POUCHES,0
8906181782976,CLEW 6MG 5CT WINTERGREEN,83,NICOTINE POUCHES,0
840439106542,ZIG ZAG HEMP 25/2CT MELLOW HZE,31,BLUNT WRAP,39
619682998842,TRUE HEMP 25/2CT HONEY,31,BLUNT WRAP,78
814057002722,SHIELD MENTHOL SILVER 100 B0X,48,CIGARETTE,4
719499005174,HIGH HEMP WRAPS 25CT HYD LEM,31,BLUNT WRAP,59
815970020237,TWISTED HEMP 4/99 SWEET,31,BLUNT WRAP,195
814101024380,FIESTA WATERMELON 5/99 15CT,23,CIGARS,0
814101024410,FIESTA V BERRY CHERRY5/99 15CT,23,CIGARS,24
816518010185,SPLIT'LOS BERRY 3/99 90 CT,23,CIGARS,9
814101025080,SUPREME 5/99 BLUEBERRY 15CT,23,CIGARS,10
8587650073111,SHOW 5/$1 15/5CT TROPICAL TWST,23,CIGARS,21
751667313704,DJARUM 10/12PK SILVER,23,CIGARS,34
812474010443,FANTASIA BUBBLE GUM 10X50G,49,LT-TAX-COLLECTED,0
812474016681,FANTASIA DA BOMB BLBRY 10X50G,49,LT-TAX-COLLECTED,0
812474016025,FANTASIA DIABLO 10CT,49,LT-TAX-COLLECTED,1
849523005990,FANTASIA PUMPKIN SPICE 10X50G,49,LT-TAX-COLLECTED,8
602581743552,DEATHROW LEAF 8/5CT HNY BERRY,49,LT-TAX-COLLECTED,0
657479617651,HAVANA LEAF 8/5CT RUSSIAN CRM,49,LT-TAX-COLLECTED,0
10849855003135,BACKWOOD PIPE TOB 6CT BTR RUM,49,LT-TAX-COLLECTED,3
817127027267,BIG DOG DARK CRUSH 10GM 20CT,49,LT-TAX-COLLECTED,42
810179220464,BIG DOG WHOLE LF 10CT NATURAL,49,LT-TAX-COLLECTED,47
810179220471,BIG DOG WHOLE LF 10CT PALMA,49,LT-TAX-COLLECTED,46
195893773725,SPLIFFY LEAF 10CT,49,LT-TAX-COLLECTED,336
817127028011,BIG DOG WRAP 2/$1.99 20CT VANI,49,LT-TAX-COLLECTED,11
817127024464,N'TCH 3MG COFFEE CUP 5CT,53,TOB 003211,0
762446492268,LONGHORN STRT PCHE $1.49 10CT,53,TOB 003211,0
819913015151,JUUL CLASSIC MENTHL 5% 2PK 1CT,81,ECIG - PODS,-96
695181700230,SPEEDYWAY CIGAR FULL FLVR,56,CIGAR GA,0
10818433010421,ROXWELL 3/99 SWEET,56,CIGAR GA,40
874411001877,CHEYENNE CIG EXT MNTHL 100 BOX,56,CIGAR GA,0
842426144308,GT 3/99 MINI 15/3CT WILD GRAPE,56,CIGAR GA,5
818892017125,GT 4/99 4KS 15/4CT MELON BERRY,56,CIGAR GA,0
818892019365,GT 4/99 4KS 15/4CT KIWI BERRY,56,CIGAR GA,0
676737654917,JUNGO LEAF 10/5CT RUM,57,LT-TAX PAID,0
6291108166376,AL FAKHER 1KG BLUEBERRY,57,LT-TAX PAID,0
6291108160602,AL FAKHER 1KG WATERMELON MINT,57,LT-TAX PAID,2
6291100732524,AL FAKHER 250GM ROSE ,57,LT-TAX PAID,0
645781129504,JUNGO LEAF 10/5CT WHISKEY,57,LT-TAX PAID,0
894945001488,OHM 16OZ MENTHOL,57,LT-TAX PAID,0
894945001402,OHM 6OZ NATURAL ,57,LT-TAX PAID,0
879982004210,TRAFFIC PIPE TOB GREEN 16OZ,57,LT-TAX PAID,8
762446723201,TW MINT POUCHES 5CT,45,T7 SMOKELESS GA,0
429651,KODIAK POUCHES WINTERGREEN 5CT,45,T7 SMOKELESS GA,0
742978847026,LOOSE LEAF CRUSH 10CT RESERVE,49,LT-TAX-COLLECTED,28
751667067546,DJARUM 10/12PK RUBY/BLK CHERRY,23,CIGARS,80
842426181778,GT BLK SMOOTH .69 15CT BLK CLS,56,CIGAR GA,25
6291108161203,AL FAKHER 10 X 50GM GUM,57,LT-TAX PAID,4
6291108166505,AL FAKHER 250GM CHERRY,57,LT-TAX PAID,41
6291108166635,AL FAKHER 250GM GRAPEFRUIT,57,LT-TAX PAID,30
784762071651,ZIG ZAG WRAP 2/99 25/2CT MANGO,31,BLUNT WRAP,36
716165177401,RAW ORIGINAL TIPS 50CT,11,CIG ROLLING PAPER,71
840158609782,FRE 15MG POUCH 5CT WINTERGRN,83,NICOTINE POUCHES,10
716165177364,RAW CLSC KING SIZE SLIM 50CT ,11,CIG ROLLING PAPER,87
8681511388720,ADALYA 10 X 50GM LADY KILLER,57,LT-TAX PAID,11
10819913012591,JUUL CLASSIC MENTHL 5% 4PK 8CT,81,ECIG - PODS,-347
609249903419,ZYN 3MG WINTERGREEN 5CT,83,NICOTINE POUCHES,86
850059190029,LIL LEAF 3/$2.99 10/3CT DARK,49,LT-TAX-COLLECTED,1
685141913152,24/7 MENTHOL 100 BOX 10CT,48,CIGARETTE,-436
840439101011,PRIMAL HERBAL CONE COCOA BEAN ,11,CIG ROLLING PAPER,0
784762072054,ZIG ZAG WRAPS 25CT MELON,31,BLUNT WRAP,0
619682995049,HEMPARILLO CALI FIRE 15 4PK 60,31,BLUNT WRAP,0
784762072016,ZIG ZAG WRAPS 25CT BLUEBERRY,31,BLUNT WRAP,27
784762071668,ZIG ZAG WRAP 2/99 25/2CT STRBY,31,BLUNT WRAP,-8
684514010290,KYK 14MG 5CT PEPPERMINT,83,NICOTINE POUCHES,0
842426183215,GT PAPER $.99 1 1/4 25CT BLBRY,11,CIG ROLLING PAPER,8
842426183307,GT PAPER $.99 1 1/4 25CT VANIL,11,CIG ROLLING PAPER,6
6974828617624,EVOK 6MG 5CT COOL MINT,83,NICOTINE POUCHES,-4
8906181784215,CLEW 6MG 5CT CITRUS,83,NICOTINE POUCHES,0
709215302137,305'S BLUE BOX 10CT,48,CIGARETTE,15
840170600439,VELO 7MG PEPPERMINT 5CT,83,NICOTINE POUCHES,0
816667010913,RICHMOND FULL FLAVR 100,23,CIGARS,3
815970020497,NOMAD 2/1.29 NATURAL,23,CIGARS,0
816518017221,EXTENDOS FIRE 2 FOR 99,23,CIGARS,0
816518019096,EXTENDO LOUD SILVER  2/1.39 ,23,CIGARS,0
818892017316,GT 3/99 HD 15/3CT MELONBERRY,23,CIGARS,0
812319015497,GT 90CT CIGAR RED SWEET 3/99,23,CIGARS,0
616043444093,RICO 4/99 VANILA 15CT,23,CIGARS,0
814101025097,SUPREME 5/99 PINEAPPLE 15CT,23,CIGARS,21
812615002566,SUPREME BLEND 4/99 BLK VODO 15,23,CIGARS,0
817127020619,SHOW MASTER CIG 3/99 BLUE 15CT,23,CIGARS,96
819721010652,ENTOURAGE 25CT LE PRIVE,23,CIGARS,0
812474010498,FANTASIA INCREDIBLE 10 X 50G,49,LT-TAX-COLLECTED,0
812474011648,FANTASIA GINGERBREAD 10X50G,49,LT-TAX-COLLECTED,2
812474010481,FANTASIA CUPID'S ARROW 10X 50G,49,LT-TAX-COLLECTED,0
660989379759,FRONTO KING HONEY 12CT-BX,49,LT-TAX-COLLECTED,0
660989379780,FRONTO KING MANGO 12CT-BX,49,LT-TAX-COLLECTED,0
762446522781,SOUTHERN PRIDE 16OZ 6CT,49,LT-TAX-COLLECTED,0
750253916718,PAYD LEAF 8/5CT NATURAL,49,LT-TAX-COLLECTED,0
817127028233,SHOW LEAF 2/1.29 15/2PK DIAMND,49,LT-TAX-COLLECTED,22
810120068770,STIIIZY LEAF 8/5CT RUSSIAN CRM,49,LT-TAX-COLLECTED,14
658238734862,LOOSE LEAF CRUSH 10CT BANANA ,49,LT-TAX-COLLECTED,0
717519000840,AL CAPONE JAR 60/2CT SWT COGN,51,LIT CIGARS 003251,-1
185092002054,CHEROKEE F/F RED 100 L/CIG CTN,56,CIGAR GA,0
859477001726,CARTEL CIGAR MENTHOL 200CT,56,CIGAR GA,0
751667183437,CUBAN ROUND CIGAR 3-8PK 24CT,56,CIGAR GA,0
842426162180,HYBRID WOODS RUSIAN C 2PK 15CT,56,CIGAR GA,3
812319013790,GT 90CT CIGAR STRAWBERRY 3/99 ,56,CIGAR GA,0
818892015671,4KINGS 4/99 MIX FLV 45POUCH ,56,CIGAR GA,0
842426142892,GT 3/99 FRT P BONUS HD 15/3CT,56,CIGAR GA,0
818892018641,GT 5/99 STRAWBERRY MANGO 75CT,56,CIGAR GA,0
818892013905,GT 4/99 4KS 15/4CT NAPA GRAPE,56,CIGAR GA,0
842426156301,GT 2/99 HD PALMA GREEN 15/2CT,56,CIGAR GA,2
6291108160640,AL FAKHER 1KG ORANGE W/MINT,57,LT-TAX PAID,0
676737709631,JUNGO LEAF 10/5CT CHERRY,57,LT-TAX PAID,0
847244002298,SAFARI MEL/DEW TOB 100G,57,LT-TAX PAID,0
847244002274,ROYAL GRAPE TOB 100G,57,LT-TAX PAID,0
676737799762,JUNGO LEAF 10/5CT BLUEBERRY,57,LT-TAX PAID,0
894945001426,OHM 16OZ BLUE ,57,LT-TAX PAID,0
894945001471,OHM 6OZ MENTHOL,57,LT-TAX PAID,0
894945001860,OHM 6OZ YELLOW,57,LT-TAX PAID,0
817458027103,WILDHEMP WRAP 4/99 20CT SWEET,31,BLUNT WRAP,39
849205019772,VUSE GOLDEN TOBACCO 1.8% 5/2CT,81,ECIG - PODS,11
784762078513,ZIG ZAG WRAP 4/99 15/4CT BLUE,31,BLUNT WRAP,23
708926563219,WILDHORSE MENTHOL GREEN 100 BX,48,CIGARETTE,180
6291108164389,AL FAKHER 10 X 50GM GRPFRT MNT,57,LT-TAX PAID,12
8681655735114,ADALYA 10 X 50GM ANGEL LIPS,57,LT-TAX PAID,5
8681511388942,ADALYA 10 X 50GM ORANGE MINT,57,LT-TAX PAID,0
8681655735282,ADALYA 10 X 50GM SKYFALL,57,LT-TAX PAID,8
6291100731497,AL FAKHER 250GM WMLN W/MINT,57,LT-TAX PAID,6
6291108166895,AL FAKHER 250GM TWO APPLES,57,LT-TAX PAID,0
6291108160794,AL FAKHER 250GM MINT W/CRM,57,LT-TAX PAID,3
20819500024867,FUTUROLA TYSON BLUNT WRAPS 25C,31,BLUNT WRAP,93
758890512973,BLIZZY CONE 10/2CT ORIGINAL CL,49,LT-TAX-COLLECTED,24
658238734909,LOOSE LEAF MINI 8/5CT STRBR DR,49,LT-TAX-COLLECTED,24
619682010209,EZ ROLL .49C 25CT GA PEACH,31,BLUNT WRAP,108
681467003256,SENECA SILVER 100 BOX,48,CIGARETTE,7
681467003225,SENECA BLUE 100 BOX 10CT,48,CIGARETTE,20
840158609812,FRE 15MG POUCH 5CT LUSH,83,NICOTINE POUCHES,2
840045200887,ROGUE 6MG POUCH 5CT SPEARMINT,83,NICOTINE POUCHES,7
796559467240,SLAPWOODS 10/5PK HONEY BERRY,49,LT-TAX-COLLECTED,1
850008118289,NATTY HEMP 4/99 15/4CT BLUEBRY,31,BLUNT WRAP,19
849205019352,VUSE GOLDEN TOBACCO 5.0% 5/2CT,81,ECIG - PODS,46
817127029544,SHOW 5/$1 15/5CT GREEN SWEET,23,CIGARS,188
428741,GRIZZLY FC NATURAL 5CT,45,T7 SMOKELESS GA,21
609249904416,ZYN 3MG COFFEE 5CT,83,NICOTINE POUCHES,74
685141913077,24/7 GOLD 100 BOX 10CT,48,CIGARETTE,90
619683001459,PALM LEAF SLIM P HAZE 2PK 24CT,31,BLUNT WRAP,5
812319011505,GT 1 1/4 R/PAPER 2/$.99 100CT ,11,CIG ROLLING PAPER,0
649964319867,WILD PALM BANANA MINI 20/2PK,31,BLUNT WRAP,11
818892019211,GT F/WRAP CHOCLATE 2/79 25CT,31,BLUNT WRAP,0
689490000853,TIMELESS TIME RED BOX,48,CIGARETTE,0
784762072061,ZIG ZAG WRAPS 25CT MANGO,11,CIG ROLLING PAPER,19
810146970125,COLORS WRAPS 25/2CT BERRIES,31,BLUNT WRAP,71
832310240155,KADOBAR 3MG 5CT BLUEBRRY CANDY,83,NICOTINE POUCHES,2
185092030057,PALMETTO GOLD BX,48,CIGARETTE,10
840045208418,ROGUE 6MG 3.99$ 5CT MANGO,83,NICOTINE POUCHES,0
708926566050,WILDHORSE NON-FILTER SFT,48,CIGARETTE,0
708926641146,FIRST CLASS RED 100 BOX,48,CIGARETTE,0
822310240187,KADOBAR 6MG 5CT WTRMLN MINT,83,NICOTINE POUCHES,0
842426155267,GT WOODS WRAP 30/2CT PLATINUM,31,BLUNT WRAP,21
817458027127,WILDHEMP WRAP 4/99 20CT ISL TW,31,BLUNT WRAP,34
10857545012015,BOB M CONES ORG 1 1/4 33/6PK,11,CIG ROLLING PAPER,17
817127029759,HEMP ZONE 5/$1 15CT STRBRY KWI,31,BLUNT WRAP,33
709215302151,305'S BLUE 100 BOX 10CT,48,CIGARETTE,18
784762078711,ZIG ZAG WRAP 4/99 15/4CT SWT,31,BLUNT WRAP,7
850008118647,NATTY HEMP 4/99 15/4CT PETAL,31,BLUNT WRAP,37
812615006816,RACER MENTHOL FLTR CIGAR 200CT,23,CIGARS,0
815970020459,NOMAD-2/1.29- ELECTRIC SPLASH,23,CIGARS,0
693067472301,SIGNAL FULL FLAVOR 100,23,CIGARS,0
858765008478,SHOW JACK 4/99 SWEET 60  CT,23,CIGARS,0
874411000719,CHEYENNE CIG PEACH 100 BOX,23,CIGARS,0
818892010201,GT 45CT. PINEAPPLE 3/99 ,23,CIGARS,0
858765000939,SHOW BK 2/99 HONEY BERRY 15CT,23,CIGARS,0
858765000960,SHOW BK 2/99 SWEET 15CT,23,CIGARS,0
817127020381,SHOW BK 2/99 RUSSIAN GEM 15CT,23,CIGARS,2
812615002719,CLIPPER 4/99 GRAPE CIGR  15 CT,23,CIGARS,0
655457290810,CIGNATURE 8/5CT SWEET AROMATIC,23,CIGARS,44
812615006755,CLIPPER CIGAR 10CT CHERRY,23,CIGARS,0
819721010331,BLUNTVILLE CIG 25CT BLUEBERRY,23,CIGARS,262
812474012416,FANTASIA 4 PLAY 10 X 50G,49,LT-TAX-COLLECTED,0
812474011655,FANTASIA GUAVA BREEZE 10X50G,49,LT-TAX-COLLECTED,0
849523005464,FANTASIA ICE MINT 10CT,49,LT-TAX-COLLECTED,0
812474010511,FANTASIA PURPLE HAZE 10CT,49,LT-TAX-COLLECTED,0
812474016124,FANTASIA ROZAY WINE 10CT,49,LT-TAX-COLLECTED,1
676737518264,JUNGO LEAF 10/5CT SWT AROMATIC,49,LT-TAX-COLLECTED,0
602581743453,DEATHROW LEAF 8/5CT BANANA,49,LT-TAX-COLLECTED,0
602581743514,DEATHROW LEAF 8/5CT DIAMOND,49,LT-TAX-COLLECTED,0
602581743590,DEATHROW LEAF 8/5CT NATURAL,49,LT-TAX-COLLECTED,1
750253916688,PAYD LEAF 8/5CT GRAPE,49,LT-TAX-COLLECTED,0
817127027359,BIG DOG LEAF 8/5PK VANILLA,49,LT-TAX-COLLECTED,0
817127024440,N'TCH 3MG CITRUS 5CT,53,TOB 003211,0
708926250126,WILDHORSE BLUE CIGAR,56,CIGAR GA,0
818892010140,GT 45CT. PEACH PCH 3FOR99 ,56,CIGAR GA,0
842426144667,GT 4KINGS 4+1 SOUR APPLE 75CT,56,CIGAR GA,0
842426144636,GT 4KINGS 4+1 WILD BERRY 75CT,56,CIGAR GA,0
818892011819,GT DM 2/.99 KUSH 15CT,56,CIGAR GA,0
818892011840,GT DM 2/.99 PINEA 15CT,56,CIGAR GA,0
842426144933,GT WOODS 2/99 RUSSIAN CRM 15CT,56,CIGAR GA,0
842426146524,GT WOODS 2/1.29 15/2CT BERRY,56,CIGAR GA,0
842426174602,GT MINI 3/1.19 SWEET 45CT,56,CIGAR GA,38
842426181501,GT BLK SMOOTH .69 15CT CLASSIC,56,CIGAR GA,74
6291100732456,AL FAKHER 250GM PLUM ,57,LT-TAX PAID,0
616366828259,CANABZY LEAF 8/5CT RUSS CREAM,57,LT-TAX PAID,0
616366828297,CANABZY LEAF 8/5CT STRBRY GLZD,57,LT-TAX PAID,0
855906007499,GRABBA  WH LEAF YELLOW NAT10PK,57,LT-TAX PAID,0
847244002472,TANGERINE DREAM 100G,57,LT-TAX PAID,0
847244054969,STARBUZZ EXOTIC 250GM COSMO,57,LT-TAX PAID,8
8681511385880,ADALYA 250GM BERLIN NIGHTS,57,LT-TAX PAID,4
799953209300,STOKERS TUB 12OZ FC NATURAL,57,LT-TAX PAID,17
847244001390,BLACKBERRY HOOKAH TOB 250G,45,T7 SMOKELESS GA,0
732071,BRUTON THRIFT SNUFF 1 CAN,45,T7 SMOKELESS GA,0
762446811007,RED MAN LC WINTERGREEN 5CT,45,T7 SMOKELESS GA,12
762446410354,LONGHORN F/C NAT 1.19 10CT,45,T7 SMOKELESS GA,0
762446708208,TW FC WINTERGREEN 5CT,45,T7 SMOKELESS GA,10
742978846173,LOOSE LEAF 8/5CT SWT AROMATIC,49,LT-TAX-COLLECTED,16
708926562311,WILDHORSE GOLD 100 BOX 10CT,48,CIGARETTE,37
887969011441,MY BLU POD MENTHOL 2.4% 5/2CT,81,ECIG - PODS,22
799953039525,STOKER'S RED SUP BOLD 1.99 3OZ,57,LT-TAX PAID,20
842426163057,GT WOODS WRAP 30/2CT HNY BRRY,31,BLUNT WRAP,16
6291108161791,AL FAKHER 10 X 50GM COCKTAIL ,57,LT-TAX PAID,9
6291100731176,AL FAKHER 10 X 50GM PINEAPPLE ,57,LT-TAX PAID,5
6291108166956,AL FAKHER 250GM VANILLA,57,LT-TAX PAID,3
6291108166673,AL FAKHER 250GM GRENADINE,57,LT-TAX PAID,3
6291108160404,AL FAKHER 10 X 50GM GRAPE MINT,57,LT-TAX PAID,-10
784762078315,ZIG ZAG WRAP 4/99 15/4CT S/UP,31,BLUNT WRAP,40
842426167642,GT CIG PAPER $.89 1 1/2 100CT,11,CIG ROLLING PAPER,11
761073426219,BUGLER ORIGINAL  0.65OZ 6CT,49,LT-TAX-COLLECTED,584
616663964933,LOOSE LEAF 8/5CT RUSSIAN CREAM,49,LT-TAX-COLLECTED,0
8681511388775,ADALYA 10 X 50GM LOVE 666,57,LT-TAX PAID,7
799953039327,STOKER'S RED SUPREME $1.99 3OZ,57,LT-TAX PAID,48
849205023557,VUSE GOLDEN TOBACCO 5.0% 5/4CT,81,ECIG - PODS,51
842426165334,GT 4/1.19 4KS 15/4CT GREEN SWT,56,CIGAR GA,223
10819913011426,JUUL VIRG TOBACCO 5% 4PK 8CT,81,ECIG - PODS,957
429111,GRIZZLY LC MINT 5CT,45,T7 SMOKELESS GA,20
842426170734,GT WOODS 2/1.39 15/2CT RUSS CR,56,CIGAR GA,988
860010326275,LIL LEAF 3/$2.99 10/3CT RUS CR,49,LT-TAX-COLLECTED,407
854133006879,STALLION TUBES RED 100 BOX,11,CIG ROLLING PAPER,91
619683000520,GOJI PRE ROLLED CONES 24 2PK,11,CIG ROLLING PAPER,3
814057400818,SHIELD SLVR BX,48,CIGARETTE,0
842426152822,GT SUPERHEMP WRAP NATURAL 25CT,31,BLUNT WRAP,0
817127025096,HEMP ZONE CONE KS ULTRA THIN,11,CIG ROLLING PAPER,18
619682573919,TRUE BLUNT KRYPTO 25CT,31,BLUNT WRAP,39
619682030405,TRUE BLUNT PURPLE GRAPE 25CT,31,BLUNT WRAP,22
619682996749,TRUE BLUNT WHITE GRAPE 25CT,11,CIG ROLLING PAPER,0
619682009999,EZ ROLL FRUIT PUNCH ,31,BLUNT WRAP,0
864613,JOB SLIM 1.5,11,CIG ROLLING PAPER,0
784762072030,ZIG ZAG WRAPS 25CT PEACH,31,BLUNT WRAP,26
817458027455,WILDHEMP CXL WRAP 25/2CT OGK,31,BLUNT WRAP,1
716165155478,RAW MAESTRO CONE TIPS 24CT,11,CIG ROLLING PAPER,2
185092030040,PALMETTO RED BX,48,CIGARETTE,4
684514010146,KYK 7MG 5CT PEPPERMINT,83,NICOTINE POUCHES,0
840439105835,ZIG ZAG ROSE CONES MINI 8/5CT,11,CIG ROLLING PAPER,4
648658200016,RANDYS ORGANIC  KS PAPER 1CT,11,CIG ROLLING PAPER,-1
810146970170,COLORS WRAPS 25/2CT NATURAL,31,BLUNT WRAP,139
802284000505,ECHO MENTHOL 100 BOX 10CT,48,CIGARETTE,0
802284005029,ECHO RED BOX 10CT,48,CIGARETTE,0
784762071743,ZIG ZAG WRAP 2/99 25/2CT PINEA,31,BLUNT WRAP,14
619682999054,TRUE HEMP 25/2CT GELATO,31,BLUNT WRAP,53
840158612447,FRE $2.99 12MG POUCH 5CT MINT,83,NICOTINE POUCHES,18
10857545012060,BOB M HEMP WRAP PINAPPL 25/2CT,31,BLUNT WRAP,1
814057002111,SHIELD RED 100 BOX 10CT,48,CIGARETTE,32
850008118500,NATTY HEMP 4/99 15/4CT GOJI BR,31,BLUNT WRAP,46
810134928176,BLAZY SUSAN T LEAF 25/2CT RSCR,31,BLUNT WRAP,25
187700001619,STAMPEDE CIGAR CHERRY 100,23,CIGARS,0
812319013820,GT 90CT CIGAR PEACH 3/99 ,23,CIGARS,0
10860004878077,THROWBACK 5PK BLK VELVET 40CT,23,CIGARS,-1
812615007585,CLIPPER CIG STRAW BOX 60CT,23,CIGARS,0
784762072382,ZIG ZAG CIG 3/99 15/3CT MARCNA,23,CIGARS,1
814101025059,SUPREME 5/99 GRAPE 15CT,23,CIGARS,4
858765001752,SHOW MASTER CIG 3/99 DIAMON 15,23,CIGARS,125
784762080288,ZIG ZAG LEAF 2/1.29 15CT SWT,23,CIGARS,3
858765006788,SHOW 5/$1 15/5CT SPIRAL BUZZ,23,CIGARS,0
784762080677,TENZ WRAP 8/2CT HARD RED,23,CIGARS,42
858765005941,SHOW 5/$1 15/5CT KIWI STRBRY,23,CIGARS,27
812474016582,FANTASIA ORIGIONAL SWEET 50GM,49,LT-TAX-COLLECTED,-3
812474015899,FANTASIA DIABLO 50GM,49,LT-TAX-COLLECTED,-4
799953300366,STOKERS TOWER 10CT FC NATURAL,49,LT-TAX-COLLECTED,0
817127023405,SHOW DIAMOND 3PKWRAP FVAN 25CT,49,LT-TAX-COLLECTED,0
817127027342,BIG DOG LEAF 8/5PK ROSITA,49,LT-TAX-COLLECTED,0
817127028240,SHOW LEAF 2/1.29 15/2PK PLAT,49,LT-TAX-COLLECTED,22
796559467103,SLAPWOODS 10/5PK DARK EDITION,49,LT-TAX-COLLECTED,19
817127028257,SHOW LEAF 2/1.29 15/2PK RUS CR,49,LT-TAX-COLLECTED,10
817127024488,N'TCH 3MG SPEARMINT5CT,53,TOB 003211,0
887969010000,MY BLU INT NEON DREAM 4% 1CT,81,ECIG - PODS,0
10818433010476,ROXWELL 3/99  GREEN SWEET,56,CIGAR GA,17
844504004634,CHIEFWOODS CIG ORIGINAL 10/5PK,56,CIGAR GA,0
844504003200,38 SPECIAL CHERRY 200CT,56,CIGAR GA,0
842426147590,GT 45CT. RUSSIAN CREAM 3/99 ,56,CIGAR GA,0
842426145145,GT 4KING CHRY/PAPPLE 4+1=5 75C,56,CIGAR GA,0
818892011789,GT DM 2/.99 GRAPE15CT,56,CIGAR GA,0
818892015282,GT LITTLE N WILD MIX .59 125CT,56,CIGAR GA,0
6291108166345,AL FAKHER 1KG WATERMELON,57,LT-TAX PAID,3
616366828242,CANABZY LEAF 8/5CT ICED OUT,57,LT-TAX PAID,0
616366828266,CANABZY LEAF 8/5CT NATURAL,57,LT-TAX PAID,0
762446730209,TW  L/C APPLE 5CT,45,T7 SMOKELESS GA,1
762446720200,TW POUCH NATURAL 5CT,45,T7 SMOKELESS GA,0
784762072320,ZIG ZAG CIG 3/99 15/3CT STRTUP,23,CIGARS,19
784762071644,ZIG ZAG WRAP 2/99 25/2CT MELON,31,BLUNT WRAP,48
814057400719,SHIELD MENTHOL GREEN BOX,48,CIGARETTE,26
6291109092872,AL FAKHER 10 X 50GM DMND DUST,57,LT-TAX PAID,6
6291109097471,AL FAKHER 10 X 50GM FL ORNG CR,57,LT-TAX PAID,5
6291108165850,AL FAKHER 10 X 50GM HUBBLY,57,LT-TAX PAID,4
6291108162149,AL FAKHER 10 X 50GM MOJITO,57,LT-TAX PAID,5
6291108164815,AL FAKHER 250GM STRAWBRY W/CRM,57,LT-TAX PAID,2
6291108166819,AL FAKHER 250GM ORANGE,57,LT-TAX PAID,6
716165174226,RAW ORGANIC KS SLIM 50CT,11,CIG ROLLING PAPER,126
609792010565,GREEN HRVST HEMP 15/4CT LMN CH,31,BLUNT WRAP,30
702338576348,BLIZZY CONE 10/2CT BANANA,49,LT-TAX-COLLECTED,24
717519001045,AL CAPONE TOWER 60/2CT SLM RUM,51,LIT CIGARS 003251,6
817458027080,WILDHEMP WRAP 4/99 20CT NATURL,31,BLUNT WRAP,223
850008118272,NATTY HEMP 4/99 15/4CT PINAPLE,31,BLUNT WRAP,0
738607283013,SLAPWOODS CONE 10/3CT RUS CRM,49,LT-TAX-COLLECTED,25
842426164078,GT 2/1.29 HD 10/2CT PALMA BLUE,56,CIGAR GA,147
887969011816,ZONE 6MM 5CT CITRUS,83,NICOTINE POUCHES,18
685141913039,24/7 RED 100 BOX 10CT,48,CIGARETTE,-534
819721012366,BLUNTVILLE 1.29 25CT TRPLE VAN,23,CIGARS,316
716165202394,RAW CLASSIC CONE SUPERNATURALS,11,CIG ROLLING PAPER,0
525200111221,PURE PALM 5PK 2.0.8GMS 15CT,31,BLUNT WRAP,0
811673010001,HOT RODTUBES MENTHOL K/S 200CT,11,CIG ROLLING PAPER,31
812319010201,GT F/WRAP S/KIWI 2 CIG.79 25CT,31,BLUNT WRAP,0
719499005402,HIGH HEMP ECO FRIENDLY 12BOXES,11,CIG ROLLING PAPER,0
812319010355,GT F/WRAP MANGO-LIC 2/79 25CT,31,BLUNT WRAP,0
716165176138,RAW ORG CONNOSSEUR 1 1/4 24CT,11,CIG ROLLING PAPER,-1
8414775011420,SMOKING DELUXE PAPER 50CT,11,CIG ROLLING PAPER,0
840439106139,KARMA HEMP WRAP ORIGINAL 25CT,31,BLUNT WRAP,0
ROLL78,FANCY 78MM ROLLER 12CT,11,CIG ROLLING PAPER,8
840045200948,ROGUE 6MG POUCH 5CT CINNAMON,83,NICOTINE POUCHES,0
840045200856,ROGUE 3MG POUCH 5CT SPEARMINT,83,NICOTINE POUCHES,0
812319010560,GT FTW 2/.79 25CT PEACH,31,BLUNT WRAP,18
855022005850,ON! 2MG 5CT - ORIGINAL,83,NICOTINE POUCHES,14
8906181784222,CLEW 9MG 5CT CITRUS,83,NICOTINE POUCHES,0
842426155496,GT 4/.99 4K WRAP 30/4CT WMLN,31,BLUNT WRAP,23
817127024747,HEMP ZONE 5/$1 15CT FRENCH VAN,31,BLUNT WRAP,24
720260969571,TWISTER  CONES 100CT TUB,11,CIG ROLLING PAPER,12
719499005051,HIGH HEMP WRAPS 25CT MAUI MNGO,31,BLUNT WRAP,75
693067472318,SIGNAL SMOOTH 100 10X20,23,CIGARS,0
693067472332,SIGNAL MTHL 100,23,CIGARS,0
815970020534,NOMAD 2/1.29 HONEY BUZZ,23,CIGARS,0
818892010171,GT 45CT. STRAWBERRY 3/99 ,23,CIGARS,0
842426150422,GT 4/99 4KS 15/4CT POMEGRANTE,23,CIGARS,0
616043444109,RICO 4/99 PINEAPPLE 15CT,23,CIGARS,0
812615002597,SUPREME BLEND 4/99 KUSH 15CT,23,CIGARS,0
812615002542,SUPREME BLEND 4/99 BLUBERY 15C,23,CIGARS,0
655457390893,CIGNATURE 8/5CT BLACK CHERRY,23,CIGARS,53
784762072313,ZIG ZAG CIG 3/99 15/3CT PEACH,23,CIGARS,20
819466011471,HIFI 5/$0.99 15/5CT NCTR PUNCH,23,CIGARS,67
849523005983,FANTASIA PINA COLADA 10CT,49,LT-TAX-COLLECTED,9
812474012188,FANTASIA MAI TAI 10CT,49,LT-TAX-COLLECTED,0
849523005433,FANTASIA RASBERY LEMONADE 10CT,49,LT-TAX-COLLECTED,1
812474010474,FANTASIA CUBAN MOJITO 10CT,49,LT-TAX-COLLECTED,1
645189835076,FRONTO SWEET 20POUCHES,49,LT-TAX-COLLECTED,0
602581743576,DEATHROW LEAF 8/5CT HONEY,49,LT-TAX-COLLECTED,0
796559467202,SLAPWOODS WHOLE LEAF 10CT,49,LT-TAX-COLLECTED,0
810179220457,BIG DOG WHOLE LF 10CT DRK ZAZA,49,LT-TAX-COLLECTED,46
799953300175,STOCKERS MST 1.2OZ $.99 DISPLY,53,TOB 003211,0
717519101301,AL CAPONE 10/10CT CANDELA,51,LIT CIGARS 003251,0
717519000864,AL CAPONE JAR 60/2CT SWT FLTR,51,LIT CIGARS 003251,-1
887969010840,MY BLU INT MT STATION 2.5% 1CT,81,ECIG - PODS,0
887969010048,MY BLU INT HONEYMOON 4% 1CT,81,ECIG - PODS,0
819913015199,JUUL VIRG TOBACCO 5% 2PK 1CT,81,ECIG - PODS,320
894945001044,OHM RED FILTERED CIGAR 200CT,56,CIGAR GA,0
812319015688,GT 90CT CIGAR W/GRAPE 3/99 ,56,CIGAR GA,0
818892014728,GT 3/99 HD 15/3CT SWEET,56,CIGAR GA,0
842426143974,GT 4KINGS 4+1 SWEETCOGNAC 75CT,56,CIGAR GA,0
812319011918,GT CIG SWEET 60CT,56,CIGAR GA,0
857995003956,MILLENNIUM CIG BERRY 3/99 45CT,56,CIGAR GA,0
645781071636,JUNGO LEAF 10/5CT VANILLA CRM,57,LT-TAX PAID,0
812615003419,RED RIVER REGULAR 6OZ 1CT,57,LT-TAX PAID,0
8681511382742,ADALYA 250GM THE TWO APPLES,57,LT-TAX PAID,5
8681655740330,ADALYA 250GM JK 777,57,LT-TAX PAID,5
708926701338,WILDHORSE PIPE TOB 6OZ SMOOTH,57,LT-TAX PAID,27
847244016974,CLASSIC MOJITO TOB 250G,45,T7 SMOKELESS GA,0
849205032177,VUSE KIT CLSC TOB 5.0% 1CT 5PK,81,ECIG - PODS,0
849205019475,VUSE GOLDEN TOBACCO 2.4% 5/2CT,81,ECIG - PODS,26
716165179498,RAW PRE ROLLED TIPS 20CT,11,CIG ROLLING PAPER,138
810179220105,DA WOODS LEAF 20CT MANGO RUNTS,49,LT-TAX-COLLECTED,28
855022005348,ON! 8MG 5CT - CINNAMON,83,NICOTINE POUCHES,11
762446410200,LONGHORN FC NATURAL 5CT,45,T7 SMOKELESS GA,9
817127028035,BIG DOG WRAP 2/$1.99 20CT RUSS,49,LT-TAX-COLLECTED,64
6291108161517,AL FAKHER 10 X 50GM LEMON ,57,LT-TAX PAID,2
8681655735091,ADALYA 10 X 50GM HAVANA,57,LT-TAX PAID,4
6291108167724,AL FAKHER 250GM MAGIC LOVE,57,LT-TAX PAID,3
6291109092926,AL FAKHER 250GM HARVEST MOON,57,LT-TAX PAID,4
6291108164464,AL FAKHER 250GM CITRUS W/MINT,57,LT-TAX PAID,6
842426167611,GT CIG PAPER $.79 1 1/4 100CT,11,CIG ROLLING PAPER,23
609792010558,GREEN HRVST HEMP 15/4CT SKITLS,31,BLUNT WRAP,30
840170618281,VELO PLUS 9MG 5CT - CITRUS CHL,83,NICOTINE POUCHES,9
681467003553,SENECA BLUE KING BOX,48,CIGARETTE,17
802084154552,AFZAL 250GM - CHIEF COMMSNRY,57,LT-TAX PAID,30
842426142502,NAT-U-ROLL CLS 11/4 COMBO 96CT,11,CIG ROLLING PAPER,15
842426152761,WINDSOR LEAF NATURAL 25/2CT,31,BLUNT WRAP,0
619682993052,EZ ROLL CHRONIC WRAP 25CT,31,BLUNT WRAP,0
842426144735,GT WOODS 2/99 LEAF COGNAC 60CT,31,BLUNT WRAP,0
842426145008,GT WOODS 2/99 RUM RIVER 60CT,31,BLUNT WRAP,0
784762072085,ZIG ZAG WRAPS 25CT STRT/UP,11,CIG ROLLING PAPER,22
784762072146,ZIG ZAG WRAPS 25CT DRAGN BERRY,31,BLUNT WRAP,25
810090981321,ZLAB 7GM 6CT SKIT ICE,83,NICOTINE POUCHES,0
853202002071,PALERMO GRN MNTH 100 BX,48,CIGARETTE,0
842426149372,SWT WD LEF WRAP 25/2CT UNSWEET,31,BLUNT WRAP,0
784762070043,ZIG ZAG CONES 15/2CT GRAPE,31,BLUNT WRAP,19
842426155243,GT WOODS WRAP 30/2CT SWT ARM,31,BLUNT WRAP,19
840158612621,FRE $2.99 15MG POUCH 5CT WNTGR,83,NICOTINE POUCHES,0
840158608631,FRE 6MG POUCH 5CT MINT,83,NICOTINE POUCHES,23
784762071620,ZIG ZAG WRAP 2/99 25/2CT PEACH,31,BLUNT WRAP,23
719499005235,HIGH HEMP ORG ROLL PAPER K/S,11,CIG ROLLING PAPER,27
619682999023,TRUE HEMP 25/2CT BANANA,31,BLUNT WRAP,29
649964321051,RUSH $1.99 12MG 5CT MANGO FRZ,83,NICOTINE POUCHES,0
685141913190,24/7 MENTHOL GOLD 100 BX 10CT,48,CIGARETTE,30
611640109987,REMINGTON GRAPE 100 BX,23,CIGARS,20
784762072443,ZIG ZAG CIG 3/99 15/3CT GR SWT,23,CIGARS,0
784762044273,ZIGZAG CIG SLO BURN ST UP 15CT,23,CIGARS,0
812615001040,CLIPPER 4/99 WATERMELON 15CT,23,CIGARS,-36
817127022507,SHOW MASTER CIG 3/99 RED 15CT,23,CIGARS,105
784762072375,ZIG ZAG CIG 3/99 15/3CT DRGBRY,23,CIGARS,-1
817127027120,DOPPYWOODS 8/5CT DARK LEAF,23,CIGARS,24
817127020800,SHOW 5/$1 15/5CT RUSSIAN GEM,23,CIGARS,55
812474016575,FANTASIA ONE HUNDRED 50GM,49,LT-TAX-COLLECTED,-5
817127023559,SHOW DIAMD WRAP 5/99 APLE 15CT,49,LT-TAX-COLLECTED,0
602581743491,DEATHROW LEAF 8/5CT DARK LEAF,49,LT-TAX-COLLECTED,0
642380792214,OLD MAN GRABBA LEAF 25CT,49,LT-TAX-COLLECTED,0
810159861359,LOOSE LEAF 2/1.99 20CT NAT LEF,49,LT-TAX-COLLECTED,1
879982004166,TRAFFIC CIGAR BLACKBERRY 100,56,CIGAR GA,1
844504004641,CHIEFWOODS CIG WILD GRP 10/5PK,56,CIGAR GA,0
842426154086,GT 3/92 SWEET 3CT/30,56,CIGAR GA,0
842426156424,GT WOODS 2/99 SILVER 15/2CT,56,CIGAR GA,0
842426166928,GT 3/1.29 HD 15/3CT COGNAC,56,CIGAR GA,40
645781062092,JUNGO LEAF 10/5CT TROPICAL,57,LT-TAX PAID,0
8681511382841,ADALYA 250GM BAKU NIGHTS,57,LT-TAX PAID,3
894945001839,OHM 16OZ RED,57,LT-TAX PAID,0
645781449916,JUNGO LEAF 10/5CT LIMONCELLO,57,LT-TAX PAID,29
787269093218,UP LEEF ROSE BLEND 12GM BOTTLE,57,LT-TAX PAID,1063
762446821006,RED MAN F/C NATURAL  5 CT,45,T7 SMOKELESS GA,0
817458027318,WILDHEMP WRAP 4/99 20CT GELATO,31,BLUNT WRAP,35
799953210306,STOKERS TUB 12OZ FC WNTRGRN,45,T7 SMOKELESS GA,8
783495655077,VIBES PREMIUM CRUSH 15CT,57,LT-TAX PAID,47
719499005280,HIGH HEMP WRAPS 25CT BLZN CHRY,31,BLUNT WRAP,20
849205017914,VUSE RICH TOBACCO 2.4% 5/2CT,81,ECIG - PODS,35
428991,GRIZZLY FC WINTERGREEN 5CT,45,T7 SMOKELESS GA,18
6291108164105,AL FAKHER 10 X 50GM 2 APL BHRN,57,LT-TAX PAID,3
8681511389949,ADALYA 10 X 50GM BLUE DRAGON,57,LT-TAX PAID,5
6291108166444,AL FAKHER 250GM BERRY,57,LT-TAX PAID,17
6291108162156,AL FAKHER 250GM MOJITO,57,LT-TAX PAID,3
10857545012077,BOB M HEMP WRAP STRBRY 25/2CT,31,BLUNT WRAP,38
6291108160374,AL FAKHER 10 X 50GM LMON MINT ,57,LT-TAX PAID,5
619682009876,EZ ROLL .49C 25CT JAMAICAN RUM,31,BLUNT WRAP,121
858765004722,SHOW 5/$1 15/5CT MANGO,23,CIGARS,63
769577921391,LOOSE LEAF 2/2.99 20CT RUBY DR,49,LT-TAX-COLLECTED,0
855906007536,GRABBA  LEAF CRUSHED 25CT,57,LT-TAX PAID,86
719499005044,HIGH HEMP WRAPS 25CT ORIGINAL,31,BLUNT WRAP,-199
840158608457,FRE 12MG POUCH 5CT WINTERGREEN,83,NICOTINE POUCHES,6
840170618496,VELO PLUS 6MG 5CT - DRAGON FRU,83,NICOTINE POUCHES,8
842426141901,NAT-U-ROLL CLASSIC 1 1/4 CONE ,11,CIG ROLLING PAPER,26
753182136509,GOLDEN VALLEY FF FILTER TUBES ,11,CIG ROLLING PAPER,1
619682587398,EZ DUZ IT KUSH 30CT,31,BLUNT WRAP,8
685141429059,DIXON CIG F/TUBE BLUE 100,11,CIG ROLLING PAPER,16
619682070111,EZ ROLL BLU MAGIC 25 CT,31,BLUNT WRAP,0
619682587374,EZ DUZ IT GEORGIA PEACH 30CT,31,BLUNT WRAP,77
619682030160,TRUE BLUNT PURPLE BERRY 25CT,31,BLUNT WRAP,50
649964319904,WILD PALM PINACOLA SLIM 20/2PK,31,BLUNT WRAP,14
810146970132,COLORS WRAPS 25/2CT BLUEBERRY,31,BLUNT WRAP,143
10854029008755,KING PALM SLIM MAGIC MINT 20CT,31,BLUNT WRAP,85
812615003273,CLASSIC RED K/S FLTR TUBES 200,11,CIG ROLLING PAPER,4
716165179900,ELEMENTS CONNOISSEUR KS 24CT,11,CIG ROLLING PAPER,-3
716165202004,RAW CLSC CONE KING SIZE 32CT,11,CIG ROLLING PAPER,-10
850043583776,TYSON LEAF 10/5CT NATURAL,31,BLUNT WRAP,2
802284004503,EDGEFIELD MENTHOL BOX,48,CIGARETTE,35
802284004565,EDGEFIELD NON FILTER BX,48,CIGARETTE,0
840439105866,ZIG ZAG ROSE CONES RED 12/1CT,11,CIG ROLLING PAPER,3
850043583769,TYSON LEAF 10/5CT SWEET,31,BLUNT WRAP,1
10857545008711,BILLION WRAPS 25/2CT MANGO,31,BLUNT WRAP,4
8906181783095,CLEW 6MG 5CT COOL MINT,83,NICOTINE POUCHES,0
817127029797,HEMP ZONE 5/$1 15CT WET & FRTY,31,BLUNT WRAP,23
840158612591,FRE $2.99 12MG POUCH 5CT WNTGR,83,NICOTINE POUCHES,0
716165179924,RAW CONE TIPS PERFECTO,11,CIG ROLLING PAPER,31
784762077417,ZIG ZAG WRAP 4/99 15/4CT SILVR,31,BLUNT WRAP,63
619682021120,EZ ROLL DBL 25CT STRAWBERRY,31,BLUNT WRAP,20
709215384225,305'S SILVER 100 BOX 10CT,48,CIGARETTE,8
685141694037,REDBUCK CIGAR WINEPIPE49C ,23,CIGARS,0
812615007578,CLIPPER CIG WINE 60CT,23,CIGARS,0
842426143271,GT 3/99 HD 15/3CT JAVE DELIGHT,23,CIGARS,0
676737955373,CIGNATURE 8/5CT BANANA,23,CIGARS,33
817127029346,SHOW BLK 2/$99 12/2CT SMOOTH,23,CIGARS,21
849523005976,FANTASIA PEACH FUZY NAVEL 10CT,49,LT-TAX-COLLECTED,0
812474011365,FANTASIA RASP KAMIKAZE 10X50G,49,LT-TAX-COLLECTED,-15
812474011600,FANTASIA CARMEL CAPUCINO 10CT,49,LT-TAX-COLLECTED,5
660989379742,FRONTO KING GRAPE 12CT-BX,49,LT-TAX-COLLECTED,0
765105170347,RUNTZ WRAPS 10/6PK AGAVE,49,LT-TAX-COLLECTED,0
196852726578,ESKO LEAF 8/5CT PEACHES N CRM,49,LT-TAX-COLLECTED,18
817127023566,SHOW DIAMD WRAP 5/99 VANI 15CT,49,LT-TAX-COLLECTED,0
762446706235,TW L/CT MINT 1.69 10 CT,45,T7 SMOKELESS GA,0
874411002591,DERRINGER LC STRT 10CT,53,TOB 003211,-1
717519011280,AL CAPONE SINGLE CIGAR 20CT,51,LIT CIGARS 003251,0
840048217349,JUUL STARTER KIT MTHL 2POD 1CT,81,ECIG - PODS,0
849205019710,VUSE RICH TOBACCO 1.8% 5/2CT,81,ECIG - PODS,0
10818433010391,ROXWELL 3/99 BLUEBERRY,56,CIGAR GA,19
818892019334,GT 4/99 KINGS RED COLA 15CT,56,CIGAR GA,0
611640116107,REMINGTON VANILLA  CIG 100 BX,56,CIGAR GA,3
818892014490,GT 2/99 KUSH 15CT,56,CIGAR GA,0
818892013172,GT 45CT. 3/99 BLACK BERRY,56,CIGAR GA,0
818892012403,GT DM 2/.99 BLK S 15CT,56,CIGAR GA,0
818892015589,GT LITTLE N WILD SWT.59 25CT,56,CIGAR GA,0
842426143189,GT 3/99 HD 15/3CT HONEY,56,CIGAR GA,-1
842426170673,GT WOODS 2/1.39 15/2CT RUM RVR,56,CIGAR GA,1
8681655765029,ADALYA 250GM BLUE MLN,57,LT-TAX PAID,5
879982004203,TRAFFIC CLASSIC VIRGINIA 16OZ,57,LT-TAX PAID,9
762446702237,TW F/CT NATURAL  1.69 10CT,45,T7 SMOKELESS GA,0
709215401892,305'S MENTHOL KING BOX 10CT,48,CIGARETTE,16
849205019925,VUSE MENTHOL 2.4% 5/2CT,81,ECIG - PODS,48
799953331278,STOKERS LC STRAIGHT 5CT,45,T7 SMOKELESS GA,20
840045201303,ROGUE 6MG POUCH 5CT MANGO,83,NICOTINE POUCHES,8
842426166867,GT 3/1.29 HD 15/3CT BERRY FUS,56,CIGAR GA,21
6291100731060,AL FAKHER 10 X 50GM APPLE ,57,LT-TAX PAID,0
6291108164877,AL FAKHER 10 X 50GM ORGN/CRM,57,LT-TAX PAID,8
6291108166796,AL FAKHER 250GM MINT ,57,LT-TAX PAID,27
751667074261,DJARUM 10/12PK SELECT/MILD,23,CIGARS,53
6291108164952,AL FAKHER 250GM HUBBLY,57,LT-TAX PAID,4
817127027441,SHOW 5/$1 15/5CT LEMON ICE,23,CIGARS,44
850008118296,NATTY HEMP 4/99 15/4CT NATURAL,31,BLUNT WRAP,51
842426165488,GT 4/1.19 4KS 15/4CT SWT DEL ,56,CIGAR GA,302
849205016269,VUSE MENTHOL 5.0% 5/2CT,81,ECIG - PODS,28
762446454006,LONGHORN TUB 14.4OZ LC NATURAL,45,T7 SMOKELESS GA,25
799953231202,STOKERS TUB 12OZ LC STRAIGHT,57,LT-TAX PAID,35
850059190449,LIL LEAF 3/$2.99 10/3CT DK RED,49,LT-TAX-COLLECTED,0
860010326299,LIL LEAF 3/$2.99 10/3CT MANGO,49,LT-TAX-COLLECTED,200
818892019075,NAT.U.ROLL ORGANIC 1 1/4 R/PAP,11,CIG ROLLING PAPER,0
619683001510,PALM LEAF SLIM MINT2PK 24CT,31,BLUNT WRAP,4
854133005513,STALLION TUBES GOLD KING 1CT,11,CIG ROLLING PAPER,114
812319010119,GT F/WRAP CHERRY 2/79 25 CT,31,BLUNT WRAP,0
619682001566,EZ DUZ IT WHITE GRAPE 30CT,31,BLUNT WRAP,83
314100,TRIBAL CIG PAPER 121CT,11,CIG ROLLING PAPER,0
810146970156,COLORS WRAPS 25/2CT GRAPES,31,BLUNT WRAP,96
608011835187,SNP 8MG BERRY MIX 5CT,83,NICOTINE POUCHES,0
619682010087,EZ ROLL .49C 25CT MANGO PEACH,31,BLUNT WRAP,0
619682993175,EZ ROLL .49C 25CT SWEETS ,31,BLUNT WRAP,0
822310240125,KADOBAR 6MG 5CT STRBRY WMLN,83,NICOTINE POUCHES,-1
840045200795,ROGUE 3MG POUCH 5CT BERRY,83,NICOTINE POUCHES,0
708926630348,FIRST CLASS MENTHOL KING BOX,48,CIGARETTE,0
10857545008735,BILLION WRAPS 25/2CT SWT STACK,31,BLUNT WRAP,5
812319010416,GT FTW 2/.79 25CT GRAPE,31,BLUNT WRAP,25
842426183093,GT PAPER $.99 1 1/4 25CT WMLN,11,CIG ROLLING PAPER,8
802284000536,ECHO MENTHOLGOLD 100 BOX 10CT,48,CIGARETTE,0
6974828617600,EVOK 6MG 5CT SPEARMINT,83,NICOTINE POUCHES,-7
10077170260104,TOP CIG FILTER TIPS 30/100CT,11,CIG ROLLING PAPER,1
10857545012022,BOB M CONES CL KS 33/3PK,11,CIG ROLLING PAPER,29
840439106511,ZIG ZAG HEMP 25/2CT SOUR SQUZE,31,BLUNT WRAP,26
649964327213,WILDHEMP WRAP 4/99 20CT BANANA,31,BLUNT WRAP,46
855022005386,ON! 4MG 5CT - ORIGINAL,83,NICOTINE POUCHES,10
814057001213,SHIELD BLUE KING BOX  10CT,48,CIGARETTE,8
719499005556,HIGH HEMP WRAPS 25CT DUTCH CRM,31,BLUNT WRAP,142
708926565244,WILDHORSE SILVER KING BOX 10CT,48,CIGARETTE,1
887969011717,ZONE 9MM 5CT MINT,83,NICOTINE POUCHES,17
816518012639,SPLIT'LOS NAT BLK 3/99 90 CT,23,CIGARS,61
816518012004,SPLIT'LOS CIG GRAPE PCH 3 /99,23,CIGARS,110
818059028568,OG WOODS 2/1.29 RUSS CRM 15CT,23,CIGARS,14
812615008001,CLIPPER BLK /RED 100 CIGAR 160,23,CIGARS,0
858765006764,SHOW 5/$1 15/5CT BA BOOM,23,CIGARS,0
817127020459,SHOW MASTER CIG B3G4 DSP 180CT,23,CIGARS,9
812474016674,FANTASIA OG SWEET 10 X 50G,49,LT-TAX-COLLECTED,14
849523005402,FANTASIA CUPIDS ARROW 10X50G,49,LT-TAX-COLLECTED,2
812474010412,FANTASIA BANANA FOSTER10X50G,49,LT-TAX-COLLECTED,0
762446522286,SOUTHERN PRIDE .30 OFF 12 CT,49,LT-TAX-COLLECTED,0
817127023580,SHOW DIAMD WRAP 5/99 KUSH 15CT,49,LT-TAX-COLLECTED,0
685141573073,BACCO RED P/TOBACCO 6 OZ,49,LT-TAX-COLLECTED,0
817127027175,HARSH CRUSH REGULAR BLND 25CT,49,LT-TAX-COLLECTED,0
817127028226,SHOW LEAF 2/1.29 15/2PK DARK,49,LT-TAX-COLLECTED,19
810159861571,LOOSE LEAF 2/1.99 20CT RUS GLD,49,LT-TAX-COLLECTED,0
10849855003111,BACKWOOD PIPE TOB 6CT ORIGINAL,49,LT-TAX-COLLECTED,7
817127027953,BIG DOG WRAP 2/$1.99 20CT AROM,49,LT-TAX-COLLECTED,24
887969009905,MY BLU INT NEON DREAM 2.5% 1CT,81,ECIG - PODS,0
819913014987,JUUL VIRG TOBACCO 3% 2PK 1CT,81,ECIG - PODS,46
611640100106,REMINGTON MNTL GREEN 100 BX,56,CIGAR GA,0
818892016265,GT 4/99 4KINGS CINN/ROLL 15CT,56,CIGAR GA,0
842426146319,GT 2/99 HD PALMA  SILVER 30CT,56,CIGAR GA,0
842426145206,GT 4KINGS NAPAGRAPE 4+1=5 75CT,56,CIGAR GA,0
611640111102,REMINGTON F/F RED100 BX,56,CIGAR GA,0
842426164467,GT BLACK SMOOTH .69 25CT BLK C,56,CIGAR GA,0
844504000773,SENECA CIGAR PEACH 200CT,56,CIGAR GA,0
842426144964,GT WOODS 2/99 RUM RIVER 15CT,56,CIGAR GA,0
818892014605,GT 3/99 HD 15/3CT VANILLA,56,CIGAR GA,0
812319017255,GT 3/99 15/3CT SWEET,56,CIGAR GA,0
842426146432,GT WOODS 2/1.29 15/2CT COGNAC,56,CIGAR GA,0
844504001480,SENECA CIGAR GRAPE 200CT,56,CIGAR GA,13
812474010702,FANTASIA HOOKAH TOB PINK LMNDE,57,LT-TAX PAID,0
708926701314,WILDHORSE PIPE TOB 16OZ SMOOTH,57,LT-TAX PAID,7
742978845947,LOOSE LEAF MINI 8/5CT WMLN DRM,57,LT-TAX PAID,27
799953309925,STOCKERS F/C NATURAL $.99 ,45,T7 SMOKELESS GA,0
849205031354,VUSE KIT GLDN DSK 5.0% 5/2CT,81,ECIG - PODS,0
784762072368,ZIG ZAG CIG 3/99 15/3CT SWEET,23,CIGARS,23
855022005201,ON! 2MG 5CT - CITRUS,83,NICOTINE POUCHES,8
649964321570,WILDHEMP WRAP 4/99 20CT RUS CR,31,BLUNT WRAP,46
717519195447,AL CAPONE LEAF 18CT RUM,49,LT-TAX-COLLECTED,112
842426165150,GT 2/1.29 HD 10/2CT PALMA GRN,56,CIGAR GA,19
6291108162491,AL FAKHER 10 X 50GM GRAPE ,57,LT-TAX PAID,5
6291108166857,AL FAKHER 250GM STRAWBERRY,57,LT-TAX PAID,3
6291108161524,AL FAKHER 250GM LEMON,57,LT-TAX PAID,25
6291108160510,AL FAKHER 250GM GUM W/ MINT,57,LT-TAX PAID,0
842426165396,GT 4/1.19 4KS 15/4CT MANGO,56,CIGAR GA,85
681467003287,SENECA MENTHOL 100 BOX 10CT,48,CIGARETTE,63
619682010285,EZ ROLL .49C 25CT WATERMELON,31,BLUNT WRAP,77
819721010409,BLUNTVILLE CIG 25CT VANILLA,23,CIGARS,304
842426170642,GT WOODS 2/1.39 15/2CT NATURAL,56,CIGAR GA,312
716165177326,RAW CLSC 1 1/4  1.25 24CT,11,CIG ROLLING PAPER,-18
685141913114,24/7 SILVER 100 BOX 10CT,48,CIGARETTE,-118
619682993236,PARTY BLUNTS 2 BIG ROLL NAKED ,31,BLUNT WRAP,1
649964319874,WILD PALM BLUBERRY MINI 20/2PK,31,BLUNT WRAP,10
784762078889,ZIG ZAG LEAF 25CT SWEET,31,BLUNT WRAP,0
860009348370,LIL LEAF 10/5CT MANGO,31,BLUNT WRAP,0
619682577603,TRUE BLUNT XTREME BRY 25CT,31,BLUNT WRAP,82
619682587350,EZ DUZ IT PURPLE HAZE 30CT,31,BLUNT WRAP,79
10074460151387,EZWIDER JAR 1.25 96CT,11,CIG ROLLING PAPER,-1
810090981383,ZLAB 7GM 6CT PINEAPPLE BANANA,83,NICOTINE POUCHES,0
832310240100,KADOBAR 3MG 5CT SIMPLY MINT,83,NICOTINE POUCHES,6
684514010276,KYK 14MG 5CT WINTERGREEN,83,NICOTINE POUCHES,0
814057301719,SHIELD NON FILTER ,48,CIGARETTE,0
810146970149,COLORS WRAPS 25/2CT CRML APL,31,BLUNT WRAP,68
812319010508,GT FTW 2/.79 25CT PASSION,31,BLUNT WRAP,21
818892016685,GT FTW 2/.79 25CT GREEN,31,BLUNT WRAP,17
10857545011308,BILLION WRAPS 25/2CT BLACK,31,BLUNT WRAP,4
784762070074,ZIG ZAG CONES 15/2CT BLUEBERRY,31,BLUNT WRAP,15
850008118258,NATTY HEMP 4/99 15/4CT WTRMLN,31,BLUNT WRAP,29
802284004633,EDGEFIELD GOLD 100 BOX 10CT,48,CIGARETTE,9
842426155281,GT WOODS WRAP 30/2CT RUSS CRM,31,BLUNT WRAP,29
719499005617,HIGH HEMP WRAPS 25CT FLORA PSN,31,BLUNT WRAP,24
619682005458,EZ ROLL DBL 25CT STRAWBERRY,31,BLUNT WRAP,70
649964321037,RUSH $1.99 12MG 5CT BERRY ICE,83,NICOTINE POUCHES,1
887969011731,ZONE 9MM 5CT PEPPERMINT,83,NICOTINE POUCHES,16
716165255581,RAW ORG LYRICAL WRAP KS 50CT,11,CIG ROLLING PAPER,4
840439106078,ZIG ZAG HEMP 25/2CT BLUE DREAM,31,BLUNT WRAP,47
817127021050,HEMP ZONE 5/$1 15CT MANGO,31,BLUNT WRAP,28
751667097666,DREAMS VANILLA F/CIG 10/12,23,CIGARS,22
816667012498,CHASE SMOOTH 100,23,CIGARS,0
818892019860,GT 3/99 HD 15/3CT APRCT BRNDY,23,CIGARS,0
812615002511,SUPREME BLEND 4/99 GRAPE 15CT,23,CIGARS,0
814101025042,SUPREME 5/99 SWEET 15CT,23,CIGARS,0
812615002733,CLIPPER 4/99  G/HAZE CGR 15 CT,23,CIGARS,-83
819466011419,HIFI 5/$0.99 15/5CT HAZY GRAPE,23,CIGARS,64
819466011464,HIFI 5/$0.99 15/5CT JOZE MELON,23,CIGARS,68
812474011150,FANTASIA WILD MANGO 10CT,49,LT-TAX-COLLECTED,0
660989379773,FRONTO KING SWEET 12CT-BX,49,LT-TAX-COLLECTED,0
602581743699,DEATHROW LEAF 8/5CT STRWBRY,49,LT-TAX-COLLECTED,0
602024247777,OLD MAN LEAF 12CT,49,LT-TAX-COLLECTED,0
810159860307,LOOSE LEAF 2/2.99 20CT NATURAL,49,LT-TAX-COLLECTED,40
810120068671,STIIIZY LEAF 8/5CT GOLDEN,49,LT-TAX-COLLECTED,27
810120068763,STIIIZY LEAF 8/5CT SR BLUE RAZ,49,LT-TAX-COLLECTED,18
849205032054,VUSE CLASIC TOBACCO 5.0% 5/2CT,81,ECIG - PODS,5
819913012686,JUUL CLASSIC TOBACCO 1CT,81,ECIG - PODS,0
887969009943,MY BLU INT TOB CHILL 2.5% 1CT,81,ECIG - PODS,433
849205030616,VUSE GOLDEN TOBACCO 5.0% 5/6CT,81,ECIG - PODS,1
818892019457,GT 45CT  MANGO PINEAPPLE 3/99,56,CIGAR GA,0
818892010119,GT 45CT. ORIGINAL 3/99 ,56,CIGAR GA,0
842426153843,GT 3/92 SWEET 15/3CT,56,CIGAR GA,0
812319018917,GT 90CT CIGAR G/SWEET 3/99 ,56,CIGAR GA,0
842426144278,GT MINI 3/99 GOLDEN HONEY 45CT,56,CIGAR GA,0
818892016067,GT MINI 3/99 KUSH CIGARIL 45CT,56,CIGAR GA,0
842426160872,GT BLACK SMOOTH .59 25CT SWEET,56,CIGAR GA,0
818892010027,GT 3/99 15/3CT GREEN SWEETS,56,CIGAR GA,0
676737528706,JUNGO LEAF 10/5CT ORANGE CREAM,57,LT-TAX PAID,0
894945001440,OHM 16OZ NATURAL,57,LT-TAX PAID,0
847244001772,STARBUZZ EXOTIC 250GM CODE 69,57,LT-TAX PAID,6
799953039112,STOKERS RED SUPREME 16OZ 6CT,57,LT-TAX PAID,0
762446704552,TW L/CT STRAIGHT 1.69 10CT,45,T7 SMOKELESS GA,0
422371,KODIAK LC STRAIGHT 5CT,45,T7 SMOKELESS GA,0
762446430208,LONGHORN FC WINTERGREEN 5CT,45,T7 SMOKELESS GA,9
784762071712,ZIG ZAG WRAP 2/99 25/2CT VANLA,31,BLUNT WRAP,12
716165178439,RAW CLASSIC 1 1/2  1.5 25CT,11,CIG ROLLING PAPER,136
716165201960,RAW CONES ORGANI 1 1/4 32/6PK,11,CIG ROLLING PAPER,47
817127028370,BIG DOG WRAP 2/$1.99 20CT BANA,49,LT-TAX-COLLECTED,16
8681655705117,ADALYA 10 X 50GM MIAMOR,57,LT-TAX PAID,3
6291108160558,AL FAKHER 250GM BLUEBERRY MINT,57,LT-TAX PAID,14
6291108161067,AL FAKHER 10 X 50GM KIWI ,57,LT-TAX PAID,12
6291108161302,AL FAKHER 10 X 50GM GUAVA ,57,LT-TAX PAID,5
783495607533,KXNG CRUSH DK CRUSH 18GM 20CT,57,LT-TAX PAID,11
742488783135,TRU LEAF CRUSH RUSIAN CRM 15CT,57,LT-TAX PAID,12
849205023434,VUSE MENTHOL 2.4% 5/4CT,81,ECIG - PODS,16
855022005188,ON! 2MG 5CT - MINT,83,NICOTINE POUCHES,14
429171,GRIZZLY XTRA LC NATURAL 5CT,45,T7 SMOKELESS GA,9
751667090667,DJARUM 10/12PK EMERALD/BLK MNT,23,CIGARS,86
717519001052,AL CAPONE TOWER 60/2CT SWT FIL,51,LIT CIGARS 003251,13
840170618168,VELO PLUS 9MG 5CT - SPEARMINT,83,NICOTINE POUCHES,1
762446414000,LONGHORN TUB 14.4OZ FC NATURAL,45,T7 SMOKELESS GA,8
840439101110,PRIMAL HERBAL CONE YERBA MATTE,11,CIG ROLLING PAPER,0
619682587336,EZ DUZ IT WET MANGO 30CT,31,BLUNT WRAP,10
802507774442,PURE PALM 2PK 2.0GMS 20CT,31,BLUNT WRAP,0
790835,JOB 1.25 JAR 96CT,11,CIG ROLLING PAPER,0
689490002338,THIS BLUE 100 BOX 200CT,48,CIGARETTE,0
689490002482,THIS BLUE BOX 200CT,48,CIGARETTE,0
817127025003,HEMP ZONE CONE 1 1/4 ORGANIC ,11,CIG ROLLING PAPER,17
769256453236,ZILLOW HEMP CHRY/ORG/GRP  20CT,31,BLUNT WRAP,689
619682993083,EZ ROLL STRAW LEMONADE 25CT,31,BLUNT WRAP,0
817458027462,WILDHEMP CXL WRAP 25/2CT SPCAN,31,BLUNT WRAP,-3
832310240124,KADOBAR 3MG 5CT STRBRY WMLN,83,NICOTINE POUCHES,3
812632011183,GT SNOOP DOGG 1 1/4 PAPER 72CT,11,CIG ROLLING PAPER,3
802284000444,ECHO GOLD 100 BOX 10CT,48,CIGARETTE,0
818892016555,GT FTW 2/.79 25CT FRUIT PNCH,31,BLUNT WRAP,25
8906181782945,CLEW 6MG 5CT SPEARMINT,83,NICOTINE POUCHES,0
817127029773,HEMP ZONE 5/$1 15CT NATURAL,31,BLUNT WRAP,37
840439106603,ZIG ZAG HEMP 25/2CT SUMMER SLC,31,BLUNT WRAP,30
619682999146,TRUE HEMP 25/2CT RUS CREAM,31,BLUNT WRAP,24
716165255635,RAW ETHERAL KS SLIM 50CT ,11,CIG ROLLING PAPER,20
816518012042,SPLIT'LOS CIG BLBERY PCH 3/99 ,23,CIGARS,26
818059029114,OG WOODS 2/1.29 VANILA 15CT,23,CIGARS,63
685141850037,RICHWOOD CIGAR ORIG 100,23,CIGARS,0
20860004671606,THROWBACK 5PK SWEET AROMA 40CT,23,CIGARS,-1
812615002535,SUPREME BLEND 4/99 GREEN H 15,23,CIGARS,0
784762072290,ZIG ZAG CIG 3/99 15/3CT BLUBRY,23,CIGARS,25
817127026611,DOPPYWOODS ORIGINAL 8/5CT,23,CIGARS,24
849523005419,FANTASIA INCREDIBLE 10CT,49,LT-TAX-COLLECTED,0
812474010405,FANTASIA APPLE MARTINI 10X50G,49,LT-TAX-COLLECTED,0
812474016667,FANTASIA ONE HUNDRED 10X5G,49,LT-TAX-COLLECTED,8
812474016056,FANTASIA DIRTY BLONDE 10CT,49,LT-TAX-COLLECTED,0
817127023597,SHOW DIAMD WRAP 5/99 SWEET15CT,49,LT-TAX-COLLECTED,0
657479733849,HAVANA LEAF 8/5CT HONEY BOURB,49,LT-TAX-COLLECTED,0
817127027021,BIG DOG LEAF 8/5PK AMARETTO CR,49,LT-TAX-COLLECTED,0
742978846166,LOOSE LEAF 8/5CT PEACH DREAM,49,LT-TAX-COLLECTED,0
742978846449,LOOSE LEAF CRUSH 10CT COLD CRH,49,LT-TAX-COLLECTED,0
717519000871,AL CAPONE JAR 60/2CT JAMCN FLT,51,LIT CIGARS 003251,0
849205032115,VUSE CLASIC TOBACCO 5.0% 5/4CT,81,ECIG - PODS,5
818892019303,GT 4/99 KINGS CRANB/APPLE 15CT,56,CIGAR GA,0
761847548871,FRONTO KING CIGARILLOS 12/5PK,56,CIGAR GA,0
859477001757,CARTEL CIGAR LIGHTS 200CT,56,CIGAR GA,0
842426150392,GT 4/99 4KS 15/4CT GREEN SWEET,56,CIGAR GA,0
879982004128,TRAFFIC CIGAR BLUE 100 BOX,56,CIGAR GA,2
812474011877,FANTASIA HOOKAH TOBPEACH FUZY ,57,LT-TAX PAID,-1
847244001420,STARBUZZ EXOTIC 100GM BLUE MST,57,LT-TAX PAID,0
6291108166871,AL FAKHER 250GM LEMON W/MINT,57,LT-TAX PAID,0
676737735289,JUNGO LEAF 10/5CT COFFEE,57,LT-TAX PAID,18
812615003488,RED RIVER COOLMINT 16OZ 1CT,57,LT-TAX PAID,11
844504002982,AMERICAN CLUB TOB CLASSIC 6OZ,57,LT-TAX PAID,9
847244001833,STARBUZZ EXOTIC 250GM FZY LMND,57,LT-TAX PAID,14
762446703203,TW COOL WINTERGREEN 5CT,45,T7 SMOKELESS GA,0
817127026598,DOPPYWOODS SWT AROMATIC 8/5CT,23,CIGARS,11
762446705009,TW LC WINTERGREEN 5CT,45,T7 SMOKELESS GA,11
784762071606,ZIG ZAG WRAP 2/99 25/2CT BLBRY,31,BLUNT WRAP,11
609249914415,ZYN 3MG SMOOTH 5CT,83,NICOTINE POUCHES,55
819721012458,BLUNTVILLE 1.29 25CT PIFF,23,CIGARS,0
8681511382421,ADALYA 250GM LOVE 666,57,LT-TAX PAID,21
817127028394,BIG DOG WRAP 2/$1.99 20CT KIWI,49,LT-TAX-COLLECTED,38
812615006762,CLIPPER CIGAR 10CT VANILLE,23,CIGARS,19
6291108160169,AL FAKHER 10 X 50GM 2 APL MNT ,57,LT-TAX PAID,4
6291108161869,AL FAKHER 10 X 50GM CHERRY ,57,LT-TAX PAID,7
6291108164730,AL FAKHER 10 X 50GM GRAPE BERY,57,LT-TAX PAID,5
8681511388607,ADALYA 10 X 50GM HAWAII,57,LT-TAX PAID,0
8681511389710,ADALYA 10 X 50GM STAWBRY SPLSH,57,LT-TAX PAID,6
6291108166468,AL FAKHER 250GM BANANA,57,LT-TAX PAID,3
6291109092919,AL FAKHER 250GM DREAM SCAPE,57,LT-TAX PAID,4
6291108161654,AL FAKHER 10 X 50GM G'FRUIT ,57,LT-TAX PAID,1
609792010596,GREEN HRVST HEMP 15/4CT OGK,31,BLUNT WRAP,30
762446444007,LONGHORN TUB 14.4OZ LC MINT,45,T7 SMOKELESS GA,11
855022005171,ON! 2MG 5CT - WINTERGREEN,83,NICOTINE POUCHES,22
855906007031,GRABBA  WH LEAF NATURAL10PK,57,LT-TAX PAID,844
887969011854,ZONE 6MM 5CT PEPPERMINT,83,NICOTINE POUCHES,18
799953310273,STOKERS LC WNTRGRN 5CT,45,T7 SMOKELESS GA,27
708926800109,WILDHORSE FLTR TUBES REG 100'S,11,CIG ROLLING PAPER,0
815970020275,TWISTED HEMP 4/99 PLAIN JANE ,31,BLUNT WRAP,0
842426145718,GT 2/99 1.25 ROLL/PAPER 24CT J,11,CIG ROLLING PAPER,0
842426143783,GT WOODS 2/99  SWEET AROM 60CT,31,BLUNT WRAP,0
842426144988,GT WOODS 2/99 RUSIAN CREM 60CT,31,BLUNT WRAP,0
689490002543,THIS MENTHOL BOX 200CT,48,CIGARETTE,0
689490001010,TIMELESS TIME RED 100 BX,48,CIGARETTE,0
685867953746,PURE LEAF NATURAL 3/16 1CT,11,CIG ROLLING PAPER,0
784762072108,ZIG ZAG WRAPS 25CT ORANGE,31,BLUNT WRAP,53
JBFW106,JOB 1.25 FRNCH WT JAR 106CT,11,CIG ROLLING PAPER,-1
840439106221,KARMA HEMP WRAP PURPLE CHL25CT,31,BLUNT WRAP,0
789781000262,HEMPIRE ROLL PAPER 1 1/4 25CT,11,CIG ROLLING PAPER,0
810090981345,ZLAB 7GM 6CT CITRUS ICE,83,NICOTINE POUCHES,0
649964319720,WILD HEMP CONES HEMP 1 1/4CT,11,CIG ROLLING PAPER,9
753182136516,GOLDEN VALLEY F/TUBES 200CT ,11,CIG ROLLING PAPER,22
857908000751,DECADE GOLD BOX 200CT,48,CIGARETTE,7
10857545009480,BILLION WRAPS 25/2CT ROSE,31,BLUNT WRAP,1
840439106573,ZIG ZAG HEMP 25/2CT GA FIELDS,31,BLUNT WRAP,28
716165177784,ELEMENTS ULT THN KING SIZ 50CT,11,CIG ROLLING PAPER,-21
840158609294,FRE 12MG POUCH 5CT LUSH,83,NICOTINE POUCHES,3
858765008546,SHOW JAC 4/99 WET&FRUITY 60 CT,23,CIGARS,0
816518012189,SPLIT'LOS CIG WINE PCH 3/99,23,CIGARS,0
816518013407,SPLIT'LOS CIG PINPLE PCH 3/99,23,CIGARS,0
816518016422,SPLITARILLO 6/99 OG SWEET 45CT,23,CIGARS,0
858765006818,SHOW 5/$1 15/5CT SPIRAL TATA,23,CIGARS,0
819721010362,BLUNTVILLE CIG 25CT NATURAL DL,23,CIGARS,160
812474016605,FANTASIA HUSH HONEY 50GM,49,LT-TAX-COLLECTED,-6
812474016698,FANTASIA HUSH HONEY 10CT,49,LT-TAX-COLLECTED,2
812474012577,FANTASIA RED VALVET 10CT,49,LT-TAX-COLLECTED,11
196852904730,ESKO LEAF 8/5CT XO COGNAC,49,LT-TAX-COLLECTED,17
676737565800,JUNGO LEAF 10/5CT RUSS CRM ,49,LT-TAX-COLLECTED,0
817127021241,BK FRONTO GRABBA WHL LEAF 10CT,49,LT-TAX-COLLECTED,46
849855000243,SV PIPE TOBACCO 12OZ BLK GOLD,49,LT-TAX-COLLECTED,24
849855000274,SV PIPE TOBACCO 12OZ CHOCOLATE,49,LT-TAX-COLLECTED,24
817127021210,BK FRONTO GRABBA LEAF 25/2CT,49,LT-TAX-COLLECTED,30
742978845510,LOOSE LEAF CRUSH 10CT ORNG CRM,49,LT-TAX-COLLECTED,0
849205032085,VUSE CLASIC TOBACCO 2.4% 5/2CT,81,ECIG - PODS,6
10819913014984,JUUL VIRGINIA TOB 3% 2PK 8CT,81,ECIG - PODS,-1
611640104104,REMINGTON LIGHTS 100 BX,56,CIGAR GA,0
842426164498,GT BLACK SMOOTH .69 25CT BK CH,56,CIGAR GA,0
842426147613,GT 45CT. WILDBERRY 3/99 ,56,CIGAR GA,0
842426163774,GT 3/99 HD 15/3CT BERRY FUSION,56,CIGAR GA,0
842426157261,GT 3/92 BLUEBARRY 15/3CT,56,CIGAR GA,85
842426162630,GT 3/99 HD 15/3CT BLUE,56,CIGAR GA,0
8681655765104,ADALYA 250GM STRAWBERRY SPLASH,57,LT-TAX PAID,3
802084134608,AFZAL 250GM - GUM MASTI,57,LT-TAX PAID,0
8681655717530,ADALYA 250GM MI AMOR,57,LT-TAX PAID,4
799953001119,STOKER'S C/T 24C 16OZ 6CT,45,T7 SMOKELESS GA,0
719499005624,HIGH HEMP WRAPS 25CT AREA 51,31,BLUNT WRAP,90
717519195409,AL CAPONE LEAF 18CT ORIGINAL,49,LT-TAX-COLLECTED,110
742978846685,LOOSE LEAF 8/5CT SAN ANDRES,49,LT-TAX-COLLECTED,29
858765001653,SHOW 5/$1 15/5CT JAMAICAN BUZZ,23,CIGARS,20
716165250326,RAW CLSC BLK KS SLIM 50CT ,11,CIG ROLLING PAPER,34
855022005324,ON! 8MG 5CT - CITRUS,83,NICOTINE POUCHES,15
658238735005,LOOSE LEAF MINI 8/5CT BANNA DR,49,LT-TAX-COLLECTED,11
6291108161586,AL FAKHER 10 X 50GM MELON ,57,LT-TAX PAID,4
681467003614,SENECA MENTHOL KING BOX 10CT,48,CIGARETTE,19
819466011426,HIFI 5/$0.99 15/5CT SUPA GREEN,23,CIGARS,105
10840048202960,JUUL CLASSIC MENTHL 3% 4PK 8CT,81,ECIG - PODS,115
6291109092889,AL FAKHER 10 X 50GM DRM SCAPE,57,LT-TAX PAID,4
751667090629,DJARUM 10/12PK IVORY / VANILLA,23,CIGARS,110
887969011779,ZONE 9MM 5CT WINTERGREEN,83,NICOTINE POUCHES,19
619682577641,TRUE BLUNT CANDY APPLE,31,BLUNT WRAP,36
854133006886,STALLION TUBES GOLD 100 BOX,11,CIG ROLLING PAPER,105
50854029008043,KING PALM MINI 1.99 20CT,31,BLUNT WRAP,2
812319010294,GT F/WRAP NATURAL 2 .79 25CT ,31,BLUNT WRAP,0
689490002420,THIS MENTHOL LGT 100 BOX 200CT,48,CIGARETTE,0
784762072078,ZIG ZAG WRAPS 25CT STRAWBERRY,31,BLUNT WRAP,10
649964319737,WILD HEMP CONES 1 1/4CT 24CT,11,CIG ROLLING PAPER,9
810090981307,ZLAB 7GM 6CT BANANA ICE,83,NICOTINE POUCHES,0
716165252672,RAW LYRICAL LMD BD CONE 12/2CT,11,CIG ROLLING PAPER,0
822310240170,KADOBAR 6MG 5CT PCH PINAPL MNT,83,NICOTINE POUCHES,3
857908000768,DECADE GOLD 100 BOX 200CT,48,CIGARETTE,6
716165250692,RAW HEMP ADJ ROLLER 79MM 12CT,11,CIG ROLLING PAPER,8
716165152798,RAW 79MM 1.25/1.5 ROLLER 12CT,11,CIG ROLLING PAPER,8
817127024761,HEMP ZONE 5/$1 15CT WET DREAMS,31,BLUNT WRAP,24
716165177562,RAW PERFORATED WIDE TIPS 50CT,11,CIG ROLLING PAPER,-9
619682999160,TRUE HEMP 25/2CT HORCHATA,31,BLUNT WRAP,27
784762077363,ZIG ZAG WRAP 4/99 15/4CT BLACK,31,BLUNT WRAP,63
840170601061,VELO 7MG WINTERGREEN 5CT,83,NICOTINE POUCHES,0
719499005952,HIGH HEMP CONES 15/2CT,31,BLUNT WRAP,36
716165179221,RAW ORGANIC 1 /2 1.5 25CT,11,CIG ROLLING PAPER,98
812615007776,CLIPPER CIG W/GRP BOX,23,CIGARS,0
751667097789,DREAMS CHERRY F/CIG 10/12,23,CIGARS,8
812319015527,GT 90CT CIGAR GRAPE 3/99  ,23,CIGARS,0
858765000946,SHOW BK 2/99 KUSH 15CT,23,CIGARS,0
858765009499,SHOW BK LEAF BERRY 5PK,23,CIGARS,-15
817127023887,SHOW 5/$1.49 15/5CT DIAMOND,23,CIGARS,0
812474011693,FANTASIA PEACH FUZZY 10CT,49,LT-TAX-COLLECTED,0
812474010528,FANTASIA RASB LEMON 10CT,49,LT-TAX-COLLECTED,0
849523005327,FANTASIA APPLE MARTINI 10X50G,49,LT-TAX-COLLECTED,0
817127023108,SHOW DIAMD WRAP 5/99 ZERO15CT,49,LT-TAX-COLLECTED,0
685141573035,BACCO MENTHOL P/TOBACCO 16 OZ,49,LT-TAX-COLLECTED,0
602024247784,OLD MAN LEAF 10CT,49,LT-TAX-COLLECTED,0
810120068688,STIIIZY LEAF 8/5CT ORIGINAL,49,LT-TAX-COLLECTED,9
810179220075,DA WOODS LEAF 20CT CHEETAH PIS,49,LT-TAX-COLLECTED,33
842426142830,GT 3/99 GREEN BONUS HD 15/3CT,56,CIGAR GA,0
842426145237,GT 4KINGS B/POPCORN 4+1=5 75CT,56,CIGAR GA,0
842426144513,GT WOODS 2/99 GOLD HONEY 15CT,56,CIGAR GA,0
842426158558,GT WOODS 2/1.29 15/2CT BANANA,56,CIGAR GA,0
847244045912,STARBUZZ EXOTIC 250GM CITRUS M,57,LT-TAX PAID,0
814101026063,RED RIVER COOLMINT 6OZ 1CT,57,LT-TAX PAID,14
879982004197,TRAFFIC SMOOTH VIRGINIA 16OZ,57,LT-TAX PAID,16
812615009121,RED RIVER SMOOTH 0.75OZ,57,LT-TAX PAID,12
655457172741,JUNGO LEAF 10/5CT HABANO LEAF,57,LT-TAX PAID,0
8681655717905,ADALYA 250GM ENGLISH LORD,57,LT-TAX PAID,2
810134921818,BLAZY SUSAN KS SLIM 50CT PINK,11,CIG ROLLING PAPER,21
858765008676,SHOW 5/$1 15/5CT WET & FRUITY,23,CIGARS,34
762446491650,LONGHORN POUCH NATURAL 5CT,45,T7 SMOKELESS GA,5
817127021531,SHOW 5/$1 15/5CT DIAMOND,23,CIGARS,56
6291108160756,AL FAKHER 250GM TWO APPLE MINT,57,LT-TAX PAID,35
6291108166697,AL FAKHER 250GM GUAVA,57,LT-TAX PAID,5
619682999405,BLUNT N ROSES WRAP 25CT,31,BLUNT WRAP,10
609792010619,GREEN HRVST HEMP 15/4CT PK CHZ,31,BLUNT WRAP,30
702338576362,BLIZZY CONE 10/2CT RUSSIAN CRM,49,LT-TAX-COLLECTED,24
762446480104,LONGHORN LC PEACH 5CT,45,T7 SMOKELESS GA,17
855022005300,ON! 8MG 5CT - MINT,83,NICOTINE POUCHES,20
6291108160312,AL FAKHER 10 X 50GM MANGO ,57,LT-TAX PAID,7
853272008249,TETON 6 GREEN 100 BOX 10CT,48,CIGARETTE,-2
849205022147,VUSE MENTHOL 5.0% 5/1CT,81,ECIG - PODS,18
742488783104,420 GRABBA CRUSH DARK 15CT,57,LT-TAX PAID,211
849205023526,VUSE GOLDEN TOBACCO 2.4% 5/4CT,81,ECIG - PODS,8
840045201006,ROGUE 6MG POUCH 5CT CITRUS,83,NICOTINE POUCHES,6
842426143806,GT WOODS 2/99 HONEY BERRY 60CT,31,BLUNT WRAP,0
784762078575,ZIG ZAG LEAF 25CT BERRY BASH,31,BLUNT WRAP,0
619682070265,EZ ROLL CLOVES 25CT,31,BLUNT WRAP,0
10074460151397,EZWIDER MIX JAR 96CT,11,CIG ROLLING PAPER,0
6974828617884,EVOK 12MG 5CT APPLE,83,NICOTINE POUCHES,-2
512309160120,KADOBAR 3MG 5CT STRBRY MNGO,83,NICOTINE POUCHES,0
738607282993,SLAPWOODS 3PK RUSSIAN CREAM 15,31,BLUNT WRAP,0
716165155805,RAW HEMP ADJ ROLLER 110MM 12CT,11,CIG ROLLING PAPER,1
854133006893,STALLION TUBES MENTHOL 100 1CT,11,CIG ROLLING PAPER,108
842426148955,GT WOODS WRAP 30/2CT SWT ARMA,31,BLUNT WRAP,0
10857545008704,BILLION WRAPS 25/2CT GRAPE,31,BLUNT WRAP,5
10857545008728,BILLION WRAPS 25/2CT OGK,31,BLUNT WRAP,4
812319010478,GT FTW 2/.79 25CT STRBRY KIWI,31,BLUNT WRAP,27
818892016616,GT FTW 2/.79 25CT BLACK,31,BLUNT WRAP,25
842426183277,GT PAPER $.99 1 1/4 25CT MANGO,11,CIG ROLLING PAPER,6
802284004534,EDGEFIELD MENTHOL GOLD BOX,48,CIGARETTE,32
840045200979,ROGUE 3MG POUCH 5CT CITRUS,83,NICOTINE POUCHES,-1
817127024754,HEMP ZONE 5/$1 15CT WHT PEACH,31,BLUNT WRAP,28
840439106481,ZIG ZAG HEMP B4G1 ASST 5CT,31,BLUNT WRAP,2
8906181782983,CLEW 9MG 5CT WINTERGREEN ,83,NICOTINE POUCHES,-30
842426155304,GT WOODS WRAP 30/2CT IRISH CRM,31,BLUNT WRAP,19
840439106108,ZIG ZAG HEMP 25/2CT OG PURPZ,31,BLUNT WRAP,32
709215402134,305'S MENTHOL 100 BOX 10CT,48,CIGARETTE,32
887969011694,ZONE 9MM 5CT CITRUS,83,NICOTINE POUCHES,18
619682021045,EZ ROLL DBL 25CT FRNCH MARTINI,31,BLUNT WRAP,102
816518012028,SPLIT'LOS CIG BERRY PCH 3/99,23,CIGARS,74
815970020473,NOMAD 2/1.29 MELON BERRY SLYM ,23,CIGARS,0
874411000702,CHEYNNE CIGAR W/CHERRY BOX 100,23,CIGARS,0
818892012465,GT 45CT. RASPBERY CRMS 3/99 ,23,CIGARS,0
842426150484,GT 4/99 4KS 15/4CT IRISH CREAM,23,CIGARS,0
812615002771,CLIPPER 4/99 NATURAL BUZZ 15CT,23,CIGARS,-25
784762072351,ZIG ZAG CIG 3/99 15/3CT WT GRP,23,CIGARS,0
784762080646,TENZ WRAP 8/2CT HONEY DRIP,23,CIGARS,41
784762080462,TENZ WRAP 8/2CT DARK LEAF,23,CIGARS,51
812474010450,FANTASIA HOOKAH BREEZE 10CT,49,LT-TAX-COLLECTED,2
765105170361,RUNTZ WRAPS 10/6PK VANILLA CRM,49,LT-TAX-COLLECTED,0
765105170330,RUNTZ WRAPS 10/6PK BANANA SPLT,49,LT-TAX-COLLECTED,0
196852170876,ESKO LEAF 8/5CT UKRANIAN CRM,49,LT-TAX-COLLECTED,13
849855000250,SV PIPE TOBACCO 12OZ BTR RUM,49,LT-TAX-COLLECTED,24
850048616332,ZAZA LEAF 5/5CT PALIN JAN/ BAN,49,LT-TAX-COLLECTED,0
817127023573,SHOW DIAMD WRAP 5/99 STRW 15CT,49,LT-TAX-COLLECTED,0
817127023436,SHOW DIAMOND 3PKWRAP KUSH 25CT,49,LT-TAX-COLLECTED,0
GBL199BX,HI-TIMES BLK GRABBA LEAF 12CT,49,LT-TAX-COLLECTED,0
742978846623,LOOSE LEAF CRUSH 10CT BUBBLGUM,49,LT-TAX-COLLECTED,0
817127028974,SHOW LEAF 2/1.29 15/2PK VANILL,49,LT-TAX-COLLECTED,21
874411002577,DERRINGER FC NATURAL 10CT,53,TOB 003211,-9
849205032436,VUSE AQUA FRST MNTH 5.0% 5/3CT,81,ECIG - PODS,0
859477001849,CARTEL CIGAR PEACH 200CT,56,CIGAR GA,0
844504004627,CHIEFWOODS CIG GLDN HON 10/5PK,56,CIGAR GA,0
818892019778,GT 4/99 4KINGS APRICOT BN 15CT,56,CIGAR GA,0
818892011314,GT 45CT. SOUR APPLE PCH 3/99 ,56,CIGAR GA,0
818892013813,GT 45CT. SWEET 3/99 ,56,CIGAR GA,0
842426144698,GT 4KINGS 4+1 RASPBERRY T 75CT,56,CIGAR GA,0
818892014780,GT LITTLE N WILD BLK .59 25CT,56,CIGAR GA,0
842426144452,GT WOODS 2/99 PLATINUM 15/2CT,56,CIGAR GA,0
818892013967,GT 4/99 4KS 15/4CT FRNC VANILA,56,CIGAR GA,0
842426160919,GT BLACK SMOOTH .59 25CT WINE,56,CIGAR GA,0
842426156486,GT WOODS 2/1.29 15/2CT DIAMOND,56,CIGAR GA,0
645781126176,JUNGO LEAF 10/5CT TSTD COCONUT,57,LT-TAX PAID,32
762446721238,TW WINTERGRREN PCH 0.99 10CT,45,T7 SMOKELESS GA,0
762446420353,LONGHORN L/C STRGHT 1.19 10CT,45,T7 SMOKELESS GA,0
784762071682,ZIG ZAG WRAP 2/99 25/2CT STRGT,31,BLUNT WRAP,9
742978845480,LOOSE LEAF CRUSH 10CT BLUBERRY,49,LT-TAX-COLLECTED,2
6291108160435,AL FAKHER 10 X 50GM MINT CREAM,57,LT-TAX PAID,5
8681511388805,ADALYA 10 X 50GM MANGO TANGO,57,LT-TAX PAID,1
658238734923,LOOSE LEAF MINI 8/5CT NATURAL,49,LT-TAX-COLLECTED,39
6291108164396,AL FAKHER 250GM GRAPEFRT MINT,57,LT-TAX PAID,0
6291100732487,AL FAKHER 250GM COCKTAIL ,57,LT-TAX PAID,2
6291108164600,AL FAKHER 250GM CHERRY W/MINT,57,LT-TAX PAID,2
842426165518,GT 4/1.19 4KS 15/4CT WTRMLN,56,CIGAR GA,63
812319018948,GT 3/1.19 15/3CT GREEN SWEET,56,CIGAR GA,32
858765009093,SHOW 5/$1 15/5CT SILVER ZERO,23,CIGARS,140
855022005287,ON! 4MG 5CT - CINNAMON,83,NICOTINE POUCHES,15
619682010247,EZ ROLL .49C 25CT PURPLE HAZE,31,BLUNT WRAP,63
849205022116,VUSE MENTHOL 2.4% 5/1CT,81,ECIG - PODS,15
609249901415,ZYN 3MG PEPPERMINT 5CT,83,NICOTINE POUCHES,88
818892019051,NAT.U.ROLL ORGANIC K/S 50CT,11,CIG ROLLING PAPER,0
716165174912,RAW ORGANIC KS SLIM 5M 24CT,11,CIG ROLLING PAPER,0
802501112226,PURE PALM 2PK 1.25GMS 20CT,31,BLUNT WRAP,0
842426141932,NAT-U-ROLL CLASSIC KING CONE ,11,CIG ROLLING PAPER,27
842426145732,GT 1 1/2 R/PAPER 2/$1.29 24CT,11,CIG ROLLING PAPER,0
812319010263,GT F/WRAP PASSION 2/79 25CT,31,BLUNT WRAP,0
716165200215,JUICY JAY'S K/S WATERMELON 24C,11,CIG ROLLING PAPER,25
619682577405,TRUE BLUNT SIZZURP 25CT,31,BLUNT WRAP,55
619682993205,PARTY BLUNTS 2BIG ROLL OKG 25C,31,BLUNT WRAP,0
784762072139,ZIG ZAG WRAPS 25CT MARACUJA,31,BLUNT WRAP,0
716165179207,RAW ORGANIC SINGLE WIDE 50CT,11,CIG ROLLING PAPER,0
853202002156,PALERMO RED 100 BX,48,CIGARETTE,0
840045201181,ROGUE 6MG POUCH 5CT HNY LEMON,83,NICOTINE POUCHES,0
608011835163,SNP 8MG COOL MELON 5CT,83,NICOTINE POUCHES,0
608011835194,SNP 8MG DRAGON VIBE 5CT,83,NICOTINE POUCHES,0
608011835170,SNP 8MG KICK START 5CT,83,NICOTINE POUCHES,0
840045208111,ROGUE 6MG 3.99$ 5CT SPEARMINT,83,NICOTINE POUCHES,0
810146970231,COLORS WRAPS 25/2CT YAY AREA,31,BLUNT WRAP,70
716165178866,ELEMENTS PREMIUM TIPS 50CT,11,CIG ROLLING PAPER,-2
684514010115,KYK 7MG 5CT CLEAR,83,NICOTINE POUCHES,0
719499006256,HIGH HEMP 1 1/4 CONES 32/6CT,31,BLUNT WRAP,17
887969011793,ZONE 9MM 5CT TOBACCO,83,NICOTINE POUCHES,17
850043583783,TYSON LEAF 10/5CT RUSSIAN CRM,31,BLUNT WRAP,0
619682996923,RB BLUNTS ROSES 25/2CT BS BERY,31,BLUNT WRAP,31
817127029766,HEMP ZONE 5/$1 15CT KUSH,31,BLUNT WRAP,8
840158608518,FRE 3MG POUCH 5CT MINT,83,NICOTINE POUCHES,18
719499008021,HIGH HEMP WRAPS 25CT FUZY PCH,31,BLUNT WRAP,94
887969011830,ZONE 6MM 5CT MINT,83,NICOTINE POUCHES,12
751667097703,DREAMS CHOCOLATE F/CIG10/12,23,CIGARS,0
816518012080,SPLIT'LOS BLACK PCH 3/99 45 CT,23,CIGARS,153
818892019426,GT 45CT STRAWBERY VANILLA 3/99,23,CIGARS,0
858765008980,SHOW 5/$1 15/5CT BLUEBERRY,23,CIGARS,0
812615002528,SUPREME BLEND 4/99 W/GRAPE 15,23,CIGARS,0
812615002559,SUPREME BLEND 4/99 PINEAPLE 15,23,CIGARS,0
812615002726,CLIPPER 4/99 W/GRAPE CIGR 15CT,23,CIGARS,-10
812615002764,CLIPPER 4/99  BLACK VODO 15 CT,23,CIGARS,-74
819721010683,ENTOURAGE 25CT VANILA CIGAR,23,CIGARS,0
817127020862,SHOW BK 2/99 15/2CT GRAPE,23,CIGARS,0
819721012021,BLUNTVILLE .99 25CT TRIPLE VAN,23,CIGARS,1
812474016032,FANTASIA MAGIC DRAGON 10 X50G,49,LT-TAX-COLLECTED,0
812474012225,FANTASIA SURFER 10 X 50G,49,LT-TAX-COLLECTED,2
812474010542,FANTASIA TRIPLE X 10X50G,49,LT-TAX-COLLECTED,1
849523006638,FANTASIA 4 PLAY 10CT,49,LT-TAX-COLLECTED,0
812474012454,FANTASIA JOKER 10X50G,49,LT-TAX-COLLECTED,2
812474011709,FANTASIA PINA COLADA 10X5G,49,LT-TAX-COLLECTED,0
812474016711,FANTASIA CALI GREEN 10CT,49,LT-TAX-COLLECTED,1
196852992188,ESKO LEAF 8/5CT OG NATURAL,49,LT-TAX-COLLECTED,17
602581743651,DEATHROW LEAF 8/5CT VANILLA,49,LT-TAX-COLLECTED,0
750253916626,PAYD LEAF 8/5CT STRAWBERRY,49,LT-TAX-COLLECTED,0
658238734787,LOOSE LEAF 8/5CT BANANA DREAM,49,LT-TAX-COLLECTED,-1
810159861335,LOOSE LEAF 20/2CT RESERVE,49,LT-TAX-COLLECTED,0
717519001311,AL CAPONE TOWER 60/2CT CANDELA,51,LIT CIGARS 003251,0
849205031231,VUSE DUSK GLOW TOB 5.0% 5/3CT,81,ECIG - PODS,7
887969011243,MY BLU POD FRESH MINT 2PK 1CT,81,ECIG - PODS,0
695181700254,SPEEDWAY CIGARS LIGHT,56,CIGAR GA,0
818892018580,GT 3/99 3+1=5 HD GREEN 60CT ,56,CIGAR GA,0
818892015602,GT 3/99 COCOLOCO MOJITO 90CT,56,CIGAR GA,0
818892014667,GT 3/99 HD 15/3CT KUSH,56,CIGAR GA,0
842426147637,GT 3/99 HD 15/3CT PURE SILVER,56,CIGAR GA,0
842426155229,GT 5/99 QUICKIE GRN SWEET 75CT,56,CIGAR GA,0
842426144575,GT 5/99 QUICKIE PLATINUM 75CT,56,CIGAR GA,0
842426156240,GT L&W 2/0.92 W/MELON 15/2CT,56,CIGAR GA,0
818892015268,GT LITTLE N WLD FRT P .59 25CT,56,CIGAR GA,0
818892017347,GT LITTLE N WLD PEACH .59 25CT,56,CIGAR GA,0
842426160957,GT BLACK SMOOTH .59 25CT MNGO,56,CIGAR GA,0
857995003932,MILLENNIUM CIG 3/99 GRAPE PCH,56,CIGAR GA,0
842426164979,GT WOODS 2/1.29 15/2CT VANILLA,56,CIGAR GA,0
812474012287,FANTASIA HOOKAH TOB SURFER,57,LT-TAX PAID,0
812474012263,FANTASIA HOOKAH TOB DRG BREATH,57,LT-TAX PAID,-2
646695008077,DURANGO TOBACCO 12CT,57,LT-TAX PAID,1
717519100632,AL CAPONE JAR 60/2CT MNTHL FIL,51,LIT CIGARS 003251,0
858765006832,SHOW 5/$1 15/5CT POCO LOCO,23,CIGARS,42
709215485229,305'S SILVER KING BOX 10CT,48,CIGARETTE,6
812615006700,CLIPPER CIGAR 10CT FULL FLAVOR,23,CIGARS,11
681467003195,SENECA RED 100 BOX 10CT,48,CIGARETTE,21
842426165303,GT 4/1.19 4KS 15/4CT FRNCH VAN,56,CIGAR GA,57
6291108160138,AL FAKHER 10 X 50GM 2 APPLES ,57,LT-TAX PAID,16
6291108166734,AL FAKHER 250GM KIWI,57,LT-TAX PAID,6
784762080493,TENZ WRAP 8/2CT ATL,23,CIGARS,41
842426170611,GT WOODS 2/1.39 15/2CT DIAMOND,56,CIGAR GA,140
858765005842,SHOW 5/$1 15/5CT P'APPLE/BUZZ,23,CIGARS,78
20819500026205,FUTUROLA SNOOP BLUNT CONES 12C,31,BLUNT WRAP,11
10840048219036,JUUL 5% 6/4CT 23.99 VIRG TOBAC,81,ECIG - PODS,84
817458027097,WILDHEMP WRAP 4/99 20CT PURPZ,31,BLUNT WRAP,31
717519008822,AL CAPONE 10/10CT JAM RUM FLTR,51,LIT CIGARS 003251,7
855022005225,ON! 2MG 5CT - CINNAMON,83,NICOTINE POUCHES,13
425441,GRIZZLY POUCH WINTERGREEN 5CT,45,T7 SMOKELESS GA,25
842426179850,GT WOODS 2/1.39 15/2CT CRM PCH,56,CIGAR GA,393
752129450203,KARDEL BLUNTS CHOCOLATE 6/10,31,BLUNT WRAP,32
842426142472,NAT-U-ROLL HEMP K/S COMBO 96CT,11,CIG ROLLING PAPER,1
685867953692,PURE LEAF CHOCOLATE 3/16 1CT,11,CIG ROLLING PAPER,0
716165179184,RAW ORGANIC SINGLE WIDE 25CT,11,CIG ROLLING PAPER,11
708926800222,WILDHORSE  FLTR TUBES SMTH K/S,11,CIG ROLLING PAPER,7
842426142021,NAT-U-ROLL CLS K/S COMBO 96CT,11,CIG ROLLING PAPER,6
817127025102,HEMP ZONE CONE 1 1/4 ULTRA THN,11,CIG ROLLING PAPER,16
649964320030,WILD PALM NATURAL SLIM 2PK 20C,31,BLUNT WRAP,11
619682004017,BALLERS CHOICE GRAPE .99C 2PK,31,BLUNT WRAP,16
2,LGT LEGENDS GIANT LIGHTER 1CT,18,LIGHTERS,N/A
10812624020084,CHEECH & CHONG 1 1/4 25CT,11,CIG ROLLING PAPER,0
689490001348,TIMELESS TIME MENTHOL 100 BX,48,CIGARETTE,0
716165153368,RAW 70MM 1.25 ROLLER 12CT,11,CIG ROLLING PAPER,2
185092000814,PALMETTO RED 100 BX,48,CIGARETTE,3
860009348363,LIL LEAF 10/5CT COGNAC & HONEY,31,BLUNT WRAP,0
10857545009459,BILLION WRAPS 25/2CT PCH & CRM,31,BLUNT WRAP,5
840045207664,ROGUE 6MG POUCH 5CT TABAC,83,NICOTINE POUCHES,1
802284005111,ECHO MENTHOL BOX 10CT,48,CIGARETTE,0
185092000838,PALMETTO BLUE 100 BX,48,CIGARETTE,6
6974828617617,EVOK 6MG 5CT PEPPERMINT,83,NICOTINE POUCHES,-3
784762070104,ZIG ZAG CONES 15/2CT DRAGONBRY,31,BLUNT WRAP,17
719499005204,HIGH HEMP ORG ROLL PAPER 1 1/4,11,CIG ROLLING PAPER,29
784762071729,ZIG ZAG WRAP 2/99 25/2CT DRGNB,31,BLUNT WRAP,22
842426155434,GT 4/.99 4K WRAP 30/4CT DIAMND,31,BLUNT WRAP,0
619682999221,TRUE HEMP 25/2CT MARGARITA,31,BLUNT WRAP,47
709215213990,305'S NON FILTER BOX 10CT,48,CIGARETTE,5
649964320948,RUSH $1.99 6MG 5CT MANGO FRZ,83,NICOTINE POUCHES,0
784762070012,ZIG ZAG CONES 15/2CT STRT UP,31,BLUNT WRAP,7
817458027271,WILDHEMP WRAP 4/99 20CT HNY LM,31,BLUNT WRAP,26
719499005341,HIGH HEMP WRAPS 25CT PINAPL PR,31,BLUNT WRAP,-1
20819500026212,FUTUROLA SNOOP BLUNT WRAPS 25C,31,BLUNT WRAP,6
814057002913,SHIELD SILVER 100 BOX 10CT,48,CIGARETTE,22
812615006809,RACER F/F FLTR CIGAR 200CT ,23,CIGARS,0
818892019808,GT 4/99 4KINGS PURPLE SEN 15CT,23,CIGARS,0
818892015756,GT 90CT CIGAR W/MELON 3/99,23,CIGARS,0
814101024366,FIESTA SWEET 5/99 15CT,23,CIGARS,22
818892015305,GT 3/99 HD 15/3CT WMLN BERRY,23,CIGARS,0
814101025141,SUPREME 5/99 MANGO 15CT,23,CIGARS,0
784762072344,ZIG ZAG CIG 3/99 15/3CT MANGO,23,CIGARS,0
819721010867,ENTOURAGE 25CT CONNOISSEUR,23,CIGARS,4
676737971137,CIGNATURE 8/5CT HONEY,23,CIGARS,44
819721010386,BLUNTVILLE CIG 25CT PINK BERRY,23,CIGARS,510
761073425991,KITE MENTHOL CIG TOBACCO 1CT,49,LT-TAX-COLLECTED,0
799953301974,STOCKERS L/C MINT/W/GREEN STRA,49,LT-TAX-COLLECTED,0
645189835069,FRONTO NATURAL 20POUCHES,49,LT-TAX-COLLECTED,0
849855000298,SV PIPE TOBACCO 12OZ ULTRA,49,LT-TAX-COLLECTED,24
850048616356,ZAZA LEAF 5/5CT MANGO,49,LT-TAX-COLLECTED,0
761073428534,BUGLER ORIGINAL $1 OFF 6CT,49,LT-TAX-COLLECTED,0
817127027533,BIG DOG LEAF 8/5PK PLAT DRK LF,49,LT-TAX-COLLECTED,15
749565326872,LOOSE LEAF 8/5CT FTP,49,LT-TAX-COLLECTED,1
742978846210,LOOSE LEAF 8/5CT DARK LEAF,49,LT-TAX-COLLECTED,-51
799953212201,STOKER'S LC W/GREEN TUB 12OZ ,41,TOB 003212,0
887969009066,MY BLU POD POLAR MINT 2PK,81,ECIG - PODS,0
887969009882,MY BLU INT CITRA ZING 2.5% 1CT,81,ECIG - PODS,-3
849205032146,VUSE CLASIC TOBACCO 2.4% 5/4CT,81,ECIG - PODS,0
842426162159,HYBRID WOODS PURE SIL 2PK 15CT,56,CIGAR GA,0
611640108102,REMINGTON CHOCOLATE100 BX,56,CIGAR GA,24
818892014469,GT 2/99 WHITE GRAPE 15CT,56,CIGAR GA,0
818892016401,GT 45CT 3/99 TUTTI FRUTTI PCH,56,CIGAR GA,0
842426146289,GT 3/99 HD 15/3CT RUSSIAN CRM,56,CIGAR GA,0
842426143943,GT 4KINGS 4+1 PLAT UN SWT 75CT,56,CIGAR GA,0
842426145268,GT 4KINGS LEMONDROP 4+1=5 75CT,56,CIGAR GA,0
818892018283,GT 5/99 SWEET 75CT,56,CIGAR GA,0
842426163958,GT 4/99 4KS 15/4CT BLACK SWEET,56,CIGAR GA,0
842426160933,GT BLACK SMOOTH .59 25CT WMLN,56,CIGAR GA,0
842426160902,GT BLACK SMOOTH .59 25CT PEACH,56,CIGAR GA,0
842426160889,GT BLACK SMOOTH .59 25CT VANIL,56,CIGAR GA,0
842426156455,GT WOODS 2/1.29 15/2CT NATURAL,56,CIGAR GA,0
842426148801,GT MINI 3/99 KASH CIGRLOS 45CT,56,CIGAR GA,0
8681655766057,ADALYA 250GM GUM MINT,57,LT-TAX PAID,5
676737999230,JUNGO LEAF 10/5CT BANANA,57,LT-TAX PAID,0
6253503318118,AL WAHA 10 X 50GM PAN RASNA,57,LT-TAX PAID,0
655457106197,JUNGO LEAF 10/5CT P.A. EDITION,57,LT-TAX PAID,0
814101026087,RED RIVER SMOOTH 16OZ 1CT,57,LT-TAX PAID,0
8681655765449,ADALYA 250GM EXAGELADO,57,LT-TAX PAID,6
420071,GRIZZLY POUCH STRAIGHT 5CT,45,T7 SMOKELESS GA,20
762446710201,TW LC PEACH 5CT,45,T7 SMOKELESS GA,4
658238735562,LOOSE LEAF MINI 8/5CT RUS CRM,49,LT-TAX-COLLECTED,28
761847549328,FRONTO KING WIZZLA 12CTBOX,57,LT-TAX PAID,5
853272008140,TETON 18 BLUE BOX 10CT,48,CIGARETTE,4
709215202116,305'S FULL FLVR 100 BOX 10CT,48,CIGARETTE,25
858765005859,SHOW 5/$1 15/5CT OG KUSH,23,CIGARS,40
850008118609,NATTY HEMP 4/99 15/4CT GREEN,31,BLUNT WRAP,3
842426181839,GT BLK SMOOTH .69 15CT BLK CH,56,CIGAR GA,30
842426167017,GT 3/1.29 HD 15/3CT KASH,56,CIGAR GA,27
8681655701041,ADALYA 10 X 50GM JAMAICAN VIBE,57,LT-TAX PAID,5
6291108164747,AL FAKHER 250GM GRAPE BERY,57,LT-TAX PAID,3
6291108160220,AL FAKHER 10 X 50GM WMELON ,57,LT-TAX PAID,7
769577921193,LOOSE LEAF 2/2.99 20CT YLW DRM,49,LT-TAX-COLLECTED,117
6291108162071,AL FAKHER 10 X 50GM ROSE,57,LT-TAX PAID,5
855022005331,ON! 8MG 5CT - COFFEE,83,NICOTINE POUCHES,12
717519011143,AL CAPONE 10/10CT SWEET FILTER,51,LIT CIGARS 003251,18
818892018979,NAT.U.ROLL CLASIC K/S CONE 3CT,11,CIG ROLLING PAPER,0
619683001305,PALM LEAF SWEETS 2PK 24CT,31,BLUNT WRAP,2
818892012731,GT 1 1/2 ROLING PAPER 50CT ,11,CIG ROLLING PAPER,0
619682621245,EZ ROLL BLACK CHERRY,31,BLUNT WRAP,0
842426144711,GT WOODS 2/99 PLATINUM 60CT,31,BLUNT WRAP,0
708926800208,WILDHORSE FLTR TUBES SMTH 100,11,CIG ROLLING PAPER,4
816450010342,HOOD WRAPS CIGAR BERRY 25CT,31,BLUNT WRAP,1
810146970217,COLORS WRAPS 25/2CT BUROUGHS,31,BLUNT WRAP,72
5010891013008,RIZLA ROLLING PAPER 50CT,11,CIG ROLLING PAPER,0
854133005520,STALLION TUBE MENTHOL KING 1CT,11,CIG ROLLING PAPER,104
802284000475,ECHO BLUE 100 BOX 10CT,48,CIGARETTE,1
802284005050,ECHO GOLD BOX 10CT,48,CIGARETTE,0
810146970200,COLORS WRAPS 25/2CT OPPS,31,BLUNT WRAP,70
840439106788,ZIG ZAG ROSE CONES 8/3CT,11,CIG ROLLING PAPER,0
802284004664,EDGEFIELD SILVER 100 BOX 10CT,48,CIGARETTE,7
802284004602,EDGEFIELD RED 100 BOX 10CT,48,CIGARETTE,15
842426164375,GT 4/.99 4K WRAP 30/4CT GRN SW,31,BLUNT WRAP,21
840158612478,FRE $2.99 15MG POUCH 5CT MINT,83,NICOTINE POUCHES,-18
196177225855,BOB M ULTRATHN 1.25 PAPER 25CT,11,CIG ROLLING PAPER,0
609249903426,ZYN 6MG WINTERGREEN 5CT,83,NICOTINE POUCHES,0
716165255628,RAW ETHERAL 1 1/4  1.25 24CT,11,CIG ROLLING PAPER,6
817458027110,WILDHEMP WRAP 4/99 20CT TRP BZ,31,BLUNT WRAP,68
619682020864,EZ ROLL DBL 25CT WATERMELON,31,BLUNT WRAP,42
716165252443,RAW ORGANIC BLK 1 1/4 24CT,11,CIG ROLLING PAPER,97
840439106047,ZIG ZAG HEMP 25/2CT ISLAND VBS,31,BLUNT WRAP,16
850008118494,NATTY HEMP 4/99 15/4CT MANGO,31,BLUNT WRAP,15
816518016446,SPLITARILLO 6/99 LOUD 45CT,23,CIGARS,0
818892016289,GT 4/99 4KINGS STRAB/ CH/CAKE,23,CIGARS,0
858765008539,SHOW JACK 4/99 GREEN SWEET 60C,23,CIGARS,0
874411000672,CHEYENNE CIG F/F 100S 1CTN,23,CIGARS,0
812615001026,SUPREME BLEND 4/99 WATERM 15CT,23,CIGARS,0
812615008155,CLIPPER CIGAR 10CT GRAPE,23,CIGARS,0
819721010676,ENTOURAGE 25CT PINK VANILLA,23,CIGARS,0
816518016460,SPLITARILLO 6/99 CALI GRN 45CT,23,CIGARS,0
814101024397,FIESTA WILD/BERRY 5/99 15CT,23,CIGARS,19
819466011396,HIFI 5/$0.99 15/5CT PLAT GRAPE,23,CIGARS,56
715786897590,JUNGO LEAF LE 10/5CT METRO BLM,49,LT-TAX-COLLECTED,0
645781142985,JUNGO LEAF GH 10/5CT VAN CRM,49,LT-TAX-COLLECTED,0
602581743538,DEATHROW LEAF 8/5CT GRAPE,49,LT-TAX-COLLECTED,0
602581743637,DEATHROW LEAF 8/5CT SWEET,49,LT-TAX-COLLECTED,0
BFL199B,HI TIMES FANTA LEAF 1.99 12CT,49,LT-TAX-COLLECTED,0
817127028219,SHOW LEAF 2/1.29 15/2PK BANANA,49,LT-TAX-COLLECTED,21
817127024662,N'TCH 6MG SPEARMINT CUP 5CT,53,TOB 003211,0
887969010024,MY BLU INT CITRA ZING 4% 1CT,81,ECIG - PODS,0
695181700278,SPEEDYWAY CAIGAR MNTHL,56,CIGAR GA,0
185092002078,CHEROKEE MEN GREEN 100 CTN,56,CIGAR GA,0
812319018269,GT 90CT CIGAR BLUBRY 3FOR99 ,56,CIGAR GA,0
844504006126,38  SPECIAL PEACH 200CT,56,CIGAR GA,0
842426153874,GT 3/92 GREEN 15/3CT,56,CIGAR GA,0
857995003895,MILLENNIUM CIG SWEET 3/99 45CT,56,CIGAR GA,0
812319018719,GT 45CT. BLUE BERRY 3/99 ,56,CIGAR GA,8
842426160940,GT BLACK SMOOTH .59 25CT BLBRY,56,CIGAR GA,0
818892018825,GT 5/99 QUICKIE WT GRAPE 75CT,56,CIGAR GA,17
812474011914,FANTASIA HOOKAH TOB STRAW DAQ,57,LT-TAX PAID,0
645781438385,JUNGO LEAF GH 10/5CT ORIGINAL,57,LT-TAX PAID,0
847244016936,STARBUZZ EXOTIC 100GM MGTY FRZ,57,LT-TAX PAID,0
676737594084,JUNGO LEAF 10/5CT GRAPE,57,LT-TAX PAID,0
894945001419,OHM 16OZ BOLD ,57,LT-TAX PAID,0
894945001389,OHM 6OZ BLUE,57,LT-TAX PAID,0
8681655717882,ADALYA 250GM JAMAICAN VIBES,57,LT-TAX PAID,6
708926701116,WILDHORSE PIPE TOB 16OZ REGULR,57,LT-TAX PAID,2
799953309277,STOKERS LC NATURAL 5CT,45,T7 SMOKELESS GA,15
719499005587,HIGH HEMP WRAPS 25CT BAKED CKS,31,BLUNT WRAP,125
858765004647,SHOW 5/$1 15/5CT BLUE PALMA,23,CIGARS,79
810179220112,DA WOODS LEAF 20CT PLATINUM,49,LT-TAX-COLLECTED,30
817127028028,BIG DOG WRAP 2/$1.99 20CT PLAT,49,LT-TAX-COLLECTED,0
717519195225,AL CAPONE LEAF 12CT COGNAC,49,LT-TAX-COLLECTED,367
8681511389598,ADALYA 10 X 50GM BLUE MELON,57,LT-TAX PAID,5
8681655726952,ADALYA 10 X 50GM JK 777,57,LT-TAX PAID,13
8681511388911,ADALYA 10 X 50GM MINT,57,LT-TAX PAID,0
6291108166710,AL FAKHER 250GM GUM,57,LT-TAX PAID,4
613527196424,BLIZZY CONE 10/2CT AROMATIC,49,LT-TAX-COLLECTED,24
858765004739,SHOW 5/$1 15/5CT WATERMELON,23,CIGARS,25
840170618014,VELO PLUS 6MG 5CT - WINTERGRN,83,NICOTINE POUCHES,8
609249920416,ZYN 3MG CHILL 5CT,83,NICOTINE POUCHES,78
762446440207,LONGHORN LC MINT 5CT,45,T7 SMOKELESS GA,12
6291100730629,AL FAKHER 10 X 50GM WMLN MNT ,57,LT-TAX PAID,21
6291108160077,AL FAKHER 10 X 50GM B'BERYMINT,57,LT-TAX PAID,36
810159861540,LOOSE LEAF 2/2.99 20CT RUSS CR,49,LT-TAX-COLLECTED,-1
716165202172,WIZ KHALIFA CONE KING SIZE ,11,CIG ROLLING PAPER,0
685867953678,PURE LEAF DOUBLE CUP 3/16 ,11,CIG ROLLING PAPER,1
8414775014049,SMOKING MASTER WIDE 60CT,11,CIG ROLLING PAPER,11
10854029008694,KING PALM SLIM BANANA CRM 20CT,31,BLUNT WRAP,1
812319010232,GT F/WRAP PEACH 2/.79 25 CT,31,BLUNT WRAP,0
842426144759,GT WOODS 2/99  GOLD HONEY 60CT,31,BLUNT WRAP,0
784762072160,ZIG ZAG WRAPS 25CT GR/ISLAND,31,BLUNT WRAP,0
784762072047,ZIG ZAG WRAPS 25CT CHERRY,31,BLUNT WRAP,18
671734004789,BOB M CLS KS PAPER + TIPS 24CT,11,CIG ROLLING PAPER,0
619682994141,HEMPARILLO BLUBERRY 15 4PK 60C,31,BLUNT WRAP,0
784762079008,ZIG ZAG LEAF 2/.99 25/2CT PLMA,31,BLUNT WRAP,1
810146970187,COLORS WRAPS 25/2CT OG SWEET,31,BLUNT WRAP,142
619682010513,EZ ROLL BLU MAGIC 25CT,11,CIG ROLLING PAPER,0
684514010122,KYK 7MG 5CT WINTERGREEN,83,NICOTINE POUCHES,0
684514010320,KYK 14MG 5CT BLUE RAZZ ICE,83,NICOTINE POUCHES,0
10854029008564,KING PALM XL POUCH 5PK 15CT ,31,BLUNT WRAP,10
JBJAR72,JOB GOLD PAPER 72CT JAR,11,CIG ROLLING PAPER,-7
818892014254,GT FTW 2/.79 25CT BLACK,31,BLUNT WRAP,0
817127021067,HEMP ZONE 5/$1 15CT RUSSN GEM,31,BLUNT WRAP,19
BUG74,BUGLER CIG PAPER DISPLAY 74CT,11,CIG ROLLING PAPER,-71
716165253013,RAW CONES CLSC BLK K/S 12/20CT,11,CIG ROLLING PAPER,12
842426162005,GT WOODS WRAP 30/2CT BANANA,31,BLUNT WRAP,15
842426155403,GT 4/.99 4K WRAP 30/4CT MANGO,31,BLUNT WRAP,23
649964321617,WILDHEMP WRAP 4/99 20CT RAZLET,31,BLUNT WRAP,31
840170618434,VELO PLUS 6MG 5CT - WILD BERRY,83,NICOTINE POUCHES,4
816518010079,SPLIT'LOS CIG GRAPE 3/99  60CT,23,CIGARS,85
187700001527,STAMPEDE CIGAR REG 100,23,CIGARS,0
10860004878008,THROWBACK 5PK BANANA 40CT,23,CIGARS,0
818892010638,GT 90CT CIGAR PINEAPPLE 3/99 ,23,CIGARS,0
842426144216,GT 3/99 MINI PLATINUM 45 CT,23,CIGARS,0
818892018672,GT MINI CHERY MANGO 3+2=5 75CT,23,CIGARS,0
817127020893,SHOW BK 2/99 VANILLA ,23,CIGARS,0
812615002788,CLIPPER 4/99 TROPICAL BUZ15CT ,23,CIGARS,0
784762080431,TENZ WRAP 8/2CT SWEET,23,CIGARS,66
784762080790,TENZ WRAP 8/2CT HABANO LEAF,23,CIGARS,68
751667067584,DJARUM 10/12PK SPECIAL,23,CIGARS,71
812474012379,FANTASIA FIRE CRACKER 10CT,49,LT-TAX-COLLECTED,1
812474016100,FANTASIA SWAG BERRY 10CT,49,LT-TAX-COLLECTED,0
812474011686,FANTASIA ORANGE SHERBET 10X50G,49,LT-TAX-COLLECTED,0
645189835083,FRONTO PALMA 20POUCHES ,49,LT-TAX-COLLECTED,0
685141975051,RED BUCK MENTHOL 8OZ PIPE TOB,59,LT-NON-GA/ROL UR OWN,11
762446704385,TW LC STRAIGHT 5CT,49,LT-TAX-COLLECTED,0
602581743477,DEATHROW LEAF 8/5CT BLUEBERRY,49,LT-TAX-COLLECTED,0
602581743675,DEATHROW LEAF 8/5CT WHT GRAPE,49,LT-TAX-COLLECTED,0
657479515353,HAVANA LEAF 8/5CT STRBRY CREAM,49,LT-TAX-COLLECTED,0
10849855003128,BACKWOOD PIPE TOB 6CT BLK GLD,49,LT-TAX-COLLECTED,11
810159862578,LOOSE LEAF 2/$4 10CT LONG LEAF,49,LT-TAX-COLLECTED,38
817127024495,N'TCH 3MG WINTERGREEN 5CT,53,TOB 003211,0
874411002553,DERRINGER LC WGRN 10CT,53,TOB 003211,-38
816518010123,SPLIT'LOS  CIG BERRY 60CT,56,CIGAR GA,51
816518010130,SPLIT'LOS  CIG WINE 3/99  60CT,56,CIGAR GA,37
793573167248,RRR RED F/ CIGAR 100 BOX,56,CIGAR GA,0
842426154116,GT 3/92 DIAMOND 3CT/30,56,CIGAR GA,0
818892015145,GT LITTLE N WILD KUSH .59 25CT,56,CIGAR GA,0
842426146371,GT WOODS 2/1.29 15/2CT PLATINM,56,CIGAR GA,1
842426164528,GT BLACK SMOOTH .69 25CT BK SW,56,CIGAR GA,25
812474011884,FANTASIA HOOKAH TOB PINACOLDA ,57,LT-TAX PAID,0
817127026918,HARSH LEAF 1/2 LF WRAP 20CT,57,LT-TAX PAID,10
844504003002,AMERICAN CLUB TOB MENTHOL 6OZ,57,LT-TAX PAID,11
TRU1,TRU LEAF 1CT,57,LT-TAX PAID,0
812615003464,RED RIVER REGULAR 16OZ 1CT,57,LT-TAX PAID,0
742978846180,LOOSE LEAF 8/5CT HONEY BOURBON,57,LT-TAX PAID,0
8681655765067,ADALYA 250GM MADAGASCAR NIGHTS,57,LT-TAX PAID,4
616043444116,TRU LEAF 12CT,57,LT-TAX PAID,9
799953209201,STOKERS TUB 12OZ LC NATURAL,45,T7 SMOKELESS GA,14
10819913015158,JUUL CLASSIC MENTHL 5% 2PK 8CT,81,ECIG - PODS,3
840439106016,ZIG ZAG HEMP 25/2CT NATURAL,31,BLUNT WRAP,42
810179220099,DA WOODS LEAF 20CT GA PIE,49,LT-TAX-COLLECTED,26
842426166980,GT 3/1.29 HD 15/3CT HONEY,56,CIGAR GA,124
8681511388904,ADALYA 10 X 50GM BLUE ORANGE,57,LT-TAX PAID,0
609792009347,GREEN HRVST CONE 10/2CT SWT AR,49,LT-TAX-COLLECTED,24
609792010572,GREEN HRVST HEMP 15/4CT MIX FR,31,BLUNT WRAP,30
819721012052,BLUNTVILLE CIG 25CT TRIPLE VAN,23,CIGARS,417
716165250685,RAW PRE ROLLED 100 TIPS 6CT,11,CIG ROLLING PAPER,12
812615006717,CLIPPER CIGAR 10CT MENTHOL,23,CIGARS,38
716165174585,RAW CONES CLASSIC K/S 32/3PK ,11,CIG ROLLING PAPER,46
887969011656,ZONE 6MM 5CT DRAGONFRUIT,83,NICOTINE POUCHES,9
887969011878,ZONE 6MM 5CT SPEARMINT,83,NICOTINE POUCHES,13
840045200733,ROGUE 3MG POUCH 5CT WINTRGREEN,83,NICOTINE POUCHES,12
840439101059,PRIMAL HERBAL CONE CHAMOMILE,11,CIG ROLLING PAPER,0
850023213860,BROCONE ORGANIC 3/6PK 32CT,11,CIG ROLLING PAPER,8
815970020299,TWISTED HEMP 4/99 MANGO PINEAP,31,BLUNT WRAP,0
842426153270,GT SUPERHEMP WRAP MANGO 25CT,31,BLUNT WRAP,0
649964320023,WILD PALM NATURAL MINI 20/2PK,31,BLUNT WRAP,13
689490002574,THIS MENTHOL LIGHT BOX 200CT,48,CIGARETTE,0
619682994172,HEMPARILLO GRAPE 15 4PK 60CT,31,BLUNT WRAP,-2
619682010025,EZ ROLL BLACK MAMBA .49 ,31,BLUNT WRAP,0
815970020336,TWISTED HEMP 4/99 TROPICAL BRE,31,BLUNT WRAP,0
619682010056,EZ ROLL PINEAPPLE .49  25 CT,31,BLUNT WRAP,0
685141429035,DIXON CIG F/TUBES GREN KINGS,11,CIG ROLLING PAPER,6
817458027424,WILDHEMP CXL WRAP 25/2CT BLDRM,31,BLUNT WRAP,0
716165201991,RAW CLSC CONE 1 1/4 32CT,11,CIG ROLLING PAPER,7
853202002033,PALERMO BLU BX,48,CIGARETTE,0
840045208050,ROGUE 6MG 3.99$ 5CT PEPPRMNT,83,NICOTINE POUCHES,0
814057001411,SHIELD SILVER BOX 10CT,48,CIGARETTE,6
10857545008766,BILLION WRAPS 25/2CT PINK LMND,31,BLUNT WRAP,5
842426155373,GT 4K 4/99 GRAPE WRAP 30CT,31,BLUNT WRAP,0
810146970194,COLORS WRAPS 25/2CT ONE HNDRD,31,BLUNT WRAP,141
185092000845,PALMETTO MENTHOL 100 BX,48,CIGARETTE,0
185092030064,PALMETTO MENTHOL GREEN BX,48,CIGARETTE,0
802284004411,EDGEFIELD RED BOX 10CT,48,CIGARETTE,13
649964327237,WILDHEMP WRAP 4/99 20CT WT GRP,31,BLUNT WRAP,51
817127029742,HEMP ZONE 5/$1 15CT BEE BERRY,31,BLUNT WRAP,29
810134926639,BLAZY SUSAN T LEAF 25/2CT ORIG,31,BLUNT WRAP,26
784762078216,ZIG ZAG WRAP 4/99 15/4CT BLBR,31,BLUNT WRAP,8
196177225824,BOB M ULTRA THIN KS PAPER 50CT,11,CIG ROLLING PAPER,-8
685141694006,REDBUCK CIGAR RED TIP 49C 25CT,23,CIGARS,0
187700004306,STAMPEDE CIGAR ICY MINT 100,23,CIGARS,0
816518012530,SPLIT'LOS SWEET 3/99 90 CT,23,CIGARS,18
816518016514,SPLITARILLO 6/99 PINEAPPLE ,23,CIGARS,0
816518017283,EXTENDOS ONE HUND 2/99 15CT,23,CIGARS,0
812615007615,CLIPPER CIG DOUB/APP BOX 60CT,23,CIGARS,0
817127021937,SHOW BK 2/99 15/2CT BANANA,23,CIGARS,0
812474011631,FANTASIA COTTON CANDY 10X50G,49,LT-TAX-COLLECTED,0
685141975006,RED BUCK REGULAR 16OZ PIPE TOB,59,LT-NON-GA/ROL UR OWN,5
817127023061,SHOW DIAMOND 3PKWRAP DMND 25CT,49,LT-TAX-COLLECTED,0
817127027335,BIG DOG LEAF 8/5PK HONEY,49,LT-TAX-COLLECTED,0
810179220082,DA WOODS LEAF 20CT DARK ZAZA,49,LT-TAX-COLLECTED,31
817127024471,N'TCH 3MG COOL MINT 5CT,53,TOB 003211,0
817127024679,N'TCH 6MG WINTERGREEN 5CT,53,TOB 003211,0
887969009189,MY BLU POD VIVID VANILA 2PK,81,ECIG - PODS,21
812615007608,CLIPPER CIG PEACH BOX 60CT,56,CIGAR GA,0
185092002061,CHEROKEE MELLOW 100 L/CIG CTN,56,CIGAR GA,2
842426162241,HYBRID WOODS PLATINUM 2PK 15CT,56,CIGAR GA,0
818892018252,GT 2/99 HD 30/2CT PALMA BLUE,56,CIGAR GA,0
842426154055,GT MINI 3/92 DIAMOND 15/3CT,56,CIGAR GA,0
842426153997,GT MINI 3/92 GREEN SWT 15/3CT,56,CIGAR GA,0
818892012434,GT 45CT. FRUIT/PUNCH PCH 3/99 ,56,CIGAR GA,0
842426146401,GT WOODS 2/1.29 15/2CT RUM RVR,56,CIGAR GA,0
844504001466,SENECA CIGAR FULL FLAVOR 10CT,56,CIGAR GA,6
844504002777,SENECA CIGAR CHERRY 10CT,56,CIGAR GA,6
842426165457,GT 4/1.19 4KS 15/4CT NAPA GRAP,56,CIGAR GA,71
844504002999,AMERICAN CLUB TOB LIGHT 6OZ ,57,LT-TAX PAID,12
8681655765036,ADALYA 250GM DELONS,57,LT-TAX PAID,3
645781278073,JUNGO LEAF 10/5CT RASPBERRY,57,LT-TAX PAID,0
894945001846,OHM 16OZ YELLOW,57,LT-TAX PAID,-2
8681655765098,ADALYA 250GM BLUE DRAGON,57,LT-TAX PAID,4
762446720231,TW NATURAL PCH 0.99 10CT,45,T7 SMOKELESS GA,0
762446724208,TW POUCH PEACH 5CT,45,T7 SMOKELESS GA,0
842426181082,GT 3/1.29 HD 15/3CT STRBRY CRM,56,CIGAR GA,361
708926561314,WILDHORSE RED 100 BOX 10CT,48,CIGARETTE,32
10857545012091,BOB M HEMP WRAP PSN FRT 25/2CT,31,BLUNT WRAP,13
842426167109,GT 3/1.29 HD 15/3CT SWEET,56,CIGAR GA,78
840170618106,VELO PLUS 9MG 5CT - MINT,83,NICOTINE POUCHES,1
840170618076,VELO PLUS 6MG 5CT - MINT,83,NICOTINE POUCHES,7
6291108160046,AL FAKHER 10 X 50GM GUM MINT,57,LT-TAX PAID,4
6291108162422,AL FAKHER 10 X 50GM ORANGE ,57,LT-TAX PAID,11
819466011440,HIFI 5/$0.99 15/5CT 98 DIAMOND,23,CIGARS,54
716165253389,RAW CLSC BLACK KS WIDE 50CT ,11,CIG ROLLING PAPER,19
619682009906,EZ ROLL .49C 25CT STRAWBRY BAN,31,BLUNT WRAP,100
840170618250,VELO PLUS 6MG 5CT - CITRUS CHL,83,NICOTINE POUCHES,6
810159861823,LOOSE LEAF 20/2CT CKIES N CRM,49,LT-TAX-COLLECTED,-80
855022005706,ON! 2MG 5CT - COFFEE,83,NICOTINE POUCHES,13
769577838033,LOOSE LEAF 2/2.99 20CT AMBR DR,49,LT-TAX-COLLECTED,66
855022005263,ON! 4MG 5CT - CITRUS,83,NICOTINE POUCHES,13
738607282948,SLAPWOODS 10/5PK RUSSIAN CRM,57,LT-TAX PAID,-62
762446490257,LONGHORN POUCH WNTRGRN 5CT,45,T7 SMOKELESS GA,17
840045200825,ROGUE 6MG POUCH 5CT BERRY,83,NICOTINE POUCHES,0
685141913008,24/7 RED KING BOX 10CT,48,CIGARETTE,-120
10850018987056,KING PALM MINI BANANA CRM 20CT,31,BLUNT WRAP,-1
10077170250280,JOB FRENCH LIGHT JAR $1.49,11,CIG ROLLING PAPER,0
812319010058,GT F/WRAP S/APPLE 2/79 25 CT,31,BLUNT WRAP,0
689490001102,TIMELESS TIME SLVR 100 BX,48,CIGARETTE,0
784762078476,ZIG ZAG LEAF 25CT VANILA CREAM,31,BLUNT WRAP,3
10856064000152,BLUNT EZ WRAPPER MENTHOL 25CT,31,BLUNT WRAP,19
789781927651,HEMPIRE PAPER 1.0 25CT,11,CIG ROLLING PAPER,0
684514010139,KYK 7MG 5CT SPEARMINT,83,NICOTINE POUCHES,0
684514010153,KYK 7MG 5CT CITRUS,83,NICOTINE POUCHES,0
708926641344,FIRST CLASS MENTHOL 100 BOX,48,CIGARETTE,0
619682993441,EZ ROLL MINI 4/1.19 SWEET 15CT,31,BLUNT WRAP,5
712038552733,EMPIRE $100 BILL ROLNG PPR 24C,11,CIG ROLLING PAPER,12
716165178903,ELEMENTS ARTESANO 1 1/4CT 15CT,11,CIG ROLLING PAPER,-4
840158608693,FRE 6MG POUCH 5CT WINTERGREEN,83,NICOTINE POUCHES,18
887969011755,ZONE 9MM 5CT SPEARMINT,83,NICOTINE POUCHES,13
708926565213,WILDHORSE SILVER 100 BOX 10CT,48,CIGARETTE,15
708926562113,WILDHORSE GOLD BOX 10CT,48,CIGARETTE,36
716165252061,RAW CONES CL BLK K/S 32/3CT,11,CIG ROLLING PAPER,74
685141694068,REDBUCK CIGAR BLUEBERR49C 25CT,23,CIGARS,0
818892012496,GT 45CT. CHERRY DELT 3/99 ,23,CIGARS,0
818892019488,GT 3/99 15/3CT GRAPE,23,CIGARS,0
814101025127,SUPREME 5/99 KUSH 15CT,23,CIGARS,0
784762072481,ZIG ZAG CIG 3/99 15/3CT GRN KR,23,CIGARS,0
819721010669,ENTOURAGE 25CT PALMA CIGAR,23,CIGARS,0
812615002702,CLIPPER 4/99 SWEET CIGR 15 CT,23,CIGARS,-5
819721010690,ENTOURAGE 25CT WINE,23,CIGARS,0
817127029223,SHOW BLK 1/$.49 25/1CT LITE,23,CIGARS,30
817127026307,SHOW 5/$1 15/5CT MOTA ISLAND,23,CIGARS,9
812474011730,FANTASIA STRBRY DAIQUIRI 10X50,49,LT-TAX-COLLECTED,0
812474016018,FANTASIA GLDN DBLE APPLE 10X50,49,LT-TAX-COLLECTED,0
799953034223,STOKERS TENNESSE CHEW 12/ 8OZ,49,LT-TAX-COLLECTED,0
676737730642,JUNGO LEAF 10/5CT HONEY BRBN,49,LT-TAX-COLLECTED,0
799953034117,TENNESSEE CHEW 16OZ 6CT,49,LT-TAX-COLLECTED,0
849855002391,SV PIPE TOBACCO 12OZ MELLOW BL,49,LT-TAX-COLLECTED,23
810120068787,STIIIZY LEAF 8/5CT HNY ROASTED,49,LT-TAX-COLLECTED,18
817127027502,BIG DOG LEAF 8/5PK BLUE COOKIE,49,LT-TAX-COLLECTED,16
810159863452,LOOSE LEAF 2/2.99 20CT CKI CIN,49,LT-TAX-COLLECTED,97
812474012492,FANTASIA HOOKAH TOB LUCKY,49,LT-TAX-COLLECTED,0
817127024655,N'TCH 6MG COOL MINT 5CT,53,TOB 003211,0
762446491247,LONGHORN NATURAL PCH 1.49 10CT,53,TOB 003211,0
849205022208,VUSE GOLDEN TOBACCO 2.4% 5/1CT,81,ECIG - PODS,36
685141350155,RED BUCK CIGAR MENTHOL,56,CIGAR GA,0
685141350193,RED BUCK CIGAR CHERRY,56,CIGAR GA,4
818892014438,GT 4/99 4KINGS MINT CHOC 15CT,56,CIGAR GA,0
818892013202,GT 45CT. HOT CHOCLATE 3/99,56,CIGAR GA,0
859477001900,CARTEL CIGARS CHERRY 200CT,56,CIGAR GA,0
842426160865,GT BLACK SMOOTH .59 25CT CLASC,56,CIGAR GA,0
6291108165782,AL FAKHER 1KG TWO APPLES,57,LT-TAX PAID,0
847244002168,STARBUZZ EXOTIC 250GM PIRATE C,57,LT-TAX PAID,0
762446440351,LONGHORN L/C MINT 1.19 10CT,45,T7 SMOKELESS GA,0
616366828228,CANABZY LEAF 8/5CT HNY BRBN,57,LT-TAX PAID,0
812474012423,FANTASIA HOOKAH TOB 4 PLAY,57,LT-TAX PAID,0
855906007475,GRABBA LEAF CIG YEL WRAPS 25PK,57,LT-TAX PAID,0
847244002595,WHITE PEACH TOB 100G,57,LT-TAX PAID,0
8681511382551,ADALYA 250GM MINT,57,LT-TAX PAID,8
708926701239,WILDHORSE PIPE TOB 6OZ MENTHOL,57,LT-TAX PAID,27
421861,DENTAL SWEET SNUFF 1CT,45,T7 SMOKELESS GA,0
421311,PEACH SWEET SNUFF THRIFT ,45,T7 SMOKELESS GA,0
802284004695,EDGEFIELD MENTHOL 100 BOX 10CT,48,CIGARETTE,14
817127027137,DOPPYWOODS 8/5CT DIAMOND,23,CIGARS,23
784762072306,ZIG ZAG CIG 3/99 15/3CT GRAPE,23,CIGARS,17
819466011402,HIFI 5/$0.99 15/5CT BLU BERRY,23,CIGARS,65
842426181747,GT BLK SMOOTH .69 15CT PEACH,56,CIGAR GA,25
527432522509,MARL RED LABEL BOX 10CT,48,CIGARETTE,14
842426181594,GT BLK SMOOTH .69 15CT VANILLA,56,CIGAR GA,30
814057002517,SHIELD MENTHOL GREEN 100 BOX,48,CIGARETTE,49
6291108162354,AL FAKHER 10 X 50GM BANANA ,57,LT-TAX PAID,0
6291100731794,AL FAKHER 10 X 50GM ORAN/MINT,57,LT-TAX PAID,26
6291108160251,AL FAKHER 10 X 50GM PEACH ,57,LT-TAX PAID,16
6291108164587,AL FAKHER 10 X 50GM CHRY MINT ,57,LT-TAX PAID,6
750122786725,FRONTO KING DK CRUSH 12GM 24CT,57,LT-TAX PAID,73
649964992787,RED HERRING GRABBA CRUSH 15CT,57,LT-TAX PAID,75
10840048219296,JUUL 5% 6/4CT 33.99 CLSC MENTH,81,ECIG - PODS,22
840045200702,ROGUE 6MG POUCH 5CT PEPPERMNT,83,NICOTINE POUCHES,10
842426165426,GT 4/1.19 4KS 15/4CT MELON BRY,56,CIGAR GA,24
619682010124,EZ ROLL .49C 25CT BLUEBERRY,31,BLUNT WRAP,69
619682010322,EZ ROLL .49C 25CT FLAVOR LESS,31,BLUNT WRAP,1931
619682587411,EZ DUZ IT SOUR APPLE 30CT,31,BLUNT WRAP,34
689490002369,THIS SILVER 100 BOX 200CT,48,CIGARETTE,0
619682560230,TRUE BLUNT CHERRY 25CT,31,BLUNT WRAP,8
619682577467,TRUE BLUNT SWEET CHERRY 25CT,31,BLUNT WRAP,135
619682577528,TRUE BLUNT GRAPE 25CT,31,BLUNT WRAP,0
649964319898,WILD PALM GRAPE SLIM 20/2PK,31,BLUNT WRAP,11
784762072009,ZIG ZAG WRAPS 25CT GRAPE,11,CIG ROLLING PAPER,14
10074460151407,EZWIDER JAR 1.5 72CT,11,CIG ROLLING PAPER,0
716165174028,RAW CLSC CONNOISSEUR KS 24CT,11,CIG ROLLING PAPER,10
840045201099,ROGUE 3MG POUCH 5CT APPLE ,83,NICOTINE POUCHES,0
722470010708,FANCY 110MM ROLLER 12CT,11,CIG ROLLING PAPER,2
716165201045,RAW CLSC ARTESANO 1 1/4 15CT,11,CIG ROLLING PAPER,-2
10857545012084,BOB M HEMP WRAP MANGO P 2/25CT,31,BLUNT WRAP,-1
840045200672,ROGUE 3MG POUCH 5CT PEPERMINT ,83,NICOTINE POUCHES,0
810146970224,COLORS WRAPS 25/2CT RAINBOW,31,BLUNT WRAP,140
716165157977,RAW NATURAL TIPS BOOK 480CT,11,CIG ROLLING PAPER,-23
810134923720,BLAZY SUSAN PINK KS WIDE 50CT,11,CIG ROLLING PAPER,0
812319010140,GT FTW 2/.79 25CT WATERMELON,31,BLUNT WRAP,2
857908000805,DECADE MENTHOL 100 BOX 200CT,48,CIGARETTE,0
10857545012046,BOB M HEMP WRAP NATURAL 25/2CT,31,BLUNT WRAP,0
649964308403,WILD HEMP CONE DW UNBLC 50CT,11,CIG ROLLING PAPER,7
649964323536,WILDHEMP WRAP 4/99 20CT DIAMND,31,BLUNT WRAP,48
649964321013,RUSH $1.99 6MG 5CT MINT,83,NICOTINE POUCHES,0
815970020251,TWISTED HEMP 4/99CALIFO DREAM,31,BLUNT WRAP,312
815970020435,NOMAD 2/1.29 SWEET & SMOOTH,23,CIGARS,0
816518018846,EXTENDOS ON POINT2/1.39 CIG,23,CIGARS,0
10860004671692,THROWBACK 5PK GRAPE CHRY 40CT,23,CIGARS,0
818892013554,GT 4/99 4 KING MG GRP WAT 45CT,23,CIGARS,0
784762072399,ZIG ZAG CIG 3/99 15/3CT TANGLO,23,CIGARS,0
818892013257,GT 45CT WHIP CREAM 3/99 ,23,CIGARS,0
784762080585,TENZ WRAP 8/2CT HONEY BERRY,23,CIGARS,36
819466011389,HIFI 5/$0.99 15/5CT SUPA SWEET,23,CIGARS,117
819721011932,BLUNTVILLE .99 25CT PIFF,23,CIGARS,119
812474011747,FANTASIA TRIPLE APPLE 10CT,49,LT-TAX-COLLECTED,0
812474010436,FANTASIA BLUBERRY 10 X 50G,49,LT-TAX-COLLECTED,0
817127027014,BIG DOG LEAF 8/5PK AROMATIC,49,LT-TAX-COLLECTED,0
750253916749,PAYD LEAF 8/5CT SWEET AROMATIC,49,LT-TAX-COLLECTED,0
685141975013,RED BUCK MILD 16OZ PIPE TOBACC,49,LT-TAX-COLLECTED,11
810120068756,STIIIZY LEAF 8/5CT SR GRN APL,49,LT-TAX-COLLECTED,14
717519100731,AL CAPONE 10/10CT MENTHOL FLTR,51,LIT CIGARS 003251,1
717519100687,AL CAPONE TOWER 60/2CT MENTHOL,51,LIT CIGARS 003251,0
859477001696,CARTEL CIGAR FULL FLVR 200CT,56,CIGAR GA,0
879982004159,TRAFFIC CIGARS VANILLA 100 BX,56,CIGAR GA,12
879982004111,TRAFFIC CIGAR RED 100 BOX,56,CIGAR GA,0
10818433010407,ROXWELL 3/99 WHITE GRAPE,56,CIGAR GA,17
784762079978,ZIG ZAG CIG .59C DISPLAY ,56,CIGAR GA,0
842426151573,GT 4/99 4KS 15/4CT DIAMOND,56,CIGAR GA,26
842426144605,GT 4KINGS 4+1 VANILA RUM 75CT,56,CIGAR GA,0
818892014575,GT 3/99 HD 15/3CT COGNAC,56,CIGAR GA,7
847244002304,STARBUZZ EXOTIC 250GM SAFARI M,57,LT-TAX PAID,0
8681511382452,ADALYA 250GM MNG TNGS,57,LT-TAX PAID,6
8681655765265,ADALYA 250GM ANGEL LIPS,57,LT-TAX PAID,6
812615003426,RED RIVER SMOOTH 6OZ 1CT,57,LT-TAX PAID,0
8681511382308,ADALYA 250GM HAWAII,57,LT-TAX PAID,2
732241,ROOSTER SNUFF 4.65 OZ 1CT,45,T7 SMOKELESS GA,0
732501,RED SEAL SWEET SNUFF 1 CT,45,T7 SMOKELESS GA,0
762446493654,LONGHORN POUCH MINT 5CT,45,T7 SMOKELESS GA,20
762446400201,LONGHORN LC WINTERGREEN 5CT,45,T7 SMOKELESS GA,19
742978846647,LOOSE LEAF 8/5CT GRAPE DREAM,49,LT-TAX-COLLECTED,10
689076935722,BLUNTVILLE CIG 25CT CANDLA HNY,23,CIGARS,172
853272008164,TETON 18 GREEN BOX 10CT,48,CIGARETTE,62
853272008201,TETON 6 BLUE 100 BOX 10CT,48,CIGARETTE,47
840170618137,VELO PLUS 6MG 5CT - SPEARMINT,83,NICOTINE POUCHES,8
853272008126,TETON 18 RED BOX 10CT,48,CIGARETTE,0
719499005372,HIGH HEMP WRAPS 25CT BANANAGOO,31,BLUNT WRAP,7
6291108162224,AL FAKHER 250GM APPLE,57,LT-TAX PAID,8
6291108166772,AL FAKHER 250GM MELON,57,LT-TAX PAID,17
6291108166659,AL FAKHER 250GM GRAPE,57,LT-TAX PAID,30
6291100737314,AL FAKHER 10 X 50GM B'BERRY ,57,LT-TAX PAID,12
609792010589,GREEN HRVST HEMP 15/4CT NAKED,31,BLUNT WRAP,30
716165177128,RAW CONES CLSC 1 1/4CT 32/6PK,11,CIG ROLLING PAPER,129
6291108160015,AL FAKHER 10 X 50GM MINT ,57,LT-TAX PAID,77
799953210207,STOKERS TUB 12OZ LC WINTRGREEN,57,LT-TAX PAID,15
842426170499,GT WOODS 2/1.39 15/2CT VANILLA,56,CIGAR GA,473
717519001076,AL CAPONE TOWER 60/2CT SWT COG,51,LIT CIGARS 003251,179
619682010407,TRUE BLUNT .49C 25CT OGK KUSH,31,BLUNT WRAP,964
849205023465,VUSE MENTHOL 5.0% 5/4CT,81,ECIG - PODS,32
855022005270,ON! 4MG 5CT - COFFEE,83,NICOTINE POUCHES,12
609249900418,ZYN 3MG COOL MINT 5CT,83,NICOTINE POUCHES,85
842426165242,GT 4/1.19 4KS 15/4CT BL PINE,56,CIGAR GA,55
842426170529,GT WOODS 2/1.39 15/2CT BANANA,56,CIGAR GA,421
685141913121,24/7 MENTHOL KING BOX 10CT,48,CIGARETTE,204
619683001428,PALM LEAF SLIM SWEETS 2PK 24CT,31,BLUNT WRAP,4
812319010027,GT F/WRAP MANGO-LIC 2/79 25CT,31,BLUNT WRAP,0
689490002512,THIS SILVER BOX 200CT,48,CIGARETTE,0
619682004109,BALLERS CHOICE NATURAL .99C ,31,BLUNT WRAP,15
818892013288,GT F/WRAP F/PUNCH 2/79 25CT,31,BLUNT WRAP,0
812319010539,GT F/WRAP NATURAL 2 .79 25CT ,31,BLUNT WRAP,0
784762072115,ZIG ZAG WRAPS 25CT VANILLA,31,BLUNT WRAP,23
8414775011055,SMOKING RED SINGLE PAPER 50CT,11,CIG ROLLING PAPER,0
649964319751,WILD HEMP CONES HEMP UT KS 24C,11,CIG ROLLING PAPER,10
649964308410,WILD HEMP CONE 1.25 UNBLC 50CT,11,CIG ROLLING PAPER,11
842426148986,GT WOODS WRAP 30/2CT IRSH CRM,31,BLUNT WRAP,0
812319010386,GT FTW 2/.79 25CT SOUR APPLE,31,BLUNT WRAP,14
10857545012039,BOB M CONES ORG KS 33/3PK,11,CIG ROLLING PAPER,17
802284004473,EDGEFIELD SILVER BOX,48,CIGARETTE,7
802284004442,EDGEFIELD GOLD BOX 10CT,48,CIGARETTE,11
10857545008742,BILLION WRAPS 25/2CT RUS CREAM,31,BLUNT WRAP,2
887969011670,ZONE 9MM 5CT DRAGONFRUIT,83,NICOTINE POUCHES,16
784762078971,ZIG ZAG LEAF 2/.99 25/2CT SWT,31,BLUNT WRAP,4
719499005525,HIGH HEMP WRAPS 25CT 8888888,31,BLUNT WRAP,156
784762078414,ZIG ZAG WRAP 4/99 15/4CT PRPL,31,BLUNT WRAP,4
649964321419,RUSH $1.99 12MG 5CT MINT,83,NICOTINE POUCHES,0
685141694051,REDBUCK CIGAR WINE 49C 25CT,23,CIGARS,0
816518012592,SPLIT'LOS ROZAY WINE 3/99 90CT,23,CIGARS,62
816518011625,SPLIT'LOS CIG B BERRY 3/99 60C,23,CIGARS,66
816518017245,EXTENDO LOUD SILVER  2/1.39 ,23,CIGARS,0
816518016439,SPLITARILLO 6/99 NATURAL 45CT,23,CIGARS,0
20860004671620,THROWBACK 5PK WILD BERRY 40CT,23,CIGARS,1
685141850150,RICHWOOD CIGAR MENTHOL 100,23,CIGARS,0
842426147293,GT 3/99 HD 15/3CT WILDBERRY,23,CIGARS,0
819721011963,BLUNTVILLE .99 25CT PINK DIVA,23,CIGARS,0
812615002504,SUPREME BLEND 4/99 SWEET 15CT,23,CIGARS,0
819721012243,BLUNTVILLE .99 25CT PALMA TRIO,23,CIGARS,0
812474011136,FANTASIA PINK LEMONADE 10CT,49,LT-TAX-COLLECTED,0
812474012195,FANTASIA RAIN/BURST 10 X 50G,49,LT-TAX-COLLECTED,2
812474016568,FANTASIA MELON 50GM,49,LT-TAX-COLLECTED,-1
812474015998,FANTASIA ROZAY WINE 50GM,49,LT-TAX-COLLECTED,-2
849523005334,FANTASIA BANANAS FOSTER 10X50G,49,LT-TAX-COLLECTED,11
660989379711,FRONTO KING STWBERY 12CT-BX,49,LT-TAX-COLLECTED,0
685141975044,RED BUCK MILD 8OZ PIPE TOBACCO,59,LT-NON-GA/ROL UR OWN,10
849855003251,SV PIPE TOBACCO 12OZ BRBN WHSK,49,LT-TAX-COLLECTED,24
BFL9999B,HI TIMES FANTA LEAF .99 25CT,49,LT-TAX-COLLECTED,0
887969009981,MY BLU INT MELON TIME 4% 1CT,81,ECIG - PODS,0
887969009127,MY BLU POD CHERRY CRUSH 2PK,81,ECIG - PODS,0
685141350445,RED BUCK CIGAR SPECIAL BLEND ,56,CIGAR GA,0
185092002092,CHEROKEE COSMOP L/CIGR CTN,56,CIGAR GA,6
874411000696,CHEYENNE CIG MENTHOL 100,56,CIGAR GA,0
874411000733,CHEYENNE CIGAR XOTICBERY BX100,56,CIGAR GA,0
818892013097,GT 45CT. TROPICAL BLD 3/99 ,56,CIGAR GA,0
842426145176,GT 4KINGS ORG/CREAM 4+1=5 75CT,56,CIGAR GA,0
842426144544,GT 5/99 QUICKIE WILD BERRY 75C,56,CIGAR GA,0
842426156158,GT L&W 2/0.92 CLASSIC 15/2CT,56,CIGAR GA,0
842426156219,GT L&W 2/0.92 MANGO 15/2CT,56,CIGAR GA,0
842426156608,GT WOODS 2/99 CLASSIC 15/2CT,56,CIGAR GA,0
818892019242,GT 4/99 4KS 15/4CT BLUE PINAPL,56,CIGAR GA,0
847244047411,STARBUZZ BOLD 250GM QUEEN SEX,57,LT-TAX PAID,0
847244002601,WHITEPEACH TOB 250G,57,LT-TAX PAID,0
844504002975,AMERICAN CLUB TOB LIGHT 16OZ,57,LT-TAX PAID,10
732561,CC SWEET SCOTCH SNUFF 1CT,45,T7 SMOKELESS GA,0
762446721207,TW POUCH WINTERGREEN 5CT,45,T7 SMOKELESS GA,4
784762078117,ZIG ZAG WRAP 4/99 15/4CT GRAP,31,BLUNT WRAP,22
887969011427,MY BLU POD GOLD LEAF 5/2CT,81,ECIG - PODS,160
842426165181,GT 2/1.29 HD 10/2CT PALMA SLVR,56,CIGAR GA,30
6291108161937,AL FAKHER 10 X 50GM GRENADINE ,57,LT-TAX PAID,2
6291108161456,AL FAKHER 250GM PINEAPPLE,57,LT-TAX PAID,3
6291108166611,AL FAKHER 250GM FRESH,57,LT-TAX PAID,4
858765004067,SHOW Z PALMA 2/99 30CT,23,CIGARS,31
842426170581,GT WOODS 2/1.39 15/2CT CLASSIC,56,CIGAR GA,241
6291109097402,AL FAKHER 10 X 50GM CITRUS BRZ,57,LT-TAX PAID,6
819721012427,BLUNTVILLE 1.29 25CT PINK DIVA,23,CIGARS,318
842426167130,GT 3/1.29 HD 15/3CT RUS CRM,56,CIGAR GA,179
842426165211,GT 4/1.19 4KS 15/4CT BLACK SWT,56,CIGAR GA,81
842426170796,GT WOODS 2/1.39 15/2CT COGNAC,56,CIGAR GA,132
619682999269,EZ ROLL MINI 4/1.19 OGK 15CT,31,BLUNT WRAP,0
716165254799,RAW LYRICAL BLUNT WRAPS 20/3PK,11,CIG ROLLING PAPER,-1
6064000145,BLUNT EZ WRAPPERS R/TOBACCO,31,BLUNT WRAP,0
716165202462,RAW ORGANIC CONE KS 32CT,11,CIG ROLLING PAPER,57
716165253365,RAW CLSC KING SIZE WIDE 50CT ,11,CIG ROLLING PAPER,35
742978845398,LOOSE LEAF CRUSH 10CT GRAPE,49,LT-TAX-COLLECTED,0
649964327220,WILDHEMP WRAP 4/99 20CT STRBRY,31,BLUNT WRAP,30
751667046947,DJARUM 10/12PK BLACK ,23,CIGARS,298
751667074346,DJARUM 10/12PK BALI HAI ,23,CIGARS,83
709215201867,305'S FULL FLAVOR BOX 10CT,48,CIGARETTE,19
609792009392,GREEN HRVST CONE 10/2CT SMR PC,49,LT-TAX-COLLECTED,24
6291108160633,AL FAKHER 250GM ORANGE W/MINT,57,LT-TAX PAID,8
6291108164808,AL FAKHER 10 X 50GM STRAW CREM,57,LT-TAX PAID,0
810179220129,DA WOODS LEAF 20CT SMRS RUSCRM,49,LT-TAX-COLLECTED,23
812615006731,CLIPPER CIGAR 10CT STRAWBERRY,23,CIGARS,34
817127023368,SHOW DIAMOND 3PKWRAP BBRY 25CT,49,LT-TAX-COLLECTED,0
842426155465,GT 4K 4/99 BLUEBERRY WRAP 30CT,31,BLUNT WRAP,0
847244002489,TANGERIN DREEM TOB 250G,57,LT-TAX PAID,0
857908000737,DECADE RED  BOX  200CT,48,CIGARETTE,0
849205019680,VUSE MENTHOL 1.8% 5/2CT,81,ECIG - PODS,20
849205031262,VUSE GLDN SPARK TOB 5.0% 5/3CT,81,ECIG - PODS,1
818892013943,GT 4/99 4KS 15/4CT MANGO,56,CIGAR GA,0
818892014698,GT 3/99 HD 15/3CT GREEN SWEET,56,CIGAR GA,0
818892015206,GT LITTLE N WLD BLBRY .59 25CT,56,CIGAR GA,0
818892016036,GT MINI 3/99SWEET CIGARIL 45CT,56,CIGAR GA,7
818892017095,GT 4/99 4KINGS STWB/LEMDE 15CT,56,CIGAR GA,0
818892019501,GT 1 1/2 R/PAPER 2/$1.29 100CT,11,CIG ROLLING PAPER,0
858765000953,SHOW BK 2/99 NATURAL 15CT,23,CIGARS,0
850023213891,BROCONE ORIGINAL 1 1/4 20/10CT,11,CIG ROLLING PAPER,0
842426170857,GT WOODS 2/1.39 15/2CT PLATINM,56,CIGAR GA,131
802084127860,AFZAL 250GM - LYCHEE,57,LT-TAX PAID,6
855022005232,ON! 4MG 5CT - WINTERGREEN,83,NICOTINE POUCHES,15
842426144483,GT WOODS 2/99  COGNAC 15CT,56,CIGAR GA,0
817127025225,HEMP ZONE CONE 1 1/4 WHT ORGNC,11,CIG ROLLING PAPER,17
