Record Type,MSA Customer,MSA SKU,MSA SALES RECORD,POS CUSTOMER,POS SKU,POS QT,POS Price
PUR,427146780,420071,00100000001.0000200000025.39,42714678,420071,1,25.39
PUR,620945160,420071,00100000002.0000200000025.39,62094516,420071,2,25.39
PUR,246542900,425441,00100000001.0000200000025.39,24654290,425441,1,25.39
PUR,429240050,425441,00100000002.0000200000025.39,42924005,425441,2,25.39
PUR,437144430,425441,00100000005.0000200000025.39,43714443,425441,5,25.39
PUR,487335470,425441,00100000002.0000200000025.39,48733547,425441,2,25.39
PUR,491828000,425441,00100000002.0000200000025.39,49182800,425441,2,25.39
PUR,536320400,425441,00100000002.0000200000025.39,53632040,425441,2,25.39
PUR,565306600,425441,00100000002.0000200000025.39,56530660,425441,2,25.39
PUR,620945160,425441,00100000002.0000200000025.39,62094516,425441,2,25.39
PUR,664187670,425441,00100000001.0000200000025.39,66418767,425441,1,25.39
PUR,825752440,425441,00100000002.0000200000025.39,82575244,425441,2,25.39
PUR,839874690,425441,00100000001.0000200000025.39,83987469,425441,1,25.39
PUR,991198200,425441,00100000001.0000200000025.39,99119820,425441,1,25.39
PUR,451221770,425531,00100000005.0000200000025.39,45122177,425531,5,25.39
PUR,620945160,425531,00100000002.0000200000025.39,62094516,425531,2,25.39
PUR,632023000,425531,00100000002.0000200000025.39,63202300,425531,2,25.39
PUR,839874690,425531,00100000002.0000200000025.39,83987469,425531,2,25.39
PUR,882323360,425531,00100000002.0000200000025.39,88232336,425531,2,25.39
PUR,246542900,428721,00100000003.0000200000025.39,24654290,428721,3,25.39
PUR,252356130,428721,00100000005.0000200000025.39,25235613,428721,5,25.39
PUR,393683900,428721,00100000001.0000200000025.39,39368390,428721,1,25.39
PUR,427146780,428721,00100000006.0000200000025.39,42714678,428721,6,25.39
PUR,434300830,428721,00100000001.0000200000025.39,43430083,428721,1,25.39
PUR,437144430,428721,00100000002.0000200000025.39,43714443,428721,2,25.39
PUR,445361840,428721,00100000002.0000200000025.39,44536184,428721,2,25.39
PUR,451221770,428721,00100000005.0000200000025.39,45122177,428721,5,25.39
PUR,462903600,428721,00100000001.0000200000025.39,46290360,428721,1,25.39
PUR,467022200,428721,00100000004.0000200000025.39,46702220,428721,4,25.39
PUR,469680500,428721,00100000001.0000200000025.39,46968050,428721,1,25.39
PUR,476762280,428721,00100000005.0000200000025.39,47676228,428721,5,25.39
PUR,487335470,428721,00100000006.0000200000025.39,48733547,428721,6,25.39
PUR,496350050,428721,00100000003.0000200000025.39,49635005,428721,3,25.39
PUR,536320400,428721,00100000003.0000200000025.39,53632040,428721,3,25.39
PUR,559141700,428721,00100000001.0000200000025.39,55914170,428721,1,25.39
PUR,620945160,428721,00100000003.0000200000025.39,62094516,428721,3,25.39
PUR,664078500,428721,00100000002.0000200000025.39,66407850,428721,2,25.39
PUR,739654900,428721,00100000003.0000200000025.39,73965490,428721,3,25.39
PUR,805460000,428721,00100000001.0000200000025.39,80546000,428721,1,25.39
PUR,825752440,428721,00100000005.0000200000025.39,82575244,428721,5,25.39
PUR,832944070,428721,00100000004.0000200000025.39,83294407,428721,4,25.39
PUR,847957450,428721,00100000002.0000200000025.39,84795745,428721,2,25.39
PUR,854655800,428721,00100000005.0000200000025.39,85465580,428721,5,25.39
PUR,880659250,428721,00100000003.0000200000025.39,88065925,428721,3,25.39
PUR,451221770,428741,00100000004.0000200000025.39,45122177,428741,4,25.39
PUR,456527510,428741,00100000004.0000200000025.39,45652751,428741,4,25.39
PUR,459661600,428741,00100000002.0000200000025.39,45966160,428741,2,25.39
PUR,536320400,428741,001-0000002.0000200000023.39,53632040,428741,1,25.39
PUR,536320400,428741,00100000001.0000200000025.39,53632040,428741,-2,23.39
PUR,854655800,428741,00100000001.0000200000025.39,85465580,428741,1,25.39
PUR,536320400,428991,00100000001.0000200000025.39,53632040,428991,1,25.39
PUR,428803440,429111,00100000003.0000200000025.39,42880344,429111,3,25.39
PUR,882323360,429111,00100000001.0000200000025.39,88232336,429111,1,25.39
PUR,451221770,429171,00100000003.0000200000025.39,45122177,429171,3,25.39
PUR,536320400,429171,00100000001.0000200000025.39,53632040,429171,1,25.39
PUR,459661600,4200514,00100000001.0000200000025.39,45966160,4200514,1,25.39
PUR,476584350,4200514,00100000001.0000200000025.39,47658435,4200514,1,25.39
PUR,427146780,4206712,00100000001.0000200000025.39,42714678,4206712,1,25.39
PUR,451221770,4288716,00100000005.0000200000025.39,45122177,4288716,5,25.39
PUR,534485700,4288716,00100000002.0000200000025.39,53448570,4288716,2,25.39
PUR,620945160,4288716,00100000002.0000200000025.39,62094516,4288716,2,25.39
PUR,825752440,4288716,00100000003.0000200000025.39,82575244,4288716,3,25.39
PUR,832944070,4288716,00100000001.0000200000025.39,83294407,4288716,1,25.39
PUR,823142820,8660006820,00100000024.0000200000010.99,82314282,8660006820,24,10.99
PUR,823142820,8660007179,00100000002.0000200000023.99,82314282,8660007179,2,23.99
PUR,823142820,8660007681,00100000004.0000200000023.99,82314282,8660007681,4,23.99
PUR,232013900,11000010005,00100000004.0000200000040.69,23201390,11000010005,4,40.69
PUR,536320400,11000010005,00100000005.0000200000040.69,53632040,11000010005,5,40.69
PUR,399175200,11000010029,00100000001.0000200000040.69,39917520,11000010029,1,40.69
PUR,427146780,11000010029,00100000002.0000200000040.69,42714678,11000010029,2,40.69
PUR,536320400,11000010029,00100000008.0000200000040.69,53632040,11000010029,8,40.69
PUR,788805500,11000010029,00100000001.0000200000040.69,78880550,11000010029,1,40.69
PUR,825752440,11000010029,00100000003.0000200000040.69,82575244,11000010029,3,40.69
PUR,536320400,11000010036,00100000001.0000200000040.69,53632040,11000010036,1,40.69
PUR,427146780,11000010043,00100000002.0000200000040.69,42714678,11000010043,2,40.69
PUR,536320400,11000010043,00100000001.0000200000040.69,53632040,11000010043,1,40.69
PUR,536320400,11000010050,00100000001.0000200000040.69,53632040,11000010050,1,40.69
PUR,620945160,11000010050,00100000002.0000200000040.69,62094516,11000010050,2,40.69
PUR,536320400,11000010067,00100000002.0000200000040.69,53632040,11000010067,2,40.69
PUR,536320400,11000010609,00100000002.0000200000040.69,53632040,11000010609,2,40.69
PUR,832944070,11000010616,00100000001.0000200000040.69,83294407,11000010616,1,40.69
PUR,427146780,11000104063,00100000001.0000200000068.19,42714678,11000104063,1,68.19
PUR,469680500,11000104070,00100000001.0000200000068.19,46968050,11000104070,1,68.19
PUR,825752440,11000104124,00100000001.0000200000068.19,82575244,11000104124,1,68.19
PUR,536320400,11000104131,00100000001.0000200000068.19,53632040,11000104131,1,68.19
PUR,825752440,11000104131,00100000001.0000200000068.19,82575244,11000104131,1,68.19
PUR,536320400,11000282082,00100000001.0000200000059.59,53632040,11000282082,1,59.59
PUR,536320400,11000283089,00100000001.0000200000059.59,53632040,11000283089,1,59.59
PUR,536320400,11000287087,00100000001.0000200000059.59,53632040,11000287087,1,59.59
PUR,536320400,11000492085,00100000003.0000200000068.19,53632040,11000492085,3,68.19
PUR,825752440,11000492085,00100000001.0000200000068.19,82575244,11000492085,1,68.19
PUR,536320400,11000493082,00100000001.0000200000068.19,53632040,11000493082,1,68.19
PUR,888359330,12300103138,00100000001.0000200000084.99,88835933,12300103138,1,84.99
PUR,230950950,12300107136,00100000001.0000200000084.99,23095095,12300107136,1,84.99
PUR,270566600,12300107136,00100000003.0000200000084.99,27056660,12300107136,3,84.99
PUR,463499420,12300107136,00100000001.0000200000084.99,46349942,12300107136,1,84.99
PUR,487335470,12300107136,00100000003.0000200000084.99,48733547,12300107136,3,84.99
PUR,496350050,12300107136,00100000001.0000200000084.99,49635005,12300107136,1,84.99
PUR,664187670,12300107136,00100000001.0000200000084.99,66418767,12300107136,1,84.99
PUR,821573340,12300107136,00100000001.0000200000084.99,82157334,12300107136,1,84.99
PUR,821573340,12300107136,00100000002.0000200000084.99,82157334,12300107136,2,84.99
PUR,825752440,12300107136,00100000001.0000200000084.99,82575244,12300107136,1,84.99
PUR,455413480,12300108751,00100000001.0000200000084.99,45541348,12300108751,1,84.99
PUR,455413480,12300108751,001-0000001.0000200000084.99,45541348,12300108751,-1,84.99
PUR,660856760,12300108751,00100000001.0000200000084.99,66085676,12300108751,1,84.99
PUR,246542900,12300119900,00100000001.0000200000084.99,24654290,12300119900,1,84.99
PUR,450830300,12300158138,00100000003.0000200000103.89,45083030,12300158138,3,103.89
PUR,429240050,12300160131,00100000001.0000200000124.59,42924005,12300160131,1,124.59
PUR,246542900,12300193139,00100000001.0000200000084.99,24654290,12300193139,1,84.99
PUR,252356130,12300193139,00100000003.0000200000084.99,25235613,12300193139,3,84.99
PUR,429285180,12300193139,00100000002.0000200000084.99,42928518,12300193139,2,84.99
PUR,456527510,12300193139,00100000001.0000200000084.99,45652751,12300193139,1,84.99
PUR,459661600,12300193139,00100000002.0000200000084.99,45966160,12300193139,2,84.99
PUR,463499420,12300193139,00100000001.0000200000084.99,46349942,12300193139,1,84.99
PUR,469680500,12300193139,00100000002.0000200000084.99,46968050,12300193139,2,84.99
PUR,475320060,12300193139,00100000002.0000200000084.99,47532006,12300193139,2,84.99
PUR,492000100,12300193139,00100000002.0000200000084.99,49200010,12300193139,2,84.99
PUR,496350050,12300193139,00100000001.0000200000084.99,49635005,12300193139,1,84.99
PUR,568409000,12300193139,00100000001.0000200000084.99,56840900,12300193139,1,84.99
PUR,821573340,12300193139,00100000001.0000200000084.99,82157334,12300193139,1,84.99
PUR,821573340,12300193139,00100000002.0000200000084.99,82157334,12300193139,2,84.99
PUR,825752440,12300193139,00100000001.0000200000084.99,82575244,12300193139,1,84.99
PUR,825752440,12300193139,00100000002.0000200000084.99,82575244,12300193139,2,84.99
PUR,827124430,12300193139,00100000003.0000200000084.99,82712443,12300193139,3,84.99
PUR,832944070,12300193139,00100000001.0000200000084.99,83294407,12300193139,1,84.99
PUR,888359330,12300193139,00100000001.0000200000084.99,88835933,12300193139,1,84.99
PUR,986900100,12300193139,00100000002.0000200000084.99,98690010,12300193139,2,84.99
PUR,203930900,12300194136,00100000001.0000200000084.99,20393090,12300194136,1,84.99
PUR,252622600,12300194136,00100000002.0000200000084.99,25262260,12300194136,2,84.99
PUR,451221770,12300194136,00100000002.0000200000084.99,45122177,12300194136,2,84.99
PUR,456527510,12300194136,00100000002.0000200000084.99,45652751,12300194136,2,84.99
PUR,469680500,12300194136,00100000002.0000200000084.99,46968050,12300194136,2,84.99
PUR,488331420,12300194136,00100000001.0000200000084.99,48833142,12300194136,1,84.99
PUR,492000100,12300194136,00100000002.0000200000084.99,49200010,12300194136,2,84.99
PUR,496350050,12300194136,00100000001.0000200000084.99,49635005,12300194136,1,84.99
PUR,568409000,12300194136,00100000001.0000200000084.99,56840900,12300194136,1,84.99
PUR,696388200,12300194136,00100000004.0000200000084.99,69638820,12300194136,4,84.99
PUR,821573340,12300194136,00100000001.0000200000084.99,82157334,12300194136,1,84.99
PUR,821573340,12300194136,00100000001.0000200000084.99,82157334,12300194136,1,84.99
PUR,825752440,12300194136,00100000001.0000200000084.99,82575244,12300194136,1,84.99
PUR,825752440,12300194136,00100000003.0000200000084.99,82575244,12300194136,3,84.99
PUR,827124430,12300194136,00100000002.0000200000084.99,82712443,12300194136,2,84.99
PUR,854655800,12300194136,00100000001.0000200000084.99,85465580,12300194136,1,84.99
PUR,986900100,12300194136,00100000002.0000200000084.99,98690010,12300194136,2,84.99
PUR,203930900,12300197403,00100000001.0000200000084.99,20393090,12300197403,1,84.99
PUR,230950950,12300197403,00100000001.0000200000084.99,23095095,12300197403,1,84.99
PUR,246542900,12300197403,00100000002.0000200000084.99,24654290,12300197403,2,84.99
PUR,270566600,12300197403,001-0000003.0000200000084.99,27056660,12300197403,-3,84.99
PUR,450978990,12300197403,00100000002.0000200000084.99,45097899,12300197403,2,84.99
PUR,456527510,12300197403,00100000002.0000200000084.99,45652751,12300197403,2,84.99
PUR,475320060,12300197403,00100000004.0000200000084.99,47532006,12300197403,4,84.99
PUR,487335470,12300197403,00100000002.0000200000084.99,48733547,12300197403,2,84.99
PUR,492000100,12300197403,00100000002.0000200000084.99,49200010,12300197403,2,84.99
PUR,496379290,12300197403,00100000001.0000200000084.99,49637929,12300197403,1,84.99
PUR,568409000,12300197403,00100000001.0000200000084.99,56840900,12300197403,1,84.99
PUR,620945160,12300197403,00100000002.0000200000084.99,62094516,12300197403,2,84.99
PUR,631826140,12300197403,00100000002.0000200000084.99,63182614,12300197403,2,84.99
PUR,684819690,12300197403,00100000001.0000200000084.99,68481969,12300197403,1,84.99
PUR,685072080,12300197403,00100000002.0000200000084.99,68507208,12300197403,2,84.99
PUR,696388200,12300197403,00100000001.0000200000084.99,69638820,12300197403,1,84.99
PUR,892794410,12300197403,00100000001.0000200000084.99,89279441,12300197403,1,84.99
PUR,469680500,12300220804,001-0000001.0000200000103.89,46968050,12300220804,-1,103.89
PUR,696388200,12300220835,00100000002.0000200000103.89,69638820,12300220835,2,103.89
PUR,252622600,12300260138,00100000001.0000200000084.99,25262260,12300260138,1,84.99
PUR,463499420,12300260138,00100000001.0000200000084.99,46349942,12300260138,1,84.99
PUR,536320400,12300344968,00100000002.0000200000032.99,53632040,12300344968,2,32.99
PUR,475320060,12300842136,00100000001.0000200000103.89,47532006,12300842136,1,103.89
PUR,696388200,12300844130,00100000001.0000200000103.89,69638820,12300844130,1,103.89
PUR,696388200,12300844185,00100000001.0000200000084.99,69638820,12300844185,1,84.99
PUR,825752440,12300844185,00100000001.0000200000084.99,82575244,12300844185,1,84.99
PUR,450830300,12300845137,00100000002.0000200000103.89,45083030,12300845137,2,103.89
PUR,436335930,16027641775,00100000001.0000200000017.99,43633593,16027641775,1,17.99
PUR,460890590,16027641775,00100000001.0000200000017.99,46089059,16027641775,1,17.99
PUR,824282750,16027641775,00100000001.0000200000017.99,82428275,16027641775,1,17.99
PUR,460508300,20400050382,00100000004.0000200000099.69,46050830,20400050382,4,99.69
PUR,684819690,20400050382,001-0000001.0000200000099.69,68481969,20400050382,-1,99.69
PUR,456527510,20400053581,00100000001.0000200000099.69,45652751,20400053581,1,99.69
PUR,459661600,20400053581,00100000001.0000200000099.69,45966160,20400053581,1,99.69
PUR,696388200,20400053581,00100000001.0000200000099.69,69638820,20400053581,1,99.69
PUR,476584350,25900226374,00100000001.0000200000012.49,47658435,25900226374,1,12.49
PUR,496350050,25900226374,00100000001.0000200000012.49,49635005,25900226374,1,12.49
PUR,436335930,25900240530,00100000001.0000200000015.49,43633593,25900240530,1,15.49
PUR,450830300,25900240530,00100000001.0000200000015.49,45083030,25900240530,1,15.49
PUR,475317140,25900240530,00100000004.0000200000015.49,47531714,25900240530,4,15.49
PUR,487335470,25900240530,00100000002.0000200000015.49,48733547,25900240530,2,15.49
PUR,719143000,25900240530,00100000007.0000200000015.49,71914300,25900240530,7,15.49
PUR,785950000,25900240530,00100000001.0000200000015.49,78595000,25900240530,1,15.49
PUR,877090420,25900240530,00100000001.0000200000015.49,87709042,25900240530,1,15.49
PUR,914505000,25900240530,00100000002.0000200000015.49,91450500,25900240530,2,15.49
PUR,877090420,25900240684,00100000001.0000200000015.49,87709042,25900240684,1,15.49
PUR,450830300,25900240790,00100000001.0000200000019.99,45083030,25900240790,1,19.99
PUR,475832210,25900240790,00100000001.0000200000019.99,47583221,25900240790,1,19.99
PUR,504320000,25900240790,00100000001.0000200000019.99,50432000,25900240790,1,19.99
PUR,684500330,25900240790,00100000001.0000200000019.99,68450033,25900240790,1,19.99
PUR,774030300,25900240790,00100000002.0000200000019.99,77403030,25900240790,2,19.99
PUR,785950000,25900240790,00100000001.0000200000019.99,78595000,25900240790,1,19.99
PUR,830301780,25900240790,00100000001.0000200000019.99,83030178,25900240790,1,19.99
PUR,877090420,25900240790,00100000001.0000200000019.99,87709042,25900240790,1,19.99
PUR,987876280,25900240790,00100000001.0000200000019.99,98787628,25900240790,1,19.99
PUR,443714290,25900240806,00100000001.0000200000019.99,44371429,25900240806,1,19.99
PUR,474108400,25900240806,00100000002.0000200000019.99,47410840,25900240806,2,19.99
PUR,475832210,25900240806,00100000001.0000200000019.99,47583221,25900240806,1,19.99
PUR,496350050,25900240806,00100000001.0000200000019.99,49635005,25900240806,1,19.99
PUR,536320400,25900240806,00100000001.0000200000019.99,53632040,25900240806,1,19.99
PUR,559141700,25900240806,00100000001.0000200000019.99,55914170,25900240806,1,19.99
PUR,684500330,25900240806,00100000001.0000200000019.99,68450033,25900240806,1,19.99
PUR,785950000,25900240806,00100000001.0000200000019.99,78595000,25900240806,1,19.99
PUR,830301780,25900240806,00100000001.0000200000019.99,83030178,25900240806,1,19.99
PUR,854655800,25900240806,00100000001.0000200000019.99,85465580,25900240806,1,19.99
PUR,877090420,25900240806,00100000001.0000200000019.99,87709042,25900240806,1,19.99
PUR,892794410,25900240806,00100000001.0000200000019.99,89279441,25900240806,1,19.99
PUR,987876280,25900240806,00100000001.0000200000019.99,98787628,25900240806,1,19.99
PUR,991198200,25900240806,00100000001.0000200000019.99,99119820,25900240806,1,19.99
PUR,877090420,25900240868,00100000001.0000200000019.99,87709042,25900240868,1,19.99
PUR,877090420,25900240905,00100000001.0000200000019.99,87709042,25900240905,1,19.99
PUR,476584350,25900243715,00100000001.0000200000029.99,47658435,25900243715,1,29.99
PUR,830301780,25900243715,00100000001.0000200000029.99,83030178,25900243715,1,29.99
PUR,434316420,25900247478,00100000006.0000200000012.49,43431642,25900247478,6,12.49
PUR,476584350,25900247478,00100000001.0000200000012.49,47658435,25900247478,1,12.49
PUR,493687870,25900247478,00100000002.0000200000012.49,49368787,25900247478,2,12.49
PUR,496350050,25900247478,00100000001.0000200000012.49,49635005,25900247478,1,12.49
PUR,568409000,25900247478,00100000001.0000200000012.49,56840900,25900247478,1,12.49
PUR,684500330,25900247478,00100000002.0000200000012.49,68450033,25900247478,2,12.49
PUR,693810650,25900247478,00100000001.0000200000012.49,69381065,25900247478,1,12.49
PUR,476584350,25900278809,00100000001.0000200000025.99,47658435,25900278809,1,25.99
PUR,830301780,25900278809,00100000001.0000200000025.99,83030178,25900278809,1,25.99
PUR,224381000,25900287337,00100000002.0000200000025.99,22438100,25900287337,2,25.99
PUR,230950950,25900287337,00100000001.0000200000025.99,23095095,25900287337,1,25.99
PUR,240457700,25900287337,00100000002.0000200000025.99,24045770,25900287337,2,25.99
PUR,294214100,25900287337,00100000001.0000200000025.99,29421410,25900287337,1,25.99
PUR,380068720,25900287337,00100000001.0000200000025.99,38006872,25900287337,1,25.99
PUR,427237420,25900287337,00100000001.0000200000025.99,42723742,25900287337,1,25.99
PUR,428478790,25900287337,00100000004.0000200000025.99,42847879,25900287337,4,25.99
PUR,429240050,25900287337,00100000002.0000200000025.99,42924005,25900287337,2,25.99
PUR,429285180,25900287337,00100000002.0000200000025.99,42928518,25900287337,2,25.99
PUR,434316420,25900287337,00100000002.0000200000025.99,43431642,25900287337,2,25.99
PUR,443714290,25900287337,00100000002.0000200000025.99,44371429,25900287337,2,25.99
PUR,445361840,25900287337,00100000005.0000200000025.99,44536184,25900287337,5,25.99
PUR,446863160,25900287337,00100000002.0000200000025.99,44686316,25900287337,2,25.99
PUR,450830300,25900287337,00100000006.0000200000025.99,45083030,25900287337,6,25.99
PUR,452404420,25900287337,00100000001.0000200000025.99,45240442,25900287337,1,25.99
PUR,454939710,25900287337,00100000005.0000200000025.99,45493971,25900287337,5,25.99
PUR,456514530,25900287337,00100000002.0000200000025.99,45651453,25900287337,2,25.99
PUR,457460990,25900287337,00100000001.0000200000025.99,45746099,25900287337,1,25.99
PUR,459661600,25900287337,00100000001.0000200000025.99,45966160,25900287337,1,25.99
PUR,460890590,25900287337,00100000002.0000200000025.99,46089059,25900287337,2,25.99
PUR,462581790,25900287337,00100000001.0000200000025.99,46258179,25900287337,1,25.99
PUR,474108400,25900287337,00100000006.0000200000025.99,47410840,25900287337,6,25.99
PUR,475188380,25900287337,00100000003.0000200000025.99,47518838,25900287337,3,25.99
PUR,475317140,25900287337,00100000003.0000200000025.99,47531714,25900287337,3,25.99
PUR,475320060,25900287337,00100000002.0000200000025.99,47532006,25900287337,2,25.99
PUR,475320060,25900287337,00100000001.0000200000025.99,47532006,25900287337,1,25.99
PUR,475320060,25900287337,00100000002.0000200000025.99,47532006,25900287337,2,25.99
PUR,476584350,25900287337,00100000003.0000200000025.99,47658435,25900287337,3,25.99
PUR,487335470,25900287337,00100000002.0000200000025.99,48733547,25900287337,2,25.99
PUR,491828000,25900287337,00100000002.0000200000025.99,49182800,25900287337,2,25.99
PUR,496350050,25900287337,00100000001.0000200000025.99,49635005,25900287337,1,25.99
PUR,498871440,25900287337,00100000002.0000200000025.99,49887144,25900287337,2,25.99
PUR,534485700,25900287337,00100000002.0000200000025.99,53448570,25900287337,2,25.99
PUR,536320400,25900287337,00100000001.0000200000025.99,53632040,25900287337,1,25.99
PUR,559141700,25900287337,00100000004.0000200000025.99,55914170,25900287337,4,25.99
PUR,632023000,25900287337,00100000002.0000200000025.99,63202300,25900287337,2,25.99
PUR,664268530,25900287337,00100000001.0000200000025.99,66426853,25900287337,1,25.99
PUR,684500330,25900287337,00100000005.0000200000025.99,68450033,25900287337,5,25.99
PUR,728118800,25900287337,00100000001.0000200000025.99,72811880,25900287337,1,25.99
PUR,739654900,25900287337,00100000006.0000200000025.99,73965490,25900287337,6,25.99
PUR,774030300,25900287337,00100000024.0000200000025.99,77403030,25900287337,24,25.99
PUR,778677100,25900287337,00100000005.0000200000025.99,77867710,25900287337,5,25.99
PUR,785950000,25900287337,00100000006.0000200000025.99,78595000,25900287337,6,25.99
PUR,805460000,25900287337,00100000001.0000200000025.99,80546000,25900287337,1,25.99
PUR,825752440,25900287337,00100000001.0000200000025.99,82575244,25900287337,1,25.99
PUR,830301780,25900287337,00100000001.0000200000025.99,83030178,25900287337,1,25.99
PUR,839874690,25900287337,00100000002.0000200000025.99,83987469,25900287337,2,25.99
PUR,854655800,25900287337,00100000002.0000200000025.99,85465580,25900287337,2,25.99
PUR,856794310,25900287337,00100000001.0000200000025.99,85679431,25900287337,1,25.99
PUR,877090420,25900287337,00100000004.0000200000025.99,87709042,25900287337,4,25.99
PUR,884050130,25900287337,00100000004.0000200000025.99,88405013,25900287337,4,25.99
PUR,897720720,25900287337,00100000003.0000200000025.99,89772072,25900287337,3,25.99
PUR,914505000,25900287337,00100000001.0000200000025.99,91450500,25900287337,1,25.99
PUR,922755600,25900287337,00100000002.0000200000025.99,92275560,25900287337,2,25.99
PUR,437144430,25900287344,00100000001.0000200000025.99,43714443,25900287344,1,25.99
PUR,460890590,25900287344,00100000001.0000200000025.99,46089059,25900287344,1,25.99
PUR,476584350,25900287344,00100000001.0000200000025.99,47658435,25900287344,1,25.99
PUR,487335470,25900287344,00100000001.0000200000025.99,48733547,25900287344,1,25.99
PUR,536320400,25900287344,00100000001.0000200000025.99,53632040,25900287344,1,25.99
PUR,785950000,25900287344,00100000001.0000200000025.99,78595000,25900287344,1,25.99
PUR,839874690,25900287344,00100000001.0000200000025.99,83987469,25900287344,1,25.99
PUR,856794310,25900287344,00100000001.0000200000025.99,85679431,25900287344,1,25.99
PUR,877090420,25900287344,00100000001.0000200000025.99,87709042,25900287344,1,25.99
PUR,437754050,25900287351,00100000001.0000200000025.99,43775405,25900287351,1,25.99
PUR,445361840,25900287351,00100000002.0000200000025.99,44536184,25900287351,2,25.99
PUR,981434300,25900287351,00100000001.0000200000025.99,98143430,25900287351,1,25.99
PUR,559141700,25900296339,00100000001.0000200000021.99,55914170,25900296339,1,21.99
PUR,434316420,25900296353,00100000001.0000200000025.99,43431642,25900296353,1,25.99
PUR,443714290,25900296353,00100000001.0000200000025.99,44371429,25900296353,1,25.99
PUR,450830300,25900296353,00100000001.0000200000025.99,45083030,25900296353,1,25.99
PUR,456514530,25900296353,00100000001.0000200000025.99,45651453,25900296353,1,25.99
PUR,476584350,25900296353,00100000002.0000200000025.99,47658435,25900296353,2,25.99
PUR,487335470,25900296353,00100000002.0000200000025.99,48733547,25900296353,2,25.99
PUR,496350050,25900296353,00100000001.0000200000025.99,49635005,25900296353,1,25.99
PUR,664187670,25900296353,00100000001.0000200000025.99,66418767,25900296353,1,25.99
PUR,739654900,25900296353,00100000004.0000200000025.99,73965490,25900296353,4,25.99
PUR,778677100,25900296353,00100000001.0000200000025.99,77867710,25900296353,1,25.99
PUR,785950000,25900296353,00100000002.0000200000025.99,78595000,25900296353,2,25.99
PUR,805460000,25900296353,00100000001.0000200000025.99,80546000,25900296353,1,25.99
PUR,830301780,25900296353,00100000001.0000200000025.99,83030178,25900296353,1,25.99
PUR,877090420,25900296353,00100000001.0000200000025.99,87709042,25900296353,1,25.99
PUR,884050130,25900296353,00100000001.0000200000025.99,88405013,25900296353,1,25.99
PUR,922755600,25900296353,00100000002.0000200000025.99,92275560,25900296353,2,25.99
PUR,428478790,25900297695,00100000004.0000200000016.49,42847879,25900297695,4,16.49
PUR,428607120,25900297695,00100000002.0000200000016.49,42860712,25900297695,2,16.49
PUR,434307070,25900297695,00100000001.0000200000016.49,43430707,25900297695,1,16.49
PUR,436207440,25900297695,00100000001.0000200000016.49,43620744,25900297695,1,16.49
PUR,437144430,25900297695,00100000001.0000200000016.49,43714443,25900297695,1,16.49
PUR,437754050,25900297695,00100000001.0000200000016.49,43775405,25900297695,1,16.49
PUR,444724370,25900297695,00100000001.0000200000016.49,44472437,25900297695,1,16.49
PUR,446863160,25900297695,00100000001.0000200000016.49,44686316,25900297695,1,16.49
PUR,450978990,25900297695,00100000001.0000200000016.49,45097899,25900297695,1,16.49
PUR,451221770,25900297695,00100000002.0000200000016.49,45122177,25900297695,2,16.49
PUR,454939710,25900297695,00100000001.0000200000016.49,45493971,25900297695,1,16.49
PUR,456514530,25900297695,00100000001.0000200000016.49,45651453,25900297695,1,16.49
PUR,460890590,25900297695,00100000001.0000200000016.49,46089059,25900297695,1,16.49
PUR,462581790,25900297695,00100000001.0000200000016.49,46258179,25900297695,1,16.49
PUR,475320060,25900297695,00100000002.0000200000016.49,47532006,25900297695,2,16.49
PUR,475320060,25900297695,00100000001.0000200000016.49,47532006,25900297695,1,16.49
PUR,485551900,25900297695,00100000003.0000200000016.49,48555190,25900297695,3,16.49
PUR,487335470,25900297695,00100000001.0000200000016.49,48733547,25900297695,1,16.49
PUR,496350050,25900297695,00100000002.0000200000016.49,49635005,25900297695,2,16.49
PUR,559141700,25900297695,00100000004.0000200000016.49,55914170,25900297695,4,16.49
PUR,620945160,25900297695,00100000001.0000200000016.49,62094516,25900297695,1,16.49
PUR,632023000,25900297695,00100000002.0000200000016.49,63202300,25900297695,2,16.49
PUR,664187670,25900297695,00100000001.0000200000016.49,66418767,25900297695,1,16.49
PUR,684500330,25900297695,00100000002.0000200000016.49,68450033,25900297695,2,16.49
PUR,693810650,25900297695,00100000001.0000200000016.49,69381065,25900297695,1,16.49
PUR,774030300,25900297695,00100000002.0000200000016.49,77403030,25900297695,2,16.49
PUR,785950000,25900297695,00100000002.0000200000016.49,78595000,25900297695,2,16.49
PUR,856794310,25900297695,00100000002.0000200000016.49,85679431,25900297695,2,16.49
PUR,884050130,25900297695,00100000002.0000200000016.49,88405013,25900297695,2,16.49
PUR,207790800,25900325718,00100000004.0000200000016.49,20779080,25900325718,4,16.49
PUR,224381000,25900325718,00100000004.0000200000016.49,22438100,25900325718,4,16.49
PUR,240457700,25900325718,00100000002.0000200000016.49,24045770,25900325718,2,16.49
PUR,380068720,25900325718,00100000002.0000200000016.49,38006872,25900325718,2,16.49
PUR,428607120,25900325718,00100000004.0000200000016.49,42860712,25900325718,4,16.49
PUR,429240050,25900325718,00100000003.0000200000016.49,42924005,25900325718,3,16.49
PUR,434307070,25900325718,00100000006.0000200000016.49,43430707,25900325718,6,16.49
PUR,434316420,25900325718,00100000004.0000200000016.49,43431642,25900325718,4,16.49
PUR,436335930,25900325718,00100000014.0000200000016.49,43633593,25900325718,14,16.49
PUR,437144430,25900325718,00100000004.0000200000016.49,43714443,25900325718,6,16.49
PUR,437144430,25900325718,00100000006.0000200000016.49,43714443,25900325718,4,16.49
PUR,437754050,25900325718,00100000004.0000200000016.49,43775405,25900325718,4,16.49
PUR,444724370,25900325718,00100000005.0000200000016.49,44472437,25900325718,5,16.49
PUR,445361840,25900325718,00100000005.0000200000016.49,44536184,25900325718,5,16.49
PUR,446863160,25900325718,00100000002.0000200000016.49,44686316,25900325718,2,16.49
PUR,450830300,25900325718,00100000020.0000200000016.49,45083030,25900325718,20,16.49
PUR,454939710,25900325718,00100000005.0000200000016.49,45493971,25900325718,3,16.49
PUR,454939710,25900325718,00100000003.0000200000016.49,45493971,25900325718,5,16.49
PUR,456514530,25900325718,00100000004.0000200000016.49,45651453,25900325718,4,16.49
PUR,457460990,25900325718,00100000004.0000200000016.49,45746099,25900325718,4,16.49
PUR,459661600,25900325718,00100000002.0000200000016.49,45966160,25900325718,2,16.49
PUR,460890590,25900325718,00100000003.0000200000016.49,46089059,25900325718,3,16.49
PUR,462581790,25900325718,00100000004.0000200000016.49,46258179,25900325718,3,16.49
PUR,462581790,25900325718,00100000003.0000200000016.49,46258179,25900325718,4,16.49
PUR,474108400,25900325718,00100000010.0000200000016.49,47410840,25900325718,10,16.49
PUR,475188380,25900325718,00100000014.0000200000016.49,47518838,25900325718,14,16.49
PUR,475320060,25900325718,00100000004.0000200000016.49,47532006,25900325718,4,16.49
PUR,475320060,25900325718,00100000006.0000200000016.49,47532006,25900325718,6,16.49
PUR,476584350,25900325718,00100000006.0000200000016.49,47658435,25900325718,6,16.49
PUR,487335470,25900325718,00100000003.0000200000016.49,48733547,25900325718,3,16.49
PUR,491828000,25900325718,00100000001.0000200000016.49,49182800,25900325718,1,16.49
PUR,496350050,25900325718,00100000003.0000200000016.49,49635005,25900325718,3,16.49
PUR,498802770,25900325718,00100000001.0000200000016.49,49880277,25900325718,1,16.49
PUR,498871440,25900325718,00100000002.0000200000016.49,49887144,25900325718,2,16.49
PUR,534485700,25900325718,00100000004.0000200000016.49,53448570,25900325718,4,16.49
PUR,559141700,25900325718,00100000012.0000200000016.49,55914170,25900325718,12,16.49
PUR,632023000,25900325718,00100000004.0000200000016.49,63202300,25900325718,4,16.49
PUR,664078500,25900325718,00100000001.0000200000016.49,66407850,25900325718,1,16.49
PUR,684500330,25900325718,00100000010.0000200000016.49,68450033,25900325718,10,16.49
PUR,684819690,25900325718,00100000004.0000200000016.49,68481969,25900325718,4,16.49
PUR,693810650,25900325718,00100000001.0000200000016.49,69381065,25900325718,1,16.49
PUR,728118800,25900325718,00100000004.0000200000016.49,72811880,25900325718,4,16.49
PUR,739654900,25900325718,00100000006.0000200000016.49,73965490,25900325718,6,16.49
PUR,785950000,25900325718,00100000010.0000200000016.49,78595000,25900325718,10,16.49
PUR,825752440,25900325718,00100000001.0000200000016.49,82575244,25900325718,1,16.49
PUR,830301780,25900325718,00100000001.0000200000016.49,83030178,25900325718,1,16.49
PUR,839874690,25900325718,00100000001.0000200000016.49,83987469,25900325718,1,16.49
PUR,856794310,25900325718,00100000002.0000200000016.49,85679431,25900325718,2,16.49
PUR,877090420,25900325718,00100000004.0000200000016.49,87709042,25900325718,4,16.49
PUR,880659250,25900325718,00100000001.0000200000016.49,88065925,25900325718,1,16.49
PUR,884050130,25900325718,00100000015.0000200000016.49,88405013,25900325718,15,16.49
PUR,922755600,25900325718,00100000005.0000200000016.49,92275560,25900325718,5,16.49
PUR,981434300,25900325718,00100000010.0000200000016.49,98143430,25900325718,6,16.49
PUR,981434300,25900325718,00100000006.0000200000016.49,98143430,25900325718,10,16.49
PUR,981554900,25900325718,00100000002.0000200000016.49,98155490,25900325718,2,16.49
PUR,207790800,25900325725,00100000002.0000200000016.49,20779080,25900325725,2,16.49
PUR,446863160,25900325725,00100000002.0000200000016.49,44686316,25900325725,2,16.49
PUR,450830300,25900325725,00100000004.0000200000016.49,45083030,25900325725,4,16.49
PUR,454939710,25900325725,00100000002.0000200000016.49,45493971,25900325725,2,16.49
PUR,456514530,25900325725,00100000001.0000200000016.49,45651453,25900325725,1,16.49
PUR,476584350,25900325725,00100000002.0000200000016.49,47658435,25900325725,2,16.49
PUR,485551900,25900325725,00100000003.0000200000016.49,48555190,25900325725,3,16.49
PUR,487335470,25900325725,00100000001.0000200000016.49,48733547,25900325725,1,16.49
PUR,664187670,25900325725,00100000002.0000200000016.49,66418767,25900325725,2,16.49
PUR,774030300,25900325725,00100000003.0000200000016.49,77403030,25900325725,3,16.49
PUR,856794310,25900325725,00100000002.0000200000016.49,85679431,25900325725,2,16.49
PUR,877090420,25900325725,00100000001.0000200000016.49,87709042,25900325725,1,16.49
PUR,424993110,25900325732,00100000001.0000200000016.49,42499311,25900325732,1,16.49
PUR,446863160,25900325732,00100000002.0000200000016.49,44686316,25900325732,2,16.49
PUR,450830300,25900325732,00100000002.0000200000016.49,45083030,25900325732,2,16.49
PUR,451221770,25900325732,00100000002.0000200000016.49,45122177,25900325732,2,16.49
PUR,454939710,25900325732,00100000002.0000200000016.49,45493971,25900325732,2,16.49
PUR,462581790,25900325732,00100000002.0000200000016.49,46258179,25900325732,2,16.49
PUR,476584350,25900325732,00100000003.0000200000016.49,47658435,25900325732,3,16.49
PUR,485551900,25900325732,00100000003.0000200000016.49,48555190,25900325732,3,16.49
PUR,487335470,25900325732,00100000001.0000200000016.49,48733547,25900325732,1,16.49
PUR,559141700,25900325732,00100000002.0000200000016.49,55914170,25900325732,2,16.49
PUR,664187670,25900325732,00100000001.0000200000016.49,66418767,25900325732,1,16.49
PUR,785950000,25900325732,00100000002.0000200000016.49,78595000,25900325732,2,16.49
PUR,877090420,25900325732,00100000001.0000200000016.49,87709042,25900325732,1,16.49
PUR,922755600,25900325732,00100000002.0000200000016.49,92275560,25900325732,2,16.49
PUR,434316420,25900325749,00100000002.0000200000016.49,43431642,25900325749,2,16.49
PUR,437754050,25900325749,00100000001.0000200000016.49,43775405,25900325749,1,16.49
PUR,460890590,25900325749,00100000001.0000200000016.49,46089059,25900325749,1,16.49
PUR,462581790,25900325749,00100000001.0000200000016.49,46258179,25900325749,1,16.49
PUR,474108400,25900325749,00100000003.0000200000016.49,47410840,25900325749,3,16.49
PUR,475320060,25900325749,00100000002.0000200000016.49,47532006,25900325749,2,16.49
PUR,475320060,25900325749,00100000001.0000200000016.49,47532006,25900325749,1,16.49
PUR,476584350,25900325749,00100000002.0000200000016.49,47658435,25900325749,2,16.49
PUR,496498470,25900325749,00100000002.0000200000016.49,49649847,25900325749,2,16.49
PUR,536320400,25900325749,00100000001.0000200000016.49,53632040,25900325749,1,16.49
PUR,684500330,25900325749,00100000002.0000200000016.49,68450033,25900325749,2,16.49
PUR,785950000,25900325749,00100000002.0000200000016.49,78595000,25900325749,2,16.49
PUR,830301780,25900325749,00100000001.0000200000016.49,83030178,25900325749,1,16.49
PUR,877090420,25900325749,00100000001.0000200000016.49,87709042,25900325749,1,16.49
PUR,880659250,25900325749,00100000001.0000200000016.49,88065925,25900325749,1,16.49
PUR,981554900,25900325749,00100000001.0000200000016.49,98155490,25900325749,1,16.49
PUR,207790800,25900329839,00100000001.0000200000025.99,20779080,25900329839,1,25.99
PUR,240457700,25900329839,00100000002.0000200000025.99,24045770,25900329839,2,25.99
PUR,427146780,25900329839,00100000001.0000200000025.99,42714678,25900329839,1,25.99
PUR,427237420,25900329839,00100000001.0000200000025.99,42723742,25900329839,1,25.99
PUR,428478790,25900329839,00100000002.0000200000025.99,42847879,25900329839,2,25.99
PUR,428607120,25900329839,00100000001.0000200000025.99,42860712,25900329839,1,25.99
PUR,428607120,25900329839,00100000001.0000200000025.99,42860712,25900329839,1,25.99
PUR,429240050,25900329839,00100000001.0000200000025.99,42924005,25900329839,1,25.99
PUR,434316420,25900329839,00100000002.0000200000025.99,43431642,25900329839,2,25.99
PUR,437144430,25900329839,00100000001.0000200000025.99,43714443,25900329839,1,25.99
PUR,446863160,25900329839,00100000002.0000200000025.99,44686316,25900329839,2,25.99
PUR,450830300,25900329839,00100000002.0000200000025.99,45083030,25900329839,2,25.99
PUR,454939710,25900329839,00100000005.0000200000025.99,45493971,25900329839,5,25.99
PUR,456514530,25900329839,00100000002.0000200000025.99,45651453,25900329839,2,25.99
PUR,457460990,25900329839,00100000001.0000200000025.99,45746099,25900329839,1,25.99
PUR,459661600,25900329839,00100000003.0000200000025.99,45966160,25900329839,3,25.99
PUR,460890590,25900329839,00100000002.0000200000025.99,46089059,25900329839,2,25.99
PUR,462581790,25900329839,00100000001.0000200000025.99,46258179,25900329839,1,25.99
PUR,474108400,25900329839,00100000005.0000200000025.99,47410840,25900329839,5,25.99
PUR,475188380,25900329839,00100000003.0000200000025.99,47518838,25900329839,3,25.99
PUR,475320060,25900329839,00100000003.0000200000025.99,47532006,25900329839,3,25.99
PUR,476584350,25900329839,00100000003.0000200000025.99,47658435,25900329839,3,25.99
PUR,487335470,25900329839,00100000002.0000200000025.99,48733547,25900329839,2,25.99
PUR,496350050,25900329839,00100000001.0000200000025.99,49635005,25900329839,1,25.99
PUR,498871440,25900329839,00100000002.0000200000025.99,49887144,25900329839,2,25.99
PUR,504320000,25900329839,00100000002.0000200000025.99,50432000,25900329839,2,25.99
PUR,559141700,25900329839,00100000002.0000200000025.99,55914170,25900329839,2,25.99
PUR,664268530,25900329839,00100000001.0000200000025.99,66426853,25900329839,1,25.99
PUR,684500330,25900329839,00100000004.0000200000025.99,68450033,25900329839,4,25.99
PUR,684819690,25900329839,00100000002.0000200000025.99,68481969,25900329839,2,25.99
PUR,728118800,25900329839,00100000001.0000200000025.99,72811880,25900329839,1,25.99
PUR,739654900,25900329839,00100000004.0000200000025.99,73965490,25900329839,4,25.99
PUR,774030300,25900329839,00100000024.0000200000025.99,77403030,25900329839,24,25.99
PUR,778677100,25900329839,00100000005.0000200000025.99,77867710,25900329839,5,25.99
PUR,785950000,25900329839,00100000006.0000200000025.99,78595000,25900329839,6,25.99
PUR,830301780,25900329839,00100000001.0000200000025.99,83030178,25900329839,1,25.99
PUR,839874690,25900329839,00100000002.0000200000025.99,83987469,25900329839,2,25.99
PUR,854655800,25900329839,00100000001.0000200000025.99,85465580,25900329839,1,25.99
PUR,856794310,25900329839,00100000001.0000200000025.99,85679431,25900329839,1,25.99
PUR,877090420,25900329839,00100000002.0000200000025.99,87709042,25900329839,2,25.99
PUR,884050130,25900329839,00100000003.0000200000025.99,88405013,25900329839,3,25.99
PUR,897720720,25900329839,00100000001.0000200000025.99,89772072,25900329839,1,25.99
PUR,922755600,25900329839,00100000002.0000200000025.99,92275560,25900329839,2,25.99
PUR,997305200,25900329839,00100000001.0000200000025.99,99730520,25900329839,1,25.99
PUR,427237420,25900329853,00100000001.0000200000025.99,42723742,25900329853,1,25.99
PUR,434316420,25900329853,00100000001.0000200000025.99,43431642,25900329853,1,25.99
PUR,450830300,25900329853,00100000002.0000200000025.99,45083030,25900329853,2,25.99
PUR,462581790,25900329853,00100000001.0000200000025.99,46258179,25900329853,1,25.99
PUR,475317140,25900329853,00100000002.0000200000025.99,47531714,25900329853,2,25.99
PUR,476584350,25900329853,00100000003.0000200000025.99,47658435,25900329853,3,25.99
PUR,559141700,25900329853,00100000001.0000200000025.99,55914170,25900329853,1,25.99
PUR,825752440,25900329853,00100000001.0000200000025.99,82575244,25900329853,1,25.99
PUR,830301780,25900329853,00100000001.0000200000025.99,83030178,25900329853,1,25.99
PUR,877090420,25900329853,00100000001.0000200000025.99,87709042,25900329853,1,25.99
PUR,987876280,25900329853,00100000001.0000200000025.99,98787628,25900329853,1,25.99
PUR,997305200,25900329853,00100000001.0000200000025.99,99730520,25900329853,1,25.99
PUR,559141700,25900329877,00100000001.0000200000025.99,55914170,25900329877,1,25.99
PUR,450830300,25900329884,00100000001.0000200000025.99,45083030,25900329884,1,25.99
PUR,475317140,25900329884,00100000001.0000200000025.99,47531714,25900329884,1,25.99
PUR,778677100,25900329884,00100000001.0000200000025.99,77867710,25900329884,1,25.99
PUR,850451290,25900329884,00100000001.0000200000025.99,85045129,25900329884,1,25.99
PUR,445361840,25900329891,00100000001.0000200000025.99,44536184,25900329891,1,25.99
PUR,850451290,25900329914,00100000001.0000200000025.99,85045129,25900329914,1,25.99
PUR,884050130,25900329914,00100000001.0000200000025.99,88405013,25900329914,1,25.99
PUR,240457700,25900336776,00100000002.0000200000016.49,24045770,25900336776,2,16.49
PUR,246542900,25900336776,00100000001.0000200000016.49,24654290,25900336776,1,16.49
PUR,424993110,25900336776,00100000002.0000200000016.49,42499311,25900336776,2,16.49
PUR,434307070,25900336776,00100000001.0000200000016.49,43430707,25900336776,1,16.49
PUR,444724370,25900336776,00100000001.0000200000016.49,44472437,25900336776,1,16.49
PUR,446863160,25900336776,00100000002.0000200000016.49,44686316,25900336776,2,16.49
PUR,450830300,25900336776,00100000003.0000200000016.49,45083030,25900336776,3,16.49
PUR,456514530,25900336776,00100000001.0000200000016.49,45651453,25900336776,1,16.49
PUR,457460990,25900336776,00100000002.0000200000016.49,45746099,25900336776,2,16.49
PUR,462581790,25900336776,00100000001.0000200000016.49,46258179,25900336776,1,16.49
PUR,474108400,25900336776,00100000003.0000200000016.49,47410840,25900336776,3,16.49
PUR,475188380,25900336776,00100000002.0000200000016.49,47518838,25900336776,2,16.49
PUR,476584350,25900336776,00100000002.0000200000016.49,47658435,25900336776,2,16.49
PUR,492000100,25900336776,00100000002.0000200000016.49,49200010,25900336776,2,16.49
PUR,496350050,25900336776,00100000002.0000200000016.49,49635005,25900336776,2,16.49
PUR,559141700,25900336776,00100000002.0000200000016.49,55914170,25900336776,2,16.49
PUR,620945160,25900336776,00100000001.0000200000016.49,62094516,25900336776,1,16.49
PUR,825752440,25900336776,00100000001.0000200000016.49,82575244,25900336776,1,16.49
PUR,877090420,25900336776,00100000001.0000200000016.49,87709042,25900336776,1,16.49
PUR,884050130,25900336776,00100000002.0000200000016.49,88405013,25900336776,2,16.49
PUR,981554900,25900336776,00100000001.0000200000016.49,98155490,25900336776,1,16.49
PUR,240457700,25900336882,00100000001.0000200000032.59,24045770,25900336882,1,32.59
PUR,252622600,25900336882,00100000001.0000200000032.59,25262260,25900336882,1,32.59
PUR,294214100,25900336882,00100000001.0000200000032.59,29421410,25900336882,1,32.59
PUR,429224030,25900336882,00100000001.0000200000032.59,42922403,25900336882,1,32.59
PUR,444724370,25900336882,00100000001.0000200000032.59,44472437,25900336882,1,32.59
PUR,475320060,25900336882,00100000002.0000200000032.59,47532006,25900336882,2,32.59
PUR,475320060,25900336882,00100000001.0000200000032.59,47532006,25900336882,1,32.59
PUR,496350050,25900336882,00100000001.0000200000032.59,49635005,25900336882,1,32.59
PUR,684500330,25900336882,00100000002.0000200000032.59,68450033,25900336882,2,32.59
PUR,785950000,25900336882,00100000001.0000200000032.59,78595000,25900336882,1,32.59
PUR,830301780,25900336882,00100000001.0000200000032.59,83030178,25900336882,1,32.59
PUR,884050130,25900336882,00100000003.0000200000032.59,88405013,25900336882,3,32.59
PUR,914505000,25900336882,00100000001.0000200000032.59,91450500,25900336882,1,32.59
PUR,475320060,25900336899,00100000001.0000200000032.59,47532006,25900336899,1,32.59
PUR,493687870,25900336899,00100000001.0000200000032.59,49368787,25900336899,1,32.59
PUR,830301780,25900336899,00100000001.0000200000032.59,83030178,25900336899,1,32.59
PUR,224381000,25900345877,00100000002.0000200000011.99,22438100,25900345877,2,11.99
PUR,475832210,25900345877,00100000003.0000200000011.99,47583221,25900345877,3,11.99
PUR,534485700,25900345877,00100000001.0000200000011.99,53448570,25900345877,1,11.99
PUR,830301780,25900345877,00100000001.0000200000011.99,83030178,25900345877,1,11.99
PUR,475832210,25900345921,00100000001.0000200000011.99,47583221,25900345921,1,11.99
PUR,830301780,25900345921,00100000001.0000200000011.99,83030178,25900345921,1,11.99
PUR,434307070,25900359003,00100000002.0000200000025.99,43430707,25900359003,2,25.99
PUR,444724370,25900359003,00100000001.0000200000025.99,44472437,25900359003,1,25.99
PUR,462581790,25900359003,00100000001.0000200000025.99,46258179,25900359003,1,25.99
PUR,694228790,25900359003,00100000001.0000200000025.99,69422879,25900359003,1,25.99
PUR,457460990,25900359010,00100000002.0000200000025.99,45746099,25900359010,2,25.99
PUR,462581790,25900359010,00100000001.0000200000025.99,46258179,25900359010,1,25.99
PUR,694228790,25900359010,00100000001.0000200000025.99,69422879,25900359010,1,25.99
PUR,434307070,25900359058,00100000001.0000200000025.99,43430707,25900359058,1,25.99
PUR,462581790,25900359058,00100000001.0000200000025.99,46258179,25900359058,1,25.99
PUR,224381000,25900359508,00100000003.0000200000019.99,22438100,25900359508,3,19.99
PUR,230950950,25900359508,00100000002.0000200000019.99,23095095,25900359508,2,19.99
PUR,240457700,25900359508,00100000002.0000200000019.99,24045770,25900359508,2,19.99
PUR,246542900,25900359508,00100000001.0000200000019.99,24654290,25900359508,1,19.99
PUR,252622600,25900359508,00100000001.0000200000019.99,25262260,25900359508,1,19.99
PUR,380068720,25900359508,00100000002.0000200000019.99,38006872,25900359508,2,19.99
PUR,424166220,25900359508,00100000005.0000200000019.99,42416622,25900359508,5,19.99
PUR,428478790,25900359508,00100000006.0000200000019.99,42847879,25900359508,6,19.99
PUR,428607120,25900359508,00100000001.0000200000019.99,42860712,25900359508,1,19.99
PUR,429224030,25900359508,00100000004.0000200000019.99,42922403,25900359508,4,19.99
PUR,429232310,25900359508,00100000020.0000200000019.99,42923231,25900359508,20,19.99
PUR,429240050,25900359508,00100000001.0000200000019.99,42924005,25900359508,1,19.99
PUR,429285180,25900359508,00100000001.0000200000019.99,42928518,25900359508,1,19.99
PUR,434300830,25900359508,00100000002.0000200000019.99,43430083,25900359508,2,19.99
PUR,434316420,25900359508,00100000002.0000200000019.99,43431642,25900359508,2,19.99
PUR,437144430,25900359508,00100000001.0000200000019.99,43714443,25900359508,1,19.99
PUR,437754050,25900359508,00100000002.0000200000019.99,43775405,25900359508,2,19.99
PUR,441924300,25900359508,00100000004.0000200000019.99,44192430,25900359508,4,19.99
PUR,446863160,25900359508,00100000003.0000200000019.99,44686316,25900359508,3,19.99
PUR,450830300,25900359508,00100000015.0000200000019.99,45083030,25900359508,15,19.99
PUR,454939710,25900359508,00100000008.0000200000019.99,45493971,25900359508,8,19.99
PUR,456514530,25900359508,00100000004.0000200000019.99,45651453,25900359508,4,19.99
PUR,457460990,25900359508,00100000002.0000200000019.99,45746099,25900359508,2,19.99
PUR,460890590,25900359508,00100000002.0000200000019.99,46089059,25900359508,2,19.99
PUR,462581790,25900359508,00100000001.0000200000019.99,46258179,25900359508,1,19.99
PUR,463499420,25900359508,00100000001.0000200000019.99,46349942,25900359508,1,19.99
PUR,475188380,25900359508,00100000006.0000200000019.99,47518838,25900359508,6,19.99
PUR,475320060,25900359508,00100000001.0000200000019.99,47532006,25900359508,2,19.99
PUR,475320060,25900359508,00100000002.0000200000019.99,47532006,25900359508,1,19.99
PUR,476584350,25900359508,00100000003.0000200000019.99,47658435,25900359508,3,19.99
PUR,491828000,25900359508,00100000002.0000200000019.99,49182800,25900359508,2,19.99
PUR,496350050,25900359508,00100000003.0000200000019.99,49635005,25900359508,3,19.99
PUR,498802770,25900359508,00100000001.0000200000019.99,49880277,25900359508,1,19.99
PUR,498871440,25900359508,00100000003.0000200000019.99,49887144,25900359508,3,19.99
PUR,504320000,25900359508,00100000005.0000200000019.99,50432000,25900359508,5,19.99
PUR,536320400,25900359508,00100000002.0000200000019.99,53632040,25900359508,2,19.99
PUR,559141700,25900359508,00100000004.0000200000019.99,55914170,25900359508,4,19.99
PUR,565306600,25900359508,00100000002.0000200000019.99,56530660,25900359508,2,19.99
PUR,568409000,25900359508,00100000001.0000200000019.99,56840900,25900359508,1,19.99
PUR,668310430,25900359508,00100000001.0000200000019.99,66831043,25900359508,1,19.99
PUR,778677100,25900359508,00100000005.0000200000019.99,77867710,25900359508,5,19.99
PUR,785950000,25900359508,00100000006.0000200000019.99,78595000,25900359508,6,19.99
PUR,830301780,25900359508,00100000001.0000200000019.99,83030178,25900359508,1,19.99
PUR,837337900,25900359508,00100000001.0000200000019.99,83733790,25900359508,1,19.99
PUR,839874690,25900359508,00100000004.0000200000019.99,83987469,25900359508,4,19.99
PUR,856794310,25900359508,00100000003.0000200000019.99,85679431,25900359508,3,19.99
PUR,866424890,25900359508,00100000001.0000200000019.99,86642489,25900359508,1,19.99
PUR,877090420,25900359508,00100000008.0000200000019.99,87709042,25900359508,8,19.99
PUR,880659250,25900359508,00100000001.0000200000019.99,88065925,25900359508,1,19.99
PUR,884050130,25900359508,00100000010.0000200000019.99,88405013,25900359508,10,19.99
PUR,897720720,25900359508,00100000003.0000200000019.99,89772072,25900359508,3,19.99
PUR,922755600,25900359508,00100000006.0000200000019.99,92275560,25900359508,6,19.99
PUR,991198200,25900359508,00100000002.0000200000019.99,99119820,25900359508,2,19.99
PUR,207790800,25900359515,00100000002.0000200000019.99,20779080,25900359515,2,19.99
PUR,224381000,25900359515,00100000001.0000200000019.99,22438100,25900359515,1,19.99
PUR,230950950,25900359515,00100000001.0000200000019.99,23095095,25900359515,1,19.99
PUR,428607120,25900359515,00100000001.0000200000019.99,42860712,25900359515,1,19.99
PUR,429232310,25900359515,00100000020.0000200000019.99,42923231,25900359515,20,19.99
PUR,429240050,25900359515,00100000001.0000200000019.99,42924005,25900359515,1,19.99
PUR,434300830,25900359515,00100000002.0000200000019.99,43430083,25900359515,2,19.99
PUR,434316420,25900359515,00100000002.0000200000019.99,43431642,25900359515,2,19.99
PUR,436207440,25900359515,00100000001.0000200000019.99,43620744,25900359515,1,19.99
PUR,437754050,25900359515,00100000002.0000200000019.99,43775405,25900359515,2,19.99
PUR,441924300,25900359515,00100000002.0000200000019.99,44192430,25900359515,2,19.99
PUR,446863160,25900359515,00100000002.0000200000019.99,44686316,25900359515,2,19.99
PUR,449974800,25900359515,00100000001.0000200000019.99,44997480,25900359515,1,19.99
PUR,450830300,25900359515,00100000012.0000200000019.99,45083030,25900359515,12,19.99
PUR,450978990,25900359515,00100000002.0000200000019.99,45097899,25900359515,2,19.99
PUR,454939710,25900359515,00100000005.0000200000019.99,45493971,25900359515,1,19.99
PUR,454939710,25900359515,00100000001.0000200000019.99,45493971,25900359515,5,19.99
PUR,460890590,25900359515,00100000002.0000200000019.99,46089059,25900359515,2,19.99
PUR,467022200,25900359515,00100000002.0000200000019.99,46702220,25900359515,2,19.99
PUR,475188380,25900359515,00100000004.0000200000019.99,47518838,25900359515,4,19.99
PUR,475317140,25900359515,00100000005.0000200000019.99,47531714,25900359515,5,19.99
PUR,475320060,25900359515,00100000002.0000200000019.99,47532006,25900359515,2,19.99
PUR,475320060,25900359515,00100000001.0000200000019.99,47532006,25900359515,1,19.99
PUR,476584350,25900359515,00100000003.0000200000019.99,47658435,25900359515,3,19.99
PUR,485551900,25900359515,00100000006.0000200000019.99,48555190,25900359515,6,19.99
PUR,493687870,25900359515,00100000002.0000200000019.99,49368787,25900359515,2,19.99
PUR,504320000,25900359515,00100000005.0000200000019.99,50432000,25900359515,5,19.99
PUR,559141700,25900359515,00100000005.0000200000019.99,55914170,25900359515,5,19.99
PUR,568409000,25900359515,00100000001.0000200000019.99,56840900,25900359515,1,19.99
PUR,668310430,25900359515,00100000001.0000200000019.99,66831043,25900359515,1,19.99
PUR,778677100,25900359515,00100000005.0000200000019.99,77867710,25900359515,5,19.99
PUR,785950000,25900359515,00100000006.0000200000019.99,78595000,25900359515,6,19.99
PUR,830301780,25900359515,00100000001.0000200000019.99,83030178,25900359515,1,19.99
PUR,839874690,25900359515,00100000004.0000200000019.99,83987469,25900359515,4,19.99
PUR,856794310,25900359515,00100000002.0000200000019.99,85679431,25900359515,4,19.99
PUR,856794310,25900359515,00100000004.0000200000019.99,85679431,25900359515,2,19.99
PUR,866424890,25900359515,00100000001.0000200000019.99,86642489,25900359515,1,19.99
PUR,877090420,25900359515,00100000008.0000200000019.99,87709042,25900359515,8,19.99
PUR,884050130,25900359515,00100000002.0000200000019.99,88405013,25900359515,2,19.99
PUR,922755600,25900359515,00100000003.0000200000019.99,92275560,25900359515,3,19.99
PUR,230950950,25900359522,00100000002.0000200000019.99,23095095,25900359522,2,19.99
PUR,428607120,25900359522,00100000001.0000200000019.99,42860712,25900359522,1,19.99
PUR,429232310,25900359522,00100000020.0000200000019.99,42923231,25900359522,20,19.99
PUR,434300830,25900359522,00100000001.0000200000019.99,43430083,25900359522,1,19.99
PUR,434307070,25900359522,00100000002.0000200000019.99,43430707,25900359522,2,19.99
PUR,434316420,25900359522,00100000001.0000200000019.99,43431642,25900359522,1,19.99
PUR,437754050,25900359522,00100000002.0000200000019.99,43775405,25900359522,2,19.99
PUR,449974800,25900359522,00100000001.0000200000019.99,44997480,25900359522,1,19.99
PUR,450830300,25900359522,00100000010.0000200000019.99,45083030,25900359522,10,19.99
PUR,457460990,25900359522,00100000001.0000200000019.99,45746099,25900359522,1,19.99
PUR,474108400,25900359522,00100000003.0000200000019.99,47410840,25900359522,3,19.99
PUR,475188380,25900359522,00100000004.0000200000019.99,47518838,25900359522,4,19.99
PUR,475320060,25900359522,00100000001.0000200000019.99,47532006,25900359522,1,19.99
PUR,476584350,25900359522,00100000003.0000200000019.99,47658435,25900359522,3,19.99
PUR,491828000,25900359522,00100000002.0000200000019.99,49182800,25900359522,2,19.99
PUR,559141700,25900359522,00100000005.0000200000019.99,55914170,25900359522,5,19.99
PUR,668310430,25900359522,00100000001.0000200000019.99,66831043,25900359522,1,19.99
PUR,785950000,25900359522,00100000004.0000200000019.99,78595000,25900359522,4,19.99
PUR,788782300,25900359522,00100000004.0000200000019.99,78878230,25900359522,4,19.99
PUR,830301780,25900359522,00100000001.0000200000019.99,83030178,25900359522,1,19.99
PUR,837337900,25900359522,00100000001.0000200000019.99,83733790,25900359522,1,19.99
PUR,839874690,25900359522,00100000002.0000200000019.99,83987469,25900359522,2,19.99
PUR,877090420,25900359522,00100000004.0000200000019.99,87709042,25900359522,4,19.99
PUR,884050130,25900359522,00100000005.0000200000019.99,88405013,25900359522,5,19.99
PUR,991198200,25900359522,00100000001.0000200000019.99,99119820,25900359522,1,19.99
PUR,474108400,25900359539,00100000002.0000200000019.99,47410840,25900359539,2,19.99
PUR,476584350,25900359539,00100000003.0000200000019.99,47658435,25900359539,3,19.99
PUR,559141700,25900359539,00100000002.0000200000019.99,55914170,25900359539,2,19.99
PUR,830301780,25900359539,00100000001.0000200000019.99,83030178,25900359539,1,19.99
PUR,839874690,25900359539,00100000002.0000200000019.99,83987469,25900359539,2,19.99
PUR,981434300,25900359539,00100000001.0000200000019.99,98143430,25900359539,1,19.99
PUR,991198200,25900359539,00100000002.0000200000019.99,99119820,25900359539,2,19.99
PUR,428478790,25900359546,00100000004.0000200000019.99,42847879,25900359546,4,19.99
PUR,434300830,25900359546,00100000002.0000200000019.99,43430083,25900359546,2,19.99
PUR,437144430,25900359546,00100000001.0000200000019.99,43714443,25900359546,1,19.99
PUR,443714290,25900359546,00100000002.0000200000019.99,44371429,25900359546,2,19.99
PUR,474108400,25900359546,00100000003.0000200000019.99,47410840,25900359546,3,19.99
PUR,475188380,25900359546,00100000004.0000200000019.99,47518838,25900359546,4,19.99
PUR,476584350,25900359546,00100000003.0000200000019.99,47658435,25900359546,3,19.99
PUR,491828000,25900359546,00100000002.0000200000019.99,49182800,25900359546,2,19.99
PUR,493687870,25900359546,00100000001.0000200000019.99,49368787,25900359546,1,19.99
PUR,504320000,25900359546,00100000001.0000200000019.99,50432000,25900359546,1,19.99
PUR,668310430,25900359546,00100000001.0000200000019.99,66831043,25900359546,1,19.99
PUR,785950000,25900359546,00100000006.0000200000019.99,78595000,25900359546,6,19.99
PUR,830301780,25900359546,00100000001.0000200000019.99,83030178,25900359546,1,19.99
PUR,839874690,25900359546,00100000002.0000200000019.99,83987469,25900359546,2,19.99
PUR,922755600,25900359546,00100000003.0000200000019.99,92275560,25900359546,3,19.99
PUR,207790800,25900359553,00100000002.0000200000019.99,20779080,25900359553,2,19.99
PUR,224381000,25900359553,00100000002.0000200000019.99,22438100,25900359553,2,19.99
PUR,230950950,25900359553,00100000001.0000200000019.99,23095095,25900359553,1,19.99
PUR,240457700,25900359553,00100000001.0000200000019.99,24045770,25900359553,1,19.99
PUR,424993110,25900359553,00100000007.0000200000019.99,42499311,25900359553,7,19.99
PUR,429232310,25900359553,00100000020.0000200000019.99,42923231,25900359553,20,19.99
PUR,429240050,25900359553,00100000001.0000200000019.99,42924005,25900359553,1,19.99
PUR,434300830,25900359553,00100000002.0000200000019.99,43430083,25900359553,2,19.99
PUR,434316420,25900359553,00100000001.0000200000019.99,43431642,25900359553,1,19.99
PUR,437754050,25900359553,00100000004.0000200000019.99,43775405,25900359553,4,19.99
PUR,446863160,25900359553,00100000002.0000200000019.99,44686316,25900359553,2,19.99
PUR,449974800,25900359553,00100000002.0000200000019.99,44997480,25900359553,2,19.99
PUR,450830300,25900359553,00100000010.0000200000019.99,45083030,25900359553,10,19.99
PUR,454939710,25900359553,00100000005.0000200000019.99,45493971,25900359553,1,19.99
PUR,454939710,25900359553,00100000001.0000200000019.99,45493971,25900359553,5,19.99
PUR,457460990,25900359553,00100000002.0000200000019.99,45746099,25900359553,2,19.99
PUR,459661600,25900359553,00100000003.0000200000019.99,45966160,25900359553,3,19.99
PUR,460890590,25900359553,00100000002.0000200000019.99,46089059,25900359553,2,19.99
PUR,462581790,25900359553,00100000001.0000200000019.99,46258179,25900359553,1,19.99
PUR,475188380,25900359553,00100000006.0000200000019.99,47518838,25900359553,6,19.99
PUR,475320060,25900359553,00100000002.0000200000019.99,47532006,25900359553,2,19.99
PUR,476584350,25900359553,00100000003.0000200000019.99,47658435,25900359553,3,19.99
PUR,491828000,25900359553,00100000002.0000200000019.99,49182800,25900359553,2,19.99
PUR,498802770,25900359553,00100000001.0000200000019.99,49880277,25900359553,1,19.99
PUR,498802770,25900359553,00100000001.0000200000019.99,49880277,25900359553,1,19.99
PUR,498871440,25900359553,00100000004.0000200000019.99,49887144,25900359553,4,19.99
PUR,504320000,25900359553,00100000005.0000200000019.99,50432000,25900359553,5,19.99
PUR,559141700,25900359553,00100000006.0000200000019.99,55914170,25900359553,6,19.99
PUR,778677100,25900359553,00100000005.0000200000019.99,77867710,25900359553,5,19.99
PUR,785950000,25900359553,00100000006.0000200000019.99,78595000,25900359553,6,19.99
PUR,788782300,25900359553,00100000001.0000200000019.99,78878230,25900359553,1,19.99
PUR,830301780,25900359553,00100000001.0000200000019.99,83030178,25900359553,1,19.99
PUR,837337900,25900359553,00100000001.0000200000019.99,83733790,25900359553,1,19.99
PUR,839874690,25900359553,00100000002.0000200000019.99,83987469,25900359553,2,19.99
PUR,856794310,25900359553,00100000003.0000200000019.99,85679431,25900359553,3,19.99
PUR,877090420,25900359553,00100000008.0000200000019.99,87709042,25900359553,8,19.99
PUR,897720720,25900359553,00100000004.0000200000019.99,89772072,25900359553,4,19.99
PUR,922755600,25900359553,00100000002.0000200000019.99,92275560,25900359553,2,19.99
PUR,991198200,25900359553,00100000002.0000200000019.99,99119820,25900359553,2,19.99
PUR,434300830,25900359560,00100000001.0000200000019.99,43430083,25900359560,1,19.99
PUR,434307070,25900359560,00100000001.0000200000019.99,43430707,25900359560,1,19.99
PUR,436207440,25900359560,00100000001.0000200000019.99,43620744,25900359560,1,19.99
PUR,446863160,25900359560,00100000003.0000200000019.99,44686316,25900359560,3,19.99
PUR,459661600,25900359560,00100000002.0000200000019.99,45966160,25900359560,2,19.99
PUR,475188380,25900359560,00100000004.0000200000019.99,47518838,25900359560,4,19.99
PUR,476584350,25900359560,00100000003.0000200000019.99,47658435,25900359560,3,19.99
PUR,778677100,25900359560,00100000002.0000200000019.99,77867710,25900359560,2,19.99
PUR,778677100,25900359560,00100000002.0000200000019.99,77867710,25900359560,2,19.99
PUR,785950000,25900359560,00100000006.0000200000019.99,78595000,25900359560,6,19.99
PUR,830301780,25900359560,00100000001.0000200000019.99,83030178,25900359560,1,19.99
PUR,884050130,25900359560,00100000002.0000200000019.99,88405013,25900359560,2,19.99
PUR,981434300,25900359560,00100000002.0000200000019.99,98143430,25900359560,2,19.99
PUR,991198200,25900359560,00100000002.0000200000019.99,99119820,25900359560,2,19.99
PUR,445361840,25900421120,00100000001.0000200000017.99,44536184,25900421120,1,17.99
PUR,240457700,25900426828,00100000001.0000200000021.99,24045770,25900426828,1,21.99
PUR,459661600,25900443016,00100000001.0000200000022.99,45966160,25900443016,1,22.99
PUR,475320060,25900443016,00100000001.0000200000022.99,47532006,25900443016,1,22.99
PUR,493687870,25900443016,00100000001.0000200000022.99,49368787,25900443016,1,22.99
PUR,897720720,25900443016,00100000001.0000200000022.99,89772072,25900443016,1,22.99
PUR,243571750,25900443030,00100000001.0000200000022.99,24357175,25900443030,1,22.99
PUR,476584350,25900443030,00100000001.0000200000022.99,47658435,25900443030,1,22.99
PUR,830301780,25900443030,00100000001.0000200000022.99,83030178,25900443030,1,22.99
PUR,475320060,25900444143,00100000001.0000200000022.99,47532006,25900444143,1,22.99
PUR,830301780,25900444143,00100000001.0000200000022.99,83030178,25900444143,1,22.99
PUR,207790800,25900525453,00100000001.0000200000025.99,20779080,25900525453,1,25.99
PUR,436207440,25900525453,00100000001.0000200000025.99,43620744,25900525453,1,25.99
PUR,446863160,25900525453,00100000001.0000200000025.99,44686316,25900525453,1,25.99
PUR,450830300,25900525453,001-0000003.0000200000025.99,45083030,25900525453,-3,25.99
PUR,476584350,25900525453,00100000001.0000200000025.99,47658435,25900525453,1,25.99
PUR,664078500,25900525453,00100000003.0000200000025.99,66407850,25900525453,3,25.99
PUR,693810650,25900525453,00100000001.0000200000025.99,69381065,25900525453,1,25.99
PUR,825752440,25900525453,00100000001.0000200000025.99,82575244,25900525453,1,25.99
PUR,830301780,25900525453,00100000001.0000200000025.99,83030178,25900525453,1,25.99
PUR,445361840,26100016239,00100000001.0000200000088.69,44536184,26100016239,1,88.69
PUR,455413480,26100016239,001-0000001.0000200000088.69,45541348,26100016239,1,88.69
PUR,455413480,26100016239,00100000001.0000200000088.69,45541348,26100016239,-1,88.69
PUR,660856760,26100016239,00100000001.0000200000088.69,66085676,26100016239,1,88.69
PUR,664187670,26100016239,00100000001.0000200000088.69,66418767,26100016239,1,88.69
PUR,252622600,26100016291,00100000002.0000200000088.69,25262260,26100016291,2,88.69
PUR,429285180,26100016291,00100000001.0000200000088.69,42928518,26100016291,1,88.69
PUR,455413480,26100016291,001-0000002.0000200000088.69,45541348,26100016291,2,88.69
PUR,455413480,26100016291,00100000002.0000200000088.69,45541348,26100016291,-2,88.69
PUR,660856760,26100016291,00100000002.0000200000088.69,66085676,26100016291,2,88.69
PUR,827124430,26100016291,00100000001.0000200000088.69,82712443,26100016291,1,88.69
PUR,230950950,26100805727,00100000001.0000200000088.69,23095095,26100805727,1,88.69
PUR,436207440,26100805727,00100000001.0000200000088.69,43620744,26100805727,1,88.69
PUR,462903600,26100805727,00100000001.0000200000088.69,46290360,26100805727,1,88.69
PUR,469680500,26100805727,00100000001.0000200000088.69,46968050,26100805727,1,88.69
PUR,475320060,26100805727,00100000001.0000200000088.69,47532006,26100805727,1,88.69
PUR,728118800,26100805727,00100000001.0000200000088.69,72811880,26100805727,1,88.69
PUR,203930900,26100805734,00100000001.0000200000088.69,20393090,26100805734,1,88.69
PUR,233467040,26100805734,00100000002.0000200000088.69,23346704,26100805734,2,88.69
PUR,246542900,26100805734,00100000002.0000200000088.69,24654290,26100805734,2,88.69
PUR,252622600,26100805734,00100000005.0000200000088.69,25262260,26100805734,5,88.69
PUR,380068720,26100805734,00100000003.0000200000088.69,38006872,26100805734,3,88.69
PUR,428607120,26100805734,00100000001.0000200000088.69,42860712,26100805734,4,88.69
PUR,428607120,26100805734,00100000004.0000200000088.69,42860712,26100805734,1,88.69
PUR,428622860,26100805734,00100000012.0000200000088.69,42862286,26100805734,12,88.69
PUR,428622860,26100805734,00100000008.0000200000088.69,42862286,26100805734,8,88.69
PUR,429285180,26100805734,00100000003.0000200000088.69,42928518,26100805734,3,88.69
PUR,434300830,26100805734,00100000004.0000200000088.69,43430083,26100805734,4,88.69
PUR,434316420,26100805734,00100000005.0000200000088.69,43431642,26100805734,5,88.69
PUR,436207440,26100805734,00100000001.0000200000088.69,43620744,26100805734,1,88.69
PUR,444724370,26100805734,00100000001.0000200000088.69,44472437,26100805734,1,88.69
PUR,444724370,26100805734,00100000002.0000200000088.69,44472437,26100805734,2,88.69
PUR,450830300,26100805734,00100000010.0000200000088.69,45083030,26100805734,10,88.69
PUR,450978990,26100805734,00100000004.0000200000088.69,45097899,26100805734,4,88.69
PUR,454939710,26100805734,00100000004.0000200000088.69,45493971,26100805734,15,88.69
PUR,454939710,26100805734,00100000015.0000200000088.69,45493971,26100805734,4,88.69
PUR,456514530,26100805734,00100000005.0000200000088.69,45651453,26100805734,5,88.69
PUR,456527510,26100805734,00100000003.0000200000088.69,45652751,26100805734,3,88.69
PUR,457460990,26100805734,00100000003.0000200000088.69,45746099,26100805734,3,88.69
PUR,459661600,26100805734,00100000003.0000200000088.69,45966160,26100805734,3,88.69
PUR,462581790,26100805734,00100000002.0000200000088.69,46258179,26100805734,2,88.69
PUR,462581790,26100805734,00100000002.0000200000088.69,46258179,26100805734,2,88.69
PUR,463499420,26100805734,00100000001.0000200000088.69,46349942,26100805734,1,88.69
PUR,463499420,26100805734,00100000002.0000200000088.69,46349942,26100805734,2,88.69
PUR,469680500,26100805734,00100000013.0000200000088.69,46968050,26100805734,13,88.69
PUR,475320060,26100805734,00100000008.0000200000088.69,47532006,26100805734,8,88.69
PUR,475320060,26100805734,00100000008.0000200000088.69,47532006,26100805734,8,88.69
PUR,475320060,26100805734,00100000001.0000200000088.69,47532006,26100805734,1,88.69
PUR,475563000,26100805734,00100000003.0000200000088.69,47556300,26100805734,3,88.69
PUR,475825290,26100805734,00100000001.0000200000088.69,47582529,26100805734,1,88.69
PUR,475832210,26100805734,00100000030.0000200000088.69,47583221,26100805734,30,88.69
PUR,479462360,26100805734,00100000002.0000200000088.69,47946236,26100805734,2,88.69
PUR,483953390,26100805734,00100000120.0000200000088.69,48395339,26100805734,60,88.69
PUR,483953390,26100805734,00100000060.0000200000088.69,48395339,26100805734,120,88.69
PUR,492000100,26100805734,00100000004.0000200000088.69,49200010,26100805734,4,88.69
PUR,493687870,26100805734,00100000003.0000200000088.69,49368787,26100805734,3,88.69
PUR,498802770,26100805734,00100000002.0000200000088.69,49880277,26100805734,2,88.69
PUR,498871440,26100805734,00100000002.0000200000088.69,49887144,26100805734,2,88.69
PUR,506769600,26100805734,00100000090.0000200000088.69,50676960,26100805734,90,88.69
PUR,506769600,26100805734,00100000240.0000200000088.69,50676960,26100805734,240,88.69
PUR,506769600,26100805734,00100000090.0000200000088.69,50676960,26100805734,90,88.69
PUR,568409000,26100805734,00100000006.0000200000088.69,56840900,26100805734,6,88.69
PUR,620945150,26100805734,00100000002.0000200000088.69,62094515,26100805734,2,88.69
PUR,631826140,26100805734,00100000002.0000200000088.69,63182614,26100805734,2,88.69
PUR,664187670,26100805734,00100000002.0000200000088.69,66418767,26100805734,2,88.69
PUR,681455260,26100805734,00100000006.0000200000088.69,68145526,26100805734,6,88.69
PUR,684500330,26100805734,00100000006.0000200000088.69,68450033,26100805734,6,88.69
PUR,684819690,26100805734,00100000006.0000200000088.69,68481969,26100805734,6,88.69
PUR,684819690,26100805734,00100000002.0000200000088.69,68481969,26100805734,2,88.69
PUR,694228790,26100805734,00100000001.0000200000088.69,69422879,26100805734,1,88.69
PUR,696388200,26100805734,00100000002.0000200000088.69,69638820,26100805734,2,88.69
PUR,724650000,26100805734,00100000001.0000200000088.69,72465000,26100805734,1,88.69
PUR,728118800,26100805734,00100000004.0000200000088.69,72811880,26100805734,4,88.69
PUR,778677100,26100805734,00100000014.0000200000088.69,77867710,26100805734,14,88.69
PUR,821573340,26100805734,00100000002.0000200000088.69,82157334,26100805734,2,88.69
PUR,821573340,26100805734,00100000002.0000200000088.69,82157334,26100805734,2,88.69
PUR,825752440,26100805734,00100000002.0000200000088.69,82575244,26100805734,2,88.69
PUR,827124430,26100805734,00100000010.0000200000088.69,82712443,26100805734,10,88.69
PUR,828960050,26100805734,00100000090.0000200000088.69,82896005,26100805734,90,88.69
PUR,828960050,26100805734,00100000150.0000200000088.69,82896005,26100805734,90,88.69
PUR,828960050,26100805734,00100000090.0000200000088.69,82896005,26100805734,150,88.69
PUR,837337900,26100805734,00100000002.0000200000088.69,83733790,26100805734,2,88.69
PUR,856794310,26100805734,00100000002.0000200000088.69,85679431,26100805734,2,88.69
PUR,876844440,26100805734,00100000002.0000200000088.69,87684444,26100805734,2,88.69
PUR,883455700,26100805734,00100000120.0000200000088.69,88345570,26100805734,-1,88.69
PUR,883455700,26100805734,00100000090.0000200000088.69,88345570,26100805734,1,88.69
PUR,883455700,26100805734,00100000001.0000200000088.69,88345570,26100805734,90,88.69
PUR,883455700,26100805734,001-0000001.0000200000088.69,88345570,26100805734,120,88.69
PUR,892794410,26100805734,00100000002.0000200000088.69,89279441,26100805734,2,88.69
PUR,900888400,26100805734,00100000006.0000200000088.69,90088840,26100805734,6,88.69
PUR,203930900,26100805758,00100000001.0000200000088.69,20393090,26100805758,1,88.69
PUR,233467040,26100805758,00100000001.0000200000088.69,23346704,26100805758,1,88.69
PUR,246542900,26100805758,00100000002.0000200000088.69,24654290,26100805758,2,88.69
PUR,380068720,26100805758,00100000002.0000200000088.69,38006872,26100805758,2,88.69
PUR,423600220,26100805758,00100000002.0000200000088.69,42360022,26100805758,2,88.69
PUR,424454930,26100805758,00100000003.0000200000088.69,42445493,26100805758,3,88.69
PUR,427146780,26100805758,00100000001.0000200000088.69,42714678,26100805758,1,88.69
PUR,428607120,26100805758,00100000001.0000200000088.69,42860712,26100805758,3,88.69
PUR,428607120,26100805758,00100000003.0000200000088.69,42860712,26100805758,1,88.69
PUR,428622860,26100805758,00100000006.0000200000088.69,42862286,26100805758,10,88.69
PUR,428622860,26100805758,00100000010.0000200000088.69,42862286,26100805758,6,88.69
PUR,429285180,26100805758,00100000004.0000200000088.69,42928518,26100805758,4,88.69
PUR,434300830,26100805758,00100000004.0000200000088.69,43430083,26100805758,4,88.69
PUR,436207440,26100805758,00100000002.0000200000088.69,43620744,26100805758,2,88.69
PUR,444724370,26100805758,00100000002.0000200000088.69,44472437,26100805758,2,88.69
PUR,444724370,26100805758,00100000002.0000200000088.69,44472437,26100805758,2,88.69
PUR,445361840,26100805758,00100000004.0000200000088.69,44536184,26100805758,4,88.69
PUR,450830300,26100805758,00100000020.0000200000088.69,45083030,26100805758,20,88.69
PUR,450978990,26100805758,00100000002.0000200000088.69,45097899,26100805758,2,88.69
PUR,452404420,26100805758,00100000002.0000200000088.69,45240442,26100805758,2,88.69
PUR,454939710,26100805758,00100000003.0000200000088.69,45493971,26100805758,12,88.69
PUR,454939710,26100805758,00100000012.0000200000088.69,45493971,26100805758,3,88.69
PUR,456514530,26100805758,00100000008.0000200000088.69,45651453,26100805758,8,88.69
PUR,456527510,26100805758,00100000005.0000200000088.69,45652751,26100805758,5,88.69
PUR,457460990,26100805758,00100000003.0000200000088.69,45746099,26100805758,3,88.69
PUR,459661600,26100805758,00100000004.0000200000088.69,45966160,26100805758,4,88.69
PUR,462581790,26100805758,00100000002.0000200000088.69,46258179,26100805758,2,88.69
PUR,462581790,26100805758,00100000002.0000200000088.69,46258179,26100805758,2,88.69
PUR,463499420,26100805758,00100000002.0000200000088.69,46349942,26100805758,2,88.69
PUR,463499420,26100805758,00100000004.0000200000088.69,46349942,26100805758,4,88.69
PUR,469680500,26100805758,00100000018.0000200000088.69,46968050,26100805758,18,88.69
PUR,471689760,26100805758,00100000002.0000200000088.69,47168976,26100805758,2,88.69
PUR,475320060,26100805758,00100000003.0000200000088.69,47532006,26100805758,8,88.69
PUR,475320060,26100805758,00100000001.0000200000088.69,47532006,26100805758,3,88.69
PUR,475320060,26100805758,00100000008.0000200000088.69,47532006,26100805758,1,88.69
PUR,475563000,26100805758,00100000004.0000200000088.69,47556300,26100805758,4,88.69
PUR,475825290,26100805758,00100000001.0000200000088.69,47582529,26100805758,1,88.69
PUR,475832210,26100805758,00100000030.0000200000088.69,47583221,26100805758,30,88.69
PUR,479462360,26100805758,00100000004.0000200000088.69,47946236,26100805758,4,88.69
PUR,483953390,26100805758,00100000030.0000200000088.69,48395339,26100805758,30,88.69
PUR,483953390,26100805758,00100000030.0000200000088.69,48395339,26100805758,30,88.69
PUR,488331420,26100805758,00100000002.0000200000088.69,48833142,26100805758,2,88.69
PUR,492000100,26100805758,00100000007.0000200000088.69,49200010,26100805758,7,88.69
PUR,498802770,26100805758,00100000002.0000200000088.69,49880277,26100805758,2,88.69
PUR,498871440,26100805758,00100000003.0000200000088.69,49887144,26100805758,3,88.69
PUR,506769600,26100805758,00100000060.0000200000088.69,50676960,26100805758,60,88.69
PUR,506769600,26100805758,00100000060.0000200000088.69,50676960,26100805758,60,88.69
PUR,506769600,26100805758,00100000030.0000200000088.69,50676960,26100805758,30,88.69
PUR,536320400,26100805758,00100000001.0000200000088.69,53632040,26100805758,1,88.69
PUR,568409000,26100805758,00100000006.0000200000088.69,56840900,26100805758,6,88.69
PUR,620945150,26100805758,00100000002.0000200000088.69,62094515,26100805758,2,88.69
PUR,620945160,26100805758,00100000001.0000200000088.69,62094516,26100805758,1,88.69
PUR,631826140,26100805758,00100000002.0000200000088.69,63182614,26100805758,2,88.69
PUR,664187670,26100805758,00100000004.0000200000088.69,66418767,26100805758,4,88.69
PUR,681455260,26100805758,00100000006.0000200000088.69,68145526,26100805758,6,88.69
PUR,684500330,26100805758,00100000004.0000200000088.69,68450033,26100805758,4,88.69
PUR,684819690,26100805758,00100000005.0000200000088.69,68481969,26100805758,5,88.69
PUR,684819690,26100805758,00100000005.0000200000088.69,68481969,26100805758,5,88.69
PUR,694228790,26100805758,00100000001.0000200000088.69,69422879,26100805758,1,88.69
PUR,696388200,26100805758,00100000004.0000200000088.69,69638820,26100805758,4,88.69
PUR,724650000,26100805758,00100000002.0000200000088.69,72465000,26100805758,2,88.69
PUR,728118800,26100805758,00100000005.0000200000088.69,72811880,26100805758,5,88.69
PUR,821573340,26100805758,00100000003.0000200000088.69,82157334,26100805758,3,88.69
PUR,821573340,26100805758,00100000003.0000200000088.69,82157334,26100805758,3,88.69
PUR,825752440,26100805758,00100000003.0000200000088.69,82575244,26100805758,4,88.69
PUR,825752440,26100805758,00100000004.0000200000088.69,82575244,26100805758,3,88.69
PUR,827124430,26100805758,00100000009.0000200000088.69,82712443,26100805758,9,88.69
PUR,828960050,26100805758,00100000030.0000200000088.69,82896005,26100805758,30,88.69
PUR,828960050,26100805758,00100000060.0000200000088.69,82896005,26100805758,30,88.69
PUR,828960050,26100805758,00100000030.0000200000088.69,82896005,26100805758,60,88.69
PUR,832944070,26100805758,00100000002.0000200000088.69,83294407,26100805758,2,88.69
PUR,837337900,26100805758,00100000006.0000200000088.69,83733790,26100805758,6,88.69
PUR,854655800,26100805758,00100000002.0000200000088.69,85465580,26100805758,2,88.69
PUR,856794310,26100805758,00100000003.0000200000088.69,85679431,26100805758,3,88.69
PUR,866424890,26100805758,00100000001.0000200000088.69,86642489,26100805758,1,88.69
PUR,876844440,26100805758,00100000002.0000200000088.69,87684444,26100805758,2,88.69
PUR,883455700,26100805758,00100000030.0000200000088.69,88345570,26100805758,-1,88.69
PUR,883455700,26100805758,00100000030.0000200000088.69,88345570,26100805758,1,88.69
PUR,883455700,26100805758,001-0000001.0000200000088.69,88345570,26100805758,30,88.69
PUR,883455700,26100805758,00100000001.0000200000088.69,88345570,26100805758,30,88.69
PUR,892794410,26100805758,00100000002.0000200000088.69,89279441,26100805758,2,88.69
PUR,900888400,26100805758,00100000007.0000200000088.69,90088840,26100805758,7,88.69
PUR,986900100,26100805758,00100000002.0000200000088.69,98690010,26100805758,2,88.69
PUR,230950950,26100805765,00100000001.0000200000088.69,23095095,26100805765,1,88.69
PUR,434300830,26100805765,00100000001.0000200000088.69,43430083,26100805765,1,88.69
PUR,434316420,26100805765,00100000001.0000200000088.69,43431642,26100805765,1,88.69
PUR,459661600,26100805765,00100000001.0000200000088.69,45966160,26100805765,1,88.69
PUR,462903600,26100805765,00100000001.0000200000088.69,46290360,26100805765,1,88.69
PUR,469680500,26100805765,00100000002.0000200000088.69,46968050,26100805765,2,88.69
PUR,492000100,26100805765,00100000001.0000200000088.69,49200010,26100805765,1,88.69
PUR,568409000,26100805765,00100000001.0000200000088.69,56840900,26100805765,1,88.69
PUR,664187670,26100805765,00100000001.0000200000088.69,66418767,26100805765,1,88.69
PUR,821573340,26100805765,00100000001.0000200000088.69,82157334,26100805765,1,88.69
PUR,252622600,26100805772,00100000001.0000200000088.69,25262260,26100805772,1,88.69
PUR,424454930,26100805772,00100000002.0000200000088.69,42445493,26100805772,2,88.69
PUR,428607120,26100805772,00100000001.0000200000088.69,42860712,26100805772,1,88.69
PUR,428622860,26100805772,00100000004.0000200000088.69,42862286,26100805772,2,88.69
PUR,428622860,26100805772,00100000002.0000200000088.69,42862286,26100805772,4,88.69
PUR,429285180,26100805772,00100000002.0000200000088.69,42928518,26100805772,2,88.69
PUR,434300830,26100805772,00100000002.0000200000088.69,43430083,26100805772,2,88.69
PUR,434316420,26100805772,00100000003.0000200000088.69,43431642,26100805772,3,88.69
PUR,445361840,26100805772,00100000004.0000200000088.69,44536184,26100805772,4,88.69
PUR,450830300,26100805772,00100000010.0000200000088.69,45083030,26100805772,10,88.69
PUR,450978990,26100805772,00100000001.0000200000088.69,45097899,26100805772,1,88.69
PUR,452404420,26100805772,00100000001.0000200000088.69,45240442,26100805772,1,88.69
PUR,454939710,26100805772,00100000002.0000200000088.69,45493971,26100805772,1,88.69
PUR,454939710,26100805772,00100000001.0000200000088.69,45493971,26100805772,2,88.69
PUR,456514530,26100805772,00100000001.0000200000088.69,45651453,26100805772,1,88.69
PUR,459661600,26100805772,00100000002.0000200000088.69,45966160,26100805772,2,88.69
PUR,462581790,26100805772,00100000002.0000200000088.69,46258179,26100805772,2,88.69
PUR,462581790,26100805772,00100000001.0000200000088.69,46258179,26100805772,1,88.69
PUR,463499420,26100805772,00100000001.0000200000088.69,46349942,26100805772,1,88.69
PUR,469680500,26100805772,00100000003.0000200000088.69,46968050,26100805772,3,88.69
PUR,475320060,26100805772,00100000001.0000200000088.69,47532006,26100805772,1,88.69
PUR,475563000,26100805772,00100000002.0000200000088.69,47556300,26100805772,2,88.69
PUR,492000100,26100805772,00100000002.0000200000088.69,49200010,26100805772,2,88.69
PUR,496350050,26100805772,00100000001.0000200000088.69,49635005,26100805772,1,88.69
PUR,568409000,26100805772,00100000002.0000200000088.69,56840900,26100805772,2,88.69
PUR,664187670,26100805772,00100000002.0000200000088.69,66418767,26100805772,2,88.69
PUR,684500330,26100805772,00100000001.0000200000088.69,68450033,26100805772,1,88.69
PUR,684819690,26100805772,00100000001.0000200000088.69,68481969,26100805772,1,88.69
PUR,684819690,26100805772,00100000002.0000200000088.69,68481969,26100805772,2,88.69
PUR,696388200,26100805772,00100000001.0000200000088.69,69638820,26100805772,1,88.69
PUR,778677100,26100805772,00100000003.0000200000088.69,77867710,26100805772,3,88.69
PUR,821573340,26100805772,00100000001.0000200000088.69,82157334,26100805772,1,88.69
PUR,825752440,26100805772,00100000001.0000200000088.69,82575244,26100805772,1,88.69
PUR,832944070,26100805772,00100000002.0000200000088.69,83294407,26100805772,2,88.69
PUR,854655800,26100805772,00100000001.0000200000088.69,85465580,26100805772,1,88.69
PUR,856794310,26100805772,00100000002.0000200000088.69,85679431,26100805772,2,88.69
PUR,876844440,26100805772,00100000001.0000200000088.69,87684444,26100805772,1,88.69
PUR,900888400,26100805772,00100000002.0000200000088.69,90088840,26100805772,2,88.69
PUR,246542900,26100805789,00100000001.0000200000088.69,24654290,26100805789,1,88.69
PUR,252622600,26100805789,00100000004.0000200000088.69,25262260,26100805789,2,88.69
PUR,252622600,26100805789,00100000002.0000200000088.69,25262260,26100805789,4,88.69
PUR,424454930,26100805789,00100000005.0000200000088.69,42445493,26100805789,5,88.69
PUR,428607120,26100805789,00100000001.0000200000088.69,42860712,26100805789,1,88.69
PUR,428622860,26100805789,00100000002.0000200000088.69,42862286,26100805789,2,88.69
PUR,428622860,26100805789,00100000002.0000200000088.69,42862286,26100805789,2,88.69
PUR,429285180,26100805789,00100000002.0000200000088.69,42928518,26100805789,2,88.69
PUR,434300830,26100805789,00100000002.0000200000088.69,43430083,26100805789,2,88.69
PUR,434316420,26100805789,00100000001.0000200000088.69,43431642,26100805789,1,88.69
PUR,445361840,26100805789,00100000004.0000200000088.69,44536184,26100805789,4,88.69
PUR,449974800,26100805789,00100000001.0000200000088.69,44997480,26100805789,1,88.69
PUR,450830300,26100805789,00100000010.0000200000088.69,45083030,26100805789,10,88.69
PUR,452404420,26100805789,00100000001.0000200000088.69,45240442,26100805789,1,88.69
PUR,454939710,26100805789,00100000002.0000200000088.69,45493971,26100805789,2,88.69
PUR,456514530,26100805789,00100000001.0000200000088.69,45651453,26100805789,1,88.69
PUR,456527510,26100805789,00100000001.0000200000088.69,45652751,26100805789,1,88.69
PUR,459661600,26100805789,00100000002.0000200000088.69,45966160,26100805789,2,88.69
PUR,462581790,26100805789,00100000001.0000200000088.69,46258179,26100805789,1,88.69
PUR,462903600,26100805789,00100000001.0000200000088.69,46290360,26100805789,1,88.69
PUR,463499420,26100805789,00100000001.0000200000088.69,46349942,26100805789,1,88.69
PUR,469680500,26100805789,00100000009.0000200000088.69,46968050,26100805789,9,88.69
PUR,471689760,26100805789,00100000005.0000200000088.69,47168976,26100805789,5,88.69
PUR,475563000,26100805789,00100000001.0000200000088.69,47556300,26100805789,1,88.69
PUR,488331420,26100805789,00100000001.0000200000088.69,48833142,26100805789,1,88.69
PUR,492000100,26100805789,00100000002.0000200000088.69,49200010,26100805789,2,88.69
PUR,496350050,26100805789,00100000001.0000200000088.69,49635005,26100805789,1,88.69
PUR,568409000,26100805789,00100000002.0000200000088.69,56840900,26100805789,2,88.69
PUR,664187670,26100805789,00100000002.0000200000088.69,66418767,26100805789,2,88.69
PUR,684500330,26100805789,00100000002.0000200000088.69,68450033,26100805789,2,88.69
PUR,684819690,26100805789,00100000002.0000200000088.69,68481969,26100805789,2,88.69
PUR,684819690,26100805789,00100000001.0000200000088.69,68481969,26100805789,1,88.69
PUR,696388200,26100805789,00100000002.0000200000088.69,69638820,26100805789,2,88.69
PUR,728118800,26100805789,00100000001.0000200000088.69,72811880,26100805789,1,88.69
PUR,778677100,26100805789,00100000003.0000200000088.69,77867710,26100805789,3,88.69
PUR,821573340,26100805789,00100000001.0000200000088.69,82157334,26100805789,1,88.69
PUR,821573340,26100805789,00100000001.0000200000088.69,82157334,26100805789,1,88.69
PUR,827124430,26100805789,00100000001.0000200000088.69,82712443,26100805789,1,88.69
PUR,832944070,26100805789,00100000002.0000200000088.69,83294407,26100805789,2,88.69
PUR,854655800,26100805789,00100000001.0000200000088.69,85465580,26100805789,1,88.69
PUR,856794310,26100805789,00100000002.0000200000088.69,85679431,26100805789,2,88.69
PUR,876844440,26100805789,00100000001.0000200000088.69,87684444,26100805789,1,88.69
PUR,981434300,26100805789,00100000003.0000200000088.69,98143430,26100805789,3,88.69
PUR,230950950,26100805802,00100000001.0000200000088.69,23095095,26100805802,1,88.69
PUR,230950950,26100805833,00100000001.0000200000088.69,23095095,26100805833,1,88.69
PUR,664187670,26100805833,00100000001.0000200000088.69,66418767,26100805833,1,88.69
PUR,827124430,26100805833,00100000001.0000200000088.69,82712443,26100805833,1,88.69
PUR,252622600,26100806564,00100000001.0000200000079.99,25262260,26100806564,1,79.99
PUR,462903600,26100806564,00100000001.0000200000079.99,46290360,26100806564,1,79.99
PUR,620945160,26100806564,00100000002.0000200000079.99,62094516,26100806564,2,79.99
PUR,696388200,26100806564,00100000001.0000200000079.99,69638820,26100806564,1,79.99
PUR,821573340,26100806564,00100000001.0000200000079.99,82157334,26100806564,1,79.99
PUR,434300830,26100806571,00100000001.0000200000079.99,43430083,26100806571,1,79.99
PUR,469680500,26100806571,00100000001.0000200000079.99,46968050,26100806571,1,79.99
PUR,821573340,26100806571,00100000002.0000200000079.99,82157334,26100806571,2,79.99
PUR,246542900,26100806601,00100000001.0000200000079.99,24654290,26100806601,1,79.99
PUR,463499420,26100806618,00100000001.0000200000079.99,46349942,26100806618,1,79.99
PUR,696388200,26100806618,00100000001.0000200000079.99,69638820,26100806618,1,79.99
PUR,821573340,26100806618,00100000001.0000200000079.99,82157334,26100806618,1,79.99
PUR,462903600,26100806687,00100000001.0000200000088.69,46290360,26100806687,1,88.69
PUR,469680500,26100806687,00100000001.0000200000088.69,46968050,26100806687,1,88.69
PUR,475320060,26100806687,00100000001.0000200000088.69,47532006,26100806687,1,88.69
PUR,496350050,26100806687,00100000001.0000200000088.69,49635005,26100806687,1,88.69
PUR,536320400,26100806687,00100000001.0000200000088.69,53632040,26100806687,1,88.69
PUR,897720720,26100806687,00100000001.0000200000088.69,89772072,26100806687,1,88.69
PUR,252622600,26100806700,00100000002.0000200000088.69,25262260,26100806700,2,88.69
PUR,444724370,26100806700,00100000001.0000200000088.69,44472437,26100806700,1,88.69
PUR,568409000,26100806700,00100000001.0000200000088.69,56840900,26100806700,1,88.69
PUR,631826140,26100806700,00100000003.0000200000088.69,63182614,26100806700,3,88.69
PUR,821573340,26100806700,00100000001.0000200000088.69,82157334,26100806700,1,88.69
PUR,897720720,26100806700,00100000001.0000200000088.69,89772072,26100806700,1,88.69
PUR,246542900,27200011162,00100000001.0000200000124.59,24654290,27200011162,1,124.59
PUR,450978990,27200011179,00100000001.0000200000124.59,45097899,27200011179,1,124.59
PUR,696388200,27200011179,00100000001.0000200000124.59,69638820,27200011179,1,124.59
PUR,252622600,27200018512,00100000001.0000200000078.49,25262260,27200018512,1,78.49
PUR,451221770,27200018512,00100000002.0000200000078.49,45122177,27200018512,2,78.49
PUR,620945160,27200018512,00100000002.0000200000078.49,62094516,27200018512,2,78.49
PUR,821573340,27200018512,00100000001.0000200000078.49,82157334,27200018512,1,78.49
PUR,536320400,27200018543,00100000001.0000200000078.49,53632040,27200018543,1,78.49
PUR,854655800,27200018543,00100000001.0000200000078.49,85465580,27200018543,1,78.49
PUR,986900100,27200018543,00100000002.0000200000078.49,98690010,27200018543,2,78.49
PUR,270566600,27200018628,00100000003.0000200000078.49,27056660,27200018628,3,78.49
PUR,536320400,27200018628,00100000001.0000200000078.49,53632040,27200018628,1,78.49
PUR,434300830,27200018659,00100000001.0000200000078.49,43430083,27200018659,1,78.49
PUR,451221770,27200018659,00100000002.0000200000078.49,45122177,27200018659,2,78.49
PUR,463499420,27200018659,00100000001.0000200000078.49,46349942,27200018659,1,78.49
PUR,496354480,27200018659,00100000002.0000200000078.49,49635448,27200018659,2,78.49
PUR,827124430,27200018659,00100000001.0000200000078.49,82712443,27200018659,1,78.49
PUR,252622600,27200018673,00100000001.0000200000078.49,25262260,27200018673,1,78.49
PUR,451221770,27200018673,00100000002.0000200000078.49,45122177,27200018673,2,78.49
PUR,429285180,27200205905,00100000001.0000200000062.29,42928518,27200205905,1,62.29
PUR,428607120,27200205936,00100000001.0000200000062.29,42860712,27200205936,1,62.29
PUR,429285180,27200205936,00100000001.0000200000062.29,42928518,27200205936,1,62.29
PUR,428607120,27200205967,00100000001.0000200000062.29,42860712,27200205967,1,62.29
PUR,429285180,27200205967,00100000001.0000200000062.29,42928518,27200205967,1,62.29
PUR,696388200,27200207008,00100000001.0000200000124.59,69638820,27200207008,1,124.59
PUR,429285180,27200207022,00100000001.0000200000124.59,42928518,27200207022,1,124.59
PUR,664187670,27200207022,00100000001.0000200000124.59,66418767,27200207022,1,124.59
PUR,428607120,27200209514,00100000001.0000200000062.29,42860712,27200209514,1,62.29
PUR,429285180,27200209514,00100000001.0000200000062.29,42928518,27200209514,1,62.29
PUR,429285180,27200209545,00100000001.0000200000062.29,42928518,27200209545,1,62.29
PUR,428478790,27200209576,00100000001.0000200000062.29,42847879,27200209576,1,62.29
PUR,428607120,27200209576,00100000001.0000200000062.29,42860712,27200209576,1,62.29
PUR,429285180,27200209576,00100000001.0000200000062.29,42928518,27200209576,1,62.29
PUR,620945160,27200209576,00100000001.0000200000062.29,62094516,27200209576,1,62.29
PUR,469680500,27200347247,00100000001.0000200000078.49,46968050,27200347247,1,78.49
PUR,684819690,27200347278,00100000001.0000200000078.49,68481969,27200347278,1,78.49
PUR,728118800,27200347278,00100000001.0000200000078.49,72811880,27200347278,1,78.49
PUR,469680500,27200347308,00100000001.0000200000078.49,46968050,27200347308,1,78.49
PUR,696388200,27200347308,00100000001.0000200000078.49,69638820,27200347308,1,78.49
PUR,991198200,27200347308,00100000001.0000200000078.49,99119820,27200347308,1,78.49
PUR,991198200,27200731459,00100000001.0000200000078.49,99119820,27200731459,1,78.49
PUR,424454930,27200731527,00100000002.0000200000078.49,42445493,27200731527,2,78.49
PUR,449974800,27200731527,00100000001.0000200000078.49,44997480,27200731527,1,78.49
PUR,825752440,27200731527,00100000001.0000200000078.49,82575244,27200731527,1,78.49
PUR,854655800,27200731527,00100000001.0000200000078.49,85465580,27200731527,1,78.49
PUR,991198200,27200731527,00100000001.0000200000078.49,99119820,27200731527,1,78.49
PUR,456514530,28052020128,00100000001.0000200000115.69,45651453,28052020128,1,115.69
PUR,428478790,28200126405,00100000001.0000200000081.59,42847879,28200126405,1,81.59
PUR,475317140,28200126405,00100000002.0000200000081.59,47531714,28200126405,2,81.59
PUR,445361840,28200130303,00100000001.0000200000084.69,44536184,28200130303,1,84.69
PUR,487335470,28200130303,00100000001.0000200000084.69,48733547,28200130303,1,84.69
PUR,496350050,28200130303,00100000001.0000200000084.69,49635005,28200130303,1,84.69
PUR,536320400,28200130303,00100000001.0000200000084.69,53632040,28200130303,1,84.69
PUR,568409000,28200130303,00100000001.0000200000084.69,56840900,28200130303,1,84.69
PUR,821573340,28200130303,00100000001.0000200000084.69,82157334,28200130303,1,84.69
PUR,437144430,28200132307,00100000001.0000200000084.69,43714443,28200132307,1,84.69
PUR,445361840,28200132307,00100000001.0000200000084.69,44536184,28200132307,1,84.69
PUR,463499420,28200132307,00100000001.0000200000084.69,46349942,28200132307,1,84.69
PUR,469680500,28200132307,00100000001.0000200000084.69,46968050,28200132307,1,84.69
PUR,496350050,28200132307,00100000001.0000200000084.69,49635005,28200132307,1,84.69
PUR,821573340,28200132307,00100000001.0000200000084.69,82157334,28200132307,1,84.69
PUR,203930900,28200135704,00100000003.0000200000081.59,20393090,28200135704,3,81.59
PUR,232013900,28200135704,00100000018.0000200000081.59,23201390,28200135704,18,81.59
PUR,246542900,28200135704,00100000002.0000200000081.59,24654290,28200135704,2,81.59
PUR,252356130,28200135704,00100000003.0000200000081.59,25235613,28200135704,3,81.59
PUR,252622600,28200135704,00100000006.0000200000081.59,25262260,28200135704,6,81.59
PUR,270566600,28200135704,00100000002.0000200000081.59,27056660,28200135704,2,81.59
PUR,427146780,28200135704,00100000002.0000200000081.59,42714678,28200135704,2,81.59
PUR,427237420,28200135704,00100000001.0000200000081.59,42723742,28200135704,1,81.59
PUR,428607120,28200135704,00100000001.0000200000081.59,42860712,28200135704,1,81.59
PUR,429634300,28200135704,00100000006.0000200000081.59,42963430,28200135704,6,81.59
PUR,434300830,28200135704,00100000001.0000200000081.59,43430083,28200135704,1,81.59
PUR,450978990,28200135704,00100000003.0000200000081.59,45097899,28200135704,3,81.59
PUR,456527510,28200135704,00100000002.0000200000081.59,45652751,28200135704,2,81.59
PUR,459661600,28200135704,00100000005.0000200000081.59,45966160,28200135704,5,81.59
PUR,462581790,28200135704,00100000001.0000200000081.59,46258179,28200135704,1,81.59
PUR,463499420,28200135704,00100000001.0000200000081.59,46349942,28200135704,1,81.59
PUR,469680500,28200135704,00100000002.0000200000081.59,46968050,28200135704,2,81.59
PUR,471689760,28200135704,00100000003.0000200000081.59,47168976,28200135704,3,81.59
PUR,475317140,28200135704,00100000001.0000200000081.59,47531714,28200135704,1,81.59
PUR,475320060,28200135704,00100000001.0000200000081.59,47532006,28200135704,1,81.59
PUR,475320060,28200135704,00100000003.0000200000081.59,47532006,28200135704,3,81.59
PUR,487335470,28200135704,00100000003.0000200000081.59,48733547,28200135704,3,81.59
PUR,492000100,28200135704,00100000001.0000200000081.59,49200010,28200135704,1,81.59
PUR,496350050,28200135704,00100000015.0000200000081.59,49635005,28200135704,15,81.59
PUR,536320400,28200135704,00100000004.0000200000081.59,53632040,28200135704,4,81.59
PUR,568409000,28200135704,00100000002.0000200000081.59,56840900,28200135704,2,81.59
PUR,724650000,28200135704,00100000001.0000200000081.59,72465000,28200135704,1,81.59
PUR,821573340,28200135704,00100000002.0000200000081.59,82157334,28200135704,2,81.59
PUR,821573340,28200135704,00100000003.0000200000081.59,82157334,28200135704,3,81.59
PUR,825752440,28200135704,00100000003.0000200000081.59,82575244,28200135704,3,81.59
PUR,825752440,28200135704,00100000003.0000200000081.59,82575244,28200135704,3,81.59
PUR,827124430,28200135704,00100000002.0000200000081.59,82712443,28200135704,2,81.59
PUR,854655800,28200135704,00100000004.0000200000081.59,85465580,28200135704,4,81.59
PUR,856794310,28200135704,00100000001.0000200000081.59,85679431,28200135704,1,81.59
PUR,232013900,28200136107,00100000002.0000200000084.69,23201390,28200136107,2,84.69
PUR,270566600,28200136107,00100000001.0000200000084.69,27056660,28200136107,1,84.69
PUR,424454930,28200136107,00100000001.0000200000084.69,42445493,28200136107,1,84.69
PUR,450978990,28200136107,00100000001.0000200000084.69,45097899,28200136107,1,84.69
PUR,492000100,28200136107,00100000003.0000200000084.69,49200010,28200136107,3,84.69
PUR,496350050,28200136107,00100000002.0000200000084.69,49635005,28200136107,2,84.69
PUR,536320400,28200136107,00100000001.0000200000084.69,53632040,28200136107,1,84.69
PUR,631826140,28200136107,00100000001.0000200000084.69,63182614,28200136107,1,84.69
PUR,696388200,28200136107,00100000001.0000200000084.69,69638820,28200136107,1,84.69
PUR,728118800,28200136107,00100000002.0000200000084.69,72811880,28200136107,2,84.69
PUR,821573340,28200136107,00100000001.0000200000084.69,82157334,28200136107,1,84.69
PUR,888359330,28200136107,00100000001.0000200000084.69,88835933,28200136107,1,84.69
PUR,252622600,28200136305,00100000003.0000200000081.59,25262260,28200136305,3,81.59
PUR,380068720,28200136305,00100000001.0000200000081.59,38006872,28200136305,1,81.59
PUR,427146780,28200136305,00100000001.0000200000081.59,42714678,28200136305,1,81.59
PUR,429285180,28200136305,00100000001.0000200000081.59,42928518,28200136305,1,81.59
PUR,459661600,28200136305,00100000003.0000200000081.59,45966160,28200136305,3,81.59
PUR,463499420,28200136305,00100000001.0000200000081.59,46349942,28200136305,1,81.59
PUR,536320400,28200136305,00100000002.0000200000081.59,53632040,28200136305,2,81.59
PUR,620945160,28200136305,00100000002.0000200000081.59,62094516,28200136305,2,81.59
PUR,631826140,28200136305,00100000001.0000200000081.59,63182614,28200136305,1,81.59
PUR,696388200,28200136305,00100000001.0000200000081.59,69638820,28200136305,1,81.59
PUR,724650000,28200136305,00100000002.0000200000081.59,72465000,28200136305,2,81.59
PUR,821573340,28200136305,00100000001.0000200000081.59,82157334,28200136305,1,81.59
PUR,825752440,28200136305,00100000001.0000200000081.59,82575244,28200136305,1,81.59
PUR,827124430,28200136305,00100000001.0000200000081.59,82712443,28200136305,1,81.59
PUR,832944070,28200136305,00100000001.0000200000081.59,83294407,28200136305,1,81.59
PUR,856794310,28200136305,00100000001.0000200000081.59,85679431,28200136305,1,81.59
PUR,459661600,28200136404,00100000002.0000200000084.69,45966160,28200136404,2,84.69
PUR,469680500,28200136404,00100000001.0000200000084.69,46968050,28200136404,1,84.69
PUR,479462360,28200136404,00100000001.0000200000084.69,47946236,28200136404,1,84.69
PUR,496350050,28200136404,00100000001.0000200000084.69,49635005,28200136404,1,84.69
PUR,631826140,28200136404,00100000001.0000200000084.69,63182614,28200136404,1,84.69
PUR,696388200,28200136404,00100000001.0000200000084.69,69638820,28200136404,1,84.69
PUR,888359330,28200136404,00100000001.0000200000084.69,88835933,28200136404,1,84.69
PUR,479462360,28200136909,00100000001.0000200000081.59,47946236,28200136909,1,81.59
PUR,664187670,28200137609,00100000001.0000200000084.69,66418767,28200137609,1,84.69
PUR,821573340,28200137609,00100000001.0000200000084.69,82157334,28200137609,1,84.69
PUR,825752440,28200137609,00100000002.0000200000084.69,82575244,28200137609,2,84.69
PUR,450830300,28200137708,00100000002.0000200000084.69,45083030,28200137708,2,84.69
PUR,203930900,28200138408,00100000006.0000200000081.59,20393090,28200138408,6,81.59
PUR,232013900,28200138408,00100000003.0000200000081.59,23201390,28200138408,3,81.59
PUR,246542900,28200138408,00100000005.0000200000081.59,24654290,28200138408,5,81.59
PUR,252356130,28200138408,00100000006.0000200000081.59,25235613,28200138408,6,81.59
PUR,252622600,28200138408,00100000009.0000200000081.59,25262260,28200138408,9,81.59
PUR,270566600,28200138408,00100000005.0000200000081.59,27056660,28200138408,5,81.59
PUR,423600220,28200138408,00100000002.0000200000081.59,42360022,28200138408,2,81.59
PUR,424454930,28200138408,00100000006.0000200000081.59,42445493,28200138408,6,81.59
PUR,427146780,28200138408,00100000002.0000200000081.59,42714678,28200138408,2,81.59
PUR,427146780,28200138408,00100000003.0000200000081.59,42714678,28200138408,3,81.59
PUR,428607120,28200138408,00100000001.0000200000081.59,42860712,28200138408,1,81.59
PUR,429634300,28200138408,00100000006.0000200000081.59,42963430,28200138408,6,81.59
PUR,436207440,28200138408,00100000001.0000200000081.59,43620744,28200138408,1,81.59
PUR,441924300,28200138408,00100000001.0000200000081.59,44192430,28200138408,1,81.59
PUR,450978990,28200138408,00100000008.0000200000081.59,45097899,28200138408,8,81.59
PUR,456514530,28200138408,00100000023.0000200000081.59,45651453,28200138408,23,81.59
PUR,456527510,28200138408,00100000005.0000200000081.59,45652751,28200138408,5,81.59
PUR,459661600,28200138408,00100000003.0000200000081.59,45966160,28200138408,3,81.59
PUR,463499420,28200138408,00100000002.0000200000081.59,46349942,28200138408,2,81.59
PUR,463499420,28200138408,00100000002.0000200000081.59,46349942,28200138408,2,81.59
PUR,469680500,28200138408,00100000004.0000200000081.59,46968050,28200138408,4,81.59
PUR,475317140,28200138408,00100000001.0000200000081.59,47531714,28200138408,1,81.59
PUR,475320060,28200138408,00100000002.0000200000081.59,47532006,28200138408,8,81.59
PUR,475320060,28200138408,00100000008.0000200000081.59,47532006,28200138408,2,81.59
PUR,475832210,28200138408,00100000001.0000200000081.59,47583221,28200138408,1,81.59
PUR,479462360,28200138408,00100000004.0000200000081.59,47946236,28200138408,4,81.59
PUR,492000100,28200138408,00100000006.0000200000081.59,49200010,28200138408,6,81.59
PUR,492991000,28200138408,00100000003.0000200000081.59,49299100,28200138408,3,81.59
PUR,496350050,28200138408,00100000017.0000200000081.59,49635005,28200138408,17,81.59
PUR,506769600,28200138408,00100000030.0000200000080.17,50676960,28200138408,30,80.17
PUR,536320400,28200138408,00100000006.0000200000081.59,53632040,28200138408,6,81.59
PUR,568409000,28200138408,00100000002.0000200000081.59,56840900,28200138408,2,81.59
PUR,620945160,28200138408,00100000010.0000200000081.59,62094516,28200138408,10,81.59
PUR,631826140,28200138408,00100000004.0000200000081.59,63182614,28200138408,4,81.59
PUR,657432800,28200138408,00100000001.0000200000081.59,65743280,28200138408,1,81.59
PUR,662428300,28200138408,00100000240.0000200000080.17,66242830,28200138408,240,80.17
PUR,664187670,28200138408,00100000003.0000200000081.59,66418767,28200138408,3,81.59
PUR,684819690,28200138408,00100000002.0000200000081.59,68481969,28200138408,2,81.59
PUR,724650000,28200138408,00100000001.0000200000081.59,72465000,28200138408,1,81.59
PUR,778677100,28200138408,00100000001.0000200000081.59,77867710,28200138408,2,81.59
PUR,778677100,28200138408,00100000002.0000200000081.59,77867710,28200138408,1,81.59
PUR,821573340,28200138408,00100000010.0000200000081.59,82157334,28200138408,10,81.59
PUR,821573340,28200138408,00100000006.0000200000081.59,82157334,28200138408,6,81.59
PUR,825752440,28200138408,00100000010.0000200000081.59,82575244,28200138408,10,81.59
PUR,827124430,28200138408,00100000004.0000200000081.59,82712443,28200138408,4,81.59
PUR,832944070,28200138408,00100000002.0000200000081.59,83294407,28200138408,2,81.59
PUR,854655800,28200138408,00100000005.0000200000081.59,85465580,28200138408,5,81.59
PUR,856794310,28200138408,00100000002.0000200000081.59,85679431,28200138408,2,81.59
PUR,876844440,28200138408,00100000001.0000200000081.59,87684444,28200138408,1,81.59
PUR,888359330,28200138408,00100000009.0000200000081.59,88835933,28200138408,9,81.59
PUR,892794410,28200138408,00100000001.0000200000081.59,89279441,28200138408,1,81.59
PUR,986900100,28200138408,00100000003.0000200000081.59,98690010,28200138408,3,81.59
PUR,987876280,28200138408,00100000002.0000200000081.59,98787628,28200138408,2,81.59
PUR,991198200,28200138408,00100000001.0000200000081.59,99119820,28200138408,1,81.59
PUR,232013900,28200138606,00100000001.0000200000081.59,23201390,28200138606,1,81.59
PUR,451221770,28200138606,00100000002.0000200000081.59,45122177,28200138606,2,81.59
PUR,821573340,28200138606,00100000001.0000200000081.59,82157334,28200138606,1,81.59
PUR,832944070,28200138606,00100000001.0000200000081.59,83294407,28200138606,1,81.59
PUR,856794310,28200138606,00100000001.0000200000081.59,85679431,28200138606,1,81.59
PUR,252622600,28200140104,00100000002.0000200000084.69,25262260,28200140104,2,84.69
PUR,427237420,28200140104,00100000001.0000200000084.69,42723742,28200140104,1,84.69
PUR,450830300,28200140104,00100000001.0000200000084.69,45083030,28200140104,1,84.69
PUR,459661600,28200140104,00100000002.0000200000084.69,45966160,28200140104,2,84.69
PUR,465496500,28200140104,00100000001.0000200000084.69,46549650,28200140104,1,84.69
PUR,469680500,28200140104,00100000001.0000200000084.69,46968050,28200140104,1,84.69
PUR,487335470,28200140104,00100000001.0000200000084.69,48733547,28200140104,1,84.69
PUR,496350050,28200140104,00100000002.0000200000084.69,49635005,28200140104,2,84.69
PUR,620945160,28200140104,00100000002.0000200000084.69,62094516,28200140104,2,84.69
PUR,728118800,28200140104,00100000001.0000200000084.69,72811880,28200140104,1,84.69
PUR,821573340,28200140104,00100000001.0000200000084.69,82157334,28200140104,1,84.69
PUR,827124430,28200140104,00100000001.0000200000084.69,82712443,28200140104,1,84.69
PUR,832944070,28200140104,00100000001.0000200000084.69,83294407,28200140104,1,84.69
PUR,882323360,28200140104,00100000001.0000200000084.69,88232336,28200140104,1,84.69
PUR,246542900,28200142207,00100000001.0000200000081.59,24654290,28200142207,1,81.59
PUR,252622600,28200142207,00100000002.0000200000081.59,25262260,28200142207,2,81.59
PUR,427146780,28200142207,00100000002.0000200000081.59,42714678,28200142207,2,81.59
PUR,438952590,28200142207,00100000001.0000200000081.59,43895259,28200142207,1,81.59
PUR,443714290,28200142207,00100000001.0000200000081.59,44371429,28200142207,1,81.59
PUR,463499420,28200142207,00100000001.0000200000081.59,46349942,28200142207,1,81.59
PUR,469680500,28200142207,00100000002.0000200000081.59,46968050,28200142207,2,81.59
PUR,471689760,28200142207,00100000003.0000200000081.59,47168976,28200142207,3,81.59
PUR,475317140,28200142207,00100000001.0000200000081.59,47531714,28200142207,1,81.59
PUR,536320400,28200142207,00100000001.0000200000081.59,53632040,28200142207,1,81.59
PUR,620945160,28200142207,00100000002.0000200000081.59,62094516,28200142207,2,81.59
PUR,696388200,28200142207,00100000001.0000200000081.59,69638820,28200142207,1,81.59
PUR,821573340,28200142207,00100000001.0000200000081.59,82157334,28200142207,1,81.59
PUR,825752440,28200142207,00100000001.0000200000081.59,82575244,28200142207,1,81.59
PUR,888359330,28200142207,00100000008.0000200000081.59,88835933,28200142207,8,81.59
PUR,475317140,28200142306,00100000001.0000200000081.59,47531714,28200142306,1,81.59
PUR,536320400,28200142306,00100000001.0000200000081.59,53632040,28200142306,1,81.59
PUR,620945160,28200142306,00100000002.0000200000081.59,62094516,28200142306,2,81.59
PUR,664187670,28200142306,00100000001.0000200000081.59,66418767,28200142306,1,81.59
PUR,696388200,28200142306,00100000002.0000200000081.59,69638820,28200142306,2,81.59
PUR,821573340,28200142306,00100000001.0000200000081.59,82157334,28200142306,1,81.59
PUR,821573340,28200142306,00100000001.0000200000081.59,82157334,28200142306,1,81.59
PUR,825752440,28200142306,00100000001.0000200000081.59,82575244,28200142306,1,81.59
PUR,203930900,28200146502,00100000001.0000200000081.59,20393090,28200146502,1,81.59
PUR,252356130,28200146502,00100000006.0000200000081.59,25235613,28200146502,6,81.59
PUR,380068720,28200146502,00100000001.0000200000081.59,38006872,28200146502,1,81.59
PUR,428607120,28200146502,00100000001.0000200000081.59,42860712,28200146502,1,81.59
PUR,429997390,28200146502,00100000001.0000200000081.59,42999739,28200146502,1,81.59
PUR,434300830,28200146502,00100000001.0000200000081.59,43430083,28200146502,1,81.59
PUR,437144430,28200146502,00100000002.0000200000081.59,43714443,28200146502,2,81.59
PUR,450830300,28200146502,00100000002.0000200000081.59,45083030,28200146502,2,81.59
PUR,456514530,28200146502,00100000002.0000200000081.59,45651453,28200146502,2,81.59
PUR,459661600,28200146502,00100000005.0000200000081.59,45966160,28200146502,5,81.59
PUR,469680500,28200146502,00100000001.0000200000081.59,46968050,28200146502,1,81.59
PUR,479462360,28200146502,00100000001.0000200000081.59,47946236,28200146502,1,81.59
PUR,487335470,28200146502,00100000001.0000200000081.59,48733547,28200146502,1,81.59
PUR,492000100,28200146502,00100000002.0000200000081.59,49200010,28200146502,2,81.59
PUR,496350050,28200146502,00100000002.0000200000081.59,49635005,28200146502,2,81.59
PUR,536320400,28200146502,00100000003.0000200000081.59,53632040,28200146502,3,81.59
PUR,631826140,28200146502,00100000003.0000200000081.59,63182614,28200146502,3,81.59
PUR,662428300,28200146502,00100000120.0000200000080.17,66242830,28200146502,120,80.17
PUR,724650000,28200146502,00100000002.0000200000081.59,72465000,28200146502,2,81.59
PUR,821573340,28200146502,00100000001.0000200000081.59,82157334,28200146502,1,81.59
PUR,825752440,28200146502,00100000002.0000200000081.59,82575244,28200146502,2,81.59
PUR,827124430,28200146502,00100000002.0000200000081.59,82712443,28200146502,2,81.59
PUR,832944070,28200146502,00100000001.0000200000081.59,83294407,28200146502,1,81.59
PUR,854655800,28200146502,00100000001.0000200000081.59,85465580,28200146502,1,81.59
PUR,876844440,28200146502,00100000001.0000200000081.59,87684444,28200146502,1,81.59
PUR,882323360,28200146502,00100000001.0000200000081.59,88232336,28200146502,1,81.59
PUR,427237420,28200147103,00100000001.0000200000084.69,42723742,28200147103,1,84.69
PUR,459661600,28200147103,00100000002.0000200000084.69,45966160,28200147103,2,84.69
PUR,463499420,28200147103,00100000001.0000200000084.69,46349942,28200147103,1,84.69
PUR,631826140,28200147103,00100000001.0000200000084.69,63182614,28200147103,1,84.69
PUR,827124430,28200147103,00100000001.0000200000084.69,82712443,28200147103,1,84.69
PUR,832944070,28200147103,00100000002.0000200000084.69,83294407,28200147103,2,84.69
PUR,252622600,28200147707,00100000002.0000200000081.59,25262260,28200147707,2,81.59
PUR,424454930,28200147707,00100000004.0000200000081.59,42445493,28200147707,4,81.59
PUR,429285180,28200147707,00100000001.0000200000081.59,42928518,28200147707,1,81.59
PUR,450978990,28200147707,00100000002.0000200000081.59,45097899,28200147707,2,81.59
PUR,456527510,28200147707,00100000002.0000200000081.59,45652751,28200147707,2,81.59
PUR,463499420,28200147707,00100000001.0000200000081.59,46349942,28200147707,1,81.59
PUR,463499420,28200147707,00100000001.0000200000081.59,46349942,28200147707,1,81.59
PUR,467022200,28200147707,00100000001.0000200000081.59,46702220,28200147707,1,81.59
PUR,479462360,28200147707,00100000001.0000200000081.59,47946236,28200147707,1,81.59
PUR,487335470,28200147707,00100000004.0000200000081.59,48733547,28200147707,4,81.59
PUR,492000100,28200147707,00100000001.0000200000081.59,49200010,28200147707,1,81.59
PUR,536320400,28200147707,00100000001.0000200000081.59,53632040,28200147707,1,81.59
PUR,620945150,28200147707,00100000002.0000200000081.59,62094515,28200147707,2,81.59
PUR,620945160,28200147707,00100000006.0000200000081.59,62094516,28200147707,6,81.59
PUR,662428300,28200147707,00100000060.0000200000080.17,66242830,28200147707,60,80.17
PUR,696388200,28200147707,00100000001.0000200000081.59,69638820,28200147707,1,81.59
PUR,821573340,28200147707,00100000002.0000200000081.59,82157334,28200147707,2,81.59
PUR,825752440,28200147707,00100000002.0000200000081.59,82575244,28200147707,1,81.59
PUR,825752440,28200147707,00100000001.0000200000081.59,82575244,28200147707,2,81.59
PUR,832944070,28200147707,00100000002.0000200000081.59,83294407,28200147707,2,81.59
PUR,854655800,28200147707,00100000002.0000200000081.59,85465580,28200147707,2,81.59
PUR,856794310,28200147707,00100000002.0000200000081.59,85679431,28200147707,2,81.59
PUR,876844440,28200147707,00100000002.0000200000081.59,87684444,28200147707,2,81.59
PUR,445361840,28200147806,00100000001.0000200000081.59,44536184,28200147806,1,81.59
PUR,463499420,28200147806,00100000002.0000200000081.59,46349942,28200147806,1,81.59
PUR,463499420,28200147806,00100000001.0000200000081.59,46349942,28200147806,2,81.59
PUR,469680500,28200147806,00100000001.0000200000081.59,46968050,28200147806,1,81.59
PUR,487335470,28200147806,00100000001.0000200000081.59,48733547,28200147806,1,81.59
PUR,536320400,28200147806,00100000001.0000200000081.59,53632040,28200147806,1,81.59
PUR,565306600,28200147806,00100000002.0000200000081.59,56530660,28200147806,2,81.59
PUR,568409000,28200147806,00100000001.0000200000081.59,56840900,28200147806,1,81.59
PUR,821573340,28200147806,00100000001.0000200000081.59,82157334,28200147806,1,81.59
PUR,821573340,28200147806,00100000001.0000200000081.59,82157334,28200147806,1,81.59
PUR,832944070,28200147806,00100000001.0000200000081.59,83294407,28200147806,1,81.59
PUR,427146780,28200148100,00100000001.0000200000084.69,42714678,28200148100,1,84.69
PUR,825752440,28200148100,00100000002.0000200000084.69,82575244,28200148100,2,84.69
PUR,827124430,28200148100,00100000001.0000200000084.69,82712443,28200148100,1,84.69
PUR,854655800,28200148100,00100000001.0000200000084.69,85465580,28200148100,1,84.69
PUR,246542900,28200148506,00100000001.0000200000084.69,24654290,28200148506,1,84.69
PUR,492000100,28200148506,00100000001.0000200000084.69,49200010,28200148506,1,84.69
PUR,825752440,28200148506,00100000002.0000200000084.69,82575244,28200148506,2,84.69
PUR,827124430,28200148506,00100000001.0000200000084.69,82712443,28200148506,1,84.69
PUR,821573340,28200156501,00100000001.0000200000081.59,82157334,28200156501,1,81.59
PUR,821573340,28200156501,00100000001.0000200000081.59,82157334,28200156501,1,81.59
PUR,459661600,28200156808,00100000001.0000200000081.59,45966160,28200156808,1,81.59
PUR,454939710,28200172365,00100000001.0000200000109.99,45493971,28200172365,1,109.99
PUR,492000100,28200172365,00100000002.0000200000109.99,49200010,28200172365,2,109.99
PUR,778677100,28200172365,00100000001.0000200000109.99,77867710,28200172365,1,109.99
PUR,825752440,28200172808,00100000001.0000200000109.99,82575244,28200172808,1,109.99
PUR,981434300,28200172907,00100000001.0000200000109.99,98143430,28200172907,1,109.99
PUR,434300830,28200173003,00100000001.0000200000109.99,43430083,28200173003,1,109.99
PUR,620945160,28200173300,00100000002.0000200000097.09,62094516,28200173300,2,97.09
PUR,922755600,28200173409,00100000001.0000200000097.09,92275560,28200173409,1,97.09
PUR,536320400,28200173508,00100000001.0000200000097.09,53632040,28200173508,1,97.09
PUR,620945160,28200173508,00100000001.0000200000097.09,62094516,28200173508,1,97.09
PUR,696388200,28200173508,00100000001.0000200000097.09,69638820,28200173508,1,97.09
PUR,684819690,28200173904,00100000001.0000200000097.09,68481969,28200173904,1,97.09
PUR,696388200,28200174307,00100000001.0000200000097.09,69638820,28200174307,1,97.09
PUR,825752440,28200174307,00100000001.0000200000097.09,82575244,28200174307,1,97.09
PUR,210569400,28200174406,00100000001.0000200000097.09,21056940,28200174406,1,97.09
PUR,536320400,28200174406,00100000001.0000200000097.09,53632040,28200174406,1,97.09
PUR,696388200,28200174406,00100000001.0000200000097.09,69638820,28200174406,1,97.09
PUR,620945160,28200177209,00100000002.0000200000097.09,62094516,28200177209,2,97.09
PUR,457460990,28200177407,00100000001.0000200000097.09,45746099,28200177407,1,97.09
PUR,252622600,28200177506,00100000001.0000200000097.09,25262260,28200177506,1,97.09
PUR,456527510,28200177803,00100000001.0000200000097.09,45652751,28200177803,1,97.09
PUR,620945160,28200177803,00100000002.0000200000097.09,62094516,28200177803,2,97.09
PUR,696388200,28200177803,00100000002.0000200000097.09,69638820,28200177803,2,97.09
PUR,821573340,28200177803,00100000001.0000200000097.09,82157334,28200177803,1,97.09
PUR,888359330,28200177803,00100000001.0000200000097.09,88835933,28200177803,1,97.09
PUR,210569400,28200178404,00100000002.0000200000096.09,21056940,28200178404,2,96.09
PUR,456527510,28200178404,00100000002.0000200000096.09,45652751,28200178404,2,96.09
PUR,457460990,28200178404,00100000001.0000200000096.09,45746099,28200178404,1,96.09
PUR,469680500,28200178404,00100000001.0000200000096.09,46968050,28200178404,1,96.09
PUR,487335470,28200178404,00100000004.0000200000096.09,48733547,28200178404,4,96.09
PUR,488331420,28200178404,00100000001.0000200000096.09,48833142,28200178404,1,96.09
PUR,492000100,28200178404,00100000003.0000200000096.09,49200010,28200178404,3,96.09
PUR,496350050,28200178404,00100000004.0000200000096.09,49635005,28200178404,4,96.09
PUR,821573340,28200178404,00100000001.0000200000096.09,82157334,28200178404,1,96.09
PUR,821573340,28200178404,00100000002.0000200000096.09,82157334,28200178404,2,96.09
PUR,437144430,28200178701,00100000002.0000200000096.09,43714443,28200178701,2,96.09
PUR,456527510,28200179104,001-0000002.0000200000096.09,45652751,28200179104,2,96.09
PUR,456527510,28200179104,00100000002.0000200000096.09,45652751,28200179104,-2,96.09
PUR,469680500,28200179104,00100000001.0000200000096.09,46968050,28200179104,1,96.09
PUR,496350050,28200179104,00100000004.0000200000096.09,49635005,28200179104,4,96.09
PUR,456514530,28200179203,00100000001.0000200000096.09,45651453,28200179203,1,96.09
PUR,456527510,28200181503,00100000002.0000200000096.09,45652751,28200181503,2,96.09
PUR,427146780,28200193506,00100000001.0000200000084.69,42714678,28200193506,1,84.69
PUR,620945160,28200193506,00100000002.0000200000084.69,62094516,28200193506,2,84.69
PUR,825752440,28200193506,00100000001.0000200000084.69,82575244,28200193506,1,84.69
PUR,825752440,28200193506,00100000001.0000200000084.69,82575244,28200193506,1,84.69
PUR,843181440,28200193506,00100000002.0000200000084.69,84318144,28200193506,2,84.69
PUR,475320060,28200194909,00100000002.0000200000084.69,47532006,28200194909,2,84.69
PUR,825752440,28200194909,00100000001.0000200000084.69,82575244,28200194909,1,84.69
PUR,252356130,28200195203,00100000003.0000200000081.59,25235613,28200195203,3,81.59
PUR,252622600,28200195203,00100000002.0000200000081.59,25262260,28200195203,2,81.59
PUR,427146780,28200195203,00100000002.0000200000081.59,42714678,28200195203,2,81.59
PUR,427146780,28200195203,00100000001.0000200000081.59,42714678,28200195203,1,81.59
PUR,459661600,28200195203,00100000004.0000200000081.59,45966160,28200195203,4,81.59
PUR,471689760,28200195203,00100000003.0000200000081.59,47168976,28200195203,3,81.59
PUR,487335470,28200195203,00100000001.0000200000081.59,48733547,28200195203,1,81.59
PUR,496350050,28200195203,00100000016.0000200000081.59,49635005,28200195203,16,81.59
PUR,536320400,28200195203,00100000004.0000200000081.59,53632040,28200195203,4,81.59
PUR,620945160,28200195203,00100000002.0000200000081.59,62094516,28200195203,2,81.59
PUR,664187670,28200195203,00100000001.0000200000081.59,66418767,28200195203,1,81.59
PUR,696388200,28200195203,00100000002.0000200000081.59,69638820,28200195203,2,81.59
PUR,821573340,28200195203,00100000002.0000200000081.59,82157334,28200195203,2,81.59
PUR,821573340,28200195203,00100000002.0000200000081.59,82157334,28200195203,2,81.59
PUR,825752440,28200195203,00100000003.0000200000081.59,82575244,28200195203,3,81.59
PUR,825752440,28200195203,00100000002.0000200000081.59,82575244,28200195203,2,81.59
PUR,854655800,28200195203,00100000002.0000200000081.59,85465580,28200195203,2,81.59
PUR,888359330,28200195203,00100000003.0000200000081.59,88835933,28200195203,3,81.59
PUR,252356130,28200195302,00100000003.0000200000081.59,25235613,28200195302,3,81.59
PUR,427146780,28200195302,00100000001.0000200000081.59,42714678,28200195302,1,81.59
PUR,445361840,28200195302,00100000001.0000200000081.59,44536184,28200195302,1,81.59
PUR,459661600,28200195302,00100000005.0000200000081.59,45966160,28200195302,5,81.59
PUR,496350050,28200195302,00100000004.0000200000081.59,49635005,28200195302,4,81.59
PUR,536320400,28200195302,00100000003.0000200000081.59,53632040,28200195302,3,81.59
PUR,620945160,28200195302,00100000002.0000200000081.59,62094516,28200195302,2,81.59
PUR,684819690,28200195302,00100000001.0000200000081.59,68481969,28200195302,1,81.59
PUR,696388200,28200195302,00100000002.0000200000081.59,69638820,28200195302,2,81.59
PUR,821573340,28200195302,00100000001.0000200000081.59,82157334,28200195302,1,81.59
PUR,821573340,28200195302,00100000001.0000200000081.59,82157334,28200195302,1,81.59
PUR,825752440,28200195302,00100000002.0000200000081.59,82575244,28200195302,2,81.59
PUR,888359330,28200195302,00100000003.0000200000081.59,88835933,28200195302,3,81.59
PUR,246542900,28200195401,00100000001.0000200000084.69,24654290,28200195401,1,84.69
PUR,252356130,28200195401,00100000003.0000200000084.69,25235613,28200195401,3,84.69
PUR,393683900,28200195401,00100000001.0000200000084.69,39368390,28200195401,1,84.69
PUR,427146780,28200195401,00100000002.0000200000084.69,42714678,28200195401,2,84.69
PUR,459661600,28200195401,00100000001.0000200000084.69,45966160,28200195401,1,84.69
PUR,463499420,28200195401,00100000001.0000200000084.69,46349942,28200195401,1,84.69
PUR,469680500,28200195401,00100000001.0000200000084.69,46968050,28200195401,1,84.69
PUR,696388200,28200195401,00100000001.0000200000084.69,69638820,28200195401,1,84.69
PUR,821573340,28200195401,00100000002.0000200000084.69,82157334,28200195401,1,84.69
PUR,821573340,28200195401,00100000001.0000200000084.69,82157334,28200195401,2,84.69
PUR,825752440,28200195401,00100000001.0000200000084.69,82575244,28200195401,1,84.69
PUR,455413480,28200195807,00100000001.0000200000097.09,45541348,28200195807,1,97.09
PUR,455413480,28200195807,001-0000001.0000200000097.09,45541348,28200195807,-1,97.09
PUR,660856760,28200195807,00100000001.0000200000097.09,66085676,28200195807,1,97.09
PUR,232013900,28200196200,00100000001.0000200000084.69,23201390,28200196200,1,84.69
PUR,246542900,28200196200,00100000002.0000200000084.69,24654290,28200196200,2,84.69
PUR,424454930,28200196200,00100000002.0000200000084.69,42445493,28200196200,2,84.69
PUR,479462360,28200196200,00100000001.0000200000084.69,47946236,28200196200,1,84.69
PUR,496350050,28200196200,00100000002.0000200000084.69,49635005,28200196200,2,84.69
PUR,536320400,28200196200,00100000001.0000200000084.69,53632040,28200196200,1,84.69
PUR,620945150,28200196200,00100000001.0000200000084.69,62094515,28200196200,1,84.69
PUR,620945160,28200196200,00100000002.0000200000084.69,62094516,28200196200,2,84.69
PUR,684819690,28200196200,00100000001.0000200000084.69,68481969,28200196200,1,84.69
PUR,728118800,28200196200,00100000001.0000200000084.69,72811880,28200196200,1,84.69
PUR,778677100,28200196200,00100000002.0000200000084.69,77867710,28200196200,2,84.69
PUR,821573340,28200196200,00100000001.0000200000084.69,82157334,28200196200,1,84.69
PUR,232013900,28200196309,00100000001.0000200000081.59,23201390,28200196309,1,81.59
PUR,246542900,28200196309,00100000001.0000200000081.59,24654290,28200196309,1,81.59
PUR,252356130,28200196309,00100000002.0000200000081.59,25235613,28200196309,2,81.59
PUR,450978990,28200196309,00100000001.0000200000081.59,45097899,28200196309,1,81.59
PUR,475320060,28200196309,00100000001.0000200000081.59,47532006,28200196309,1,81.59
PUR,479462360,28200196309,00100000001.0000200000081.59,47946236,28200196309,1,81.59
PUR,496350050,28200196309,00100000001.0000200000081.59,49635005,28200196309,1,81.59
PUR,536320400,28200196309,00100000001.0000200000081.59,53632040,28200196309,1,81.59
PUR,558319600,28200196309,00100000001.0000200000081.59,55831960,28200196309,1,81.59
PUR,620945150,28200196309,00100000002.0000200000081.59,62094515,28200196309,2,81.59
PUR,631826140,28200196309,00100000001.0000200000081.59,63182614,28200196309,1,81.59
PUR,821573340,28200196309,00100000001.0000200000081.59,82157334,28200196309,1,81.59
PUR,821573340,28200196309,00100000001.0000200000081.59,82157334,28200196309,1,81.59
PUR,832944070,28200196309,00100000001.0000200000081.59,83294407,28200196309,1,81.59
PUR,243571750,28200196408,00100000001.0000200000084.69,24357175,28200196408,1,84.69
PUR,252356130,28200196408,00100000003.0000200000084.69,25235613,28200196408,3,84.69
PUR,427146780,28200196408,00100000001.0000200000084.69,42714678,28200196408,1,84.69
PUR,456527510,28200196408,00100000001.0000200000084.69,45652751,28200196408,1,84.69
PUR,536320400,28200196408,00100000001.0000200000084.69,53632040,28200196408,1,84.69
PUR,664187670,28200196408,00100000001.0000200000084.69,66418767,28200196408,1,84.69
PUR,696388200,28200196408,00100000001.0000200000084.69,69638820,28200196408,1,84.69
PUR,821573340,28200196408,00100000001.0000200000084.69,82157334,28200196408,1,84.69
PUR,821573340,28200196408,00100000001.0000200000084.69,82157334,28200196408,1,84.69
PUR,825752440,28200196408,00100000002.0000200000084.69,82575244,28200196408,2,84.69
PUR,832944070,28200196408,00100000001.0000200000084.69,83294407,28200196408,1,84.69
PUR,888359330,28200196408,00100000002.0000200000084.69,88835933,28200196408,2,84.69
PUR,232013900,28200196507,00100000001.0000200000081.59,23201390,28200196507,1,81.59
PUR,246542900,28200196507,00100000001.0000200000081.59,24654290,28200196507,1,81.59
PUR,338678100,28200196507,00100000001.0000200000081.59,33867810,28200196507,1,81.59
PUR,423600220,28200196507,00100000001.0000200000081.59,42360022,28200196507,1,81.59
PUR,469680500,28200196507,00100000001.0000200000081.59,46968050,28200196507,1,81.59
PUR,496350050,28200196507,00100000004.0000200000081.59,49635005,28200196507,4,81.59
PUR,536320400,28200196507,00100000002.0000200000081.59,53632040,28200196507,2,81.59
PUR,664078500,28200196507,00100000001.0000200000081.59,66407850,28200196507,1,81.59
PUR,696388200,28200196507,00100000002.0000200000081.59,69638820,28200196507,2,81.59
PUR,825752440,28200196507,00100000001.0000200000081.59,82575244,28200196507,1,81.59
PUR,986900100,28200196507,00100000001.0000200000081.59,98690010,28200196507,1,81.59
PUR,825752440,28200303615,00100000002.0000200000088.19,82575244,28200303615,2,88.19
PUR,620945150,28200303714,00100000002.0000200000088.19,62094515,28200303714,2,88.19
PUR,825752440,28200303714,00100000005.0000200000088.19,82575244,28200303714,5,88.19
PUR,825752440,28200304018,00100000006.0000200000088.19,82575244,28200304018,6,88.19
PUR,428478790,28200304216,00100000001.0000200000088.19,42847879,28200304216,1,88.19
PUR,825752440,28200304216,00100000002.0000200000088.19,82575244,28200304216,2,88.19
PUR,620945150,28200304315,00100000001.0000200000088.19,62094515,28200304315,1,88.19
PUR,825752440,28200304315,00100000005.0000200000088.19,82575244,28200304315,5,88.19
PUR,825752440,28200304513,00100000002.0000200000088.19,82575244,28200304513,2,88.19
PUR,788805500,28200304612,00100000001.0000200000088.19,78880550,28200304612,1,88.19
PUR,825752440,28200304612,00100000005.0000200000088.19,82575244,28200304612,5,88.19
PUR,825752440,28200304810,00100000001.0000200000088.19,82575244,28200304810,1,88.19
PUR,620945150,28200305312,00100000002.0000200000088.19,62094515,28200305312,2,88.19
PUR,825752440,28200305312,00100000001.0000200000088.19,82575244,28200305312,1,88.19
PUR,252622600,28200309815,00100000001.0000200000080.59,25262260,28200309815,1,80.59
PUR,496350050,28200309815,00100000002.0000200000080.59,49635005,28200309815,2,80.59
PUR,536320400,28200309815,00100000001.0000200000080.59,53632040,28200309815,1,80.59
PUR,496350050,28200309914,00100000001.0000200000080.59,49635005,28200309914,1,80.59
PUR,620945160,28200309914,00100000002.0000200000080.59,62094516,28200309914,2,80.59
PUR,492000100,28200310019,00100000001.0000200000080.59,49200010,28200310019,1,80.59
PUR,496350050,28200310019,00100000004.0000200000080.59,49635005,28200310019,4,80.59
PUR,696388200,28200310019,00100000001.0000200000080.59,69638820,28200310019,1,80.59
PUR,821573340,28200310019,00100000002.0000200000080.59,82157334,28200310019,2,80.59
PUR,825752440,28200310019,00100000002.0000200000080.59,82575244,28200310019,2,80.59
PUR,825752440,28200310019,00100000002.0000200000080.59,82575244,28200310019,2,80.59
PUR,496350050,28200310217,00100000004.0000200000080.59,49635005,28200310217,4,80.59
PUR,252622600,28200310316,00100000001.0000200000080.59,25262260,28200310316,1,80.59
PUR,450830300,28200310316,00100000001.0000200000080.59,45083030,28200310316,1,80.59
PUR,456527510,28200310316,00100000001.0000200000080.59,45652751,28200310316,1,80.59
PUR,469680500,28200310316,00100000001.0000200000080.59,46968050,28200310316,1,80.59
PUR,496350050,28200310316,00100000001.0000200000080.59,49635005,28200310316,1,80.59
PUR,568409000,28200310316,00100000001.0000200000080.59,56840900,28200310316,1,80.59
PUR,821573340,28200310316,00100000001.0000200000080.59,82157334,28200310316,1,80.59
PUR,825752440,28200310316,00100000001.0000200000080.59,82575244,28200310316,1,80.59
PUR,450830300,28200310415,00100000001.0000200000080.59,45083030,28200310415,1,80.59
PUR,496350050,28200310415,00100000001.0000200000080.59,49635005,28200310415,1,80.59
PUR,536320400,28200310415,00100000001.0000200000080.59,53632040,28200310415,1,80.59
PUR,620945160,28200310415,00100000002.0000200000080.59,62094516,28200310415,2,80.59
PUR,696388200,28200310415,00100000001.0000200000080.59,69638820,28200310415,1,80.59
PUR,821573340,28200310415,00100000001.0000200000080.59,82157334,28200310415,1,80.59
PUR,825752440,28200310415,00100000001.0000200000080.59,82575244,28200310415,1,80.59
PUR,620945160,28200314017,00100000002.0000200000080.59,62094516,28200314017,2,80.59
PUR,203930900,28200317711,00100000003.0000200000081.59,20393090,28200317711,3,81.59
PUR,246542900,28200317711,00100000002.0000200000081.59,24654290,28200317711,2,81.59
PUR,450978990,28200317711,00100000002.0000200000081.59,45097899,28200317711,2,81.59
PUR,456527510,28200317711,00100000001.0000200000081.59,45652751,28200317711,1,81.59
PUR,459661600,28200317711,00100000001.0000200000081.59,45966160,28200317711,1,81.59
PUR,463499420,28200317711,00100000001.0000200000081.59,46349942,28200317711,1,81.59
PUR,469680500,28200317711,00100000001.0000200000081.59,46968050,28200317711,1,81.59
PUR,475320060,28200317711,00100000008.0000200000081.59,47532006,28200317711,8,81.59
PUR,475320060,28200317711,00100000001.0000200000081.59,47532006,28200317711,1,81.59
PUR,487335470,28200317711,00100000001.0000200000081.59,48733547,28200317711,1,81.59
PUR,492000100,28200317711,00100000001.0000200000081.59,49200010,28200317711,1,81.59
PUR,496350050,28200317711,00100000003.0000200000081.59,49635005,28200317711,3,81.59
PUR,536320400,28200317711,00100000002.0000200000081.59,53632040,28200317711,2,81.59
PUR,568409000,28200317711,00100000002.0000200000081.59,56840900,28200317711,2,81.59
PUR,631826140,28200317711,00100000002.0000200000081.59,63182614,28200317711,2,81.59
PUR,684819690,28200317711,00100000001.0000200000081.59,68481969,28200317711,1,81.59
PUR,821573340,28200317711,00100000001.0000200000081.59,82157334,28200317711,1,81.59
PUR,888359330,28200317711,00100000001.0000200000081.59,88835933,28200317711,1,81.59
PUR,986900100,28200317711,00100000016.0000200000081.59,98690010,28200317711,16,81.59
PUR,456527510,28200330611,00100000001.0000200000084.69,45652751,28200330611,1,84.69
PUR,496350050,28200330611,00100000001.0000200000084.69,49635005,28200330611,1,84.69
PUR,427146780,28200334817,00100000001.0000200000081.59,42714678,28200334817,1,81.59
PUR,427146780,28200334817,00100000001.0000200000081.59,42714678,28200334817,1,81.59
PUR,496350050,28200334817,00100000002.0000200000081.59,49635005,28200334817,2,81.59
PUR,536320400,28200334817,00100000001.0000200000081.59,53632040,28200334817,1,81.59
PUR,620945150,28200334817,00100000005.0000200000081.59,62094515,28200334817,5,81.59
PUR,632023000,28200334817,00100000002.0000200000081.59,63202300,28200334817,2,81.59
PUR,821573340,28200334817,00100000001.0000200000081.59,82157334,28200334817,1,81.59
PUR,854655800,28200334817,00100000003.0000200000081.59,85465580,28200334817,3,81.59
PUR,496350050,28200334916,00100000001.0000200000081.59,49635005,28200334916,1,81.59
PUR,476584350,31700233788,00100000002.0000200000018.99,47658435,31700233788,2,18.99
PUR,825752440,31700233894,00100000001.0000200000021.99,82575244,31700233894,1,21.99
PUR,856794310,31700233894,00100000001.0000200000021.99,85679431,31700233894,1,21.99
PUR,877090420,31700233894,00100000001.0000200000021.99,87709042,31700233894,1,21.99
PUR,981434300,31700233894,00100000001.0000200000021.99,98143430,31700233894,1,21.99
PUR,474108400,31700234211,00100000001.0000200000021.99,47410840,31700234211,1,21.99
PUR,664268530,31700234211,00100000001.0000200000021.99,66426853,31700234211,1,21.99
PUR,774030300,31700234211,00100000001.0000200000021.99,77403030,31700234211,1,21.99
PUR,981434300,31700234211,00100000002.0000200000021.99,98143430,31700234211,2,21.99
PUR,830301780,31700234853,00100000001.0000200000014.99,83030178,31700234853,1,14.99
PUR,437754050,31700234860,00100000001.0000200000014.99,43775405,31700234860,1,14.99
PUR,476584350,31700234860,00100000002.0000200000014.99,47658435,31700234860,2,14.99
PUR,788782300,31700234860,00100000002.0000200000014.99,78878230,31700234860,2,14.99
PUR,981434300,31700234860,00100000001.0000200000014.99,98143430,31700234860,1,14.99
PUR,436207440,31700234877,001-0000001.0000200000014.99,43620744,31700234877,-1,14.99
PUR,475320060,31700234877,00100000002.0000200000014.99,47532006,31700234877,2,14.99
PUR,476584350,31700234877,00100000002.0000200000014.99,47658435,31700234877,2,14.99
PUR,981434300,31700234877,00100000001.0000200000014.99,98143430,31700234877,1,14.99
PUR,788782300,31700234884,00100000001.0000200000014.99,78878230,31700234884,1,14.99
PUR,981434300,31700234884,00100000001.0000200000014.99,98143430,31700234884,1,14.99
PUR,424317860,31700235614,00100000002.0000200000015.49,42431786,31700235614,2,15.49
PUR,475188380,31700235614,00100000002.0000200000015.49,47518838,31700235614,2,15.49
PUR,693810650,31700236154,00100000001.0000200000015.49,69381065,31700236154,1,15.49
PUR,839874690,31700236154,00100000001.0000200000015.49,83987469,31700236154,1,15.49
PUR,512833000,31700236208,00100000001.0000200000018.99,51283300,31700236208,1,18.99
PUR,338678100,31700236239,00100000003.0000200000023.99,33867810,31700236239,3,23.99
PUR,424454930,31700236239,00100000003.0000200000023.99,42445493,31700236239,3,23.99
PUR,444724370,31700236239,00100000001.0000200000023.99,44472437,31700236239,1,23.99
PUR,465496500,31700236239,00100000001.0000200000023.99,46549650,31700236239,1,23.99
PUR,476584350,31700236239,00100000002.0000200000023.99,47658435,31700236239,2,23.99
PUR,491828000,31700236239,00100000001.0000200000023.99,49182800,31700236239,1,23.99
PUR,559141700,31700236239,00100000001.0000200000023.99,55914170,31700236239,1,23.99
PUR,739654900,31700236239,00100000001.0000200000023.99,73965490,31700236239,1,23.99
PUR,922755600,31700236239,00100000001.0000200000023.99,92275560,31700236239,1,23.99
PUR,981434300,31700236239,00100000002.0000200000023.99,98143430,31700236239,2,23.99
PUR,476584350,31700236246,00100000002.0000200000023.99,47658435,31700236246,2,23.99
PUR,476584350,31700236253,00100000002.0000200000023.99,47658435,31700236253,2,23.99
PUR,476584350,31700236260,00100000002.0000200000023.99,47658435,31700236260,2,23.99
PUR,476584350,31700236277,00100000001.0000200000023.99,47658435,31700236277,1,23.99
PUR,476584350,31700236284,00100000002.0000200000023.99,47658435,31700236284,2,23.99
PUR,476584350,31700236567,00100000001.0000200000023.99,47658435,31700236567,1,23.99
PUR,424317860,31700236611,00100000002.0000200000015.29,42431786,31700236611,2,15.29
PUR,427237420,31700236611,00100000001.0000200000015.29,42723742,31700236611,1,15.29
PUR,434316420,31700236611,00100000001.0000200000015.29,43431642,31700236611,1,15.29
PUR,450830300,31700236611,00100000001.0000200000015.29,45083030,31700236611,1,15.29
PUR,454939710,31700236611,00100000001.0000200000015.29,45493971,31700236611,1,15.29
PUR,559141700,31700236611,00100000001.0000200000015.29,55914170,31700236611,1,15.29
PUR,830301780,31700236611,00100000001.0000200000015.29,83030178,31700236611,1,15.29
PUR,856794310,31700236611,00100000002.0000200000015.29,85679431,31700236611,2,15.29
PUR,429232310,31700236628,00100000001.0000200000015.29,42923231,31700236628,1,15.29
PUR,450830300,31700236628,00100000001.0000200000015.29,45083030,31700236628,1,15.29
PUR,454939710,31700236628,00100000001.0000200000015.29,45493971,31700236628,1,15.29
PUR,476584350,31700236628,00100000001.0000200000015.29,47658435,31700236628,1,15.29
PUR,559141700,31700236628,00100000001.0000200000015.29,55914170,31700236628,1,15.29
PUR,830301780,31700236628,00100000001.0000200000015.29,83030178,31700236628,1,15.29
PUR,856794310,31700236628,00100000001.0000200000015.29,85679431,31700236628,1,15.29
PUR,460890590,31700236840,00100000001.0000200000015.29,46089059,31700236840,1,15.29
PUR,469680500,31700236840,00100000002.0000200000015.29,46968050,31700236840,2,15.29
PUR,476584350,31700236840,00100000001.0000200000015.29,47658435,31700236840,1,15.29
PUR,485551900,31700236840,00100000002.0000200000015.29,48555190,31700236840,2,15.29
PUR,504320000,31700236840,00100000002.0000200000015.29,50432000,31700236840,2,15.29
PUR,693810650,31700236840,00100000001.0000200000015.29,69381065,31700236840,1,15.29
PUR,778677100,31700236840,00100000001.0000200000015.29,77867710,31700236840,1,15.29
PUR,785950000,31700236840,00100000001.0000200000015.29,78595000,31700236840,1,15.29
PUR,830301780,31700236840,00100000001.0000200000015.29,83030178,31700236840,1,15.29
PUR,839874690,31700236840,00100000001.0000200000015.29,83987469,31700236840,1,15.29
PUR,450830300,31700236864,00100000001.0000200000015.29,45083030,31700236864,1,15.29
PUR,460890590,31700236864,00100000001.0000200000015.29,46089059,31700236864,1,15.29
PUR,476584350,31700236864,00100000001.0000200000015.29,47658435,31700236864,1,15.29
PUR,476584350,31700237410,00100000002.0000200000023.99,47658435,31700237410,2,23.99
PUR,224381000,31700237694,00100000004.0000200000025.99,22438100,31700237694,4,25.99
PUR,240457700,31700237694,00100000001.0000200000025.99,24045770,31700237694,1,25.99
PUR,444724370,31700237694,00100000001.0000200000025.99,44472437,31700237694,1,25.99
PUR,457460990,31700237694,00100000001.0000200000025.99,45746099,31700237694,1,25.99
PUR,467022200,31700237694,00100000001.0000200000025.99,46702220,31700237694,1,25.99
PUR,475320060,31700237694,00100000001.0000200000025.99,47532006,31700237694,1,25.99
PUR,476584350,31700237694,00100000001.0000200000025.99,47658435,31700237694,1,25.99
PUR,559141700,31700237694,00100000002.0000200000025.99,55914170,31700237694,2,25.99
PUR,684500330,31700237694,00100000001.0000200000025.99,68450033,31700237694,1,25.99
PUR,778677100,31700237694,00100000003.0000200000025.99,77867710,31700237694,3,25.99
PUR,830301780,31700237694,00100000001.0000200000025.99,83030178,31700237694,1,25.99
PUR,854655800,31700237694,00100000002.0000200000025.99,85465580,31700237694,2,25.99
PUR,856794310,31700237694,00100000001.0000200000025.99,85679431,31700237694,1,25.99
PUR,877090420,31700237694,00100000001.0000200000025.99,87709042,31700237694,1,25.99
PUR,428478790,31700237700,00100000002.0000200000025.99,42847879,31700237700,2,25.99
PUR,428607120,31700237700,00100000001.0000200000025.99,42860712,31700237700,1,25.99
PUR,437144430,31700237700,00100000002.0000200000025.99,43714443,31700237700,2,25.99
PUR,437754050,31700237700,00100000001.0000200000025.99,43775405,31700237700,1,25.99
PUR,444724370,31700237700,00100000001.0000200000025.99,44472437,31700237700,1,25.99
PUR,446863160,31700237700,00100000002.0000200000025.99,44686316,31700237700,2,25.99
PUR,454939710,31700237700,00100000003.0000200000025.99,45493971,31700237700,3,25.99
PUR,456514530,31700237700,00100000002.0000200000025.99,45651453,31700237700,2,25.99
PUR,460890590,31700237700,00100000001.0000200000025.99,46089059,31700237700,1,25.99
PUR,462581790,31700237700,00100000001.0000200000025.99,46258179,31700237700,1,25.99
PUR,467022200,31700237700,00100000001.0000200000025.99,46702220,31700237700,1,25.99
PUR,475317140,31700237700,00100000002.0000200000025.99,47531714,31700237700,2,25.99
PUR,475320060,31700237700,00100000002.0000200000025.99,47532006,31700237700,2,25.99
PUR,476584350,31700237700,00100000001.0000200000025.99,47658435,31700237700,1,25.99
PUR,559141700,31700237700,00100000002.0000200000025.99,55914170,31700237700,2,25.99
PUR,728118800,31700237700,00100000001.0000200000025.99,72811880,31700237700,1,25.99
PUR,778677100,31700237700,00100000005.0000200000025.99,77867710,31700237700,5,25.99
PUR,785950000,31700237700,00100000003.0000200000025.99,78595000,31700237700,3,25.99
PUR,825752440,31700237700,00100000001.0000200000025.99,82575244,31700237700,1,25.99
PUR,830301780,31700237700,00100000001.0000200000025.99,83030178,31700237700,1,25.99
PUR,856794310,31700237700,00100000001.0000200000025.99,85679431,31700237700,1,25.99
PUR,877090420,31700237700,00100000001.0000200000025.99,87709042,31700237700,1,25.99
PUR,429224030,31700237717,00100000001.0000200000025.99,42922403,31700237717,1,25.99
PUR,446863160,31700237717,00100000001.0000200000025.99,44686316,31700237717,1,25.99
PUR,450830300,31700237717,00100000003.0000200000025.99,45083030,31700237717,3,25.99
PUR,450978990,31700237717,00100000001.0000200000025.99,45097899,31700237717,1,25.99
PUR,469680500,31700237717,00100000001.0000200000025.99,46968050,31700237717,1,25.99
PUR,476584350,31700237717,00100000001.0000200000025.99,47658435,31700237717,1,25.99
PUR,632023000,31700237717,00100000002.0000200000025.99,63202300,31700237717,2,25.99
PUR,785950000,31700237717,00100000001.0000200000025.99,78595000,31700237717,1,25.99
PUR,825752440,31700237717,00100000001.0000200000025.99,82575244,31700237717,1,25.99
PUR,830301780,31700237717,00100000001.0000200000025.99,83030178,31700237717,1,25.99
PUR,832944070,31700237717,00100000003.0000200000025.99,83294407,31700237717,3,25.99
PUR,839874690,31700237717,00100000003.0000200000025.99,83987469,31700237717,3,25.99
PUR,850451290,31700237717,00100000001.0000200000025.99,85045129,31700237717,1,25.99
PUR,877090420,31700237717,00100000001.0000200000025.99,87709042,31700237717,1,25.99
PUR,922755600,31700237717,00100000001.0000200000025.99,92275560,31700237717,1,25.99
PUR,457460990,31700237724,00100000001.0000200000025.99,45746099,31700237724,1,25.99
PUR,460890590,31700237724,00100000001.0000200000025.99,46089059,31700237724,1,25.99
PUR,475188380,31700237724,00100000001.0000200000025.99,47518838,31700237724,1,25.99
PUR,476584350,31700237724,00100000001.0000200000025.99,47658435,31700237724,1,25.99
PUR,487335470,31700237724,00100000001.0000200000025.99,48733547,31700237724,1,25.99
PUR,559141700,31700237724,00100000001.0000200000025.99,55914170,31700237724,1,25.99
PUR,664187670,31700237724,00100000002.0000200000025.99,66418767,31700237724,2,25.99
PUR,684500330,31700237724,00100000001.0000200000025.99,68450033,31700237724,1,25.99
PUR,830301780,31700237724,00100000001.0000200000025.99,83030178,31700237724,1,25.99
PUR,207790800,31700237748,00100000002.0000200000025.99,20779080,31700237748,2,25.99
PUR,429240050,31700237748,00100000001.0000200000025.99,42924005,31700237748,1,25.99
PUR,437754050,31700237748,00100000001.0000200000025.99,43775405,31700237748,1,25.99
PUR,437754050,31700237748,00100000002.0000200000025.99,43775405,31700237748,2,25.99
PUR,446863160,31700237748,00100000001.0000200000025.99,44686316,31700237748,1,25.99
PUR,450830300,31700237748,00100000002.0000200000025.99,45083030,31700237748,2,25.99
PUR,454939710,31700237748,00100000001.0000200000025.99,45493971,31700237748,1,25.99
PUR,456514530,31700237748,00100000001.0000200000025.99,45651453,31700237748,1,25.99
PUR,462581790,31700237748,00100000001.0000200000025.99,46258179,31700237748,1,25.99
PUR,475188380,31700237748,00100000001.0000200000025.99,47518838,31700237748,1,25.99
PUR,475317140,31700237748,00100000002.0000200000025.99,47531714,31700237748,2,25.99
PUR,475320060,31700237748,00100000002.0000200000025.99,47532006,31700237748,2,25.99
PUR,475320060,31700237748,00100000001.0000200000025.99,47532006,31700237748,1,25.99
PUR,476584350,31700237748,00100000001.0000200000025.99,47658435,31700237748,1,25.99
PUR,492000100,31700237748,00100000003.0000200000025.99,49200010,31700237748,3,25.99
PUR,496350050,31700237748,00100000001.0000200000025.99,49635005,31700237748,1,25.99
PUR,559141700,31700237748,00100000002.0000200000025.99,55914170,31700237748,2,25.99
PUR,664187670,31700237748,00100000001.0000200000025.99,66418767,31700237748,1,25.99
PUR,774030300,31700237748,00100000002.0000200000025.99,77403030,31700237748,2,25.99
PUR,778677100,31700237748,00100000003.0000200000025.99,77867710,31700237748,3,25.99
PUR,785950000,31700237748,00100000003.0000200000025.99,78595000,31700237748,3,25.99
PUR,830301780,31700237748,00100000001.0000200000025.99,83030178,31700237748,1,25.99
PUR,832944070,31700237748,00100000001.0000200000025.99,83294407,31700237748,1,25.99
PUR,839874690,31700237748,00100000002.0000200000025.99,83987469,31700237748,2,25.99
PUR,854655800,31700237748,00100000001.0000200000025.99,85465580,31700237748,1,25.99
PUR,856794310,31700237748,00100000001.0000200000025.99,85679431,31700237748,1,25.99
PUR,877090420,31700237748,00100000001.0000200000025.99,87709042,31700237748,1,25.99
PUR,884050130,31700237748,00100000002.0000200000025.99,88405013,31700237748,2,25.99
PUR,922755600,31700237748,00100000002.0000200000025.99,92275560,31700237748,2,25.99
PUR,233467040,31700237755,00100000001.0000200000025.99,23346704,31700237755,1,25.99
PUR,475317140,31700237755,00100000001.0000200000025.99,47531714,31700237755,1,25.99
PUR,785950000,31700237755,00100000002.0000200000025.99,78595000,31700237755,2,25.99
PUR,832944070,31700237755,00100000001.0000200000025.99,83294407,31700237755,1,25.99
PUR,209101900,31700237762,00100000001.0000200000025.99,20910190,31700237762,1,25.99
PUR,455413480,31700237762,00100000001.0000200000025.99,45541348,31700237762,1,25.99
PUR,922755600,31700237762,00100000002.0000200000025.99,92275560,31700237762,2,25.99
PUR,476584350,31700237779,00100000001.0000200000025.99,47658435,31700237779,1,25.99
PUR,664187670,31700237779,00100000001.0000200000025.99,66418767,31700237779,1,25.99
PUR,830301780,31700237779,00100000001.0000200000025.99,83030178,31700237779,1,25.99
PUR,854655800,31700237779,00100000001.0000200000025.99,85465580,31700237779,1,25.99
PUR,877090420,31700237779,00100000001.0000200000025.99,87709042,31700237779,1,25.99
PUR,252622600,31700237786,00100000001.0000200000025.99,25262260,31700237786,1,25.99
PUR,496350050,31700237786,00100000001.0000200000025.99,49635005,31700237786,1,25.99
PUR,774030300,31700237786,00100000001.0000200000025.99,77403030,31700237786,1,25.99
PUR,832944070,31700237786,00100000001.0000200000025.99,83294407,31700237786,1,25.99
PUR,739654900,31700237847,00100000001.0000200000025.99,73965490,31700237847,1,25.99
PUR,774030300,31700237847,00100000001.0000200000025.99,77403030,31700237847,1,25.99
PUR,429240050,31700237861,00100000001.0000200000025.99,42924005,31700237861,1,25.99
PUR,452404420,31700237861,00100000001.0000200000025.99,45240442,31700237861,1,25.99
PUR,476584350,31700237861,00100000001.0000200000025.99,47658435,31700237861,1,25.99
PUR,559141700,31700237861,00100000001.0000200000025.99,55914170,31700237861,1,25.99
PUR,684500330,31700237861,00100000001.0000200000025.99,68450033,31700237861,1,25.99
PUR,774030300,31700237861,00100000001.0000200000025.99,77403030,31700237861,1,25.99
PUR,778677100,31700237885,00100000001.0000200000025.99,77867710,31700237885,1,25.99
PUR,475188380,31700237915,00100000001.0000200000027.99,47518838,31700237915,1,27.99
PUR,496350050,31700237915,00100000001.0000200000027.99,49635005,31700237915,1,27.99
PUR,830301780,31700237915,00100000001.0000200000027.99,83030178,31700237915,1,27.99
PUR,877090420,31700237915,00100000001.0000200000027.99,87709042,31700237915,1,27.99
PUR,981434300,31700237915,00100000001.0000200000027.99,98143430,31700237915,1,27.99
PUR,446863160,31700237922,00100000001.0000200000027.99,44686316,31700237922,1,27.99
PUR,467022200,31700237922,00100000001.0000200000027.99,46702220,31700237922,1,27.99
PUR,475317140,31700237922,00100000002.0000200000027.99,47531714,31700237922,2,27.99
PUR,684500330,31700237922,00100000001.0000200000027.99,68450033,31700237922,1,27.99
PUR,774030300,31700237922,00100000002.0000200000027.99,77403030,31700237922,2,27.99
PUR,856794310,31700237922,00100000001.0000200000027.99,85679431,31700237922,1,27.99
PUR,889011540,31700237922,00100000001.0000200000027.99,88901154,31700237922,1,27.99
PUR,465496500,31700237939,00100000001.0000200000027.99,46549650,31700237939,1,27.99
PUR,469680500,31700237939,00100000001.0000200000027.99,46968050,31700237939,1,27.99
PUR,774030300,31700237939,00100000002.0000200000027.99,77403030,31700237939,2,27.99
PUR,778677100,31700237939,00100000001.0000200000027.99,77867710,31700237939,1,27.99
PUR,856794310,31700237939,00100000001.0000200000027.99,85679431,31700237939,1,27.99
PUR,981434300,31700237939,00100000001.0000200000027.99,98143430,31700237939,1,27.99
PUR,207790800,31700237946,00100000001.0000200000027.99,20779080,31700237946,1,27.99
PUR,230950950,31700237946,00100000001.0000200000027.99,23095095,31700237946,1,27.99
PUR,423600220,31700237946,00100000001.0000200000027.99,42360022,31700237946,1,27.99
PUR,428607120,31700237946,00100000001.0000200000027.99,42860712,31700237946,1,27.99
PUR,434316420,31700237946,00100000001.0000200000027.99,43431642,31700237946,1,27.99
PUR,437754050,31700237946,00100000001.0000200000027.99,43775405,31700237946,1,27.99
PUR,441924300,31700237946,00100000002.0000200000027.99,44192430,31700237946,2,27.99
PUR,450830300,31700237946,00100000003.0000200000027.99,45083030,31700237946,3,27.99
PUR,450978990,31700237946,00100000001.0000200000027.99,45097899,31700237946,1,27.99
PUR,455413480,31700237946,00100000001.0000200000027.99,45541348,31700237946,1,27.99
PUR,456514530,31700237946,00100000001.0000200000027.99,45651453,31700237946,1,27.99
PUR,460890590,31700237946,00100000001.0000200000027.99,46089059,31700237946,1,27.99
PUR,462581790,31700237946,00100000001.0000200000027.99,46258179,31700237946,1,27.99
PUR,475188380,31700237946,00100000001.0000200000027.99,47518838,31700237946,1,27.99
PUR,475320060,31700237946,00100000001.0000200000027.99,47532006,31700237946,1,27.99
PUR,491828000,31700237946,00100000004.0000200000027.99,49182800,31700237946,4,27.99
PUR,664187670,31700237946,00100000001.0000200000027.99,66418767,31700237946,1,27.99
PUR,684500330,31700237946,00100000002.0000200000027.99,68450033,31700237946,2,27.99
PUR,696388200,31700237946,00100000002.0000200000027.99,69638820,31700237946,2,27.99
PUR,785950000,31700237946,00100000005.0000200000027.99,78595000,31700237946,5,27.99
PUR,830301780,31700237946,00100000001.0000200000027.99,83030178,31700237946,1,27.99
PUR,856794310,31700237946,00100000002.0000200000027.99,85679431,31700237946,2,27.99
PUR,877090420,31700237946,00100000001.0000200000027.99,87709042,31700237946,1,27.99
PUR,922755600,31700237946,00100000003.0000200000027.99,92275560,31700237946,3,27.99
PUR,429240050,31700237953,00100000001.0000200000027.99,42924005,31700237953,1,27.99
PUR,437754050,31700237953,00100000001.0000200000027.99,43775405,31700237953,1,27.99
PUR,450830300,31700237953,00100000001.0000200000027.99,45083030,31700237953,1,27.99
PUR,454939710,31700237953,00100000001.0000200000027.99,45493971,31700237953,1,27.99
PUR,455413480,31700237953,00100000001.0000200000027.99,45541348,31700237953,1,27.99
PUR,456514530,31700237953,00100000001.0000200000027.99,45651453,31700237953,1,27.99
PUR,462581790,31700237953,00100000001.0000200000027.99,46258179,31700237953,1,27.99
PUR,475188380,31700237953,00100000001.0000200000027.99,47518838,31700237953,1,27.99
PUR,475320060,31700237953,00100000001.0000200000027.99,47532006,31700237953,1,27.99
PUR,487335470,31700237953,00100000002.0000200000027.99,48733547,31700237953,2,27.99
PUR,496350050,31700237953,00100000001.0000200000027.99,49635005,31700237953,1,27.99
PUR,536320400,31700237953,00100000001.0000200000027.99,53632040,31700237953,1,27.99
PUR,664187670,31700237953,00100000001.0000200000027.99,66418767,31700237953,1,27.99
PUR,728118800,31700237953,00100000001.0000200000027.99,72811880,31700237953,1,27.99
PUR,739654900,31700237953,00100000003.0000200000027.99,73965490,31700237953,3,27.99
PUR,778677100,31700237953,00100000002.0000200000027.99,77867710,31700237953,2,27.99
PUR,785950000,31700237953,00100000003.0000200000027.99,78595000,31700237953,3,27.99
PUR,825752440,31700237953,00100000001.0000200000027.99,82575244,31700237953,1,27.99
PUR,839874690,31700237953,00100000001.0000200000027.99,83987469,31700237953,1,27.99
PUR,856794310,31700237953,00100000002.0000200000027.99,85679431,31700237953,2,27.99
PUR,877090420,31700237953,00100000001.0000200000027.99,87709042,31700237953,1,27.99
PUR,889011540,31700237953,00100000001.0000200000027.99,88901154,31700237953,1,27.99
PUR,922755600,31700237953,00100000002.0000200000027.99,92275560,31700237953,2,27.99
PUR,207790800,31700237960,00100000001.0000200000027.99,20779080,31700237960,1,27.99
PUR,491828000,31700237960,00100000001.0000200000027.99,49182800,31700237960,1,27.99
PUR,774030300,31700237960,00100000002.0000200000027.99,77403030,31700237960,2,27.99
PUR,207790800,31700237977,00100000001.0000200000027.99,20779080,31700237977,1,27.99
PUR,246542900,31700237977,00100000001.0000200000027.99,24654290,31700237977,1,27.99
PUR,856794310,31700237977,00100000002.0000200000027.99,85679431,31700237977,2,27.99
PUR,446863160,31700237984,00100000001.0000200000027.99,44686316,31700237984,1,27.99
PUR,778677100,31700237984,00100000001.0000200000027.99,77867710,31700237984,1,27.99
PUR,207790800,31700237991,00100000002.0000200000027.99,20779080,31700237991,2,27.99
PUR,230950950,31700237991,00100000001.0000200000027.99,23095095,31700237991,1,27.99
PUR,428607120,31700237991,00100000001.0000200000027.99,42860712,31700237991,1,27.99
PUR,429240050,31700237991,00100000001.0000200000027.99,42924005,31700237991,1,27.99
PUR,434300830,31700237991,00100000001.0000200000027.99,43430083,31700237991,1,27.99
PUR,437144430,31700237991,00100000002.0000200000027.99,43714443,31700237991,2,27.99
PUR,437754050,31700237991,00100000001.0000200000027.99,43775405,31700237991,1,27.99
PUR,441924300,31700237991,00100000002.0000200000027.99,44192430,31700237991,2,27.99
PUR,450830300,31700237991,00100000004.0000200000027.99,45083030,31700237991,4,27.99
PUR,452404420,31700237991,00100000001.0000200000027.99,45240442,31700237991,1,27.99
PUR,456514530,31700237991,00100000001.0000200000027.99,45651453,31700237991,1,27.99
PUR,459661600,31700237991,00100000003.0000200000027.99,45966160,31700237991,3,27.99
PUR,462581790,31700237991,00100000001.0000200000027.99,46258179,31700237991,1,27.99
PUR,467022200,31700237991,00100000001.0000200000027.99,46702220,31700237991,1,27.99
PUR,475188380,31700237991,00100000002.0000200000027.99,47518838,31700237991,2,27.99
PUR,475320060,31700237991,00100000001.0000200000027.99,47532006,31700237991,1,27.99
PUR,476584350,31700237991,00100000003.0000200000027.99,47658435,31700237991,3,27.99
PUR,485551900,31700237991,00100000004.0000200000027.99,48555190,31700237991,4,27.99
PUR,487335470,31700237991,00100000002.0000200000027.99,48733547,31700237991,2,27.99
PUR,491828000,31700237991,00100000002.0000200000027.99,49182800,31700237991,2,27.99
PUR,496350050,31700237991,00100000001.0000200000027.99,49635005,31700237991,1,27.99
PUR,632023000,31700237991,00100000002.0000200000027.99,63202300,31700237991,2,27.99
PUR,664187670,31700237991,00100000001.0000200000027.99,66418767,31700237991,1,27.99
PUR,684500330,31700237991,00100000001.0000200000027.99,68450033,31700237991,1,27.99
PUR,728118800,31700237991,00100000001.0000200000027.99,72811880,31700237991,1,27.99
PUR,778677100,31700237991,00100000005.0000200000027.99,77867710,31700237991,5,27.99
PUR,785950000,31700237991,00100000002.0000200000027.99,78595000,31700237991,2,27.99
PUR,830301780,31700237991,00100000001.0000200000027.99,83030178,31700237991,1,27.99
PUR,839874690,31700237991,00100000001.0000200000027.99,83987469,31700237991,1,27.99
PUR,856794310,31700237991,00100000001.0000200000027.99,85679431,31700237991,1,27.99
PUR,877090420,31700237991,00100000001.0000200000027.99,87709042,31700237991,1,27.99
PUR,922755600,31700237991,00100000002.0000200000027.99,92275560,31700237991,2,27.99
PUR,434300830,31700238004,00100000001.0000200000027.99,43430083,31700238004,1,27.99
PUR,487335470,31700238004,00100000001.0000200000027.99,48733547,31700238004,1,27.99
PUR,491828000,31700238004,00100000001.0000200000027.99,49182800,31700238004,1,27.99
PUR,559141700,31700238004,00100000001.0000200000027.99,55914170,31700238004,1,27.99
PUR,774030300,31700238004,00100000002.0000200000027.99,77403030,31700238004,2,27.99
PUR,778677100,31700238004,00100000001.0000200000027.99,77867710,31700238004,1,27.99
PUR,856794310,31700238004,00100000001.0000200000027.99,85679431,31700238004,1,27.99
PUR,230950950,31700238011,00100000001.0000200000027.99,23095095,31700238011,1,27.99
PUR,240457700,31700238011,00100000001.0000200000027.99,24045770,31700238011,1,27.99
PUR,434300830,31700238011,00100000001.0000200000027.99,43430083,31700238011,1,27.99
PUR,450830300,31700238011,00100000002.0000200000027.99,45083030,31700238011,2,27.99
PUR,450978990,31700238011,00100000001.0000200000027.99,45097899,31700238011,1,27.99
PUR,456514530,31700238011,00100000002.0000200000027.99,45651453,31700238011,2,27.99
PUR,460890590,31700238011,00100000001.0000200000027.99,46089059,31700238011,1,27.99
PUR,467022200,31700238011,00100000001.0000200000027.99,46702220,31700238011,1,27.99
PUR,475188380,31700238011,00100000002.0000200000027.99,47518838,31700238011,2,27.99
PUR,475320060,31700238011,00100000001.0000200000027.99,47532006,31700238011,2,27.99
PUR,475320060,31700238011,00100000002.0000200000027.99,47532006,31700238011,1,27.99
PUR,476584350,31700238011,00100000003.0000200000027.99,47658435,31700238011,3,27.99
PUR,485551900,31700238011,00100000004.0000200000027.99,48555190,31700238011,4,27.99
PUR,559141700,31700238011,00100000002.0000200000027.99,55914170,31700238011,2,27.99
PUR,830301780,31700238011,00100000001.0000200000027.99,83030178,31700238011,1,27.99
PUR,839874690,31700238011,00100000002.0000200000027.99,83987469,31700238011,2,27.99
PUR,856794310,31700238011,00100000001.0000200000027.99,85679431,31700238011,1,27.99
PUR,877090420,31700238011,00100000001.0000200000027.99,87709042,31700238011,1,27.99
PUR,922755600,31700238011,00100000004.0000200000027.99,92275560,31700238011,4,27.99
PUR,207790800,31700238028,00100000002.0000200000027.99,20779080,31700238028,2,27.99
PUR,450830300,31700238028,00100000001.0000200000027.99,45083030,31700238028,1,27.99
PUR,450978990,31700238028,00100000001.0000200000027.99,45097899,31700238028,1,27.99
PUR,456514530,31700238028,00100000001.0000200000027.99,45651453,31700238028,1,27.99
PUR,467022200,31700238028,00100000001.0000200000027.99,46702220,31700238028,1,27.99
PUR,475188380,31700238028,00100000001.0000200000027.99,47518838,31700238028,1,27.99
PUR,498871440,31700238028,00100000001.0000200000027.99,49887144,31700238028,1,27.99
PUR,504320000,31700238028,00100000002.0000200000027.99,50432000,31700238028,2,27.99
PUR,536320400,31700238028,00100000001.0000200000027.99,53632040,31700238028,1,27.99
PUR,785950000,31700238028,00100000004.0000200000027.99,78595000,31700238028,4,27.99
PUR,825752440,31700238028,00100000001.0000200000027.99,82575244,31700238028,1,27.99
PUR,830301780,31700238028,00100000001.0000200000027.99,83030178,31700238028,1,27.99
PUR,856794310,31700238028,00100000002.0000200000027.99,85679431,31700238028,2,27.99
PUR,877090420,31700238028,00100000001.0000200000027.99,87709042,31700238028,1,27.99
PUR,889011540,31700238028,00100000001.0000200000027.99,88901154,31700238028,1,27.99
PUR,922755600,31700238028,00100000001.0000200000027.99,92275560,31700238028,1,27.99
PUR,207790800,31700238035,00100000001.0000200000027.99,20779080,31700238035,1,27.99
PUR,429224030,31700238035,00100000001.0000200000027.99,42922403,31700238035,1,27.99
PUR,441924300,31700238035,00100000002.0000200000027.99,44192430,31700238035,2,27.99
PUR,450830300,31700238035,00100000003.0000200000027.99,45083030,31700238035,3,27.99
PUR,450978990,31700238035,00100000001.0000200000027.99,45097899,31700238035,1,27.99
PUR,454939710,31700238035,00100000001.0000200000027.99,45493971,31700238035,1,27.99
PUR,456514530,31700238035,00100000001.0000200000027.99,45651453,31700238035,1,27.99
PUR,475188380,31700238035,00100000003.0000200000027.99,47518838,31700238035,3,27.99
PUR,485551900,31700238035,00100000002.0000200000027.99,48555190,31700238035,2,27.99
PUR,487335470,31700238035,00100000001.0000200000027.99,48733547,31700238035,1,27.99
PUR,491828000,31700238035,00100000002.0000200000027.99,49182800,31700238035,2,27.99
PUR,559141700,31700238035,00100000002.0000200000027.99,55914170,31700238035,2,27.99
PUR,785950000,31700238035,00100000003.0000200000027.99,78595000,31700238035,3,27.99
PUR,830301780,31700238035,00100000001.0000200000027.99,83030178,31700238035,1,27.99
PUR,856794310,31700238035,00100000002.0000200000027.99,85679431,31700238035,2,27.99
PUR,877090420,31700238035,00100000001.0000200000027.99,87709042,31700238035,1,27.99
PUR,424993110,31700238066,00100000001.0000200000016.99,42499311,31700238066,1,16.99
PUR,475317140,31700238066,00100000002.0000200000016.99,47531714,31700238066,2,16.99
PUR,788782300,31700238066,00100000001.0000200000016.99,78878230,31700238066,1,16.99
PUR,981434300,31700238066,00100000001.0000200000016.99,98143430,31700238066,1,16.99
PUR,462581790,31700238332,00100000001.0000200000016.99,46258179,31700238332,1,16.99
PUR,476584350,31700238332,00100000001.0000200000016.99,47658435,31700238332,1,16.99
PUR,294214100,31700238394,00100000002.0000200000025.99,29421410,31700238394,2,25.99
PUR,774030300,31700238394,00100000001.0000200000025.99,77403030,31700238394,1,25.99
PUR,832944070,31700238394,00100000001.0000200000025.99,83294407,31700238394,1,25.99
PUR,839874690,31700238394,00100000001.0000200000025.99,83987469,31700238394,1,25.99
PUR,850451290,31700238394,00100000001.0000200000025.99,85045129,31700238394,1,25.99
PUR,877090420,31700238394,00100000001.0000200000025.99,87709042,31700238394,1,25.99
PUR,338678100,31700238646,00100000002.0000200000023.99,33867810,31700238646,2,23.99
PUR,465496500,31700238646,00100000001.0000200000023.99,46549650,31700238646,1,23.99
PUR,468680000,31700238646,00100000001.0000200000023.99,46868000,31700238646,1,23.99
PUR,475320060,31700238646,00100000001.0000200000023.99,47532006,31700238646,1,23.99
PUR,476584350,31700238646,00100000002.0000200000023.99,47658435,31700238646,2,23.99
PUR,496379290,31700238646,00100000001.0000200000023.99,49637929,31700238646,1,23.99
PUR,981434300,31700238646,00100000003.0000200000023.99,98143430,31700238646,3,23.99
PUR,338678100,31700238677,00100000006.0000200000016.99,33867810,31700238677,6,16.99
PUR,424317860,31700238677,00100000002.0000200000016.99,42431786,31700238677,2,16.99
PUR,424993110,31700238677,00100000004.0000200000016.99,42499311,31700238677,4,16.99
PUR,429224030,31700238677,00100000002.0000200000016.99,42922403,31700238677,2,16.99
PUR,429232310,31700238677,00100000002.0000200000016.99,42923231,31700238677,1,16.99
PUR,429232310,31700238677,00100000001.0000200000016.99,42923231,31700238677,2,16.99
PUR,434316420,31700238677,00100000001.0000200000016.99,43431642,31700238677,1,16.99
PUR,436207440,31700238677,00100000001.0000200000016.99,43620744,31700238677,1,16.99
PUR,437754050,31700238677,00100000002.0000200000016.99,43775405,31700238677,2,16.99
PUR,437754050,31700238677,00100000001.0000200000016.99,43775405,31700238677,1,16.99
PUR,443714290,31700238677,00100000002.0000200000016.99,44371429,31700238677,2,16.99
PUR,444724370,31700238677,00100000001.0000200000016.99,44472437,31700238677,1,16.99
PUR,450830300,31700238677,00100000005.0000200000016.99,45083030,31700238677,5,16.99
PUR,454939710,31700238677,00100000002.0000200000016.99,45493971,31700238677,2,16.99
PUR,455413480,31700238677,00100000001.0000200000016.99,45541348,31700238677,1,16.99
PUR,456514530,31700238677,00100000002.0000200000016.99,45651453,31700238677,2,16.99
PUR,462903600,31700238677,00100000002.0000200000016.99,46290360,31700238677,2,16.99
PUR,465496500,31700238677,00100000001.0000200000016.99,46549650,31700238677,1,16.99
PUR,468680000,31700238677,00100000008.0000200000016.99,46868000,31700238677,8,16.99
PUR,469680500,31700238677,00100000001.0000200000016.99,46968050,31700238677,1,16.99
PUR,474108400,31700238677,00100000010.0000200000016.99,47410840,31700238677,10,16.99
PUR,475188380,31700238677,00100000002.0000200000016.99,47518838,31700238677,2,16.99
PUR,475317140,31700238677,00100000004.0000200000016.99,47531714,31700238677,4,16.99
PUR,475320060,31700238677,00100000002.0000200000016.99,47532006,31700238677,2,16.99
PUR,485551900,31700238677,00100000002.0000200000016.99,48555190,31700238677,2,16.99
PUR,488331420,31700238677,00100000001.0000200000016.99,48833142,31700238677,1,16.99
PUR,496379290,31700238677,00100000003.0000200000016.99,49637929,31700238677,3,16.99
PUR,559141700,31700238677,00100000002.0000200000016.99,55914170,31700238677,2,16.99
PUR,664187670,31700238677,00100000002.0000200000016.99,66418767,31700238677,2,16.99
PUR,696388200,31700238677,00100000003.0000200000016.99,69638820,31700238677,3,16.99
PUR,839874690,31700238677,00100000001.0000200000016.99,83987469,31700238677,1,16.99
PUR,847957450,31700238677,00100000005.0000200000016.99,84795745,31700238677,5,16.99
PUR,892794410,31700238677,00100000002.0000200000016.99,89279441,31700238677,2,16.99
PUR,922755600,31700238677,00100000002.0000200000016.99,92275560,31700238677,2,16.99
PUR,981434300,31700238677,00100000005.0000200000016.99,98143430,31700238677,5,16.99
PUR,476584350,31700238714,00100000002.0000200000014.99,47658435,31700238714,2,14.99
PUR,476584350,31700238752,00100000002.0000200000016.99,47658435,31700238752,2,16.99
PUR,474108400,31700238844,00100000001.0000200000025.99,47410840,31700238844,1,25.99
PUR,429240050,31700238981,00100000001.0000200000017.99,42924005,31700238981,1,17.99
PUR,465496500,31700238981,00100000001.0000200000017.99,46549650,31700238981,1,17.99
PUR,684819690,31700238981,00100000003.0000200000017.99,68481969,31700238981,3,17.99
PUR,739654900,31700238981,00100000002.0000200000017.99,73965490,31700238981,2,17.99
PUR,774030300,31700238981,00100000005.0000200000017.99,77403030,31700238981,5,17.99
PUR,839874690,31700238981,00100000001.0000200000017.99,83987469,31700238981,1,17.99
PUR,476584350,31700239056,00100000002.0000200000016.99,47658435,31700239056,2,16.99
PUR,240457700,31700239124,00100000001.0000200000025.99,24045770,31700239124,1,25.99
PUR,467022200,31700239124,00100000002.0000200000025.99,46702220,31700239124,2,25.99
PUR,474108400,31700239124,00100000001.0000200000025.99,47410840,31700239124,1,25.99
PUR,240457700,31700239186,00100000001.0000200000016.99,24045770,31700239186,1,16.99
PUR,338678100,31700239186,00100000001.0000200000016.99,33867810,31700239186,1,16.99
PUR,424317860,31700239186,00100000002.0000200000016.99,42431786,31700239186,2,16.99
PUR,424993110,31700239186,00100000002.0000200000016.99,42499311,31700239186,2,16.99
PUR,462903600,31700239186,00100000001.0000200000016.99,46290360,31700239186,1,16.99
PUR,788782300,31700239186,00100000001.0000200000016.99,78878230,31700239186,1,16.99
PUR,821573340,31700239186,00100000001.0000200000016.99,82157334,31700239186,1,16.99
PUR,892794410,31700239186,00100000001.0000200000016.99,89279441,31700239186,1,16.99
PUR,922755600,31700239186,00100000002.0000200000016.99,92275560,31700239186,2,16.99
PUR,981434300,31700239186,00100000001.0000200000016.99,98143430,31700239186,1,16.99
PUR,922755600,31700239209,00100000001.0000200000021.99,92275560,31700239209,1,21.99
PUR,981434300,31700239209,00100000001.0000200000021.99,98143430,31700239209,1,21.99
PUR,774030300,31700239377,00100000001.0000200000027.99,77403030,31700239377,1,27.99
PUR,246542900,31700239391,00100000001.0000200000027.99,24654290,31700239391,1,27.99
PUR,476584350,31700239391,00100000001.0000200000027.99,47658435,31700239391,1,27.99
PUR,485551900,31700239391,00100000001.0000200000027.99,48555190,31700239391,1,27.99
PUR,492000100,31700239391,00100000001.0000200000027.99,49200010,31700239391,1,27.99
PUR,568409000,31700239391,00100000001.0000200000027.99,56840900,31700239391,1,27.99
PUR,774030300,31700239391,00100000002.0000200000027.99,77403030,31700239391,2,27.99
PUR,785950000,31700239391,00100000003.0000200000027.99,78595000,31700239391,3,27.99
PUR,884050130,31700239391,00100000001.0000200000027.99,88405013,31700239391,1,27.99
PUR,889011540,31700239391,00100000002.0000200000027.99,88901154,31700239391,2,27.99
PUR,981434300,31700239391,00100000002.0000200000027.99,98143430,31700239391,2,27.99
PUR,230950950,31700239414,00100000001.0000200000027.99,23095095,31700239414,1,27.99
PUR,428474000,31700239414,00100000001.0000200000027.99,42847400,31700239414,1,27.99
PUR,454939710,31700239414,00100000002.0000200000027.99,45493971,31700239414,2,27.99
PUR,493687870,31700239414,00100000001.0000200000027.99,49368787,31700239414,1,27.99
PUR,559141700,31700239414,00100000001.0000200000027.99,55914170,31700239414,1,27.99
PUR,774030300,31700239414,00100000002.0000200000027.99,77403030,31700239414,2,27.99
PUR,830301780,31700239414,00100000001.0000200000027.99,83030178,31700239414,1,27.99
PUR,889011540,31700239414,00100000001.0000200000027.99,88901154,31700239414,1,27.99
PUR,423600220,31700420256,00100000001.0000200000029.99,42360022,31700420256,1,29.99
PUR,785950000,31700420270,00100000002.0000200000029.99,78595000,31700420270,2,29.99
PUR,987876280,31700420317,00100000001.0000200000029.99,98787628,31700420317,1,29.99
PUR,496350050,31700900376,00100000001.0000200000037.99,49635005,31700900376,1,37.99
PUR,450830300,31700900987,00100000002.0000200000021.99,45083030,31700900987,2,21.99
PUR,475317140,31700900987,00100000001.0000200000021.99,47531714,31700900987,1,21.99
PUR,739654900,31700900987,00100000001.0000200000021.99,73965490,31700900987,1,21.99
PUR,981434300,31700900987,00100000001.0000200000021.99,98143430,31700900987,1,21.99
PUR,504320000,33300270521,00100000001.0000200000020.99,50432000,33300270521,1,20.99
PUR,788782300,33300270521,00100000001.0000200000020.99,78878230,33300270521,1,20.99
PUR,877090420,33300270521,00100000001.0000200000020.99,87709042,33300270521,1,20.99
PUR,445361840,33300611041,00100000001.0000200000144.99,44536184,33300611041,1,144.99
PUR,830301780,33300616770,00100000001.0000200000023.99,83030178,33300616770,1,23.99
PUR,252622600,33300616930,00100000004.0000200000023.99,25262260,33300616930,4,23.99
PUR,728118800,33300616930,00100000001.0000200000023.99,72811880,33300616930,1,23.99
PUR,821573340,33300616930,00100000002.0000200000023.99,82157334,33300616930,2,23.99
PUR,825752440,33300616930,00100000002.0000200000023.99,82575244,33300616930,2,23.99
PUR,830301780,33300616930,00100000001.0000200000023.99,83030178,33300616930,1,23.99
PUR,854655800,33300616930,00100000001.0000200000023.99,85465580,33300616930,1,23.99
PUR,252356130,33300616947,00100000002.0000200000023.99,25235613,33300616947,2,23.99
PUR,427146780,33300616947,00100000001.0000200000023.99,42714678,33300616947,1,23.99
PUR,504320000,33300616947,00100000001.0000200000023.99,50432000,33300616947,1,23.99
PUR,536320400,33300616947,00100000004.0000200000023.99,53632040,33300616947,4,23.99
PUR,728118800,33300616947,00100000001.0000200000023.99,72811880,33300616947,1,23.99
PUR,830301780,33300616947,00100000001.0000200000023.99,83030178,33300616947,1,23.99
PUR,866424890,33300616947,00100000001.0000200000023.99,86642489,33300616947,1,23.99
PUR,825752440,33300632541,00100000002.0000200000041.99,82575244,33300632541,2,41.99
PUR,243511300,40835640583,00100000002.0000200000021.99,24351130,40835640583,2,21.99
PUR,922755600,40835640583,00100000001.0000200000021.99,92275560,40835640583,1,21.99
PUR,294214100,42100004663,00100000002.0000200000249.99,29421410,42100004663,2,249.99
PUR,536320400,42100011234,00100000001.0000200000025.39,53632040,42100011234,1,25.39
PUR,888359330,42100011234,00100000006.0000200000025.39,88835933,42100011234,6,25.39
PUR,209101900,42100024975,00100000001.0000200000015.59,20910190,42100024975,1,15.59
PUR,252622600,42100024975,00100000004.0000200000015.59,25262260,42100024975,4,15.59
PUR,427146780,42100024975,00100000002.0000200000015.59,42714678,42100024975,2,15.59
PUR,821573340,42100024975,00100000001.0000200000015.59,82157334,42100024975,1,15.59
PUR,825752440,42100024975,00100000002.0000200000015.59,82575244,42100024975,2,15.59
PUR,888359330,42100024975,00100000003.0000200000015.59,88835933,42100024975,3,15.59
PUR,252622600,42100025033,00100000001.0000200000015.59,25262260,42100025033,1,15.59
PUR,451221770,42100025033,00100000002.0000200000015.59,45122177,42100025033,2,15.59
PUR,821573340,42100025033,00100000001.0000200000015.59,82157334,42100025033,1,15.59
PUR,252622600,42100025064,00100000001.0000200000015.59,25262260,42100025064,1,15.59
PUR,888359330,42100026238,00100000003.0000200000015.59,88835933,42100026238,3,15.59
PUR,491828000,43300020583,00100000001.0000200000122.59,49182800,43300020583,1,122.59
PUR,246542900,43300109004,00100000001.0000200000065.19,24654290,43300109004,1,65.19
PUR,428478790,43300109004,00100000001.0000200000065.19,42847879,43300109004,1,65.19
PUR,459661600,43300109004,00100000003.0000200000065.19,45966160,43300109004,3,65.19
PUR,496350050,43300109004,00100000001.0000200000065.19,49635005,43300109004,1,65.19
PUR,536320400,43300109004,00100000001.0000200000065.19,53632040,43300109004,1,65.19
PUR,246542900,43300109097,00100000001.0000200000065.19,24654290,43300109097,1,65.19
PUR,424454930,43300109097,00100000005.0000200000065.19,42445493,43300109097,5,65.19
PUR,496350050,43300109097,00100000002.0000200000065.19,49635005,43300109097,2,65.19
PUR,209101900,43300109189,00100000001.0000200000065.19,20910190,43300109189,1,65.19
PUR,210569400,43300109189,00100000002.0000200000065.19,21056940,43300109189,2,65.19
PUR,246542900,43300109189,00100000001.0000200000065.19,24654290,43300109189,1,65.19
PUR,252622600,43300109189,00100000001.0000200000065.19,25262260,43300109189,1,65.19
PUR,434316420,43300109189,00100000001.0000200000065.19,43431642,43300109189,1,65.19
PUR,456527510,43300109189,00100000001.0000200000065.19,45652751,43300109189,1,65.19
PUR,463499420,43300109189,00100000001.0000200000065.19,46349942,43300109189,1,65.19
PUR,469680500,43300109189,00100000001.0000200000065.19,46968050,43300109189,1,65.19
PUR,664187670,43300109189,00100000001.0000200000065.19,66418767,43300109189,1,65.19
PUR,252356130,43300109271,00100000002.0000200000065.19,25235613,43300109271,2,65.19
PUR,428622860,43300109271,00100000001.0000200000065.19,42862286,43300109271,1,65.19
PUR,434316420,43300109271,00100000001.0000200000065.19,43431642,43300109271,1,65.19
PUR,664187670,43300109271,00100000001.0000200000065.19,66418767,43300109271,1,65.19
PUR,246542900,43300187156,00100000001.0000200000065.19,24654290,43300187156,1,65.19
PUR,434300830,43300187156,00100000001.0000200000065.19,43430083,43300187156,1,65.19
PUR,434316420,43300187156,00100000001.0000200000065.19,43431642,43300187156,1,65.19
PUR,462903600,43300187156,00100000001.0000200000065.19,46290360,43300187156,1,65.19
PUR,463499420,43300187156,00100000001.0000200000065.19,46349942,43300187156,1,65.19
PUR,821573340,43300187156,00100000001.0000200000065.19,82157334,43300187156,1,65.19
PUR,821573340,43300187156,00100000002.0000200000065.19,82157334,43300187156,2,65.19
PUR,986900100,43300187156,00100000001.0000200000065.19,98690010,43300187156,1,65.19
PUR,434300830,43300187187,00100000001.0000200000065.19,43430083,43300187187,1,65.19
PUR,456527510,43300187187,00100000001.0000200000065.19,45652751,43300187187,1,65.19
PUR,463499420,43300187187,00100000001.0000200000065.19,46349942,43300187187,1,65.19
PUR,492000100,43300187187,00100000001.0000200000065.19,49200010,43300187187,1,65.19
PUR,450830300,43300187330,00100000001.0000200000065.19,45083030,43300187330,1,65.19
PUR,492000100,43300187330,00100000001.0000200000065.19,49200010,43300187330,1,65.19
PUR,536320400,43300187330,00100000001.0000200000065.19,53632040,43300187330,1,65.19
PUR,428607120,43300187361,00100000001.0000200000065.19,42860712,43300187361,1,65.19
PUR,463499420,43300187361,00100000001.0000200000065.19,46349942,43300187361,1,65.19
PUR,492000100,43300187361,00100000001.0000200000065.19,49200010,43300187361,1,65.19
PUR,825752440,43300187361,00100000002.0000200000065.19,82575244,43300187361,2,65.19
PUR,825752440,43300187514,00100000001.0000200000065.19,82575244,43300187514,1,65.19
PUR,210569400,43300187606,00100000001.0000200000065.19,21056940,43300187606,1,65.19
PUR,428622860,43300187606,00100000003.0000200000065.19,42862286,43300187606,3,65.19
PUR,469680500,43300187606,00100000001.0000200000065.19,46968050,43300187606,1,65.19
PUR,825752440,43300187606,00100000002.0000200000065.19,82575244,43300187606,2,65.19
PUR,856794310,43300187606,00100000002.0000200000065.19,85679431,43300187606,2,65.19
PUR,986900100,43300187606,00100000002.0000200000065.19,98690010,43300187606,2,65.19
PUR,270566600,47995200411,00100000001.0000200000095.79,27056660,47995200411,1,95.79
PUR,496350050,47995200411,00100000001.0000200000095.79,49635005,47995200411,1,95.79
PUR,825752440,47995200411,00100000001.0000200000095.79,82575244,47995200411,1,95.79
PUR,450830300,47995855154,00100000001.0000200000095.79,45083030,47995855154,1,95.79
PUR,492000100,47995855154,00100000002.0000200000095.79,49200010,47995855154,2,95.79
PUR,496350050,47995855154,00100000001.0000200000095.79,49635005,47995855154,1,95.79
PUR,620945160,47995855154,00100000001.0000200000095.79,62094516,47995855154,1,95.79
PUR,821573340,47995855154,00100000001.0000200000095.79,82157334,47995855154,1,95.79
PUR,821573340,47995855154,00100000001.0000200000095.79,82157334,47995855154,1,95.79
PUR,496350050,47995855178,00100000001.0000200000090.89,49635005,47995855178,1,90.89
PUR,620945150,47995855178,00100000002.0000200000090.89,62094515,47995855178,2,90.89
PUR,821573340,47995855178,00100000001.0000200000090.89,82157334,47995855178,1,90.89
PUR,393683900,47995855185,00100000001.0000200000090.89,39368390,47995855185,1,90.89
PUR,427237420,47995855185,00100000001.0000200000090.89,42723742,47995855185,1,90.89
PUR,429285180,47995855185,00100000001.0000200000090.89,42928518,47995855185,1,90.89
PUR,434300830,47995855185,00100000001.0000200000090.89,43430083,47995855185,1,90.89
PUR,479462360,47995855185,00100000001.0000200000090.89,47946236,47995855185,1,90.89
PUR,496350050,47995855185,00100000001.0000200000090.89,49635005,47995855185,1,90.89
PUR,620945160,47995855185,00100000001.0000200000090.89,62094516,47995855185,1,90.89
PUR,805460000,47995855185,00100000001.0000200000090.89,80546000,47995855185,1,90.89
PUR,825752440,47995855185,00100000001.0000200000090.89,82575244,47995855185,1,90.89
PUR,856794310,47995855185,00100000001.0000200000090.89,85679431,47995855185,1,90.89
PUR,252622600,47995855192,00100000001.0000200000090.89,25262260,47995855192,1,90.89
PUR,270566600,47995855192,00100000002.0000200000090.89,27056660,47995855192,2,90.89
PUR,434300830,47995855192,00100000002.0000200000090.89,43430083,47995855192,2,90.89
PUR,456527510,47995855192,00100000001.0000200000090.89,45652751,47995855192,1,90.89
PUR,463499420,47995855192,00100000001.0000200000090.89,46349942,47995855192,1,90.89
PUR,469680500,47995855192,00100000001.0000200000090.89,46968050,47995855192,1,90.89
PUR,487335470,47995855192,00100000002.0000200000090.89,48733547,47995855192,2,90.89
PUR,492000100,47995855192,00100000001.0000200000090.89,49200010,47995855192,1,90.89
PUR,536320400,47995855192,00100000001.0000200000090.89,53632040,47995855192,1,90.89
PUR,620945160,47995855192,00100000001.0000200000090.89,62094516,47995855192,1,90.89
PUR,631826140,47995855192,00100000001.0000200000090.89,63182614,47995855192,1,90.89
PUR,696388200,47995855192,00100000001.0000200000090.89,69638820,47995855192,1,90.89
PUR,876844440,47995855192,00100000001.0000200000090.89,87684444,47995855192,1,90.89
PUR,450830300,47995855321,00100000001.0000200000095.79,45083030,47995855321,1,95.79
PUR,479462360,47995855321,00100000001.0000200000095.79,47946236,47995855321,1,95.79
PUR,487335470,47995855321,00100000001.0000200000095.79,48733547,47995855321,1,95.79
PUR,270566600,47995855338,00100000002.0000200000090.89,27056660,47995855338,2,90.89
PUR,492000100,47995855338,00100000001.0000200000090.89,49200010,47995855338,1,90.89
PUR,496350050,47995855338,00100000002.0000200000090.89,49635005,47995855338,2,90.89
PUR,620945160,47995855338,00100000001.0000200000090.89,62094516,47995855338,1,90.89
PUR,825752440,47995855338,00100000002.0000200000090.89,82575244,47995855338,1,90.89
PUR,825752440,47995855338,00100000001.0000200000090.89,82575244,47995855338,2,90.89
PUR,252622600,47995855345,00100000001.0000200000095.79,25262260,47995855345,1,95.79
PUR,252622600,47995855345,00100000001.0000200000095.79,25262260,47995855345,1,95.79
PUR,496350050,47995855345,00100000001.0000200000095.79,49635005,47995855345,1,95.79
PUR,512833000,47995855345,00100000001.0000200000095.79,51283300,47995855345,1,95.79
PUR,620945160,47995855345,00100000001.0000200000095.79,62094516,47995855345,1,95.79
PUR,821573340,47995855345,00100000001.0000200000095.79,82157334,47995855345,1,95.79
PUR,270566600,47995855352,00100000001.0000200000095.79,27056660,47995855352,1,95.79
PUR,424454930,47995855352,00100000001.0000200000095.79,42445493,47995855352,1,95.79
PUR,492000100,47995855352,00100000001.0000200000095.79,49200010,47995855352,1,95.79
PUR,631826140,47995855352,00100000001.0000200000095.79,63182614,47995855352,1,95.79
PUR,224381000,70137005186,00100000002.0000200000028.39,22438100,70137005186,2,28.39
PUR,246542900,70137005186,00100000001.0000200000028.39,24654290,70137005186,1,28.39
PUR,252356130,70137005186,00100000002.0000200000028.39,25235613,70137005186,2,28.39
PUR,294214100,70137005186,00100000001.0000200000028.39,29421410,70137005186,1,28.39
PUR,434300830,70137005186,00100000002.0000200000028.39,43430083,70137005186,2,28.39
PUR,434316420,70137005186,00100000002.0000200000028.39,43431642,70137005186,2,28.39
PUR,437144430,70137005186,00100000002.0000200000028.39,43714443,70137005186,2,28.39
PUR,446863160,70137005186,00100000015.0000200000028.39,44686316,70137005186,15,28.39
PUR,450830300,70137005186,00100000007.0000200000028.39,45083030,70137005186,7,28.39
PUR,450978990,70137005186,00100000001.0000200000028.39,45097899,70137005186,1,28.39
PUR,454939710,70137005186,00100000005.0000200000028.39,45493971,70137005186,5,28.39
PUR,455413480,70137005186,00100000002.0000200000028.39,45541348,70137005186,2,28.39
PUR,457460990,70137005186,00100000001.0000200000028.39,45746099,70137005186,1,28.39
PUR,475188380,70137005186,00100000010.0000200000028.39,47518838,70137005186,10,28.39
PUR,475320060,70137005186,00100000001.0000200000028.39,47532006,70137005186,1,28.39
PUR,475320060,70137005186,00100000001.0000200000028.39,47532006,70137005186,1,28.39
PUR,485551900,70137005186,00100000004.0000200000028.39,48555190,70137005186,4,28.39
PUR,498871440,70137005186,00100000001.0000200000028.39,49887144,70137005186,1,28.39
PUR,504320000,70137005186,00100000003.0000200000028.39,50432000,70137005186,3,28.39
PUR,559141700,70137005186,00100000004.0000200000028.39,55914170,70137005186,4,28.39
PUR,664187670,70137005186,00100000003.0000200000028.39,66418767,70137005186,3,28.39
PUR,684500330,70137005186,00100000003.0000200000028.39,68450033,70137005186,3,28.39
PUR,728118800,70137005186,00100000002.0000200000028.39,72811880,70137005186,2,28.39
PUR,778677100,70137005186,00100000004.0000200000028.39,77867710,70137005186,4,28.39
PUR,825752440,70137005186,00100000001.0000200000028.39,82575244,70137005186,1,28.39
PUR,830301780,70137005186,00100000001.0000200000028.39,83030178,70137005186,1,28.39
PUR,832944070,70137005186,00100000001.0000200000028.39,83294407,70137005186,1,28.39
PUR,839874690,70137005186,00100000004.0000200000028.39,83987469,70137005186,4,28.39
PUR,870110270,70137005186,00100000030.0000200000027.50,87011027,70137005186,30,27.5
PUR,877090420,70137005186,00100000005.0000200000028.39,87709042,70137005186,5,28.39
PUR,900888400,70137005186,00100000001.0000200000028.39,90088840,70137005186,1,28.39
PUR,922755600,70137005186,00100000003.0000200000028.39,92275560,70137005186,3,28.39
PUR,207790800,70137005230,00100000002.0000200000028.39,20779080,70137005230,2,28.39
PUR,252356130,70137005230,00100000002.0000200000028.39,25235613,70137005230,2,28.39
PUR,434316420,70137005230,00100000002.0000200000028.39,43431642,70137005230,2,28.39
PUR,437144430,70137005230,00100000002.0000200000028.39,43714443,70137005230,2,28.39
PUR,450830300,70137005230,00100000004.0000200000028.39,45083030,70137005230,4,28.39
PUR,452404420,70137005230,00100000001.0000200000028.39,45240442,70137005230,1,28.39
PUR,454939710,70137005230,00100000002.0000200000028.39,45493971,70137005230,2,28.39
PUR,456514530,70137005230,00100000001.0000200000028.39,45651453,70137005230,1,28.39
PUR,475188380,70137005230,00100000004.0000200000028.39,47518838,70137005230,4,28.39
PUR,485551900,70137005230,00100000006.0000200000028.39,48555190,70137005230,6,28.39
PUR,487335470,70137005230,00100000010.0000200000028.39,48733547,70137005230,10,28.39
PUR,492000100,70137005230,00100000003.0000200000028.39,49200010,70137005230,3,28.39
PUR,536320400,70137005230,00100000002.0000200000028.39,53632040,70137005230,2,28.39
PUR,559141700,70137005230,00100000002.0000200000028.39,55914170,70137005230,2,28.39
PUR,664268530,70137005230,00100000001.0000200000028.39,66426853,70137005230,1,28.39
PUR,684819690,70137005230,00100000005.0000200000028.39,68481969,70137005230,5,28.39
PUR,728118800,70137005230,00100000002.0000200000028.39,72811880,70137005230,2,28.39
PUR,788782300,70137005230,00100000002.0000200000028.39,78878230,70137005230,2,28.39
PUR,830301780,70137005230,00100000001.0000200000028.39,83030178,70137005230,1,28.39
PUR,832944070,70137005230,00100000001.0000200000028.39,83294407,70137005230,1,28.39
PUR,889011540,70137005230,00100000001.0000200000028.39,88901154,70137005230,1,28.39
PUR,922755600,70137005230,00100000003.0000200000028.39,92275560,70137005230,3,28.39
PUR,207790800,70137005384,00100000001.0000200000028.39,20779080,70137005384,1,28.39
PUR,423600220,70137005384,00100000002.0000200000028.39,42360022,70137005384,2,28.39
PUR,428478790,70137005384,00100000003.0000200000028.39,42847879,70137005384,3,28.39
PUR,428607120,70137005384,00100000001.0000200000028.39,42860712,70137005384,1,28.39
PUR,434300830,70137005384,00100000001.0000200000028.39,43430083,70137005384,1,28.39
PUR,460890590,70137005384,00100000003.0000200000028.39,46089059,70137005384,3,28.39
PUR,474108400,70137005384,00100000001.0000200000028.39,47410840,70137005384,1,28.39
PUR,475188380,70137005384,00100000002.0000200000028.39,47518838,70137005384,2,28.39
PUR,476584350,70137005384,00100000003.0000200000028.39,47658435,70137005384,3,28.39
PUR,620945160,70137005384,00100000004.0000200000028.39,62094516,70137005384,4,28.39
PUR,728118800,70137005384,00100000001.0000200000028.39,72811880,70137005384,1,28.39
PUR,785950000,70137005384,00100000001.0000200000028.39,78595000,70137005384,1,28.39
PUR,830301780,70137005384,00100000001.0000200000028.39,83030178,70137005384,1,28.39
PUR,877090420,70137005384,00100000001.0000200000028.39,87709042,70137005384,1,28.39
PUR,423600220,70137005421,00100000001.0000200000028.39,42360022,70137005421,1,28.39
PUR,476584350,70137005889,00100000002.0000200000028.39,47658435,70137005889,2,28.39
PUR,877090420,70137005889,00100000001.0000200000028.39,87709042,70137005889,1,28.39
PUR,207790800,70137500186,00100000001.0000200000056.69,20779080,70137500186,1,56.69
PUR,252356130,70137500186,00100000003.0000200000056.69,25235613,70137500186,3,56.69
PUR,294214100,70137500186,00100000001.0000200000056.69,29421410,70137500186,1,56.69
PUR,393683900,70137500186,00100000001.0000200000056.69,39368390,70137500186,1,56.69
PUR,429240050,70137500186,00100000001.0000200000056.69,42924005,70137500186,1,56.69
PUR,436207440,70137500186,00100000002.0000200000056.69,43620744,70137500186,2,56.69
PUR,437144430,70137500186,00100000001.0000200000056.69,43714443,70137500186,1,56.69
PUR,443714290,70137500186,00100000001.0000200000056.69,44371429,70137500186,1,56.69
PUR,446863160,70137500186,00100000002.0000200000056.69,44686316,70137500186,2,56.69
PUR,450830300,70137500186,00100000003.0000200000056.69,45083030,70137500186,3,56.69
PUR,454939710,70137500186,00100000002.0000200000056.69,45493971,70137500186,2,56.69
PUR,456514530,70137500186,00100000001.0000200000056.69,45651453,70137500186,1,56.69
PUR,458451550,70137500186,00100000002.0000200000056.69,45845155,70137500186,2,56.69
PUR,460890590,70137500186,00100000002.0000200000056.69,46089059,70137500186,2,56.69
PUR,474108400,70137500186,00100000002.0000200000056.69,47410840,70137500186,2,56.69
PUR,475188380,70137500186,00100000003.0000200000056.69,47518838,70137500186,3,56.69
PUR,476584350,70137500186,00100000003.0000200000056.69,47658435,70137500186,3,56.69
PUR,485551900,70137500186,00100000001.0000200000056.69,48555190,70137500186,1,56.69
PUR,487335470,70137500186,00100000001.0000200000056.69,48733547,70137500186,1,56.69
PUR,491828000,70137500186,00100000002.0000200000056.69,49182800,70137500186,2,56.69
PUR,496350050,70137500186,00100000001.0000200000056.69,49635005,70137500186,1,56.69
PUR,558319600,70137500186,00100000002.0000200000056.69,55831960,70137500186,2,56.69
PUR,559141700,70137500186,00100000002.0000200000056.69,55914170,70137500186,2,56.69
PUR,684500330,70137500186,00100000001.0000200000056.69,68450033,70137500186,1,56.69
PUR,778677100,70137500186,00100000003.0000200000056.69,77867710,70137500186,3,56.69
PUR,778677100,70137500186,00100000002.0000200000056.69,77867710,70137500186,2,56.69
PUR,785950000,70137500186,00100000004.0000200000056.69,78595000,70137500186,4,56.69
PUR,837337900,70137500186,00100000001.0000200000056.69,83733790,70137500186,1,56.69
PUR,839874690,70137500186,00100000001.0000200000056.69,83987469,70137500186,1,56.69
PUR,854655800,70137500186,00100000001.0000200000056.69,85465580,70137500186,1,56.69
PUR,856794310,70137500186,00100000001.0000200000056.69,85679431,70137500186,2,56.69
PUR,856794310,70137500186,00100000002.0000200000056.69,85679431,70137500186,1,56.69
PUR,877090420,70137500186,00100000001.0000200000056.69,87709042,70137500186,1,56.69
PUR,991198200,70137500186,00100000001.0000200000056.69,99119820,70137500186,1,56.69
PUR,207790800,70137500230,00100000001.0000200000056.69,20779080,70137500230,1,56.69
PUR,429240050,70137500230,00100000001.0000200000056.69,42924005,70137500230,1,56.69
PUR,436207440,70137500230,00100000001.0000200000056.69,43620744,70137500230,1,56.69
PUR,437144430,70137500230,00100000001.0000200000056.69,43714443,70137500230,1,56.69
PUR,450830300,70137500230,00100000003.0000200000056.69,45083030,70137500230,3,56.69
PUR,455413480,70137500230,00100000001.0000200000056.69,45541348,70137500230,1,56.69
PUR,456514530,70137500230,00100000001.0000200000056.69,45651453,70137500230,1,56.69
PUR,463499420,70137500230,00100000001.0000200000056.69,46349942,70137500230,1,56.69
PUR,476584350,70137500230,00100000003.0000200000056.69,47658435,70137500230,3,56.69
PUR,492000100,70137500230,00100000001.0000200000056.69,49200010,70137500230,1,56.69
PUR,559141700,70137500230,00100000001.0000200000056.69,55914170,70137500230,1,56.69
PUR,631826140,70137500230,00100000001.0000200000056.69,63182614,70137500230,1,56.69
PUR,664078500,70137500230,00100000001.0000200000056.69,66407850,70137500230,1,56.69
PUR,684819690,70137500230,00100000001.0000200000056.69,68481969,70137500230,1,56.69
PUR,728118800,70137500230,00100000001.0000200000056.69,72811880,70137500230,1,56.69
PUR,739654900,70137500230,00100000002.0000200000056.69,73965490,70137500230,2,56.69
PUR,785950000,70137500230,00100000004.0000200000056.69,78595000,70137500230,4,56.69
PUR,788782300,70137500230,00100000002.0000200000056.69,78878230,70137500230,2,56.69
PUR,830301780,70137500230,00100000001.0000200000056.69,83030178,70137500230,1,56.69
PUR,856794310,70137500230,00100000001.0000200000056.69,85679431,70137500230,1,56.69
PUR,856794310,70137500230,00100000001.0000200000056.69,85679431,70137500230,1,56.69
PUR,880659250,70137500230,00100000001.0000200000056.69,88065925,70137500230,1,56.69
PUR,207790800,70137500384,00100000001.0000200000056.69,20779080,70137500384,1,56.69
PUR,437144430,70137500384,00100000001.0000200000056.69,43714443,70137500384,1,56.69
PUR,446863160,70137500384,00100000001.0000200000056.69,44686316,70137500384,1,56.69
PUR,450830300,70137500384,00100000004.0000200000056.69,45083030,70137500384,4,56.69
PUR,474108400,70137500384,00100000001.0000200000056.69,47410840,70137500384,1,56.69
PUR,476584350,70137500384,00100000002.0000200000056.69,47658435,70137500384,2,56.69
PUR,559141700,70137500384,00100000001.0000200000056.69,55914170,70137500384,1,56.69
PUR,620945160,70137500384,00100000002.0000200000056.69,62094516,70137500384,2,56.69
PUR,664078500,70137500384,00100000001.0000200000056.69,66407850,70137500384,1,56.69
PUR,739654900,70137500384,00100000002.0000200000056.69,73965490,70137500384,2,56.69
PUR,778677100,70137500384,00100000003.0000200000056.69,77867710,70137500384,3,56.69
PUR,785950000,70137500384,00100000001.0000200000056.69,78595000,70137500384,1,56.69
PUR,854655800,70137500384,00100000002.0000200000056.69,85465580,70137500384,2,56.69
PUR,856794310,70137500384,00100000001.0000200000056.69,85679431,70137500384,1,56.69
PUR,474108400,70137500421,00100000002.0000200000056.69,47410840,70137500421,2,56.69
PUR,475188380,70137500421,00100000001.0000200000056.69,47518838,70137500421,1,56.69
PUR,559141700,70137500421,00100000001.0000200000056.69,55914170,70137500421,1,56.69
PUR,446863160,70137500889,00100000001.0000200000062.09,44686316,70137500889,1,62.09
PUR,436207440,70137505259,00100000001.0000200000063.79,43620744,70137505259,1,63.79
PUR,443714290,70137505259,00100000001.0000200000063.79,44371429,70137505259,1,63.79
PUR,455413480,70137505259,00100000001.0000200000063.79,45541348,70137505259,1,63.79
PUR,496350050,70137505259,00100000001.0000200000063.79,49635005,70137505259,1,63.79
PUR,830301780,70137505259,00100000001.0000200000063.79,83030178,70137505259,1,63.79
PUR,856794310,70137505259,00100000001.0000200000063.79,85679431,70137505259,1,63.79
PUR,877090420,70137505259,00100000001.0000200000063.79,87709042,70137505259,1,63.79
PUR,922755600,70137505259,00100000003.0000200000063.79,92275560,70137505259,3,63.79
PUR,437144430,70137505297,00100000001.0000200000063.79,43714443,70137505297,1,63.79
PUR,437754050,70137505297,00100000002.0000200000063.79,43775405,70137505297,2,63.79
PUR,460890590,70137505297,00100000001.0000200000063.79,46089059,70137505297,1,63.79
PUR,664187670,70137505297,00100000001.0000200000063.79,66418767,70137505297,1,63.79
PUR,785950000,70137505297,00100000002.0000200000063.79,78595000,70137505297,2,63.79
PUR,788805500,70137505297,00100000001.0000200000063.79,78880550,70137505297,1,63.79
PUR,880659250,70137505297,00100000001.0000200000063.79,88065925,70137505297,1,63.79
PUR,922755600,70137505297,00100000003.0000200000063.79,92275560,70137505297,3,63.79
PUR,436335930,70137511168,00100000002.0000200000063.79,43633593,70137511168,2,63.79
PUR,294214100,70137511212,00100000001.0000200000028.39,29421410,70137511212,1,28.39
PUR,485551900,70137511212,00100000003.0000200000028.39,48555190,70137511212,3,28.39
PUR,559141700,70137511212,00100000008.0000200000028.39,55914170,70137511212,8,28.39
PUR,240457700,70137511229,00100000001.0000200000031.89,24045770,70137511229,1,31.89
PUR,246542900,70137511229,00100000001.0000200000031.89,24654290,70137511229,1,31.89
PUR,446863160,70137511229,00100000002.0000200000031.89,44686316,70137511229,2,31.89
PUR,450830300,70137511229,00100000003.0000200000031.89,45083030,70137511229,3,31.89
PUR,455413480,70137511229,00100000001.0000200000031.89,45541348,70137511229,1,31.89
PUR,456514530,70137511229,00100000001.0000200000031.89,45651453,70137511229,1,31.89
PUR,475188380,70137511229,00100000001.0000200000031.89,47518838,70137511229,1,31.89
PUR,493687870,70137511229,00100000002.0000200000031.89,49368787,70137511229,2,31.89
PUR,559141700,70137511229,00100000002.0000200000031.89,55914170,70137511229,2,31.89
PUR,728118800,70137511229,00100000001.0000200000031.89,72811880,70137511229,1,31.89
PUR,785950000,70137511229,00100000006.0000200000031.89,78595000,70137511229,6,31.89
PUR,805460000,70137511229,00100000001.0000200000031.89,80546000,70137511229,1,31.89
PUR,830301780,70137511229,00100000001.0000200000031.89,83030178,70137511229,1,31.89
PUR,856794310,70137511229,00100000003.0000200000031.89,85679431,70137511229,3,31.89
PUR,437144430,70137512479,00100000001.0000200000031.89,43714443,70137512479,1,31.89
PUR,664187670,70137512479,00100000001.0000200000031.89,66418767,70137512479,1,31.89
PUR,825752440,70137512479,00100000001.0000200000031.89,82575244,70137512479,1,31.89
PUR,839874690,70137512479,00100000001.0000200000031.89,83987469,70137512479,1,31.89
PUR,441924300,70137513377,00100000001.0000200000029.49,44192430,70137513377,1,29.49
PUR,631826140,70137513377,00100000001.0000200000029.49,63182614,70137513377,1,29.49
PUR,856794310,70137513377,00100000001.0000200000029.49,85679431,70137513377,1,29.49
PUR,224381000,70137513728,00100000004.0000200000029.49,22438100,70137513728,4,29.49
PUR,252366600,70137513728,00100000001.0000200000029.49,25236660,70137513728,1,29.49
PUR,338678100,70137513728,00100000002.0000200000029.49,33867810,70137513728,2,29.49
PUR,424166220,70137513728,00100000003.0000200000029.49,42416622,70137513728,3,29.49
PUR,424317860,70137513728,00100000002.0000200000029.49,42431786,70137513728,2,29.49
PUR,429232310,70137513728,00100000002.0000200000029.49,42923231,70137513728,1,29.49
PUR,429232310,70137513728,00100000001.0000200000029.49,42923231,70137513728,2,29.49
PUR,434300830,70137513728,00100000001.0000200000029.49,43430083,70137513728,1,29.49
PUR,434316420,70137513728,00100000001.0000200000029.49,43431642,70137513728,1,29.49
PUR,436207440,70137513728,00100000001.0000200000029.49,43620744,70137513728,1,29.49
PUR,441924300,70137513728,00100000001.0000200000029.49,44192430,70137513728,1,29.49
PUR,443714290,70137513728,00100000001.0000200000029.49,44371429,70137513728,1,29.49
PUR,446863160,70137513728,00100000005.0000200000029.49,44686316,70137513728,5,29.49
PUR,452404420,70137513728,00100000001.0000200000029.49,45240442,70137513728,1,29.49
PUR,457460990,70137513728,00100000001.0000200000029.49,45746099,70137513728,1,29.49
PUR,463499420,70137513728,00100000001.0000200000029.49,46349942,70137513728,1,29.49
PUR,467022200,70137513728,00100000002.0000200000029.49,46702220,70137513728,2,29.49
PUR,475188380,70137513728,00100000003.0000200000029.49,47518838,70137513728,3,29.49
PUR,485551900,70137513728,00100000002.0000200000029.49,48555190,70137513728,2,29.49
PUR,492000100,70137513728,00100000001.0000200000029.49,49200010,70137513728,1,29.49
PUR,496498470,70137513728,00100000002.0000200000029.49,49649847,70137513728,2,29.49
PUR,504320000,70137513728,00100000004.0000200000029.49,50432000,70137513728,4,29.49
PUR,565306600,70137513728,00100000001.0000200000029.49,56530660,70137513728,1,29.49
PUR,568409000,70137513728,00100000003.0000200000029.49,56840900,70137513728,3,29.49
PUR,631826140,70137513728,00100000001.0000200000029.49,63182614,70137513728,1,29.49
PUR,664187670,70137513728,00100000002.0000200000029.49,66418767,70137513728,2,29.49
PUR,693810650,70137513728,00100000002.0000200000029.49,69381065,70137513728,2,29.49
PUR,739654900,70137513728,00100000002.0000200000029.49,73965490,70137513728,2,29.49
PUR,785950000,70137513728,00100000003.0000200000029.49,78595000,70137513728,3,29.49
PUR,830301780,70137513728,00100000001.0000200000029.49,83030178,70137513728,1,29.49
PUR,839874690,70137513728,00100000004.0000200000029.49,83987469,70137513728,4,29.49
PUR,856794310,70137513728,00100000004.0000200000029.49,85679431,70137513728,4,29.49
PUR,856794310,70137513728,00100000002.0000200000029.49,85679431,70137513728,2,29.49
PUR,892794410,70137513728,00100000001.0000200000029.49,89279441,70137513728,1,29.49
PUR,914505000,70137513728,00100000001.0000200000029.49,91450500,70137513728,1,29.49
PUR,209101900,70137514879,00100000002.0000200000022.99,20910190,70137514879,2,22.99
PUR,230950950,70137514879,00100000002.0000200000022.99,23095095,70137514879,2,22.99
PUR,294214100,70137514879,00100000001.0000200000022.99,29421410,70137514879,1,22.99
PUR,424993110,70137514879,00100000002.0000200000022.99,42499311,70137514879,2,22.99
PUR,434316420,70137514879,00100000003.0000200000022.99,43431642,70137514879,3,22.99
PUR,446863160,70137514879,00100000002.0000200000022.99,44686316,70137514879,2,22.99
PUR,455413480,70137514879,00100000002.0000200000022.99,45541348,70137514879,2,22.99
PUR,456514530,70137514879,00100000001.0000200000022.99,45651453,70137514879,1,22.99
PUR,462581790,70137514879,00100000001.0000200000022.99,46258179,70137514879,1,22.99
PUR,474108400,70137514879,00100000003.0000200000022.99,47410840,70137514879,3,22.99
PUR,475188380,70137514879,00100000001.0000200000022.99,47518838,70137514879,1,22.99
PUR,488331420,70137514879,00100000001.0000200000022.99,48833142,70137514879,1,22.99
PUR,504320000,70137514879,00100000002.0000200000022.99,50432000,70137514879,2,22.99
PUR,631826140,70137514879,00100000002.0000200000022.99,63182614,70137514879,2,22.99
PUR,664187670,70137514879,00100000002.0000200000022.99,66418767,70137514879,2,22.99
PUR,664268530,70137514879,00100000001.0000200000022.99,66426853,70137514879,1,22.99
PUR,684500330,70137514879,00100000001.0000200000022.99,68450033,70137514879,1,22.99
PUR,774030300,70137514879,00100000006.0000200000022.99,77403030,70137514879,6,22.99
PUR,830301780,70137514879,00100000001.0000200000022.99,83030178,70137514879,1,22.99
PUR,839874690,70137514879,00100000002.0000200000022.99,83987469,70137514879,2,22.99
PUR,877090420,70137514879,00100000001.0000200000022.99,87709042,70137514879,1,22.99
PUR,900888400,70137514879,00100000001.0000200000022.99,90088840,70137514879,1,22.99
PUR,922755600,70137514879,00100000003.0000200000022.99,92275560,70137514879,3,22.99
PUR,224381000,70137514916,00100000002.0000200000022.99,22438100,70137514916,2,22.99
PUR,252622600,70137514916,00100000003.0000200000022.99,25262260,70137514916,3,22.99
PUR,294214100,70137514916,00100000001.0000200000022.99,29421410,70137514916,1,22.99
PUR,424993110,70137514916,00100000004.0000200000022.99,42499311,70137514916,4,22.99
PUR,427237420,70137514916,00100000001.0000200000022.99,42723742,70137514916,1,22.99
PUR,428607120,70137514916,00100000001.0000200000022.99,42860712,70137514916,1,22.99
PUR,434300830,70137514916,00100000003.0000200000022.99,43430083,70137514916,3,22.99
PUR,434316420,70137514916,00100000003.0000200000022.99,43431642,70137514916,3,22.99
PUR,437144430,70137514916,00100000005.0000200000022.99,43714443,70137514916,5,22.99
PUR,446863160,70137514916,00100000006.0000200000022.99,44686316,70137514916,6,22.99
PUR,450830300,70137514916,00100000005.0000200000022.99,45083030,70137514916,5,22.99
PUR,450978990,70137514916,00100000001.0000200000022.99,45097899,70137514916,1,22.99
PUR,451221770,70137514916,00100000002.0000200000022.99,45122177,70137514916,2,22.99
PUR,454939710,70137514916,00100000004.0000200000022.99,45493971,70137514916,4,22.99
PUR,462581790,70137514916,00100000002.0000200000022.99,46258179,70137514916,2,22.99
PUR,467022200,70137514916,00100000003.0000200000022.99,46702220,70137514916,3,22.99
PUR,474108400,70137514916,00100000005.0000200000022.99,47410840,70137514916,5,22.99
PUR,475188380,70137514916,00100000005.0000200000022.99,47518838,70137514916,5,22.99
PUR,475320060,70137514916,00100000002.0000200000022.99,47532006,70137514916,2,22.99
PUR,476584350,70137514916,00100000003.0000200000022.99,47658435,70137514916,3,22.99
PUR,487335470,70137514916,00100000010.0000200000022.99,48733547,70137514916,10,22.99
PUR,496350050,70137514916,00100000002.0000200000022.99,49635005,70137514916,2,22.99
PUR,496498470,70137514916,00100000003.0000200000022.99,49649847,70137514916,3,22.99
PUR,504320000,70137514916,00100000004.0000200000022.99,50432000,70137514916,4,22.99
PUR,559141700,70137514916,00100000004.0000200000022.99,55914170,70137514916,4,22.99
PUR,664187670,70137514916,00100000002.0000200000022.99,66418767,70137514916,2,22.99
PUR,664268530,70137514916,00100000005.0000200000022.99,66426853,70137514916,5,22.99
PUR,684500330,70137514916,00100000001.0000200000022.99,68450033,70137514916,1,22.99
PUR,684819690,70137514916,00100000005.0000200000022.99,68481969,70137514916,5,22.99
PUR,693810650,70137514916,00100000002.0000200000022.99,69381065,70137514916,2,22.99
PUR,774030300,70137514916,00100000030.0000200000022.99,77403030,70137514916,30,22.99
PUR,825752440,70137514916,00100000001.0000200000022.99,82575244,70137514916,1,22.99
PUR,830301780,70137514916,00100000001.0000200000022.99,83030178,70137514916,1,22.99
PUR,839874690,70137514916,00100000003.0000200000022.99,83987469,70137514916,3,22.99
PUR,850451290,70137514916,00100000002.0000200000022.99,85045129,70137514916,2,22.99
PUR,877090420,70137514916,00100000003.0000200000022.99,87709042,70137514916,3,22.99
PUR,889011540,70137514916,00100000002.0000200000022.99,88901154,70137514916,2,22.99
PUR,892794410,70137514916,00100000001.0000200000022.99,89279441,70137514916,1,22.99
PUR,922008600,70137514916,00100000002.0000200000022.99,92200860,70137514916,2,22.99
PUR,922755600,70137514916,00100000003.0000200000022.99,92275560,70137514916,3,22.99
PUR,165882900,70137515296,00100000004.0000200000024.99,16588290,70137515296,4,24.99
PUR,207790800,70137515296,00100000001.0000200000024.99,20779080,70137515296,1,24.99
PUR,428803440,70137515296,00100000005.0000200000024.99,42880344,70137515296,5,24.99
PUR,429240050,70137515296,00100000003.0000200000024.99,42924005,70137515296,3,24.99
PUR,446863160,70137515296,00100000004.0000200000024.99,44686316,70137515296,4,24.99
PUR,450830300,70137515296,00100000002.0000200000024.99,45083030,70137515296,2,24.99
PUR,452404420,70137515296,00100000002.0000200000024.99,45240442,70137515296,2,24.99
PUR,454939710,70137515296,00100000002.0000200000024.99,45493971,70137515296,2,24.99
PUR,457460990,70137515296,00100000001.0000200000024.99,45746099,70137515296,1,24.99
PUR,475188380,70137515296,00100000004.0000200000024.99,47518838,70137515296,4,24.99
PUR,475320060,70137515296,00100000001.0000200000024.99,47532006,70137515296,1,24.99
PUR,476584350,70137515296,00100000003.0000200000024.99,47658435,70137515296,3,24.99
PUR,487335470,70137515296,00100000010.0000200000024.99,48733547,70137515296,10,24.99
PUR,488331420,70137515296,00100000005.0000200000024.99,48833142,70137515296,5,24.99
PUR,493687870,70137515296,00100000001.0000200000024.99,49368787,70137515296,1,24.99
PUR,498871440,70137515296,00100000001.0000200000024.99,49887144,70137515296,1,24.99
PUR,504320000,70137515296,00100000002.0000200000024.99,50432000,70137515296,2,24.99
PUR,631826140,70137515296,00100000001.0000200000024.99,63182614,70137515296,1,24.99
PUR,684500330,70137515296,00100000002.0000200000024.99,68450033,70137515296,2,24.99
PUR,693810650,70137515296,00100000001.0000200000024.99,69381065,70137515296,1,24.99
PUR,728118800,70137515296,00100000001.0000200000024.99,72811880,70137515296,1,24.99
PUR,774030300,70137515296,00100000030.0000200000024.99,77403030,70137515296,30,24.99
PUR,778677100,70137515296,00100000004.0000200000024.99,77867710,70137515296,4,24.99
PUR,785950000,70137515296,00100000015.0000200000024.99,78595000,70137515296,15,24.99
PUR,830301780,70137515296,00100000001.0000200000024.99,83030178,70137515296,1,24.99
PUR,839874690,70137515296,00100000004.0000200000024.99,83987469,70137515296,4,24.99
PUR,856794310,70137515296,00100000003.0000200000024.99,85679431,70137515296,3,24.99
PUR,877090420,70137515296,00100000005.0000200000024.99,87709042,70137515296,5,24.99
PUR,884050130,70137515296,00100000004.0000200000024.99,88405013,70137515296,4,24.99
PUR,889011540,70137515296,00100000001.0000200000024.99,88901154,70137515296,1,24.99
PUR,897720720,70137515296,00100000003.0000200000024.99,89772072,70137515296,3,24.99
PUR,900888400,70137515296,00100000001.0000200000024.99,90088840,70137515296,1,24.99
PUR,922008600,70137515296,00100000002.0000200000024.99,92200860,70137515296,2,24.99
PUR,210569400,70137515593,00100000001.0000200000045.59,21056940,70137515593,1,45.59
PUR,246542900,70137515593,00100000002.0000200000045.59,24654290,70137515593,2,45.59
PUR,437144430,70137515593,00100000001.0000200000045.59,43714443,70137515593,1,45.59
PUR,450830300,70137515593,00100000002.0000200000045.59,45083030,70137515593,2,45.59
PUR,456514530,70137515593,00100000001.0000200000045.59,45651453,70137515593,1,45.59
PUR,474108400,70137515593,00100000010.0000200000045.59,47410840,70137515593,10,45.59
PUR,475317140,70137515593,00100000002.0000200000045.59,47531714,70137515593,2,45.59
PUR,476584350,70137515593,00100000003.0000200000045.59,47658435,70137515593,3,45.59
PUR,476762280,70137515593,00100000002.0000200000045.59,47676228,70137515593,2,45.59
PUR,559141700,70137515593,00100000001.0000200000045.59,55914170,70137515593,1,45.59
PUR,664078500,70137515593,00100000001.0000200000045.59,66407850,70137515593,1,45.59
PUR,684500330,70137515593,00100000001.0000200000045.59,68450033,70137515593,1,45.59
PUR,739654900,70137515593,00100000003.0000200000045.59,73965490,70137515593,3,45.59
PUR,785950000,70137515593,00100000008.0000200000045.59,78595000,70137515593,8,45.59
PUR,854655800,70137515593,00100000002.0000200000045.59,85465580,70137515593,2,45.59
PUR,856794310,70137515593,00100000001.0000200000045.59,85679431,70137515593,1,45.59
PUR,880659250,70137515593,00100000001.0000200000045.59,88065925,70137515593,1,45.59
PUR,240457700,70137515630,00100000001.0000200000031.59,24045770,70137515630,1,31.59
PUR,437144430,70137515630,00100000004.0000200000031.59,43714443,70137515630,4,31.59
PUR,437144430,70137515630,00100000002.0000200000031.59,43714443,70137515630,2,31.59
PUR,450830300,70137515630,00100000003.0000200000031.59,45083030,70137515630,3,31.59
PUR,450978990,70137515630,00100000001.0000200000031.59,45097899,70137515630,1,31.59
PUR,451221770,70137515630,00100000005.0000200000031.59,45122177,70137515630,5,31.59
PUR,454939710,70137515630,00100000002.0000200000031.59,45493971,70137515630,2,31.59
PUR,468680000,70137515630,00100000001.0000200000031.59,46868000,70137515630,1,31.59
PUR,474108400,70137515630,00100000003.0000200000031.59,47410840,70137515630,3,31.59
PUR,476584350,70137515630,00100000002.0000200000031.59,47658435,70137515630,2,31.59
PUR,485551900,70137515630,00100000004.0000200000031.59,48555190,70137515630,4,31.59
PUR,487335470,70137515630,00100000010.0000200000031.59,48733547,70137515630,10,31.59
PUR,504320000,70137515630,00100000002.0000200000031.59,50432000,70137515630,2,31.59
PUR,805460000,70137515630,00100000001.0000200000031.59,80546000,70137515630,1,31.59
PUR,825752440,70137515630,00100000001.0000200000031.59,82575244,70137515630,1,31.59
PUR,830301780,70137515630,00100000001.0000200000031.59,83030178,70137515630,1,31.59
PUR,839874690,70137515630,00100000002.0000200000031.59,83987469,70137515630,2,31.59
PUR,877090420,70137515630,00100000003.0000200000031.59,87709042,70137515630,3,31.59
PUR,897720720,70137515630,00100000002.0000200000031.59,89772072,70137515630,2,31.59
PUR,900888400,70137515630,00100000001.0000200000031.59,90088840,70137515630,1,31.59
PUR,981434300,70137515630,00100000006.0000200000031.59,98143430,70137515630,6,31.59
PUR,209101900,70137525257,00100000001.0000200000031.89,20910190,70137525257,1,31.89
PUR,380068720,70137525257,00100000001.0000200000031.89,38006872,70137525257,1,31.89
PUR,436207440,70137525257,00100000001.0000200000031.89,43620744,70137525257,1,31.89
PUR,452404420,70137525257,00100000001.0000200000031.89,45240442,70137525257,1,31.89
PUR,454939710,70137525257,00100000005.0000200000031.89,45493971,70137525257,5,31.89
PUR,474108400,70137525257,00100000002.0000200000031.89,47410840,70137525257,2,31.89
PUR,475188380,70137525257,00100000001.0000200000031.89,47518838,70137525257,1,31.89
PUR,493687870,70137525257,00100000001.0000200000031.89,49368787,70137525257,1,31.89
PUR,496350050,70137525257,00100000004.0000200000031.89,49635005,70137525257,4,31.89
PUR,664187670,70137525257,00100000001.0000200000031.89,66418767,70137525257,1,31.89
PUR,728118800,70137525257,00100000001.0000200000031.89,72811880,70137525257,1,31.89
PUR,785950000,70137525257,00100000004.0000200000031.89,78595000,70137525257,4,31.89
PUR,825752440,70137525257,00100000002.0000200000031.89,82575244,70137525257,2,31.89
PUR,830301780,70137525257,00100000001.0000200000031.89,83030178,70137525257,1,31.89
PUR,832944070,70137525257,00100000001.0000200000031.89,83294407,70137525257,1,31.89
PUR,877090420,70137525257,00100000003.0000200000031.89,87709042,70137525257,3,31.89
PUR,884050130,70137525257,00100000004.0000200000031.89,88405013,70137525257,4,31.89
PUR,207790800,70137525295,00100000001.0000200000031.89,20779080,70137525295,1,31.89
PUR,224381000,70137525295,00100000001.0000200000031.89,22438100,70137525295,1,31.89
PUR,424993110,70137525295,00100000002.0000200000031.89,42499311,70137525295,2,31.89
PUR,428474000,70137525295,00100000002.0000200000031.89,42847400,70137525295,2,31.89
PUR,437144430,70137525295,00100000002.0000200000031.89,43714443,70137525295,2,31.89
PUR,437144430,70137525295,00100000002.0000200000031.89,43714443,70137525295,2,31.89
PUR,455413480,70137525295,00100000001.0000200000031.89,45541348,70137525295,1,31.89
PUR,457460990,70137525295,00100000001.0000200000031.89,45746099,70137525295,1,31.89
PUR,459661600,70137525295,00100000002.0000200000031.89,45966160,70137525295,2,31.89
PUR,475188380,70137525295,00100000001.0000200000031.89,47518838,70137525295,1,31.89
PUR,475320060,70137525295,00100000001.0000200000031.89,47532006,70137525295,1,31.89
PUR,475320060,70137525295,00100000001.0000200000031.89,47532006,70137525295,1,31.89
PUR,485551900,70137525295,00100000003.0000200000031.89,48555190,70137525295,3,31.89
PUR,728118800,70137525295,00100000001.0000200000031.89,72811880,70137525295,1,31.89
PUR,785950000,70137525295,00100000004.0000200000031.89,78595000,70137525295,4,31.89
PUR,825752440,70137525295,00100000001.0000200000031.89,82575244,70137525295,1,31.89
PUR,825752440,70137525295,00100000001.0000200000031.89,82575244,70137525295,1,31.89
PUR,839874690,70137525295,00100000002.0000200000031.89,83987469,70137525295,2,31.89
PUR,877090420,70137525295,00100000002.0000200000031.89,87709042,70137525295,2,31.89
PUR,246542900,70137831457,00100000001.0000200000022.99,24654290,70137831457,1,22.99
PUR,294214100,70137831457,00100000001.0000200000022.99,29421410,70137831457,1,22.99
PUR,338678100,70137831457,00100000001.0000200000022.99,33867810,70137831457,1,22.99
PUR,393683900,70137831457,00100000001.0000200000022.99,39368390,70137831457,1,22.99
PUR,424317860,70137831457,00100000002.0000200000022.99,42431786,70137831457,2,22.99
PUR,434316420,70137831457,00100000001.0000200000022.99,43431642,70137831457,1,22.99
PUR,443714290,70137831457,00100000001.0000200000022.99,44371429,70137831457,1,22.99
PUR,446863160,70137831457,00100000002.0000200000022.99,44686316,70137831457,2,22.99
PUR,467022200,70137831457,00100000001.0000200000022.99,46702220,70137831457,1,22.99
PUR,476584350,70137831457,00100000001.0000200000022.99,47658435,70137831457,1,22.99
PUR,496350050,70137831457,00100000001.0000200000022.99,49635005,70137831457,1,22.99
PUR,664187670,70137831457,00100000002.0000200000022.99,66418767,70137831457,2,22.99
PUR,693810650,70137831457,00100000002.0000200000022.99,69381065,70137831457,2,22.99
PUR,739654900,70137831457,00100000002.0000200000022.99,73965490,70137831457,2,22.99
PUR,785950000,70137831457,00100000002.0000200000022.99,78595000,70137831457,2,22.99
PUR,839874690,70137831457,00100000003.0000200000022.99,83987469,70137831457,3,22.99
PUR,922755600,70137831457,00100000003.0000200000022.99,92275560,70137831457,3,22.99
PUR,475317140,70137839958,00100000030.0000200000024.39,47531714,70137839958,30,24.39
PUR,684819690,70195354035,00100000001.0000200000157.99,68481969,70195354035,1,157.99
PUR,668310430,70195594196,00100000001.0000200000052.99,66831043,70195594196,1,52.99
PUR,839874690,70195594196,00100000001.0000200000052.99,83987469,70195594196,1,52.99
PUR,294214100,70195594202,00100000001.0000200000052.99,29421410,70195594202,1,52.99
PUR,839874690,70195594202,00100000001.0000200000052.99,83987469,70195594202,1,52.99
PUR,252356130,70195596602,00100000002.0000200000019.99,25235613,70195596602,2,19.99
PUR,434300830,70195596602,00100000001.0000200000019.99,43430083,70195596602,1,19.99
PUR,446863160,70195596602,00100000001.0000200000019.99,44686316,70195596602,1,19.99
PUR,536320400,70195596602,00100000002.0000200000019.99,53632040,70195596602,2,19.99
PUR,664078500,70195596602,00100000001.0000200000019.99,66407850,70195596602,1,19.99
PUR,788805500,70195596602,00100000004.0000200000019.99,78880550,70195596602,4,19.99
PUR,830301780,70195596602,00100000001.0000200000019.99,83030178,70195596602,1,19.99
PUR,428478790,71610299580,00100000001.0000200000031.49,42847879,71610299580,1,31.49
PUR,664187670,71610299580,00100000001.0000200000031.49,66418767,71610299580,1,31.49
PUR,437754050,71610299610,00100000001.0000200000031.49,43775405,71610299610,1,31.49
PUR,456514530,71610299610,00100000001.0000200000031.49,45651453,71610299610,1,31.49
PUR,468680000,71610299610,00100000001.0000200000031.49,46868000,71610299610,1,31.49
PUR,450830300,71610301849,00100000002.0000200000037.99,45083030,71610301849,2,37.99
PUR,739654900,71610301849,00100000002.0000200000037.99,73965490,71610301849,2,37.99
PUR,856794310,71610301849,00100000005.0000200000037.99,85679431,71610301849,5,37.99
PUR,922755600,71610301849,00100000001.0000200000037.99,92275560,71610301849,1,37.99
PUR,294214100,71610301870,00100000001.0000200000037.99,29421410,71610301870,1,37.99
PUR,455413480,71610301870,00100000001.0000200000037.99,45541348,71610301870,1,37.99
PUR,474108400,71610301870,00100000001.0000200000037.99,47410840,71610301870,1,37.99
PUR,492000100,71610301870,00100000001.0000200000037.99,49200010,71610301870,1,37.99
PUR,922755600,71610301870,00100000001.0000200000037.99,92275560,71610301870,1,37.99
PUR,830301780,71610301900,00100000001.0000200000037.99,83030178,71610301900,1,37.99
PUR,856794310,71610301900,00100000001.0000200000037.99,85679431,71610301900,1,37.99
PUR,294214100,71610301931,00100000001.0000200000037.99,29421410,71610301931,1,37.99
PUR,434300830,71610301931,00100000001.0000200000037.99,43430083,71610301931,1,37.99
PUR,441924300,71610301931,00100000001.0000200000037.99,44192430,71610301931,1,37.99
PUR,446863160,71610301931,00100000001.0000200000037.99,44686316,71610301931,1,37.99
PUR,475188380,71610301931,00100000001.0000200000037.99,47518838,71610301931,1,37.99
PUR,487335470,71610301931,00100000001.0000200000037.99,48733547,71610301931,1,37.99
PUR,558319600,71610301931,00100000001.0000200000037.99,55831960,71610301931,1,37.99
PUR,559141700,71610301931,00100000001.0000200000037.99,55914170,71610301931,1,37.99
PUR,830301780,71610301931,00100000001.0000200000037.99,83030178,71610301931,1,37.99
PUR,399175200,71610301962,00100000001.0000200000025.99,39917520,71610301962,1,25.99
PUR,739654900,71610302273,00100000002.0000200000037.99,73965490,71610302273,2,37.99
PUR,839874690,71610302273,00100000001.0000200000037.99,83987469,71610302273,1,37.99
PUR,856794310,71610302273,00100000002.0000200000037.99,85679431,71610302273,2,37.99
PUR,399175200,71610302372,00100000001.0000200000025.99,39917520,71610302372,1,25.99
PUR,476584350,71610302730,00100000001.0000200000037.99,47658435,71610302730,1,37.99
PUR,496498470,71610302730,00100000001.0000200000037.99,49649847,71610302730,1,37.99
PUR,399175200,71610302778,00100000001.0000200000025.99,39917520,71610302778,1,25.99
PUR,207790800,71610302808,00100000001.0000200000037.99,20779080,71610302808,1,37.99
PUR,338678100,71610302808,00100000002.0000200000037.99,33867810,71610302808,2,37.99
PUR,427237420,71610302808,00100000001.0000200000037.99,42723742,71610302808,1,37.99
PUR,428478790,71610302808,00100000002.0000200000037.99,42847879,71610302808,2,37.99
PUR,434316420,71610302808,00100000001.0000200000037.99,43431642,71610302808,1,37.99
PUR,437754050,71610302808,00100000001.0000200000037.99,43775405,71610302808,1,37.99
PUR,441924300,71610302808,00100000002.0000200000037.99,44192430,71610302808,2,37.99
PUR,446863160,71610302808,00100000001.0000200000037.99,44686316,71610302808,1,37.99
PUR,450830300,71610302808,00100000003.0000200000037.99,45083030,71610302808,3,37.99
PUR,452404420,71610302808,00100000002.0000200000037.99,45240442,71610302808,2,37.99
PUR,456514530,71610302808,00100000001.0000200000037.99,45651453,71610302808,1,37.99
PUR,458451550,71610302808,00100000001.0000200000037.99,45845155,71610302808,1,37.99
PUR,459661600,71610302808,00100000001.0000200000037.99,45966160,71610302808,1,37.99
PUR,469680500,71610302808,00100000001.0000200000037.99,46968050,71610302808,1,37.99
PUR,474108400,71610302808,00100000001.0000200000037.99,47410840,71610302808,1,37.99
PUR,474108400,71610302808,00100000001.0000200000037.99,47410840,71610302808,1,37.99
PUR,476584350,71610302808,00100000003.0000200000037.99,47658435,71610302808,3,37.99
PUR,485551900,71610302808,00100000001.0000200000037.99,48555190,71610302808,1,37.99
PUR,487335470,71610302808,00100000005.0000200000037.99,48733547,71610302808,5,37.99
PUR,496350050,71610302808,00100000002.0000200000037.99,49635005,71610302808,2,37.99
PUR,496379290,71610302808,00100000001.0000200000037.99,49637929,71610302808,1,37.99
PUR,504320000,71610302808,00100000003.0000200000037.99,50432000,71610302808,3,37.99
PUR,559141700,71610302808,00100000001.0000200000037.99,55914170,71610302808,1,37.99
PUR,664187670,71610302808,00100000001.0000200000037.99,66418767,71610302808,1,37.99
PUR,684819690,71610302808,00100000001.0000200000037.99,68481969,71610302808,1,37.99
PUR,694228790,71610302808,00100000001.0000200000037.99,69422879,71610302808,1,37.99
PUR,774030300,71610302808,00100000006.0000200000037.99,77403030,71610302808,6,37.99
PUR,785950000,71610302808,00100000004.0000200000037.99,78595000,71610302808,4,37.99
PUR,830301780,71610302808,00100000001.0000200000037.99,83030178,71610302808,1,37.99
PUR,856794310,71610302808,00100000001.0000200000037.99,85679431,71610302808,5,37.99
PUR,856794310,71610302808,00100000005.0000200000037.99,85679431,71610302808,1,37.99
PUR,880659250,71610302808,00100000001.0000200000037.99,88065925,71610302808,1,37.99
PUR,884050130,71610302808,00100000002.0000200000037.99,88405013,71610302808,2,37.99
PUR,892794410,71610302808,00100000001.0000200000037.99,89279441,71610302808,1,37.99
PUR,897720720,71610302808,00100000001.0000200000037.99,89772072,71610302808,1,37.99
PUR,922755600,71610302808,00100000002.0000200000037.99,92275560,71610302808,2,37.99
PUR,424166220,71610303089,00100000001.0000200000025.99,42416622,71610303089,1,25.99
PUR,427237420,71610303089,00100000001.0000200000025.99,42723742,71610303089,1,25.99
PUR,436207440,71610303089,00100000001.0000200000025.99,43620744,71610303089,1,25.99
PUR,450830300,71610303089,00100000001.0000200000025.99,45083030,71610303089,1,25.99
PUR,475320060,71610303089,00100000001.0000200000025.99,47532006,71610303089,1,25.99
PUR,491828000,71610303089,00100000001.0000200000025.99,49182800,71610303089,1,25.99
PUR,491828000,71610303089,00100000001.0000200000025.99,49182800,71610303089,1,25.99
PUR,785950000,71610303089,00100000001.0000200000025.99,78595000,71610303089,1,25.99
PUR,830301780,71610303089,00100000001.0000200000025.99,83030178,71610303089,1,25.99
PUR,866424890,71610303089,00100000001.0000200000025.99,86642489,71610303089,1,25.99
PUR,496498470,71610340169,00100000001.0000200000037.99,49649847,71610340169,1,37.99
PUR,856794310,71610340169,00100000002.0000200000037.99,85679431,71610340169,2,37.99
PUR,437144430,71610340183,00100000001.0000200000042.49,43714443,71610340183,1,42.49
PUR,476584350,71610340329,00100000001.0000200000022.99,47658435,71610340329,1,22.99
PUR,443714290,71610340466,00100000001.0000200000031.49,44371429,71610340466,1,31.49
PUR,475320060,71610340466,00100000001.0000200000031.49,47532006,71610340466,1,31.49
PUR,450830300,71610340473,00100000002.0000200000031.49,45083030,71610340473,2,31.49
PUR,456514530,71610340473,00100000001.0000200000031.49,45651453,71610340473,1,31.49
PUR,457460990,71610340473,00100000001.0000200000031.49,45746099,71610340473,1,31.49
PUR,458451550,71610340473,00100000001.0000200000031.49,45845155,71610340473,1,31.49
PUR,498871440,71610340473,00100000002.0000200000031.49,49887144,71610340473,2,31.49
PUR,429240050,71610340565,00100000001.0000200000037.99,42924005,71610340565,1,37.99
PUR,450830300,71610340565,00100000001.0000200000037.99,45083030,71610340565,1,37.99
PUR,475188380,71610340565,00100000001.0000200000037.99,47518838,71610340565,1,37.99
PUR,476584350,71610340565,00100000001.0000200000037.99,47658435,71610340565,1,37.99
PUR,485551900,71610340565,00100000001.0000200000037.99,48555190,71610340565,1,37.99
PUR,487335470,71610340565,00100000002.0000200000037.99,48733547,71610340565,2,37.99
PUR,504320000,71610340565,00100000003.0000200000037.99,50432000,71610340565,3,37.99
PUR,774030300,71610340565,00100000002.0000200000037.99,77403030,71610340565,2,37.99
PUR,778677100,71610340565,00100000003.0000200000037.99,77867710,71610340565,3,37.99
PUR,830301780,71610340565,00100000001.0000200000037.99,83030178,71610340565,1,37.99
PUR,856794310,71610340565,00100000002.0000200000037.99,85679431,71610340565,2,37.99
PUR,922755600,71610340565,00100000001.0000200000037.99,92275560,71610340565,1,37.99
PUR,246542900,71610340848,00100000001.0000200000037.99,24654290,71610340848,1,37.99
PUR,463499420,71610340848,00100000001.0000200000037.99,46349942,71610340848,1,37.99
PUR,475188380,71610340848,00100000001.0000200000037.99,47518838,71610340848,1,37.99
PUR,476584350,71610340848,00100000001.0000200000037.99,47658435,71610340848,1,37.99
PUR,728118800,71610340848,00100000001.0000200000037.99,72811880,71610340848,1,37.99
PUR,774030300,71610340848,00100000002.0000200000037.99,77403030,71610340848,2,37.99
PUR,856794310,71610340848,00100000002.0000200000037.99,85679431,71610340848,2,37.99
PUR,880659250,71610340848,00100000001.0000200000037.99,88065925,71610340848,1,37.99
PUR,922755600,71610340848,00100000001.0000200000037.99,92275560,71610340848,1,37.99
PUR,504320000,71610340916,00100000001.0000200000037.99,50432000,71610340916,1,37.99
PUR,739654900,71610340916,00100000001.0000200000037.99,73965490,71610340916,1,37.99
PUR,830301780,71610340916,00100000001.0000200000037.99,83030178,71610340916,1,37.99
PUR,889011540,71610340916,00100000001.0000200000037.99,88901154,71610340916,1,37.99
PUR,460890590,71610340992,00100000002.0000200000038.99,46089059,71610340992,2,38.99
PUR,476584350,71610340992,00100000001.0000200000038.99,47658435,71610340992,1,38.99
PUR,485551900,71610340992,00100000001.0000200000038.99,48555190,71610340992,1,38.99
PUR,476584350,71610341036,00100000001.0000200000038.99,47658435,71610341036,1,38.99
PUR,450830300,71610341081,00100000001.0000200000029.99,45083030,71610341081,1,29.99
PUR,498802770,71610341159,00100000001.0000200000029.99,49880277,71610341159,1,29.99
PUR,429224030,71610341166,00100000001.0000200000029.99,42922403,71610341166,1,29.99
PUR,446863160,71610341166,00100000001.0000200000029.99,44686316,71610341166,1,29.99
PUR,455413480,71610341166,00100000001.0000200000029.99,45541348,71610341166,1,29.99
PUR,475188380,71610341166,00100000001.0000200000029.99,47518838,71610341166,1,29.99
PUR,774030300,71610341166,00100000002.0000200000029.99,77403030,71610341166,2,29.99
PUR,774030300,71610341180,00100000002.0000200000029.99,77403030,71610341180,2,29.99
PUR,207790800,71610341197,00100000001.0000200000029.99,20779080,71610341197,1,29.99
PUR,240457700,71610341197,00100000001.0000200000029.99,24045770,71610341197,1,29.99
PUR,294214100,71610341197,00100000001.0000200000029.99,29421410,71610341197,1,29.99
PUR,429224030,71610341197,00100000001.0000200000029.99,42922403,71610341197,1,29.99
PUR,434316420,71610341197,00100000001.0000200000029.99,43431642,71610341197,1,29.99
PUR,437144430,71610341197,00100000002.0000200000029.99,43714443,71610341197,2,29.99
PUR,450830300,71610341197,00100000001.0000200000029.99,45083030,71610341197,1,29.99
PUR,450978990,71610341197,00100000001.0000200000029.99,45097899,71610341197,1,29.99
PUR,460890590,71610341197,00100000001.0000200000029.99,46089059,71610341197,1,29.99
PUR,476584350,71610341197,00100000001.0000200000029.99,47658435,71610341197,1,29.99
PUR,496350050,71610341197,00100000002.0000200000029.99,49635005,71610341197,2,29.99
PUR,778677100,71610341197,00100000004.0000200000029.99,77867710,71610341197,4,29.99
PUR,805460000,71610341197,00100000001.0000200000029.99,80546000,71610341197,1,29.99
PUR,830301780,71610341197,00100000001.0000200000029.99,83030178,71610341197,1,29.99
PUR,839874690,71610341197,00100000001.0000200000029.99,83987469,71610341197,1,29.99
PUR,884050130,71610341197,00100000001.0000200000029.99,88405013,71610341197,1,29.99
PUR,897720720,71610341197,00100000001.0000200000029.99,89772072,71610341197,1,29.99
PUR,914505000,71610341197,00100000001.0000200000029.99,91450500,71610341197,1,29.99
PUR,991198200,71610341197,00100000001.0000200000029.99,99119820,71610341197,1,29.99
PUR,450830300,71610341203,00100000001.0000200000029.99,45083030,71610341203,1,29.99
PUR,456514530,71610341203,00100000001.0000200000029.99,45651453,71610341203,1,29.99
PUR,462581790,71610341203,00100000001.0000200000029.99,46258179,71610341203,1,29.99
PUR,774030300,71610341203,00100000002.0000200000029.99,77403030,71610341203,2,29.99
PUR,830301780,71610341203,00100000001.0000200000029.99,83030178,71610341203,1,29.99
PUR,981434300,71610341203,00100000001.0000200000029.99,98143430,71610341203,1,29.99
PUR,429224030,71610341210,00100000001.0000200000029.99,42922403,71610341210,1,29.99
PUR,437144430,71610341210,00100000002.0000200000029.99,43714443,71610341210,2,29.99
PUR,450830300,71610341210,00100000001.0000200000029.99,45083030,71610341210,1,29.99
PUR,454939710,71610341210,00100000001.0000200000029.99,45493971,71610341210,1,29.99
PUR,456514530,71610341210,00100000001.0000200000029.99,45651453,71610341210,1,29.99
PUR,460890590,71610341210,00100000001.0000200000029.99,46089059,71610341210,1,29.99
PUR,462581790,71610341210,00100000001.0000200000029.99,46258179,71610341210,1,29.99
PUR,467022200,71610341210,00100000003.0000200000029.99,46702220,71610341210,3,29.99
PUR,475320060,71610341210,00100000001.0000200000029.99,47532006,71610341210,1,29.99
PUR,476584350,71610341210,00100000001.0000200000029.99,47658435,71610341210,1,29.99
PUR,487335470,71610341210,00100000002.0000200000029.99,48733547,71610341210,2,29.99
PUR,496088830,71610341210,00100000001.0000200000029.99,49608883,71610341210,1,29.99
PUR,496350050,71610341210,00100000001.0000200000029.99,49635005,71610341210,1,29.99
PUR,498802770,71610341210,00100000001.0000200000029.99,49880277,71610341210,1,29.99
PUR,504320000,71610341210,00100000001.0000200000029.99,50432000,71610341210,1,29.99
PUR,536320400,71610341210,00100000001.0000200000029.99,53632040,71610341210,1,29.99
PUR,739654900,71610341210,00100000003.0000200000029.99,73965490,71610341210,3,29.99
PUR,774030300,71610341210,00100000004.0000200000029.99,77403030,71610341210,4,29.99
PUR,778677100,71610341210,00100000004.0000200000029.99,77867710,71610341210,4,29.99
PUR,922755600,71610341210,00100000001.0000200000029.99,92275560,71610341210,1,29.99
PUR,429240050,71610341227,00100000001.0000200000029.99,42924005,71610341227,1,29.99
PUR,445361840,71610341227,00100000001.0000200000029.99,44536184,71610341227,1,29.99
PUR,459661600,71610341227,00100000001.0000200000029.99,45966160,71610341227,1,29.99
PUR,460890590,71610341227,00100000001.0000200000029.99,46089059,71610341227,1,29.99
PUR,476584350,71610341227,00100000001.0000200000029.99,47658435,71610341227,1,29.99
PUR,774030300,71610341227,00100000002.0000200000029.99,77403030,71610341227,2,29.99
PUR,778677100,71610341227,00100000004.0000200000029.99,77867710,71610341227,2,29.99
PUR,778677100,71610341227,00100000002.0000200000029.99,77867710,71610341227,4,29.99
PUR,830301780,71610341227,00100000001.0000200000029.99,83030178,71610341227,1,29.99
PUR,839874690,71610341227,00100000001.0000200000029.99,83987469,71610341227,1,29.99
PUR,922755600,71610341227,00100000001.0000200000029.99,92275560,71610341227,1,29.99
PUR,338678100,71610341234,00100000001.0000200000029.99,33867810,71610341234,1,29.99
PUR,443714290,71610341234,00100000002.0000200000029.99,44371429,71610341234,2,29.99
PUR,450830300,71610341234,00100000002.0000200000029.99,45083030,71610341234,2,29.99
PUR,462581790,71610341234,00100000001.0000200000029.99,46258179,71610341234,1,29.99
PUR,467022200,71610341234,00100000001.0000200000029.99,46702220,71610341234,1,29.99
PUR,475188380,71610341234,00100000001.0000200000029.99,47518838,71610341234,1,29.99
PUR,475317140,71610341234,00100000001.0000200000029.99,47531714,71610341234,1,29.99
PUR,487335470,71610341234,00100000002.0000200000029.99,48733547,71610341234,2,29.99
PUR,559141700,71610341234,00100000001.0000200000029.99,55914170,71610341234,1,29.99
PUR,774030300,71610341234,00100000002.0000200000029.99,77403030,71610341234,2,29.99
PUR,778677100,71610341234,00100000002.0000200000029.99,77867710,71610341234,2,29.99
PUR,856794310,71610341234,00100000002.0000200000029.99,85679431,71610341234,2,29.99
PUR,897720720,71610341234,00100000001.0000200000029.99,89772072,71610341234,1,29.99
PUR,922008600,71610341234,00100000001.0000200000029.99,92200860,71610341234,1,29.99
PUR,922755600,71610341234,00100000002.0000200000029.99,92275560,71610341234,2,29.99
PUR,987876280,71610341234,00100000001.0000200000029.99,98787628,71610341234,1,29.99
PUR,443714290,71610341241,00100000002.0000200000029.99,44371429,71610341241,2,29.99
PUR,559141700,71610341241,00100000001.0000200000029.99,55914170,71610341241,1,29.99
PUR,774030300,71610341241,00100000002.0000200000029.99,77403030,71610341241,2,29.99
PUR,428607120,71610341333,00100000001.0000200000029.99,42860712,71610341333,1,29.99
PUR,462581790,71610341333,00100000001.0000200000029.99,46258179,71610341333,1,29.99
PUR,475188380,71610341333,00100000001.0000200000029.99,47518838,71610341333,1,29.99
PUR,559141700,71610341333,00100000001.0000200000029.99,55914170,71610341333,1,29.99
PUR,693810650,71610341333,00100000001.0000200000029.99,69381065,71610341333,1,29.99
PUR,778677100,71610341333,00100000002.0000200000029.99,77867710,71610341333,2,29.99
PUR,207790800,71610341364,00100000001.0000200000037.99,20779080,71610341364,1,37.99
PUR,504320000,71610341364,00100000001.0000200000037.99,50432000,71610341364,1,37.99
PUR,739654900,71610341364,00100000001.0000200000037.99,73965490,71610341364,1,37.99
PUR,830301780,71610341364,00100000001.0000200000037.99,83030178,71610341364,1,37.99
PUR,485551900,71610341371,00100000001.0000200000037.99,48555190,71610341371,1,37.99
PUR,450830300,71610341517,00100000001.0000200000037.99,45083030,71610341517,1,37.99
PUR,469680500,71610341517,00100000001.0000200000037.99,46968050,71610341517,1,37.99
PUR,922755600,71610341517,00100000001.0000200000037.99,92275560,71610341517,1,37.99
PUR,207790800,71610341548,00100000001.0000200000037.99,20779080,71610341548,1,37.99
PUR,476584350,71610341548,00100000001.0000200000037.99,47658435,71610341548,1,37.99
PUR,856794310,71610341548,00100000002.0000200000037.99,85679431,71610341548,2,37.99
PUR,399175200,71610341586,00100000001.0000200000067.99,39917520,71610341586,1,67.99
PUR,446863160,71610341586,00100000001.0000200000067.99,44686316,71610341586,1,67.99
PUR,476584350,71610341586,00100000001.0000200000067.99,47658435,71610341586,1,67.99
PUR,497539790,71610341586,00100000002.0000200000067.99,49753979,71610341586,2,67.99
PUR,504320000,71610341586,00100000001.0000200000067.99,50432000,71610341586,1,67.99
PUR,922755600,71610341586,00100000001.0000200000067.99,92275560,71610341586,1,67.99
PUR,467022200,71610341623,00100000002.0000200000037.99,46702220,71610341623,2,37.99
PUR,474108400,71610341623,00100000002.0000200000037.99,47410840,71610341623,2,37.99
PUR,856794310,71610341623,00100000002.0000200000037.99,85679431,71610341623,2,37.99
PUR,207790800,71610341678,00100000001.0000200000029.99,20779080,71610341678,1,29.99
PUR,437754050,71610341678,00100000001.0000200000029.99,43775405,71610341678,1,29.99
PUR,459661600,71610341678,00100000001.0000200000029.99,45966160,71610341678,1,29.99
PUR,475317140,71610341678,00100000001.0000200000029.99,47531714,71610341678,1,29.99
PUR,498802770,71610341678,00100000001.0000200000029.99,49880277,71610341678,1,29.99
PUR,774030300,71610341678,00100000003.0000200000029.99,77403030,71610341678,3,29.99
PUR,446863160,71610341685,00100000001.0000200000067.99,44686316,71610341685,1,67.99
PUR,476584350,71610341685,00100000001.0000200000067.99,47658435,71610341685,1,67.99
PUR,497539790,71610341685,00100000002.0000200000067.99,49753979,71610341685,2,67.99
PUR,559141700,71610341685,00100000001.0000200000067.99,55914170,71610341685,1,67.99
PUR,774030300,71610341685,00100000001.0000200000067.99,77403030,71610341685,1,67.99
PUR,455413480,71610341739,00100000001.0000200000038.99,45541348,71610341739,1,38.99
PUR,476584350,71610341739,00100000001.0000200000038.99,47658435,71610341739,1,38.99
PUR,739654900,71610341739,00100000002.0000200000038.99,73965490,71610341739,2,38.99
PUR,774030300,71610341739,00100000002.0000200000038.99,77403030,71610341739,2,38.99
PUR,922755600,71610341739,00100000001.0000200000038.99,92275560,71610341739,1,38.99
PUR,207790800,71610341760,00100000001.0000200000037.99,20779080,71610341760,1,37.99
PUR,719143000,71610341760,00100000001.0000200000037.99,71914300,71610341760,1,37.99
PUR,739654900,71610341760,00100000001.0000200000037.99,73965490,71610341760,1,37.99
PUR,428474000,71610495883,00100000001.0000200000031.99,42847400,71610495883,1,31.99
PUR,437144430,71610495883,00100000002.0000200000031.99,43714443,71610495883,2,31.99
PUR,443714290,71610495883,00100000002.0000200000031.99,44371429,71610495883,2,31.99
PUR,463499420,71610495883,00100000002.0000200000031.99,46349942,71610495883,2,31.99
PUR,474108400,71610495883,00100000005.0000200000031.99,47410840,71610495883,5,31.99
PUR,475317140,71610495883,00100000002.0000200000031.99,47531714,71610495883,2,31.99
PUR,559141700,71610495883,00100000001.0000200000031.99,55914170,71610495883,1,31.99
PUR,719143000,71610495883,00100000001.0000200000031.99,71914300,71610495883,1,31.99
PUR,889011540,71610495883,00100000001.0000200000031.99,88901154,71610495883,1,31.99
PUR,981434300,71610495883,00100000006.0000200000031.99,98143430,71610495883,6,31.99
PUR,456514530,71610499348,00100000001.0000200000055.99,45651453,71610499348,1,55.99
PUR,474108400,71610499348,00100000001.0000200000055.99,47410840,71610499348,1,55.99
PUR,719143000,71610499348,00100000001.0000200000055.99,71914300,71610499348,1,55.99
PUR,870110270,71610499348,00100000015.0000200000055.50,87011027,71610499348,15,55.5
PUR,922755600,71610499348,00100000001.0000200000055.99,92275560,71610499348,1,55.99
PUR,446863160,71610499508,00100000001.0000200000042.49,44686316,71610499508,1,42.49
PUR,456514530,71610499508,00100000001.0000200000042.49,45651453,71610499508,1,42.49
PUR,476584350,71610499508,00100000001.0000200000042.49,47658435,71610499508,1,42.49
PUR,922755600,71610499508,00100000002.0000200000042.49,92275560,71610499508,2,42.49
PUR,456514530,71610499546,00100000001.0000200000042.49,45651453,71610499546,1,42.49
PUR,207790800,71610501546,001-0000001.0000200000072.99,20779080,71610501546,-1,72.99
PUR,434300830,71610502314,00100000001.0000200000028.49,43430083,71610502314,1,28.49
PUR,446863160,71610502314,00100000002.0000200000028.49,44686316,71610502314,2,28.49
PUR,207790800,71610502413,00100000001.0000200000028.49,20779080,71610502413,1,28.49
PUR,922755600,71610502413,00100000002.0000200000028.49,92275560,71610502413,2,28.49
PUR,991198200,71610502413,00100000001.0000200000028.49,99119820,71610502413,1,28.49
PUR,856794310,71610580091,00100000002.0000200000031.99,85679431,71610580091,2,31.99
PUR,246542900,73100002021,00100000001.0000200000329.99,24654290,73100002021,1,329.99
PUR,429232310,73100002021,00100000001.0000200000329.99,42923231,73100002021,1,329.99
PUR,487335470,73100002021,00100000001.0000200000329.99,48733547,73100002021,1,329.99
PUR,684819690,73100002021,001-0000001.0000200000329.99,68481969,73100002021,-1,329.99
PUR,429232310,73100002557,00100000002.0000200000329.99,42923231,73100002557,1,329.99
PUR,429232310,73100002557,00100000001.0000200000329.99,42923231,73100002557,2,329.99
PUR,445361840,73100002557,00100000001.0000200000329.99,44536184,73100002557,1,329.99
PUR,856794310,73100002557,00100000001.0000200000329.99,85679431,73100002557,1,329.99
PUR,252356130,73100010897,00100000004.0000200000029.29,25235613,73100010897,4,29.29
PUR,468680000,73100010897,00100000004.0000200000029.29,46868000,73100010897,4,29.29
PUR,476762280,73100010897,00100000001.0000200000029.29,47676228,73100010897,1,29.29
PUR,492000100,73100010897,00100000003.0000200000029.29,49200010,73100010897,3,29.29
PUR,536320400,73100010897,00100000007.0000200000029.29,53632040,73100010897,7,29.29
PUR,620945160,73100010897,00100000002.0000200000029.29,62094516,73100010897,2,29.29
PUR,739654900,73100010897,00100000003.0000200000029.29,73965490,73100010897,3,29.29
PUR,821573340,73100010897,00100000004.0000200000029.29,82157334,73100010897,4,29.29
PUR,825752440,73100010897,00100000004.0000200000029.29,82575244,73100010897,4,29.29
PUR,832944070,73100010897,00100000002.0000200000029.29,83294407,73100010897,2,29.29
PUR,854655800,73100010897,00100000005.0000200000029.29,85465580,73100010897,5,29.29
PUR,993925000,73100010897,00100000009.0000200000028.50,99392500,73100010897,9,28.5
PUR,210569400,73100010934,00100000002.0000200000029.79,21056940,73100010934,2,29.79
PUR,252356130,73100010934,00100000004.0000200000029.79,25235613,73100010934,4,29.79
PUR,536320400,73100010934,00100000001.0000200000029.79,53632040,73100010934,1,29.79
PUR,668310430,73100010934,00100000002.0000200000029.79,66831043,73100010934,2,29.79
PUR,788805500,73100010934,00100000002.0000200000029.79,78880550,73100010934,2,29.79
PUR,825752440,73100010934,00100000001.0000200000029.79,82575244,73100010934,1,29.79
PUR,997305200,73100010934,00100000001.0000200000029.79,99730520,73100010934,1,29.79
PUR,252356130,73100010958,00100000001.0000200000029.79,25235613,73100010958,1,29.79
PUR,252622600,73100010958,00100000003.0000200000029.79,25262260,73100010958,3,29.79
PUR,832944070,73100010958,00100000004.0000200000029.79,83294407,73100010958,4,29.79
PUR,847957450,73100010958,00100000002.0000200000029.79,84795745,73100010958,3,29.79
PUR,847957450,73100010958,00100000003.0000200000029.79,84795745,73100010958,2,29.79
PUR,854655800,73100010958,00100000001.0000200000029.79,85465580,73100010958,1,29.79
PUR,536320400,73100010972,00100000002.0000200000029.79,53632040,73100010972,2,29.79
PUR,832944070,73100010972,00100000001.0000200000029.79,83294407,73100010972,1,29.79
PUR,427146780,73100010996,00100000002.0000200000029.79,42714678,73100010996,2,29.79
PUR,437144430,73100010996,00100000001.0000200000029.79,43714443,73100010996,1,29.79
PUR,536320400,73100010996,00100000003.0000200000029.79,53632040,73100010996,-2,29.79
PUR,536320400,73100010996,001-0000002.0000200000029.79,53632040,73100010996,3,29.79
PUR,825752440,73100010996,00100000001.0000200000029.79,82575244,73100010996,1,29.79
PUR,888359330,73100010996,00100000002.0000200000029.79,88835933,73100010996,2,29.79
PUR,888359330,73100011016,00100000002.0000200000029.79,88835933,73100011016,2,29.79
PUR,536320400,73100011856,00100000003.0000200000029.79,53632040,73100011856,3,29.79
PUR,668310430,73100011856,00100000003.0000200000029.79,66831043,73100011856,3,29.79
PUR,445361840,73100012631,00100000001.0000200000025.39,44536184,73100012631,1,25.39
PUR,888359330,73100012648,00100000001.0000200000025.39,88835933,73100012648,1,25.39
PUR,252622600,73100012853,00100000002.0000200000029.79,25262260,73100012853,2,29.79
PUR,536320400,73100012853,00100000001.0000200000029.79,53632040,73100012853,1,29.79
PUR,427146780,73100014611,00100000003.0000200000029.29,42714678,73100014611,3,29.29
PUR,451221770,73100014611,00100000005.0000200000029.29,45122177,73100014611,5,29.29
PUR,456527510,73100014611,00100000003.0000200000029.29,45652751,73100014611,3,29.29
PUR,469680500,73100014611,00100000002.0000200000029.29,46968050,73100014611,2,29.29
PUR,536320400,73100014611,00100000002.0000200000029.29,53632040,73100014611,2,29.29
PUR,620945150,73100014611,00100000005.0000200000029.29,62094515,73100014611,5,29.29
PUR,620945160,73100014611,00100000018.0000200000029.29,62094516,73100014611,18,29.29
PUR,788805500,73100014611,00100000002.0000200000029.29,78880550,73100014611,2,29.29
PUR,825752440,73100014611,00100000004.0000200000029.29,82575244,73100014611,4,29.29
PUR,854655800,73100014611,00100000007.0000200000029.29,85465580,73100014611,7,29.29
PUR,888359330,73100014611,00100000004.0000200000029.29,88835933,73100014611,4,29.29
PUR,993925000,73100014611,00100000006.0000200000028.50,99392500,73100014611,6,28.5
PUR,536320400,73100014772,00100000002.0000200000029.29,53632040,73100014772,2,29.29
PUR,632023000,73100014772,00100000010.0000200000029.29,63202300,73100014772,10,29.29
PUR,888359330,73100014772,00100000003.0000200000029.29,88835933,73100014772,3,29.29
PUR,993925000,73100014772,00100000006.0000200000028.50,99392500,73100014772,6,28.5
PUR,252622600,73100014789,00100000004.0000200000029.79,25262260,73100014789,4,29.79
PUR,434300830,73100014789,00100000001.0000200000029.79,43430083,73100014789,1,29.79
PUR,536320400,73100014789,00100000002.0000200000029.79,53632040,73100014789,2,29.79
PUR,434307070,73100025891,00100000002.0000200000025.39,43430707,73100025891,2,25.39
PUR,476584350,73100025891,00100000001.0000200000025.39,47658435,73100025891,1,25.39
PUR,536320400,73100025891,00100000002.0000200000025.39,53632040,73100025891,2,25.39
PUR,559141700,73100025891,00100000001.0000200000025.39,55914170,73100025891,1,25.39
PUR,632023000,73100025891,00100000007.0000200000025.39,63202300,73100025891,7,25.39
PUR,832944070,73100025891,00100000002.0000200000025.39,83294407,73100025891,2,25.39
PUR,888359330,73100025891,00100000003.0000200000025.39,88835933,73100025891,3,25.39
PUR,252356130,73100025952,00100000004.0000200000025.39,25235613,73100025952,4,25.39
PUR,427146780,73100025952,00100000002.0000200000025.39,42714678,73100025952,2,25.39
PUR,434307070,73100025952,00100000002.0000200000025.39,43430707,73100025952,2,25.39
PUR,469680500,73100025952,00100000002.0000200000025.39,46968050,73100025952,2,25.39
PUR,536320400,73100025952,00100000003.0000200000025.39,53632040,73100025952,3,25.39
PUR,620945160,73100025952,00100000002.0000200000025.39,62094516,73100025952,2,25.39
PUR,825752440,73100025952,00100000003.0000200000025.39,82575244,73100025952,3,25.39
PUR,854655800,73100025952,00100000004.0000200000025.39,85465580,73100025952,4,25.39
PUR,888359330,73100025952,00100000003.0000200000025.39,88835933,73100025952,3,25.39
PUR,252622600,73100025976,00100000002.0000200000025.39,25262260,73100025976,2,25.39
PUR,739654900,73100029622,00100000002.0000200000029.29,73965490,73100029622,2,29.29
PUR,252622600,73100030031,00100000001.0000200000029.29,25262260,73100030031,1,29.29
PUR,427146780,73100030369,00100000001.0000200000025.39,42714678,73100030369,1,25.39
PUR,459661600,73100030369,00100000002.0000200000025.39,45966160,73100030369,2,25.39
PUR,536320400,73100030369,00100000001.0000200000025.39,53632040,73100030369,1,25.39
PUR,620945160,73100030369,00100000003.0000200000025.39,62094516,73100030369,3,25.39
PUR,854655800,73100030369,00100000001.0000200000025.39,85465580,73100030369,1,25.39
PUR,252622600,73100030390,00100000002.0000200000025.39,25262260,73100030390,2,25.39
PUR,632023000,73100030390,00100000002.0000200000025.39,63202300,73100030390,2,25.39
PUR,664187670,73100030390,00100000001.0000200000025.39,66418767,73100030390,1,25.39
PUR,445361840,73100030550,00100000001.0000200000025.39,44536184,73100030550,1,25.39
PUR,536320400,73100030550,001-0000002.0000200000023.39,53632040,73100030550,-2,23.39
PUR,739654900,73100030550,00100000002.0000200000025.39,73965490,73100030550,2,25.39
PUR,888359330,73100030550,00100000003.0000200000025.39,88835933,73100030550,3,25.39
PUR,252622600,73100031724,00100000003.0000200000029.79,25262260,73100031724,3,29.79
PUR,620945160,73100032837,00100000001.0000200000029.29,62094516,73100032837,1,29.29
PUR,429997390,76013000054,001-0000001.0000200000087.99,42999739,76013000054,2,87.99
PUR,429997390,76013000054,00100000002.0000200000087.99,42999739,76013000054,-1,87.99
PUR,434316420,76013000054,00100000001.0000200000087.99,43431642,76013000054,1,87.99
PUR,856794310,76013000054,00100000001.0000200000087.99,85679431,76013000054,1,87.99
PUR,900888400,76013000665,00100000001.0000200000072.99,90088840,76013000665,1,72.99
PUR,536320400,76940197001,00100000001.0000200000030.99,53632040,76940197001,1,30.99
PUR,536320400,76940197018,00100000001.0000200000030.99,53632040,76940197018,1,30.99
PUR,832944070,76940197032,00100000002.0000200000030.99,83294407,76940197032,2,30.99
PUR,536320400,76940197049,00100000003.0000200000030.99,53632040,76940197049,3,30.99
PUR,536320400,76940197056,00100000002.0000200000030.99,53632040,76940197056,2,30.99
PUR,240457700,77170110365,00100000001.0000200000061.99,24045770,77170110365,1,61.99
PUR,446863160,77170110365,00100000001.0000200000061.99,44686316,77170110365,1,61.99
PUR,454939710,77170110365,00100000001.0000200000061.99,45493971,77170110365,1,61.99
PUR,536320400,77170110365,001-0000001.0000200000061.99,53632040,77170110365,-1,61.99
PUR,739654900,77170110365,00100000001.0000200000061.99,73965490,77170110365,1,61.99
PUR,774030300,77170110365,00100000001.0000200000061.99,77403030,77170110365,1,61.99
PUR,785950000,77170110365,00100000001.0000200000061.99,78595000,77170110365,1,61.99
PUR,877090420,77170110365,00100000001.0000200000061.99,87709042,77170110365,1,61.99
PUR,252366600,77170126335,00100000001.0000200000030.99,25236660,77170126335,1,30.99
PUR,437754050,77170510011,00100000002.0000200000030.99,43775405,77170510011,2,30.99
PUR,437754050,77170510011,00100000002.0000200000030.99,43775405,77170510011,2,30.99
PUR,559141700,77170510011,00100000001.0000200000030.99,55914170,77170510011,1,30.99
PUR,719143000,77170510011,00100000001.0000200000030.99,71914300,77170510011,1,30.99
PUR,428607120,77170510028,00100000001.0000200000030.99,42860712,77170510028,1,30.99
PUR,437754050,77170510028,00100000001.0000200000030.99,43775405,77170510028,1,30.99
PUR,455413480,77170510028,00100000001.0000200000030.99,45541348,77170510028,1,30.99
PUR,785950000,77170510028,00100000001.0000200000030.99,78595000,77170510028,1,30.99
PUR,739654900,77170511445,00100000001.0000200000159.99,73965490,77170511445,1,159.99
PUR,488331420,77170771795,00100000001.0000200000040.99,48833142,77170771795,1,40.99
PUR,437754050,79083127249,00100000001.0000200000040.99,43775405,79083127249,1,40.99
PUR,243571750,79083129502,00100000001.0000200000081.99,24357175,79083129502,1,81.99
PUR,825752440,79083129502,00100000001.0000200000081.99,82575244,79083129502,1,81.99
PUR,437754050,79083157246,00100000001.0000200000040.99,43775405,79083157246,1,40.99
PUR,463499420,79083157246,00100000001.0000200000040.99,46349942,79083157246,1,40.99
PUR,243571750,79083159509,00100000001.0000200000081.99,24357175,79083159509,1,81.99
PUR,436335930,79083159509,00100000001.0000200000081.99,43633593,79083159509,1,81.99
PUR,455413480,79083159509,00100000001.0000200000081.99,45541348,79083159509,1,81.99
PUR,459661600,79083159509,00100000001.0000200000081.99,45966160,79083159509,1,81.99
PUR,504320000,79083159509,00100000001.0000200000081.99,50432000,79083159509,1,81.99
PUR,785950000,79083159509,00100000001.0000200000081.99,78595000,79083159509,1,81.99
PUR,877090420,79083159509,00100000001.0000200000081.99,87709042,79083159509,1,81.99
PUR,897720720,79083159509,00100000001.0000200000081.99,89772072,79083159509,1,81.99
PUR,785950000,86400801980,00100000001.0000200000046.99,78595000,86400801980,1,46.99
PUR,474108400,86400901031,00100000001.0000200000059.99,47410840,86400901031,1,59.99
PUR,536320400,86400901031,001-0000001.0000200000059.99,53632040,86400901031,-1,59.99
PUR,536320400,86400901031,00100000001.0000200000059.99,53632040,86400901031,1,59.99
PUR,839874690,86400901031,00100000001.0000200000059.99,83987469,86400901031,1,59.99
PUR,210569400,90500100003,00100000001.0000200000063.99,21056940,90500100003,-1,63.99
PUR,210569400,90500100003,001-0000001.0000200000063.99,21056940,90500100003,1,63.99
PUR,496350050,90500100003,00100000002.0000200000063.99,49635005,90500100003,2,63.99
PUR,827124430,90500100003,00100000001.0000200000063.99,82712443,90500100003,1,63.99
PUR,892794410,90500100003,00100000001.0000200000063.99,89279441,90500100003,1,63.99
PUR,428607120,90500100027,00100000001.0000200000063.99,42860712,90500100027,1,63.99
PUR,434316420,90500100027,00100000001.0000200000065.29,43431642,90500100027,1,65.29
PUR,456527510,90500100027,00100000001.0000200000063.99,45652751,90500100027,1,63.99
PUR,450978990,90500100034,00100000001.0000200000063.99,45097899,90500100034,1,63.99
PUR,469680500,90500100034,00100000001.0000200000063.99,46968050,90500100034,1,63.99
PUR,492000100,90500100034,00100000001.0000200000063.99,49200010,90500100034,1,63.99
PUR,827124430,90500100034,00100000001.0000200000063.99,82712443,90500100034,1,63.99
PUR,252622600,90500100041,00100000001.0000200000065.29,25262260,90500100041,1,65.29
PUR,338678100,90500100041,00100000002.0000200000063.99,33867810,90500100041,2,63.99
PUR,380068720,90500100041,00100000001.0000200000063.99,38006872,90500100041,1,63.99
PUR,427237420,90500100041,00100000001.0000200000063.99,42723742,90500100041,1,63.99
PUR,428478790,90500100041,00100000001.0000200000063.99,42847879,90500100041,1,63.99
PUR,428607120,90500100041,00100000001.0000200000063.99,42860712,90500100041,1,65.29
PUR,428607120,90500100041,00100000001.0000200000065.29,42860712,90500100041,1,63.99
PUR,429285180,90500100041,00100000001.0000200000063.99,42928518,90500100041,1,63.99
PUR,434316420,90500100041,00100000002.0000200000065.29,43431642,90500100041,2,65.29
PUR,444724370,90500100041,00100000001.0000200000063.99,44472437,90500100041,1,63.99
PUR,450830300,90500100041,00100000004.0000200000063.99,45083030,90500100041,4,63.99
PUR,456527510,90500100041,00100000001.0000200000063.99,45652751,90500100041,1,63.99
PUR,457460990,90500100041,00100000002.0000200000063.99,45746099,90500100041,2,63.99
PUR,459661600,90500100041,00100000003.0000200000063.99,45966160,90500100041,3,63.99
PUR,462581790,90500100041,00100000001.0000200000063.99,46258179,90500100041,1,63.99
PUR,462581790,90500100041,00100000001.0000200000065.29,46258179,90500100041,1,65.29
PUR,463499420,90500100041,00100000001.0000200000063.99,46349942,90500100041,1,63.99
PUR,469680500,90500100041,00100000003.0000200000063.99,46968050,90500100041,3,63.99
PUR,475320060,90500100041,00100000001.0000200000063.99,47532006,90500100041,1,63.99
PUR,475825290,90500100041,00100000001.0000200000063.99,47582529,90500100041,1,63.99
PUR,487335470,90500100041,00100000006.0000200000063.99,48733547,90500100041,6,63.99
PUR,492000100,90500100041,00100000001.0000200000063.99,49200010,90500100041,1,63.99
PUR,493687870,90500100041,00100000001.0000200000065.29,49368787,90500100041,1,65.29
PUR,496350050,90500100041,00100000005.0000200000063.99,49635005,90500100041,5,63.99
PUR,496354480,90500100041,00100000001.0000200000063.99,49635448,90500100041,1,63.99
PUR,568409000,90500100041,00100000002.0000200000063.99,56840900,90500100041,2,63.99
PUR,664187670,90500100041,00100000001.0000200000063.99,66418767,90500100041,1,63.99
PUR,684819690,90500100041,00100000002.0000200000063.99,68481969,90500100041,2,63.99
PUR,696388200,90500100041,00100000001.0000200000065.29,69638820,90500100041,1,65.29
PUR,825752440,90500100041,00100000002.0000200000063.99,82575244,90500100041,2,63.99
PUR,856794310,90500100041,00100000001.0000200000063.99,85679431,90500100041,1,63.99
PUR,428607120,90500100058,00100000001.0000200000063.99,42860712,90500100058,1,63.99
PUR,827124430,90500100058,00100000001.0000200000063.99,82712443,90500100058,1,63.99
PUR,428607120,90500100065,00100000001.0000200000065.29,42860712,90500100065,1,65.29
PUR,434300830,90500100065,00100000001.0000200000063.99,43430083,90500100065,1,63.99
PUR,434316420,90500100065,00100000001.0000200000065.29,43431642,90500100065,1,65.29
PUR,437144430,90500100065,00100000001.0000200000063.99,43714443,90500100065,1,63.99
PUR,450830300,90500100065,00100000002.0000200000063.99,45083030,90500100065,2,63.99
PUR,450978990,90500100065,00100000001.0000200000063.99,45097899,90500100065,1,63.99
PUR,459661600,90500100065,00100000002.0000200000063.99,45966160,90500100065,2,63.99
PUR,462581790,90500100065,00100000001.0000200000063.99,46258179,90500100065,1,63.99
PUR,475320060,90500100065,00100000001.0000200000063.99,47532006,90500100065,1,63.99
PUR,492000100,90500100065,00100000001.0000200000063.99,49200010,90500100065,1,63.99
PUR,724650000,90500100065,00100000001.0000200000063.99,72465000,90500100065,1,63.99
PUR,821573340,90500100065,00100000001.0000200000063.99,82157334,90500100065,1,63.99
PUR,892794410,90500100065,00100000001.0000200000065.29,89279441,90500100065,1,65.29
PUR,664187670,90500100096,00100000001.0000200000082.09,66418767,90500100096,1,82.09
PUR,424454930,90500100102,00100000002.0000200000082.09,42445493,90500100102,2,82.09
PUR,536320400,90500100102,00100000001.0000200000082.09,53632040,90500100102,1,82.09
PUR,463499420,90500100119,00100000001.0000200000082.09,46349942,90500100119,1,82.09
PUR,664187670,90500100119,00100000001.0000200000082.09,66418767,90500100119,1,82.09
PUR,825752440,90500100119,00100000003.0000200000082.09,82575244,90500100119,3,82.09
PUR,451221770,90500100126,00100000002.0000200000082.09,45122177,90500100126,2,82.09
PUR,469680500,90500100126,00100000001.0000200000082.09,46968050,90500100126,1,82.09
PUR,825752440,90500100126,00100000002.0000200000082.09,82575244,90500100126,2,82.09
PUR,825752440,90500100126,00100000001.0000200000082.09,82575244,90500100126,1,82.09
PUR,424454930,90500100133,00100000001.0000200000082.09,42445493,90500100133,1,82.09
PUR,821573340,90500100133,00100000001.0000200000082.09,82157334,90500100133,1,82.09
PUR,825752440,90500100133,00100000002.0000200000082.09,82575244,90500100133,2,82.09
PUR,876844440,90500100133,00100000001.0000200000082.09,87684444,90500100133,1,82.09
PUR,449974800,90500100140,00100000001.0000200000083.79,44997480,90500100140,1,83.79
PUR,825752440,90500100140,00100000002.0000200000082.09,82575244,90500100140,2,82.09
PUR,882323360,90500100140,00100000001.0000200000082.09,88232336,90500100140,1,82.09
PUR,428607120,90500100171,00100000001.0000200000082.79,42860712,90500100171,1,82.79
PUR,434300830,90500100171,00100000001.0000200000082.79,43430083,90500100171,1,82.79
PUR,434316420,90500100171,00100000001.0000200000084.49,43431642,90500100171,1,84.49
PUR,437144430,90500100171,00100000001.0000200000082.79,43714443,90500100171,1,82.79
PUR,450830300,90500100171,00100000002.0000200000082.79,45083030,90500100171,2,82.79
PUR,459661600,90500100171,00100000003.0000200000082.79,45966160,90500100171,3,82.79
PUR,469680500,90500100171,00100000002.0000200000082.79,46968050,90500100171,2,82.79
PUR,488331420,90500100171,00100000001.0000200000082.79,48833142,90500100171,1,82.79
PUR,498871440,90500100171,00100000003.0000200000082.79,49887144,90500100171,3,82.79
PUR,568409000,90500100171,00100000001.0000200000082.79,56840900,90500100171,1,82.79
PUR,696388200,90500100171,00100000001.0000200000084.49,69638820,90500100171,1,84.49
PUR,821573340,90500100171,00100000001.0000200000082.79,82157334,90500100171,1,82.79
PUR,825752440,90500100171,00100000001.0000200000082.79,82575244,90500100171,1,82.79
PUR,892794410,90500100171,00100000001.0000200000084.49,89279441,90500100171,1,84.49
PUR,897720720,90500100171,00100000001.0000200000082.79,89772072,90500100171,1,82.79
PUR,922755600,90500100171,00100000001.0000200000082.79,92275560,90500100171,1,82.79
PUR,427237420,90500100188,00100000001.0000200000082.79,42723742,90500100188,1,82.79
PUR,437144430,90500100188,00100000001.0000200000082.79,43714443,90500100188,1,82.79
PUR,437144430,90500100188,001-0000001.0000200000082.79,43714443,90500100188,-1,82.79
PUR,450830300,90500100188,00100000002.0000200000082.79,45083030,90500100188,2,82.79
PUR,469680500,90500100188,00100000001.0000200000082.79,46968050,90500100188,1,82.79
PUR,696388200,90500100188,00100000001.0000200000084.49,69638820,90500100188,1,84.49
PUR,728118800,90500100188,00100000001.0000200000082.79,72811880,90500100188,1,82.79
PUR,427237420,90500100195,00100000001.0000200000082.79,42723742,90500100195,1,82.79
PUR,428607120,90500100195,00100000002.0000200000082.79,42860712,90500100195,2,82.79
PUR,434316420,90500100195,00100000001.0000200000084.49,43431642,90500100195,1,84.49
PUR,443714290,90500100195,00100000001.0000200000082.79,44371429,90500100195,1,82.79
PUR,454939710,90500100195,00100000002.0000200000082.79,45493971,90500100195,2,82.79
PUR,457460990,90500100195,00100000001.0000200000082.79,45746099,90500100195,1,82.79
PUR,459661600,90500100195,00100000003.0000200000082.79,45966160,90500100195,3,82.79
PUR,463499420,90500100195,00100000001.0000200000082.79,46349942,90500100195,1,82.79
PUR,492000100,90500100195,00100000001.0000200000082.79,49200010,90500100195,1,82.79
PUR,498871440,90500100195,00100000003.0000200000082.79,49887144,90500100195,3,82.79
PUR,568409000,90500100195,00100000001.0000200000082.79,56840900,90500100195,1,82.79
PUR,620945160,90500100195,00100000002.0000200000082.79,62094516,90500100195,2,82.79
PUR,684500330,90500100195,00100000003.0000200000082.79,68450033,90500100195,3,82.79
PUR,825752440,90500100195,00100000002.0000200000082.79,82575244,90500100195,2,82.79
PUR,825752440,90500100195,00100000001.0000200000082.79,82575244,90500100195,1,82.79
PUR,880659250,90500100195,00100000001.0000200000082.79,88065925,90500100195,1,82.79
PUR,892794410,90500100195,00100000001.0000200000084.49,89279441,90500100195,1,84.49
PUR,897720720,90500100195,00100000001.0000200000082.79,89772072,90500100195,1,82.79
PUR,450830300,90500100201,00100000001.0000200000082.79,45083030,90500100201,1,82.79
PUR,462903600,90500100201,00100000001.0000200000084.49,46290360,90500100201,1,84.49
PUR,434316420,90500100218,00100000001.0000200000084.49,43431642,90500100218,1,84.49
PUR,475320060,90500100218,00100000001.0000200000082.79,47532006,90500100218,1,82.79
PUR,620945160,90500100218,00100000002.0000200000082.79,62094516,90500100218,2,82.79
PUR,684500330,90500100218,00100000001.0000200000082.79,68450033,90500100218,1,82.79
PUR,230950950,90500100249,00100000001.0000200000094.99,23095095,90500100249,1,94.99
PUR,429285180,90500100249,00100000002.0000200000094.99,42928518,90500100249,2,94.99
PUR,454939710,90500100249,00100000001.0000200000094.99,45493971,90500100249,1,94.99
PUR,459661600,90500100249,00100000001.0000200000094.99,45966160,90500100249,1,94.99
PUR,684819690,90500100249,00100000001.0000200000094.99,68481969,90500100249,1,94.99
PUR,696388200,90500100249,00100000001.0000200000097.79,69638820,90500100249,1,97.79
PUR,827124430,90500100249,00100000001.0000200000094.99,82712443,90500100249,1,94.99
PUR,832944070,90500100249,00100000001.0000200000094.99,83294407,90500100249,1,94.99
PUR,224381000,90500100256,00100000001.0000200000094.99,22438100,90500100256,1,94.99
PUR,434300830,90500100256,00100000001.0000200000094.99,43430083,90500100256,1,94.99
PUR,445361840,90500100256,00100000002.0000200000094.99,44536184,90500100256,2,94.99
PUR,475320060,90500100256,00100000001.0000200000094.99,47532006,90500100256,1,94.99
PUR,493687870,90500100256,00100000001.0000200000097.79,49368787,90500100256,1,97.79
PUR,664187670,90500100256,00100000001.0000200000094.99,66418767,90500100256,1,94.99
PUR,827124430,90500100256,00100000001.0000200000094.99,82712443,90500100256,1,94.99
PUR,246542900,90500100263,00100000001.0000200000094.99,24654290,90500100263,1,94.99
PUR,496350050,90500100263,00100000001.0000200000094.99,49635005,90500100263,1,94.99
PUR,568409000,90500100263,00100000001.0000200000094.99,56840900,90500100263,1,94.99
PUR,696388200,90500100263,00100000001.0000200000097.79,69638820,90500100263,1,97.79
PUR,821573340,90500100263,00100000001.0000200000094.99,82157334,90500100263,1,94.99
PUR,393683900,90500100270,00100000001.0000200000094.99,39368390,90500100270,1,94.99
PUR,434300830,90500100270,00100000001.0000200000094.99,43430083,90500100270,1,94.99
PUR,457460990,90500100270,00100000001.0000200000094.99,45746099,90500100270,1,94.99
PUR,459661600,90500100270,00100000002.0000200000094.99,45966160,90500100270,2,94.99
PUR,462903600,90500100270,00100000001.0000200000097.79,46290360,90500100270,1,97.79
PUR,684819690,90500100270,00100000001.0000200000094.99,68481969,90500100270,1,94.99
PUR,827124430,90500100270,00100000001.0000200000094.99,82712443,90500100270,1,94.99
PUR,230950950,90500100287,00100000001.0000200000094.99,23095095,90500100287,1,94.99
PUR,450978990,90500100287,00100000001.0000200000094.99,45097899,90500100287,1,94.99
PUR,462903600,90500100287,00100000001.0000200000097.79,46290360,90500100287,1,97.79
PUR,475320060,90500100287,00100000001.0000200000094.99,47532006,90500100287,1,94.99
PUR,696388200,90500100287,00100000001.0000200000097.79,69638820,90500100287,1,97.79
PUR,825752440,90500100287,00100000001.0000200000094.99,82575244,90500100287,1,94.99
PUR,827124430,90500100287,00100000001.0000200000094.99,82712443,90500100287,1,94.99
PUR,450978990,90500100300,00100000001.0000200000094.99,45097899,90500100300,1,94.99
PUR,246542900,90500100553,00100000001.0000200000082.79,24654290,90500100553,1,82.79
PUR,469680500,90500100553,00100000001.0000200000082.79,46968050,90500100553,1,82.79
PUR,469680500,90500100560,00100000001.0000200000082.79,46968050,90500100560,1,82.79
PUR,246542900,90500110729,00100000001.0000200000076.99,24654290,90500110729,1,76.99
PUR,536320400,90600301393,00100000001.0000200000076.59,53632040,90600301393,1,76.59
PUR,338678100,90600301430,00100000001.0000200000076.59,33867810,90600301430,1,76.59
PUR,568409000,90600301430,00100000001.0000200000076.59,56840900,90600301430,1,76.59
PUR,450830300,90600301911,00100000001.0000200000076.59,45083030,90600301911,1,76.59
PUR,559141700,90600301911,00100000001.0000200000076.59,55914170,90600301911,1,76.59
PUR,568409000,90600301911,00100000002.0000200000076.59,56840900,90600301911,2,76.59
PUR,846936950,90600301911,00100000001.0000200000076.59,84693695,90600301911,1,76.59
PUR,888359330,90600392629,00100000006.0000200000033.99,88835933,90600392629,6,33.99
PUR,487335470,90600392667,00100000001.0000200000032.99,48733547,90600392667,1,32.99
PUR,825752440,90600392667,00100000001.0000200000032.99,82575244,90600392667,1,32.99
PUR,252622600,90600392674,00100000001.0000200000033.99,25262260,90600392674,1,33.99
PUR,436207440,90600392674,00100000001.0000200000032.99,43620744,90600392674,1,32.99
PUR,454939710,90600392674,00100000005.0000200000032.99,45493971,90600392674,5,32.99
PUR,474108400,90600392674,00100000006.0000200000032.99,47410840,90600392674,6,32.99
PUR,684500330,90600392674,00100000002.0000200000032.99,68450033,90600392674,2,32.99
PUR,914505000,90600392674,00100000002.0000200000032.99,91450500,90600392674,2,32.99
PUR,882323360,90600392681,00100000001.0000200000032.99,88232336,90600392681,1,32.99
PUR,719143000,94781282502,00100000001.0000200000029.99,71914300,94781282502,1,29.99
PUR,165882900,94922733443,00100000001.0000200000029.99,16588290,94922733443,1,29.99
PUR,207790800,94922733443,00100000001.0000200000029.99,20779080,94922733443,1,29.99
PUR,240457700,94922733443,00100000001.0000200000029.99,24045770,94922733443,1,29.99
PUR,252366600,94922733443,00100000001.0000200000029.99,25236660,94922733443,1,29.99
PUR,424317860,94922733443,00100000010.0000200000029.99,42431786,94922733443,10,29.99
PUR,436207440,94922733443,00100000001.0000200000029.99,43620744,94922733443,1,29.99
PUR,437144430,94922733443,00100000001.0000200000029.99,43714443,94922733443,1,29.99
PUR,437754050,94922733443,00100000004.0000200000029.99,43775405,94922733443,4,29.99
PUR,438952590,94922733443,00100000001.0000200000029.99,43895259,94922733443,1,29.99
PUR,446863160,94922733443,00100000003.0000200000029.99,44686316,94922733443,3,29.99
PUR,450830300,94922733443,00100000002.0000200000029.99,45083030,94922733443,2,29.99
PUR,456514530,94922733443,00100000002.0000200000029.99,45651453,94922733443,2,29.99
PUR,460890590,94922733443,00100000001.0000200000029.99,46089059,94922733443,1,29.99
PUR,474108400,94922733443,00100000002.0000200000029.99,47410840,94922733443,2,29.99
PUR,475188380,94922733443,00100000002.0000200000029.99,47518838,94922733443,2,29.99
PUR,475320060,94922733443,00100000001.0000200000029.99,47532006,94922733443,1,29.99
PUR,475832210,94922733443,00100000006.0000200000029.99,47583221,94922733443,6,29.99
PUR,476584350,94922733443,00100000002.0000200000029.99,47658435,94922733443,2,29.99
PUR,479272280,94922733443,00100000005.0000200000029.99,47927228,94922733443,5,29.99
PUR,485551900,94922733443,00100000003.0000200000029.99,48555190,94922733443,3,29.99
PUR,489878600,94922733443,00100001440.0000200000026.00,48987860,94922733443,1440,26
PUR,491828000,94922733443,00100000001.0000200000029.99,49182800,94922733443,1,29.99
PUR,496350050,94922733443,00100000001.0000200000029.99,49635005,94922733443,1,29.99
PUR,565306600,94922733443,00100000001.0000200000029.99,56530660,94922733443,1,29.99
PUR,684500330,94922733443,00100000001.0000200000029.99,68450033,94922733443,1,29.99
PUR,694228790,94922733443,00100000001.0000200000029.99,69422879,94922733443,1,29.99
PUR,728118800,94922733443,00100000001.0000200000029.99,72811880,94922733443,1,29.99
PUR,739654900,94922733443,00100000002.0000200000029.99,73965490,94922733443,2,29.99
PUR,785950000,94922733443,00100000003.0000200000029.99,78595000,94922733443,3,29.99
PUR,830301780,94922733443,00100000001.0000200000029.99,83030178,94922733443,1,29.99
PUR,468680000,195893773725,00100000002.0000200000054.99,46868000,195893773725,2,54.99
PUR,785950000,196177225824,00100000001.0000200000031.99,78595000,196177225824,1,31.99
PUR,452404420,609249900418,00100000005.0000200000021.49,45240442,609249900418,5,21.49
PUR,456527510,609249900418,00100000002.0000200000021.49,45652751,609249900418,2,21.49
PUR,463499420,609249900418,00100000001.0000200000021.49,46349942,609249900418,1,21.49
PUR,475317140,609249900418,00100000002.0000200000021.49,47531714,609249900418,2,21.49
PUR,512833000,609249900418,00100000003.0000200000020.49,51283300,609249900418,3,20.49
PUR,632023000,609249900418,00100000003.0000200000020.39,63202300,609249900418,3,20.39
PUR,739654900,609249900418,00100000002.0000200000021.49,73965490,609249900418,2,21.49
PUR,785950000,609249900418,00100000001.0000200000021.49,78595000,609249900418,1,21.49
PUR,434300830,609249900425,00100000002.0000200000021.49,43430083,609249900425,2,21.49
PUR,441924300,609249900425,00100000001.0000200000021.49,44192430,609249900425,1,21.49
PUR,456527510,609249900425,00100000005.0000200000021.49,45652751,609249900425,5,21.49
PUR,459661600,609249900425,00100000002.0000200000021.49,45966160,609249900425,2,21.49
PUR,463499420,609249900425,00100000001.0000200000021.49,46349942,609249900425,1,21.49
PUR,469680500,609249900425,00100000002.0000200000021.49,46968050,609249900425,2,21.49
PUR,476762280,609249900425,00100000002.0000200000021.49,47676228,609249900425,2,21.49
PUR,739654900,609249900425,00100000002.0000200000021.49,73965490,609249900425,2,21.49
PUR,785950000,609249900425,00100000001.0000200000021.49,78595000,609249900425,1,21.49
PUR,825752440,609249900425,00100000001.0000200000021.49,82575244,609249900425,1,21.49
PUR,825752440,609249900425,00100000001.0000200000021.49,82575244,609249900425,1,21.49
PUR,832944070,609249900425,00100000002.0000200000021.49,83294407,609249900425,2,21.49
PUR,854655800,609249900425,00100000002.0000200000021.49,85465580,609249900425,2,21.49
PUR,437754050,609249901415,00100000002.0000200000021.49,43775405,609249901415,2,21.49
PUR,437754050,609249901415,00100000002.0000200000021.49,43775405,609249901415,2,21.49
PUR,462903600,609249901415,00100000001.0000200000021.49,46290360,609249901415,1,21.49
PUR,536320400,609249901415,00100000002.0000200000021.49,53632040,609249901415,2,21.49
PUR,632023000,609249901415,00100000006.0000200000020.39,63202300,609249901415,6,20.39
PUR,785950000,609249901415,00100000001.0000200000021.49,78595000,609249901415,1,21.49
PUR,207790800,609249901422,00100000001.0000200000021.49,20779080,609249901422,1,21.49
PUR,437754050,609249901422,00100000002.0000200000021.49,43775405,609249901422,2,21.49
PUR,441924300,609249901422,00100000002.0000200000021.49,44192430,609249901422,2,21.49
PUR,456527510,609249901422,00100000003.0000200000021.49,45652751,609249901422,3,21.49
PUR,459661600,609249901422,00100000001.0000200000021.49,45966160,609249901422,1,21.49
PUR,475317140,609249901422,00100000002.0000200000021.49,47531714,609249901422,2,21.49
PUR,632023000,609249901422,00100000036.0000200000020.39,63202300,609249901422,36,20.39
PUR,739654900,609249901422,00100000002.0000200000021.49,73965490,609249901422,2,21.49
PUR,832944070,609249901422,00100000002.0000200000021.49,83294407,609249901422,2,21.49
PUR,854655800,609249901422,00100000002.0000200000021.49,85465580,609249901422,2,21.49
PUR,856794310,609249901422,00100000001.0000200000021.49,85679431,609249901422,1,21.49
PUR,876844440,609249901422,00100000001.0000200000021.49,87684444,609249901422,1,21.49
PUR,888359330,609249901422,00100000002.0000200000021.49,88835933,609249901422,2,21.49
PUR,434300830,609249902412,00100000001.0000200000021.49,43430083,609249902412,1,21.49
PUR,451221770,609249902412,00100000002.0000200000021.49,45122177,609249902412,2,21.49
PUR,512833000,609249902412,00100000002.0000200000020.49,51283300,609249902412,2,20.49
PUR,536320400,609249902412,00100000003.0000200000021.49,53632040,609249902412,3,21.49
PUR,632023000,609249902412,00100000018.0000200000020.39,63202300,609249902412,18,20.39
PUR,785950000,609249902412,00100000001.0000200000021.49,78595000,609249902412,1,21.49
PUR,825752440,609249902412,00100000001.0000200000021.49,82575244,609249902412,1,21.49
PUR,437144430,609249903419,00100000002.0000200000021.49,43714443,609249903419,2,21.49
PUR,437754050,609249903419,00100000004.0000200000021.49,43775405,609249903419,4,21.49
PUR,451221770,609249903419,00100000002.0000200000021.49,45122177,609249903419,2,21.49
PUR,456527510,609249903419,00100000001.0000200000021.49,45652751,609249903419,1,21.49
PUR,459661600,609249903419,00100000001.0000200000021.49,45966160,609249903419,1,21.49
PUR,462903600,609249903419,00100000001.0000200000021.49,46290360,609249903419,1,21.49
PUR,436207440,609249903426,00100000001.0000200000021.49,43620744,609249903426,1,21.49
PUR,437754050,609249903426,00100000003.0000200000021.49,43775405,609249903426,3,21.49
PUR,441924300,609249903426,00100000002.0000200000021.49,44192430,609249903426,2,21.49
PUR,449974800,609249903426,00100000002.0000200000021.49,44997480,609249903426,2,21.49
PUR,455413480,609249903426,00100000005.0000200000021.49,45541348,609249903426,5,21.49
PUR,456527510,609249903426,00100000003.0000200000021.49,45652751,609249903426,3,21.49
PUR,459661600,609249903426,00100000002.0000200000021.49,45966160,609249903426,2,21.49
PUR,463499420,609249903426,00100000002.0000200000021.49,46349942,609249903426,2,21.49
PUR,469680500,609249903426,00100000002.0000200000021.49,46968050,609249903426,2,21.49
PUR,475317140,609249903426,00100000002.0000200000021.49,47531714,609249903426,2,21.49
PUR,476762280,609249903426,00100000001.0000200000021.49,47676228,609249903426,1,21.49
PUR,632023000,609249903426,00100000036.0000200000020.39,63202300,609249903426,36,20.39
PUR,785950000,609249903426,00100000001.0000200000021.49,78595000,609249903426,1,21.49
PUR,825752440,609249903426,00100000002.0000200000021.49,82575244,609249903426,2,21.49
PUR,854655800,609249903426,00100000002.0000200000021.49,85465580,609249903426,2,21.49
PUR,882323360,609249903426,00100000001.0000200000021.49,88232336,609249903426,1,21.49
PUR,449974800,609249904416,00100000001.0000200000021.49,44997480,609249904416,1,21.49
PUR,825752440,609249904416,00100000001.0000200000021.49,82575244,609249904416,1,21.49
PUR,427237420,609249904423,00100000001.0000200000021.49,42723742,609249904423,1,21.49
PUR,437144430,609249904423,00100000004.0000200000021.49,43714443,609249904423,4,21.49
PUR,469680500,609249904423,00100000001.0000200000021.49,46968050,609249904423,1,21.49
PUR,475317140,609249904423,00100000001.0000200000021.49,47531714,609249904423,1,21.49
PUR,632023000,609249904423,00100000006.0000200000020.39,63202300,609249904423,6,20.39
PUR,456527510,609249906410,00100000002.0000200000021.49,45652751,609249906410,2,21.49
PUR,785950000,609249906410,00100000001.0000200000021.49,78595000,609249906410,1,21.49
PUR,825752440,609249906410,00100000001.0000200000021.49,82575244,609249906410,1,21.49
PUR,252356130,609249906427,00100000002.0000200000021.49,25235613,609249906427,2,21.49
PUR,888359330,609249906427,00100000002.0000200000021.49,88835933,609249906427,2,21.49
PUR,991198200,609249906427,00100000001.0000200000021.49,99119820,609249906427,1,21.49
PUR,475317140,609249907417,00100000002.0000200000021.49,47531714,609249907417,2,21.49
PUR,788805500,609249907417,00100000002.0000200000021.49,78880550,609249907417,2,21.49
PUR,825752440,609249907417,00100000001.0000200000021.49,82575244,609249907417,1,21.49
PUR,441924300,609249907424,00100000001.0000200000021.49,44192430,609249907424,1,21.49
PUR,456527510,609249907424,00100000003.0000200000021.49,45652751,609249907424,3,21.49
PUR,459661600,609249907424,00100000002.0000200000021.49,45966160,609249907424,2,21.49
PUR,469680500,609249907424,00100000002.0000200000021.49,46968050,609249907424,2,21.49
PUR,632023000,609249907424,00100000018.0000200000020.39,63202300,609249907424,18,20.39
PUR,825752440,609249907424,00100000002.0000200000021.49,82575244,609249907424,2,21.49
PUR,832944070,609249907424,00100000001.0000200000021.49,83294407,609249907424,1,21.49
PUR,854655800,609249907424,00100000001.0000200000021.49,85465580,609249907424,1,21.49
PUR,876844440,609249907424,00100000002.0000200000021.49,87684444,609249907424,2,21.49
PUR,914505000,609249907424,00100000001.0000200000021.49,91450500,609249907424,1,21.49
PUR,987876280,609249907424,00100000001.0000200000021.49,98787628,609249907424,1,21.49
PUR,991198200,609249907424,00100000002.0000200000021.49,99119820,609249907424,2,21.49
PUR,620945150,609249914415,00100000001.0000200000021.49,62094515,609249914415,1,21.49
PUR,424993110,609249914422,00100000002.0000200000021.49,42499311,609249914422,2,21.49
PUR,434307070,609249914422,00100000002.0000200000021.49,43430707,609249914422,2,21.49
PUR,463499420,609249914422,00100000001.0000200000021.49,46349942,609249914422,1,21.49
PUR,620945150,609249914422,00100000001.0000200000021.49,62094515,609249914422,1,21.49
PUR,991198200,609249914422,00100000002.0000200000021.49,99119820,609249914422,2,21.49
PUR,458451550,609249920416,00100000002.0000200000021.49,45845155,609249920416,2,21.49
PUR,463499420,609249920416,00100000001.0000200000021.49,46349942,609249920416,1,21.49
PUR,825752440,609249920416,00100000001.0000200000021.49,82575244,609249920416,1,21.49
PUR,825752440,609249920416,00100000001.0000200000021.49,82575244,609249920416,1,21.49
PUR,825752440,609249920423,00100000001.0000200000021.49,82575244,609249920423,1,21.49
PUR,991198200,609249920423,00100000002.0000200000021.49,99119820,609249920423,2,21.49
PUR,252356130,609249923226,00100000002.0000200000021.49,25235613,609249923226,2,21.49
PUR,434307070,609249923226,00100000002.0000200000021.49,43430707,609249923226,2,21.49
PUR,441924300,609249923226,00100000001.0000200000021.49,44192430,609249923226,1,21.49
PUR,458451550,609249923226,00100000002.0000200000021.49,45845155,609249923226,2,21.49
PUR,476762280,609249923226,00100000002.0000200000021.49,47676228,609249923226,2,21.49
PUR,240457700,619682009876,00100000001.0000200000006.99,24045770,619682009876,1,6.99
PUR,491828000,619682009876,00100000001.0000200000006.99,49182800,619682009876,1,6.99
PUR,620945160,619682009876,00100000001.0000200000006.99,62094516,619682009876,1,6.99
PUR,785950000,619682009876,00100000002.0000200000006.99,78595000,619682009876,2,6.99
PUR,830301780,619682009876,00100000001.0000200000006.99,83030178,619682009876,1,6.99
PUR,209101900,619682009906,00100000001.0000200000006.99,20910190,619682009906,1,6.99
PUR,856794310,619682009906,00100000002.0000200000006.99,85679431,619682009906,2,6.99
PUR,399175200,619682010124,00100000001.0000200000006.99,39917520,619682010124,1,6.99
PUR,424317860,619682010124,00100000003.0000200000006.99,42431786,619682010124,3,6.99
PUR,438952590,619682010124,00100000001.0000200000006.99,43895259,619682010124,1,6.99
PUR,774030300,619682010124,00100000005.0000200000006.99,77403030,619682010124,5,6.99
PUR,825752440,619682010124,00100000001.0000200000006.99,82575244,619682010124,1,6.99
PUR,830301780,619682010124,00100000001.0000200000006.99,83030178,619682010124,1,6.99
PUR,243571750,619682010209,00100000001.0000200000006.99,24357175,619682010209,1,6.99
PUR,424317860,619682010209,00100000001.0000200000006.99,42431786,619682010209,1,6.99
PUR,454939710,619682010209,00100000002.0000200000006.99,45493971,619682010209,2,6.99
PUR,209101900,619682010247,00100000001.0000200000006.99,20910190,619682010247,1,6.99
PUR,233467040,619682010247,00100000002.0000200000006.99,23346704,619682010247,2,6.99
PUR,243571750,619682010247,00100000001.0000200000006.99,24357175,619682010247,1,6.99
PUR,393683900,619682010247,00100000001.0000200000006.99,39368390,619682010247,1,6.99
PUR,424317860,619682010247,00100000004.0000200000006.99,42431786,619682010247,4,6.99
PUR,429232310,619682010247,00100000002.0000200000006.99,42923231,619682010247,2,6.99
PUR,474108400,619682010247,00100000001.0000200000006.99,47410840,619682010247,1,6.99
PUR,485551900,619682010247,00100000004.0000200000006.99,48555190,619682010247,4,6.99
PUR,491828000,619682010247,00100000001.0000200000006.99,49182800,619682010247,1,6.99
PUR,559141700,619682010247,00100000002.0000200000006.99,55914170,619682010247,2,6.99
PUR,739654900,619682010247,00100000004.0000200000006.99,73965490,619682010247,4,6.99
PUR,774030300,619682010247,00100000005.0000200000006.99,77403030,619682010247,5,6.99
PUR,785950000,619682010247,00100000002.0000200000006.99,78595000,619682010247,2,6.99
PUR,788782300,619682010247,00100000002.0000200000006.99,78878230,619682010247,2,6.99
PUR,825752440,619682010247,00100000001.0000200000006.99,82575244,619682010247,1,6.99
PUR,830301780,619682010247,00100000001.0000200000006.99,83030178,619682010247,1,6.99
PUR,856794310,619682010247,00100000002.0000200000006.99,85679431,619682010247,2,6.99
PUR,900888400,619682010247,00100000001.0000200000006.99,90088840,619682010247,1,6.99
PUR,424317860,619682010285,00100000002.0000200000006.99,42431786,619682010285,2,6.99
PUR,460890590,619682010285,00100000004.0000200000006.99,46089059,619682010285,4,6.99
PUR,493687870,619682010285,00100000001.0000200000006.99,49368787,619682010285,1,6.99
PUR,821573340,619682010285,00100000003.0000200000006.99,82157334,619682010285,3,6.99
PUR,986900100,619682010285,00100000001.0000200000006.99,98690010,619682010285,1,6.99
PUR,230950950,619682010322,00100000001.0000200000006.99,23095095,619682010322,1,6.99
PUR,233467040,619682010322,00100000003.0000200000006.99,23346704,619682010322,3,6.99
PUR,240457700,619682010322,00100000004.0000200000006.99,24045770,619682010322,4,6.99
PUR,252366600,619682010322,00100000002.0000200000006.99,25236660,619682010322,2,6.99
PUR,393683900,619682010322,00100000001.0000200000006.99,39368390,619682010322,1,6.99
PUR,424317860,619682010322,00100000008.0000200000006.99,42431786,619682010322,8,6.99
PUR,428607120,619682010322,00100000002.0000200000006.99,42860712,619682010322,2,6.99
PUR,429224030,619682010322,00100000004.0000200000006.99,42922403,619682010322,4,6.99
PUR,429240050,619682010322,00100000003.0000200000006.99,42924005,619682010322,3,6.99
PUR,434316420,619682010322,00100000005.0000200000006.99,43431642,619682010322,5,6.99
PUR,437754050,619682010322,00100000002.0000200000006.99,43775405,619682010322,2,6.99
PUR,444724370,619682010322,00100000002.0000200000006.99,44472437,619682010322,2,6.99
PUR,450830300,619682010322,00100000005.0000200000006.99,45083030,619682010322,5,6.99
PUR,454939710,619682010322,00100000001.0000200000006.99,45493971,619682010322,1,6.99
PUR,454939710,619682010322,00100000004.0000200000006.99,45493971,619682010322,4,6.99
PUR,456514530,619682010322,00100000010.0000200000006.99,45651453,619682010322,10,6.99
PUR,457460990,619682010322,00100000002.0000200000006.99,45746099,619682010322,2,6.99
PUR,462581790,619682010322,00100000002.0000200000006.99,46258179,619682010322,2,6.99
PUR,462581790,619682010322,00100000003.0000200000006.99,46258179,619682010322,3,6.99
PUR,474108400,619682010322,00100000003.0000200000006.99,47410840,619682010322,3,6.99
PUR,475317140,619682010322,00100000003.0000200000006.99,47531714,619682010322,3,6.99
PUR,475320060,619682010322,00100000001.0000200000006.99,47532006,619682010322,1,6.99
PUR,475320060,619682010322,00100000003.0000200000006.99,47532006,619682010322,3,6.99
PUR,476584350,619682010322,00100000003.0000200000006.99,47658435,619682010322,3,6.99
PUR,485551900,619682010322,00100000004.0000200000006.99,48555190,619682010322,4,6.99
PUR,487335470,619682010322,00100000005.0000200000006.99,48733547,619682010322,5,6.99
PUR,488331420,619682010322,00100000001.0000200000006.99,48833142,619682010322,1,6.99
PUR,491828000,619682010322,00100000001.0000200000006.99,49182800,619682010322,1,6.99
PUR,536320400,619682010322,00100000001.0000200000006.99,53632040,619682010322,1,6.99
PUR,558319600,619682010322,00100000002.0000200000006.99,55831960,619682010322,2,6.99
PUR,559141700,619682010322,00100000003.0000200000006.99,55914170,619682010322,3,6.99
PUR,565306600,619682010322,00100000002.0000200000006.99,56530660,619682010322,2,6.99
PUR,620945160,619682010322,00100000001.0000200000006.99,62094516,619682010322,1,6.99
PUR,739654900,619682010322,00100000004.0000200000006.99,73965490,619682010322,4,6.99
PUR,774030300,619682010322,00100000010.0000200000006.99,77403030,619682010322,10,6.99
PUR,778677100,619682010322,00100000003.0000200000006.99,77867710,619682010322,3,6.99
PUR,785950000,619682010322,00100000002.0000200000006.99,78595000,619682010322,2,6.99
PUR,830301780,619682010322,00100000001.0000200000006.99,83030178,619682010322,1,6.99
PUR,839874690,619682010322,00100000004.0000200000006.99,83987469,619682010322,4,6.99
PUR,856794310,619682010322,00100000004.0000200000006.99,85679431,619682010322,4,6.99
PUR,856794310,619682010322,00100000002.0000200000006.99,85679431,619682010322,2,6.99
PUR,866424890,619682010322,00100000001.0000200000006.99,86642489,619682010322,1,6.99
PUR,880659250,619682010322,00100000002.0000200000006.99,88065925,619682010322,2,6.99
PUR,900888400,619682010322,00100000003.0000200000006.99,90088840,619682010322,3,6.99
PUR,981554900,619682010322,00100000004.0000200000006.99,98155490,619682010322,4,6.99
PUR,230950950,619682010360,00100000003.0000200000006.99,23095095,619682010360,3,6.99
PUR,240457700,619682010360,00100000001.0000200000006.99,24045770,619682010360,1,6.99
PUR,243571750,619682010360,00100000001.0000200000006.99,24357175,619682010360,1,6.99
PUR,427237420,619682010360,00100000001.0000200000006.99,42723742,619682010360,1,6.99
PUR,429224030,619682010360,00100000001.0000200000006.99,42922403,619682010360,1,6.99
PUR,434316420,619682010360,00100000006.0000200000006.99,43431642,619682010360,6,6.99
PUR,437754050,619682010360,00100000002.0000200000006.99,43775405,619682010360,2,6.99
PUR,438952590,619682010360,00100000001.0000200000006.99,43895259,619682010360,1,6.99
PUR,443714290,619682010360,00100000003.0000200000006.99,44371429,619682010360,3,6.99
PUR,450830300,619682010360,00100000005.0000200000006.99,45083030,619682010360,5,6.99
PUR,454939710,619682010360,00100000004.0000200000006.99,45493971,619682010360,4,6.99
PUR,462581790,619682010360,00100000002.0000200000006.99,46258179,619682010360,2,6.99
PUR,475320060,619682010360,00100000001.0000200000006.99,47532006,619682010360,1,6.99
PUR,475320060,619682010360,00100000002.0000200000006.99,47532006,619682010360,2,6.99
PUR,475320060,619682010360,00100000002.0000200000006.99,47532006,619682010360,2,6.99
PUR,476584350,619682010360,00100000001.0000200000006.99,47658435,619682010360,1,6.99
PUR,487335470,619682010360,00100000005.0000200000006.99,48733547,619682010360,5,6.99
PUR,491828000,619682010360,00100000001.0000200000006.99,49182800,619682010360,1,6.99
PUR,493687870,619682010360,00100000001.0000200000006.99,49368787,619682010360,1,6.99
PUR,559141700,619682010360,00100000002.0000200000006.99,55914170,619682010360,2,6.99
PUR,565306600,619682010360,00100000001.0000200000006.99,56530660,619682010360,1,6.99
PUR,785950000,619682010360,00100000002.0000200000006.99,78595000,619682010360,2,6.99
PUR,788782300,619682010360,00100000002.0000200000006.99,78878230,619682010360,2,6.99
PUR,830301780,619682010360,00100000001.0000200000006.99,83030178,619682010360,1,6.99
PUR,986900100,619682010360,00100000001.0000200000006.99,98690010,619682010360,1,6.99
PUR,230950950,619682010407,00100000001.0000200000006.99,23095095,619682010407,1,6.99
PUR,240457700,619682010407,00100000002.0000200000006.99,24045770,619682010407,2,6.99
PUR,252356130,619682010407,00100000003.0000200000006.99,25235613,619682010407,3,6.99
PUR,393683900,619682010407,00100000001.0000200000006.99,39368390,619682010407,1,6.99
PUR,424317860,619682010407,00100000006.0000200000006.99,42431786,619682010407,6,6.99
PUR,427237420,619682010407,00100000002.0000200000006.99,42723742,619682010407,2,6.99
PUR,428607120,619682010407,00100000002.0000200000006.99,42860712,619682010407,2,6.99
PUR,429224030,619682010407,00100000003.0000200000006.99,42922403,619682010407,3,6.99
PUR,429240050,619682010407,00100000003.0000200000006.99,42924005,619682010407,3,6.99
PUR,437754050,619682010407,00100000002.0000200000006.99,43775405,619682010407,2,6.99
PUR,443714290,619682010407,00100000003.0000200000006.99,44371429,619682010407,3,6.99
PUR,450830300,619682010407,00100000005.0000200000006.99,45083030,619682010407,5,6.99
PUR,454939710,619682010407,00100000001.0000200000006.99,45493971,619682010407,1,6.99
PUR,456514530,619682010407,00100000004.0000200000006.99,45651453,619682010407,4,6.99
PUR,457460990,619682010407,00100000001.0000200000006.99,45746099,619682010407,1,6.99
PUR,462581790,619682010407,00100000002.0000200000006.99,46258179,619682010407,2,6.99
PUR,474108400,619682010407,00100000002.0000200000006.99,47410840,619682010407,2,6.99
PUR,475188380,619682010407,00100000005.0000200000006.99,47518838,619682010407,5,6.99
PUR,475320060,619682010407,00100000002.0000200000006.99,47532006,619682010407,2,6.99
PUR,476584350,619682010407,00100000002.0000200000006.99,47658435,619682010407,2,6.99
PUR,487335470,619682010407,00100000005.0000200000006.99,48733547,619682010407,5,6.99
PUR,488331420,619682010407,00100000001.0000200000006.99,48833142,619682010407,1,6.99
PUR,559141700,619682010407,00100000004.0000200000006.99,55914170,619682010407,4,6.99
PUR,565306600,619682010407,00100000001.0000200000006.99,56530660,619682010407,1,6.99
PUR,664268530,619682010407,00100000002.0000200000006.99,66426853,619682010407,2,6.99
PUR,744067040,619682010407,00100000002.0000200000006.99,74406704,619682010407,2,6.99
PUR,774030300,619682010407,00100000005.0000200000006.99,77403030,619682010407,5,6.99
PUR,778677100,619682010407,00100000003.0000200000006.99,77867710,619682010407,3,6.99
PUR,785950000,619682010407,00100000002.0000200000006.99,78595000,619682010407,2,6.99
PUR,830301780,619682010407,00100000001.0000200000006.99,83030178,619682010407,1,6.99
PUR,856794310,619682010407,00100000002.0000200000006.99,85679431,619682010407,1,6.99
PUR,856794310,619682010407,00100000001.0000200000006.99,85679431,619682010407,2,6.99
PUR,866424890,619682010407,00100000001.0000200000006.99,86642489,619682010407,1,6.99
PUR,884050130,619682010407,00100000003.0000200000006.99,88405013,619682010407,3,6.99
PUR,900888400,619682010407,00100000002.0000200000006.99,90088840,619682010407,2,6.99
PUR,981554900,619682010407,00100000002.0000200000006.99,98155490,619682010407,2,6.99
PUR,474108400,619682010445,00100000001.0000200000006.99,47410840,619682010445,1,6.99
PUR,565306600,619682010445,00100000001.0000200000006.99,56530660,619682010445,1,6.99
PUR,839874690,619682010445,00100000001.0000200000006.99,83987469,619682010445,1,6.99
PUR,209101900,619682621221,00100000001.0000200000006.99,20910190,619682621221,1,6.99
PUR,243571750,619682621221,00100000004.0000200000006.99,24357175,619682621221,4,6.99
PUR,424317860,619682621221,00100000005.0000200000006.99,42431786,619682621221,5,6.99
PUR,429224030,619682621221,00100000001.0000200000006.99,42922403,619682621221,1,6.99
PUR,437754050,619682621221,00100000002.0000200000006.99,43775405,619682621221,2,6.99
PUR,438952590,619682621221,00100000001.0000200000006.99,43895259,619682621221,1,6.99
PUR,450830300,619682621221,00100000005.0000200000006.99,45083030,619682621221,5,6.99
PUR,454939710,619682621221,00100000004.0000200000006.99,45493971,619682621221,4,6.99
PUR,456514530,619682621221,00100000004.0000200000006.99,45651453,619682621221,4,6.99
PUR,474108400,619682621221,00100000002.0000200000006.99,47410840,619682621221,2,6.99
PUR,475317140,619682621221,00100000004.0000200000006.99,47531714,619682621221,4,6.99
PUR,475320060,619682621221,00100000002.0000200000006.99,47532006,619682621221,1,6.99
PUR,475320060,619682621221,00100000001.0000200000006.99,47532006,619682621221,2,6.99
PUR,476584350,619682621221,00100000001.0000200000006.99,47658435,619682621221,1,6.99
PUR,491828000,619682621221,00100000001.0000200000006.99,49182800,619682621221,1,6.99
PUR,493687870,619682621221,00100000001.0000200000006.99,49368787,619682621221,1,6.99
PUR,496350050,619682621221,00100000003.0000200000006.99,49635005,619682621221,3,6.99
PUR,536320400,619682621221,00100000001.0000200000006.99,53632040,619682621221,1,6.99
PUR,559141700,619682621221,00100000002.0000200000006.99,55914170,619682621221,2,6.99
PUR,565306600,619682621221,00100000003.0000200000006.99,56530660,619682621221,3,6.99
PUR,620945160,619682621221,00100000001.0000200000006.99,62094516,619682621221,1,6.99
PUR,744067040,619682621221,00100000002.0000200000006.99,74406704,619682621221,2,6.99
PUR,774030300,619682621221,00100000005.0000200000006.99,77403030,619682621221,5,6.99
PUR,778677100,619682621221,00100000003.0000200000006.99,77867710,619682621221,3,6.99
PUR,785950000,619682621221,00100000002.0000200000006.99,78595000,619682621221,2,6.99
PUR,788782300,619682621221,00100000002.0000200000006.99,78878230,619682621221,2,6.99
PUR,830301780,619682621221,00100000001.0000200000006.99,83030178,619682621221,1,6.99
PUR,839874690,619682621221,00100000002.0000200000006.99,83987469,619682621221,2,6.99
PUR,854655800,619682621221,00100000002.0000200000006.99,85465580,619682621221,2,6.99
PUR,856794310,619682621221,00100000001.0000200000006.99,85679431,619682621221,1,6.99
PUR,981554900,619682621221,00100000002.0000200000006.99,98155490,619682621221,2,6.99
PUR,986900100,619682621221,00100000001.0000200000006.99,98690010,619682621221,1,6.99
PUR,129859640,649964320924,00100000006.0000200000005.99,12985964,649964320924,6,5.99
PUR,129859640,649964320931,00100000003.0000200000005.99,12985964,649964320931,3,5.99
PUR,129859640,649964320948,00100000006.0000200000005.99,12985964,649964320948,6,5.99
PUR,129859640,649964321013,00100000004.0000200000005.99,12985964,649964321013,4,5.99
PUR,129859640,649964321037,00100000005.0000200000005.99,12985964,649964321037,5,5.99
PUR,129859640,649964321044,00100000003.0000200000005.99,12985964,649964321044,3,5.99
PUR,129859640,649964321051,00100000006.0000200000005.99,12985964,649964321051,6,5.99
PUR,129859640,649964321419,00100000004.0000200000005.99,12985964,649964321419,4,5.99
PUR,922755600,649964321570,00100000001.0000200000012.99,92275560,649964321570,1,12.99
PUR,785950000,649964321617,00100000003.0000200000012.99,78595000,649964321617,3,12.99
PUR,785950000,649964327220,00100000002.0000200000012.99,78595000,649964327220,2,12.99
PUR,424317860,649964992787,00100000003.0000200000024.99,42431786,649964992787,3,24.99
PUR,445361840,649964992787,00100000001.0000200000024.99,44536184,649964992787,1,24.99
PUR,476584350,649964992787,00100000001.0000200000024.99,47658435,649964992787,1,24.99
PUR,559141700,649964992787,00100000001.0000200000024.99,55914170,649964992787,1,24.99
PUR,664187670,649964992787,00100000002.0000200000024.99,66418767,649964992787,2,24.99
PUR,774030300,649964992787,00100000001.0000200000024.99,77403030,649964992787,1,24.99
PUR,785950000,649964992787,00100000001.0000200000024.99,78595000,649964992787,1,24.99
PUR,821573340,649964992787,00100000001.0000200000024.99,82157334,649964992787,1,24.99
PUR,856794310,649964992787,00100000003.0000200000024.99,85679431,649964992787,3,24.99
PUR,877090420,649964992787,00100000002.0000200000024.99,87709042,649964992787,2,24.99
PUR,991198200,649964992787,00100000001.0000200000024.99,99119820,649964992787,1,24.99
PUR,719143000,658238734800,00100000001.0000200000034.99,71914300,658238734800,1,34.99
PUR,207790800,658238734909,00100000001.0000200000024.99,20779080,658238734909,1,24.99
PUR,207790800,658238735562,00100000001.0000200000024.99,20779080,658238735562,1,24.99
PUR,476584350,658238735616,00100000001.0000200000034.99,47658435,658238735616,1,34.99
PUR,493687870,658238735616,00100000001.0000200000034.99,49368787,658238735616,1,34.99
PUR,207790800,660111933682,00100000001.0000200000034.99,20779080,660111933682,1,34.99
PUR,476584350,660111933682,00100000001.0000200000034.99,47658435,660111933682,1,34.99
PUR,493687870,660111933682,00100000001.0000200000034.99,49368787,660111933682,1,34.99
PUR,774030300,660111933682,00100000002.0000200000034.99,77403030,660111933682,2,34.99
PUR,469680500,681467003256,00100000002.0000200000031.99,46968050,681467003256,2,31.99
PUR,224381000,681467003287,00100000001.0000200000031.99,22438100,681467003287,1,31.99
PUR,424166220,681467003287,00100000004.0000200000031.99,42416622,681467003287,4,31.99
PUR,456503270,681467003287,00100000002.0000200000031.99,45650327,681467003287,2,31.99
PUR,475320060,681467003287,00100000001.0000200000031.99,47532006,681467003287,1,31.99
PUR,504320000,681467003287,00100000004.0000200000031.99,50432000,681467003287,4,31.99
PUR,821573340,681467003584,00100000001.0000200000031.99,82157334,681467003584,1,31.99
PUR,243571750,685141913008,00100000001.0000200000028.99,24357175,685141913008,1,28.99
PUR,393683900,685141913008,00100000001.0000200000028.99,39368390,685141913008,1,28.99
PUR,427146780,685141913008,00100000003.0000200000028.99,42714678,685141913008,3,28.99
PUR,450978990,685141913008,00100000001.0000200000028.99,45097899,685141913008,1,28.99
PUR,459661600,685141913008,00100000002.0000200000028.99,45966160,685141913008,2,28.99
PUR,469680500,685141913008,00100000001.0000200000028.99,46968050,685141913008,1,28.99
PUR,475320060,685141913008,00100000001.0000200000028.99,47532006,685141913008,1,28.99
PUR,485551900,685141913008,00100000002.0000200000028.99,48555190,685141913008,2,28.99
PUR,491828000,685141913008,00100000003.0000200000028.99,49182800,685141913008,3,28.99
PUR,504320000,685141913008,00100000003.0000200000028.99,50432000,685141913008,3,28.99
PUR,536320400,685141913008,00100000002.0000200000028.99,53632040,685141913008,2,28.99
PUR,565306600,685141913008,00100000004.0000200000028.99,56530660,685141913008,4,28.99
PUR,620945160,685141913008,00100000007.0000200000028.99,62094516,685141913008,7,28.99
PUR,631826140,685141913008,00100000002.0000200000028.99,63182614,685141913008,2,28.99
PUR,684500330,685141913008,00100000001.0000200000028.99,68450033,685141913008,1,28.99
PUR,724650000,685141913008,00100000002.0000200000028.99,72465000,685141913008,2,28.99
PUR,728118800,685141913008,00100000001.0000200000028.99,72811880,685141913008,1,28.99
PUR,739654900,685141913008,00100000001.0000200000028.99,73965490,685141913008,1,28.99
PUR,778677100,685141913008,00100000002.0000200000028.99,77867710,685141913008,2,28.99
PUR,805460000,685141913008,00100000003.0000200000028.99,80546000,685141913008,3,28.99
PUR,821573340,685141913008,00100000001.0000200000028.99,82157334,685141913008,1,28.99
PUR,832944070,685141913008,00100000001.0000200000028.99,83294407,685141913008,1,28.99
PUR,839874690,685141913008,00100000001.0000200000028.99,83987469,685141913008,1,28.99
PUR,854655800,685141913008,00100000005.0000200000028.99,85465580,685141913008,5,28.99
PUR,856794310,685141913008,00100000004.0000200000028.99,85679431,685141913008,4,28.99
PUR,877090420,685141913008,00100000002.0000200000028.99,87709042,685141913008,2,28.99
PUR,888359330,685141913008,00100000003.0000200000028.99,88835933,685141913008,3,28.99
PUR,922755600,685141913008,00100000002.0000200000028.99,92275560,685141913008,2,28.99
PUR,991198200,685141913008,00100000002.0000200000028.99,99119820,685141913008,2,28.99
PUR,243571750,685141913039,00100000001.0000200000028.99,24357175,685141913039,1,28.99
PUR,252356130,685141913039,00100000003.0000200000028.99,25235613,685141913039,3,28.99
PUR,393683900,685141913039,00100000001.0000200000028.99,39368390,685141913039,1,28.99
PUR,427146780,685141913039,00100000002.0000200000028.99,42714678,685141913039,2,28.99
PUR,434300830,685141913039,00100000003.0000200000028.99,43430083,685141913039,3,28.99
PUR,450978990,685141913039,00100000001.0000200000028.99,45097899,685141913039,1,28.99
PUR,459661600,685141913039,00100000006.0000200000028.99,45966160,685141913039,6,28.99
PUR,469680500,685141913039,00100000001.0000200000028.99,46968050,685141913039,1,28.99
PUR,475563000,685141913039,00100000001.0000200000028.99,47556300,685141913039,1,28.99
PUR,491828000,685141913039,00100000002.0000200000028.99,49182800,685141913039,2,28.99
PUR,504320000,685141913039,00100000007.0000200000028.99,50432000,685141913039,7,28.99
PUR,536320400,685141913039,00100000001.0000200000028.99,53632040,685141913039,1,28.99
PUR,565306600,685141913039,00100000001.0000200000028.99,56530660,685141913039,1,28.99
PUR,620945160,685141913039,00100000003.0000200000028.99,62094516,685141913039,3,28.99
PUR,631826140,685141913039,00100000002.0000200000028.99,63182614,685141913039,2,28.99
PUR,657432800,685141913039,00100000010.0000200000028.99,65743280,685141913039,10,28.99
PUR,684500330,685141913039,00100000001.0000200000028.99,68450033,685141913039,1,28.99
PUR,724650000,685141913039,00100000006.0000200000028.99,72465000,685141913039,6,28.99
PUR,728118800,685141913039,00100000001.0000200000028.99,72811880,685141913039,1,28.99
PUR,739654900,685141913039,00100000002.0000200000028.99,73965490,685141913039,2,28.99
PUR,778677100,685141913039,00100000002.0000200000028.99,77867710,685141913039,2,28.99
PUR,805460000,685141913039,00100000003.0000200000028.99,80546000,685141913039,3,28.99
PUR,821573340,685141913039,00100000002.0000200000028.99,82157334,685141913039,2,28.99
PUR,825752440,685141913039,00100000003.0000200000028.99,82575244,685141913039,3,28.99
PUR,839874690,685141913039,00100000002.0000200000028.99,83987469,685141913039,2,28.99
PUR,854655800,685141913039,00100000008.0000200000028.99,85465580,685141913039,8,28.99
PUR,877090420,685141913039,00100000002.0000200000028.99,87709042,685141913039,2,28.99
PUR,880659250,685141913039,00100000001.0000200000028.99,88065925,685141913039,1,28.99
PUR,888359330,685141913039,00100000003.0000200000028.99,88835933,685141913039,3,28.99
PUR,209101900,685141913046,00100000001.0000200000028.99,20910190,685141913046,1,28.99
PUR,243571750,685141913046,00100000002.0000200000028.99,24357175,685141913046,2,28.99
PUR,252356130,685141913046,00100000004.0000200000028.99,25235613,685141913046,4,28.99
PUR,427146780,685141913046,00100000001.0000200000028.99,42714678,685141913046,2,28.99
PUR,427146780,685141913046,00100000002.0000200000028.99,42714678,685141913046,1,28.99
PUR,459661600,685141913046,00100000003.0000200000028.99,45966160,685141913046,3,28.99
PUR,469680500,685141913046,00100000001.0000200000028.99,46968050,685141913046,1,28.99
PUR,536320400,685141913046,00100000002.0000200000028.99,53632040,685141913046,2,28.99
PUR,565306600,685141913046,00100000001.0000200000028.99,56530660,685141913046,1,28.99
PUR,620945150,685141913046,00100000005.0000200000028.99,62094515,685141913046,5,28.99
PUR,620945160,685141913046,00100000002.0000200000028.99,62094516,685141913046,2,28.99
PUR,657432800,685141913046,00100000010.0000200000028.99,65743280,685141913046,10,28.99
PUR,696388200,685141913046,00100000002.0000200000028.99,69638820,685141913046,2,28.99
PUR,821573340,685141913046,00100000002.0000200000028.99,82157334,685141913046,2,28.99
PUR,821573340,685141913046,00100000002.0000200000028.99,82157334,685141913046,2,28.99
PUR,825752440,685141913046,00100000005.0000200000028.99,82575244,685141913046,5,28.99
PUR,854655800,685141913046,00100000003.0000200000028.99,85465580,685141913046,3,28.99
PUR,856794310,685141913046,00100000001.0000200000028.99,85679431,685141913046,1,28.99
PUR,991198200,685141913046,00100000001.0000200000028.99,99119820,685141913046,1,28.99
PUR,243571750,685141913077,00100000001.0000200000028.99,24357175,685141913077,1,28.99
PUR,427237420,685141913077,00100000003.0000200000028.99,42723742,685141913077,3,28.99
PUR,469680500,685141913077,00100000001.0000200000028.99,46968050,685141913077,1,28.99
PUR,504320000,685141913077,00100000002.0000200000028.99,50432000,685141913077,2,28.99
PUR,536320400,685141913077,00100000001.0000200000028.99,53632040,685141913077,1,28.99
PUR,565306600,685141913077,00100000001.0000200000028.99,56530660,685141913077,1,28.99
PUR,657432800,685141913077,00100000010.0000200000028.99,65743280,685141913077,10,28.99
PUR,821573340,685141913077,00100000001.0000200000028.99,82157334,685141913077,1,28.99
PUR,825752440,685141913077,00100000005.0000200000028.99,82575244,685141913077,5,28.99
PUR,854655800,685141913077,00100000003.0000200000028.99,85465580,685141913077,3,28.99
PUR,877090420,685141913077,00100000001.0000200000028.99,87709042,685141913077,1,28.99
PUR,880659250,685141913077,00100000001.0000200000028.99,88065925,685141913077,1,28.99
PUR,922755600,685141913077,00100000002.0000200000028.99,92275560,685141913077,2,28.99
PUR,991198200,685141913077,00100000001.0000200000028.99,99119820,685141913077,1,28.99
PUR,997305200,685141913077,00100000001.0000200000028.99,99730520,685141913077,1,28.99
PUR,294214100,685141913114,00100000001.0000200000028.99,29421410,685141913114,1,28.99
PUR,536320400,685141913114,00100000003.0000200000028.99,53632040,685141913114,3,28.99
PUR,657432800,685141913114,00100000010.0000200000028.99,65743280,685141913114,10,28.99
PUR,825752440,685141913114,00100000002.0000200000028.99,82575244,685141913114,2,28.99
PUR,854655800,685141913114,00100000001.0000200000028.99,85465580,685141913114,1,28.99
PUR,877090420,685141913114,00100000001.0000200000028.99,87709042,685141913114,1,28.99
PUR,209101900,685141913121,00100000001.0000200000028.99,20910190,685141913121,1,28.99
PUR,243571750,685141913121,00100000003.0000200000028.99,24357175,685141913121,3,28.99
PUR,427237420,685141913121,00100000001.0000200000028.99,42723742,685141913121,1,28.99
PUR,434316420,685141913121,00100000001.0000200000028.99,43431642,685141913121,1,28.99
PUR,450978990,685141913121,00100000001.0000200000028.99,45097899,685141913121,1,28.99
PUR,459661600,685141913121,00100000001.0000200000028.99,45966160,685141913121,1,28.99
PUR,475320060,685141913121,00100000003.0000200000028.99,47532006,685141913121,3,28.99
PUR,475825290,685141913121,00100000001.0000200000028.99,47582529,685141913121,1,28.99
PUR,485551900,685141913121,00100000002.0000200000028.99,48555190,685141913121,2,28.99
PUR,504320000,685141913121,00100000003.0000200000028.99,50432000,685141913121,3,28.99
PUR,536320400,685141913121,00100000001.0000200000028.99,53632040,685141913121,1,28.99
PUR,565306600,685141913121,00100000003.0000200000028.99,56530660,685141913121,3,28.99
PUR,568409000,685141913121,00100000004.0000200000028.99,56840900,685141913121,4,28.99
PUR,620945150,685141913121,00100000002.0000200000028.99,62094515,685141913121,2,28.99
PUR,620945160,685141913121,00100000002.0000200000028.99,62094516,685141913121,2,28.99
PUR,684500330,685141913121,00100000002.0000200000028.99,68450033,685141913121,2,28.99
PUR,724650000,685141913121,00100000002.0000200000028.99,72465000,685141913121,2,28.99
PUR,728118800,685141913121,00100000002.0000200000028.99,72811880,685141913121,2,28.99
PUR,805460000,685141913121,00100000002.0000200000028.99,80546000,685141913121,2,28.99
PUR,821573340,685141913121,00100000001.0000200000028.99,82157334,685141913121,1,28.99
PUR,827124430,685141913121,00100000001.0000200000028.99,82712443,685141913121,1,28.99
PUR,832944070,685141913121,00100000001.0000200000028.99,83294407,685141913121,1,28.99
PUR,843181440,685141913121,00100000002.0000200000028.99,84318144,685141913121,2,28.99
PUR,856794310,685141913121,00100000001.0000200000028.99,85679431,685141913121,3,28.99
PUR,856794310,685141913121,00100000003.0000200000028.99,85679431,685141913121,1,28.99
PUR,877090420,685141913121,00100000003.0000200000028.99,87709042,685141913121,3,28.99
PUR,888359330,685141913121,00100000003.0000200000028.99,88835933,685141913121,3,28.99
PUR,991198200,685141913121,00100000002.0000200000028.99,99119820,685141913121,2,28.99
PUR,240457700,685141913152,00100000003.0000200000028.99,24045770,685141913152,3,28.99
PUR,243571750,685141913152,00100000003.0000200000028.99,24357175,685141913152,3,28.99
PUR,380068720,685141913152,00100000001.0000200000028.99,38006872,685141913152,1,28.99
PUR,393683900,685141913152,00100000001.0000200000028.99,39368390,685141913152,1,28.99
PUR,424166220,685141913152,00100000004.0000200000028.99,42416622,685141913152,4,28.99
PUR,427146780,685141913152,00100000001.0000200000028.99,42714678,685141913152,1,28.99
PUR,427237420,685141913152,00100000001.0000200000028.99,42723742,685141913152,1,28.99
PUR,428607120,685141913152,00100000001.0000200000028.99,42860712,685141913152,1,28.99
PUR,429240050,685141913152,00100000001.0000200000028.99,42924005,685141913152,1,28.99
PUR,434316420,685141913152,00100000002.0000200000028.99,43431642,685141913152,2,28.99
PUR,436207440,685141913152,00100000003.0000200000028.99,43620744,685141913152,3,28.99
PUR,444724370,685141913152,00100000001.0000200000028.99,44472437,685141913152,1,28.99
PUR,445361840,685141913152,00100000002.0000200000028.99,44536184,685141913152,2,28.99
PUR,450978990,685141913152,00100000001.0000200000028.99,45097899,685141913152,1,28.99
PUR,454939710,685141913152,00100000002.0000200000028.99,45493971,685141913152,6,28.99
PUR,454939710,685141913152,00100000006.0000200000028.99,45493971,685141913152,2,28.99
PUR,456514530,685141913152,00100000001.0000200000028.99,45651453,685141913152,1,28.99
PUR,457460990,685141913152,00100000001.0000200000028.99,45746099,685141913152,1,28.99
PUR,459661600,685141913152,00100000006.0000200000028.99,45966160,685141913152,6,28.99
PUR,469680500,685141913152,00100000001.0000200000028.99,46968050,685141913152,1,28.99
PUR,475320060,685141913152,00100000001.0000200000028.99,47532006,685141913152,1,28.99
PUR,475563000,685141913152,00100000001.0000200000028.99,47556300,685141913152,1,28.99
PUR,475825290,685141913152,00100000002.0000200000028.99,47582529,685141913152,2,28.99
PUR,491828000,685141913152,00100000001.0000200000028.99,49182800,685141913152,1,28.99
PUR,493687870,685141913152,00100000001.0000200000028.99,49368787,685141913152,1,28.99
PUR,498871440,685141913152,00100000001.0000200000028.99,49887144,685141913152,1,28.99
PUR,504320000,685141913152,00100000007.0000200000028.99,50432000,685141913152,7,28.99
PUR,536320400,685141913152,00100000002.0000200000028.99,53632040,685141913152,2,28.99
PUR,565306600,685141913152,00100000001.0000200000028.99,56530660,685141913152,1,28.99
PUR,620945150,685141913152,00100000002.0000200000028.99,62094515,685141913152,2,28.99
PUR,684500330,685141913152,00100000002.0000200000028.99,68450033,685141913152,2,28.99
PUR,696388200,685141913152,00100000001.0000200000028.99,69638820,685141913152,1,28.99
PUR,724650000,685141913152,00100000006.0000200000028.99,72465000,685141913152,6,28.99
PUR,728118800,685141913152,00100000002.0000200000028.99,72811880,685141913152,2,28.99
PUR,778677100,685141913152,00100000001.0000200000028.99,77867710,685141913152,1,28.99
PUR,805460000,685141913152,00100000002.0000200000028.99,80546000,685141913152,2,28.99
PUR,821573340,685141913152,00100000001.0000200000028.99,82157334,685141913152,1,28.99
PUR,821573340,685141913152,00100000001.0000200000028.99,82157334,685141913152,1,28.99
PUR,827124430,685141913152,00100000001.0000200000028.99,82712443,685141913152,1,28.99
PUR,856794310,685141913152,00100000001.0000200000028.99,85679431,685141913152,1,28.99
PUR,866424890,685141913152,00100000001.0000200000028.99,86642489,685141913152,1,28.99
PUR,877090420,685141913152,00100000003.0000200000028.99,87709042,685141913152,3,28.99
PUR,900888400,685141913152,00100000001.0000200000028.99,90088840,685141913152,1,28.99
PUR,991198200,685141913152,00100000001.0000200000028.99,99119820,685141913152,1,28.99
PUR,997305200,685141913152,00100000001.0000200000028.99,99730520,685141913152,1,28.99
PUR,825752440,685141913190,00100000001.0000200000028.99,82575244,685141913190,1,28.99
PUR,880659250,689076935722,00100000001.0000200000023.49,88065925,689076935722,1,23.49
PUR,496350050,708926561116,00100000002.0000200000040.99,49635005,708926561116,2,40.99
PUR,788782300,708926561116,00100000004.0000200000040.99,78878230,708926561116,4,40.99
PUR,451221770,708926561314,00100000002.0000200000040.99,45122177,708926561314,2,40.99
PUR,880659250,708926561314,00100000001.0000200000040.99,88065925,708926561314,1,40.99
PUR,788782300,708926562113,00100000004.0000200000040.99,78878230,708926562113,4,40.99
PUR,788805500,708926562113,00100000003.0000200000040.99,78880550,708926562113,3,40.99
PUR,207790800,708926562311,00100000001.0000200000040.99,20779080,708926562311,1,40.99
PUR,788782300,708926562311,00100000002.0000200000040.99,78878230,708926562311,2,40.99
PUR,788805500,708926562311,00100000005.0000200000040.99,78880550,708926562311,5,40.99
PUR,243571750,708926563042,00100000002.0000200000040.99,24357175,708926563042,2,40.99
PUR,427237420,708926563042,00100000001.0000200000040.99,42723742,708926563042,1,40.99
PUR,788782300,708926563042,00100000004.0000200000040.99,78878230,708926563042,4,40.99
PUR,877090420,708926563042,00100000003.0000200000040.99,87709042,708926563042,3,40.99
PUR,207790800,708926563219,00100000002.0000200000040.99,20779080,708926563219,2,40.99
PUR,224381000,708926563219,00100000001.0000200000040.99,22438100,708926563219,1,40.99
PUR,243571750,708926563219,00100000002.0000200000040.99,24357175,708926563219,2,40.99
PUR,252366600,708926563219,00100000003.0000200000040.99,25236660,708926563219,3,40.99
PUR,427237420,708926563219,00100000001.0000200000040.99,42723742,708926563219,1,40.99
PUR,445361840,708926563219,00100000001.0000200000040.99,44536184,708926563219,1,40.99
PUR,496350050,708926563219,00100000001.0000200000040.99,49635005,708926563219,1,40.99
PUR,693810650,708926563219,00100000001.0000200000040.99,69381065,708926563219,1,40.99
PUR,728118800,708926563219,00100000001.0000200000040.99,72811880,708926563219,1,40.99
PUR,821573340,708926563219,00100000002.0000200000040.99,82157334,708926563219,2,40.99
PUR,821573340,708926563219,00100000001.0000200000040.99,82157334,708926563219,1,40.99
PUR,877090420,708926563219,00100000001.0000200000040.99,87709042,708926563219,1,40.99
PUR,880659250,708926563219,00100000001.0000200000040.99,88065925,708926563219,1,40.99
PUR,243571750,708926565213,00100000001.0000200000040.99,24357175,708926565213,1,40.99
PUR,209101900,709215201867,00100000001.0000200000032.49,20910190,709215201867,1,32.49
PUR,914505000,709215202116,00100000001.0000200000032.49,91450500,709215202116,1,32.49
PUR,534485700,709215302137,00100000004.0000200000032.49,53448570,709215302137,4,32.49
PUR,914505000,709215302151,00100000001.0000200000032.49,91450500,709215302151,1,32.49
PUR,209101900,709215384225,00100000001.0000200000032.49,20910190,709215384225,1,32.49
PUR,209101900,709215401892,00100000001.0000200000032.49,20910190,709215401892,1,32.49
PUR,252622600,709215402134,00100000001.0000200000032.49,25262260,709215402134,1,32.49
PUR,843181440,709215402134,00100000002.0000200000032.49,84318144,709215402134,2,32.49
PUR,455413480,716165171454,00100000001.0000200000032.99,45541348,716165171454,1,32.99
PUR,455413480,716165174189,00100000001.0000200000016.99,45541348,716165174189,1,16.99
PUR,739654900,716165174189,00100000001.0000200000016.99,73965490,716165174189,1,16.99
PUR,475188380,716165174226,00100000001.0000200000040.99,47518838,716165174226,1,40.99
PUR,441924300,716165174585,00100000001.0000200000035.99,44192430,716165174585,1,35.99
PUR,450830300,716165174585,00100000001.0000200000035.99,45083030,716165174585,1,35.99
PUR,785950000,716165174585,00100000001.0000200000035.99,78595000,716165174585,1,35.99
PUR,839874690,716165174585,00100000001.0000200000035.99,83987469,716165174585,1,35.99
PUR,424317860,716165177128,00100000002.0000200000035.99,42431786,716165177128,2,35.99
PUR,429232310,716165177128,00100000002.0000200000035.99,42923231,716165177128,2,35.99
PUR,438952590,716165177128,00100000001.0000200000035.99,43895259,716165177128,1,35.99
PUR,441924300,716165177128,00100000001.0000200000035.99,44192430,716165177128,1,35.99
PUR,475188380,716165177128,00100000001.0000200000035.99,47518838,716165177128,1,35.99
PUR,631826140,716165177128,00100000001.0000200000035.99,63182614,716165177128,1,35.99
PUR,719143000,716165177128,00100000001.0000200000035.99,71914300,716165177128,1,35.99
PUR,877090420,716165177128,00100000001.0000200000035.99,87709042,716165177128,1,35.99
PUR,455413480,716165177326,00100000001.0000200000015.99,45541348,716165177326,1,15.99
PUR,475320060,716165177326,00100000001.0000200000015.99,47532006,716165177326,1,15.99
PUR,240457700,716165177364,00100000001.0000200000029.99,24045770,716165177364,1,29.99
PUR,294214100,716165177364,00100000001.0000200000029.99,29421410,716165177364,1,29.99
PUR,424993110,716165177364,00100000001.0000200000029.99,42499311,716165177364,1,29.99
PUR,429232310,716165177364,00100000001.0000200000029.99,42923231,716165177364,1,29.99
PUR,434307070,716165177364,00100000001.0000200000029.99,43430707,716165177364,1,29.99
PUR,450830300,716165177364,00100000002.0000200000029.99,45083030,716165177364,2,29.99
PUR,456514530,716165177364,00100000001.0000200000029.99,45651453,716165177364,1,29.99
PUR,462581790,716165177364,00100000001.0000200000029.99,46258179,716165177364,1,29.99
PUR,475188380,716165177364,00100000001.0000200000029.99,47518838,716165177364,1,29.99
PUR,475320060,716165177364,00100000001.0000200000029.99,47532006,716165177364,1,29.99
PUR,487335470,716165177364,00100000002.0000200000029.99,48733547,716165177364,2,29.99
PUR,565306600,716165177364,00100000001.0000200000029.99,56530660,716165177364,1,29.99
PUR,684500330,716165177364,00100000001.0000200000029.99,68450033,716165177364,1,29.99
PUR,719143000,716165177364,00100000001.0000200000029.99,71914300,716165177364,1,29.99
PUR,785950000,716165177364,00100000001.0000200000029.99,78595000,716165177364,1,29.99
PUR,832944070,716165177364,00100000001.0000200000029.99,83294407,716165177364,1,29.99
PUR,856794310,716165177364,00100000002.0000200000029.99,85679431,716165177364,2,29.99
PUR,877090420,716165177364,00100000001.0000200000029.99,87709042,716165177364,1,29.99
PUR,434307070,716165179498,00100000001.0000200000015.99,43430707,716165179498,1,15.99
PUR,559141700,716165179498,00100000001.0000200000015.99,55914170,716165179498,1,15.99
PUR,684819690,716165179498,00100000001.0000200000015.99,68481969,716165179498,1,15.99
PUR,696388200,716165179498,00100000001.0000200000015.99,69638820,716165179498,1,15.99
PUR,491828000,716165201960,00100000001.0000200000035.99,49182800,716165201960,1,35.99
PUR,491828000,716165202110,00100000001.0000200000035.99,49182800,716165202110,1,35.99
PUR,728118800,716165202110,00100000001.0000200000035.99,72811880,716165202110,1,35.99
PUR,207790800,716165250319,00100000001.0000200000016.99,20779080,716165250319,1,16.99
PUR,565306600,716165250319,00100000001.0000200000016.99,56530660,716165250319,1,16.99
PUR,429232310,716165250326,00100000001.0000200000029.99,42923231,716165250326,1,29.99
PUR,437754050,716165250326,00100000001.0000200000029.99,43775405,716165250326,1,29.99
PUR,450830300,716165250326,00100000001.0000200000029.99,45083030,716165250326,1,29.99
PUR,454939710,716165250326,00100000001.0000200000029.99,45493971,716165250326,1,29.99
PUR,719143000,716165250326,00100000001.0000200000029.99,71914300,716165250326,1,29.99
PUR,785950000,716165250326,00100000001.0000200000029.99,78595000,716165250326,1,29.99
PUR,243571750,716165250685,00100000001.0000200000025.99,24357175,716165250685,1,25.99
PUR,785950000,716165250685,00100000002.0000200000025.99,78595000,716165250685,2,25.99
PUR,877090420,716165250685,00100000001.0000200000025.99,87709042,716165250685,1,25.99
PUR,877090420,716165252061,00100000001.0000200000039.99,87709042,716165252061,1,39.99
PUR,424993110,716165253365,00100000001.0000200000039.99,42499311,716165253365,1,39.99
PUR,210569400,716165253389,00100000001.0000200000039.99,21056940,716165253389,1,39.99
PUR,987876280,716165253389,00100000001.0000200000039.99,98787628,716165253389,1,39.99
PUR,631826140,716165255581,00100000001.0000200000054.99,63182614,716165255581,1,54.99
PUR,429240050,716165255635,00100000001.0000200000062.99,42924005,716165255635,1,62.99
PUR,774030300,716165255635,00100000001.0000200000062.99,77403030,716165255635,1,62.99
PUR,785950000,716165255635,00100000001.0000200000062.99,78595000,716165255635,1,62.99
PUR,434307070,717519000857,00100000001.0000200000067.49,43430707,717519000857,1,67.49
PUR,487335470,717519000857,00100000002.0000200000067.49,48733547,717519000857,2,67.49
PUR,436335930,717519001045,00100000001.0000200000069.99,43633593,717519001045,1,69.99
PUR,441924300,717519001052,00100000001.0000200000069.99,44192430,717519001052,1,69.99
PUR,492000100,717519001052,00100000001.0000200000069.99,49200010,717519001052,1,69.99
PUR,559141700,717519001052,00100000001.0000200000069.99,55914170,717519001052,1,69.99
PUR,429285180,717519001076,00100000001.0000200000069.99,42928518,717519001076,1,69.99
PUR,441924300,717519001076,00100000001.0000200000069.99,44192430,717519001076,1,69.99
PUR,469680500,717519008822,00100000001.0000200000057.99,46968050,717519008822,1,57.99
PUR,474108400,717519008822,00100000001.0000200000057.99,47410840,717519008822,1,57.99
PUR,739654900,717519008822,00100000001.0000200000057.99,73965490,717519008822,1,57.99
PUR,469680500,717519011105,00100000001.0000200000057.99,46968050,717519011105,1,57.99
PUR,474108400,717519011105,00100000001.0000200000057.99,47410840,717519011105,1,57.99
PUR,739654900,717519011105,00100000001.0000200000057.99,73965490,717519011105,1,57.99
PUR,475188380,717519011112,00100000001.0000200000057.99,47518838,717519011112,1,57.99
PUR,246542900,717519011143,00100000001.0000200000057.99,24654290,717519011143,1,57.99
PUR,424317860,717519011143,00100000001.0000200000057.99,42431786,717519011143,1,57.99
PUR,441924300,717519011143,00100000001.0000200000057.99,44192430,717519011143,1,57.99
PUR,446863160,717519011143,001-0000001.0000200000057.99,44686316,717519011143,-1,57.99
PUR,424166220,717519111706,00100000001.0000200000069.99,42416622,717519111706,1,69.99
PUR,454939710,717519111706,00100000001.0000200000069.99,45493971,717519111706,1,69.99
PUR,559141700,717519111706,00100000001.0000200000069.99,55914170,717519111706,1,69.99
PUR,565306600,717519111706,00100000001.0000200000069.99,56530660,717519111706,1,69.99
PUR,774030300,717519111706,00100000001.0000200000069.99,77403030,717519111706,1,69.99
PUR,491828000,717519195225,00100000001.0000200000012.99,49182800,717519195225,1,12.99
PUR,922755600,717519195225,00100000001.0000200000012.99,92275560,717519195225,1,12.99
PUR,922755600,717519195409,00100000001.0000200000018.99,92275560,717519195409,1,18.99
PUR,246542900,719499005044,00100000001.0000200000011.99,24654290,719499005044,1,11.99
PUR,429240050,719499005044,00100000001.0000200000011.99,42924005,719499005044,1,11.99
PUR,434307070,719499005044,00100000001.0000200000011.99,43430707,719499005044,1,11.99
PUR,450830300,719499005044,00100000002.0000200000011.99,45083030,719499005044,2,11.99
PUR,474108400,719499005044,00100000001.0000200000011.99,47410840,719499005044,1,11.99
PUR,774030300,719499005044,00100000004.0000200000011.99,77403030,719499005044,4,11.99
PUR,850451290,719499005044,00100000001.0000200000011.99,85045129,719499005044,1,11.99
PUR,922755600,719499005044,00100000004.0000200000011.99,92275560,719499005044,4,11.99
PUR,450830300,719499005051,00100000001.0000200000011.99,45083030,719499005051,1,11.99
PUR,450830300,719499005280,00100000001.0000200000011.99,45083030,719499005280,1,11.99
PUR,450830300,719499005310,00100000001.0000200000011.99,45083030,719499005310,1,11.99
PUR,850451290,719499005310,00100000001.0000200000011.99,85045129,719499005310,1,11.99
PUR,739654900,719499005556,00100000001.0000200000011.99,73965490,719499005556,1,11.99
PUR,739654900,719499005587,00100000001.0000200000011.99,73965490,719499005587,1,11.99
PUR,850451290,719499005587,00100000001.0000200000011.99,85045129,719499005587,1,11.99
PUR,664187670,719499005624,00100000001.0000200000011.99,66418767,719499005624,1,11.99
PUR,459661600,719499008045,00100000002.0000200000011.99,45966160,719499008045,2,11.99
PUR,475188380,738607282948,00100000002.0000200000039.99,47518838,738607282948,2,39.99
PUR,487335470,738607282948,00100000003.0000200000039.99,48733547,738607282948,3,39.99
PUR,778677100,738607282948,00100000004.0000200000039.99,77867710,738607282948,4,39.99
PUR,436335930,738607283013,00100000002.0000200000041.99,43633593,738607283013,2,41.99
PUR,207790800,742488783104,00100000001.0000200000024.99,20779080,742488783104,1,24.99
PUR,243571750,742488783104,00100000002.0000200000024.99,24357175,742488783104,2,24.99
PUR,243571750,742488783104,00100000001.0000200000024.99,24357175,742488783104,1,24.99
PUR,429240050,742488783104,00100000001.0000200000024.99,42924005,742488783104,1,24.99
PUR,434300830,742488783104,00100000001.0000200000024.99,43430083,742488783104,1,24.99
PUR,434307070,742488783104,00100000001.0000200000024.99,43430707,742488783104,1,24.99
PUR,436335930,742488783104,00100000001.0000200000024.99,43633593,742488783104,1,24.99
PUR,437144430,742488783104,00100000001.0000200000024.99,43714443,742488783104,1,24.99
PUR,438952590,742488783104,00100000001.0000200000024.99,43895259,742488783104,1,24.99
PUR,441924300,742488783104,00100000001.0000200000024.99,44192430,742488783104,1,24.99
PUR,443714290,742488783104,00100000001.0000200000024.99,44371429,742488783104,1,24.99
PUR,450830300,742488783104,00100000005.0000200000024.99,45083030,742488783104,5,24.99
PUR,455413480,742488783104,00100000001.0000200000024.99,45541348,742488783104,1,24.99
PUR,456514530,742488783104,00100000001.0000200000024.99,45651453,742488783104,1,24.99
PUR,462581790,742488783104,00100000001.0000200000024.99,46258179,742488783104,1,24.99
PUR,474108400,742488783104,00100000002.0000200000024.99,47410840,742488783104,2,24.99
PUR,475188380,742488783104,00100000004.0000200000024.99,47518838,742488783104,4,24.99
PUR,475320060,742488783104,00100000001.0000200000024.99,47532006,742488783104,1,24.99
PUR,485551900,742488783104,00100000001.0000200000024.99,48555190,742488783104,1,24.99
PUR,487335470,742488783104,00100000002.0000200000024.99,48733547,742488783104,2,24.99
PUR,488331420,742488783104,00100000001.0000200000024.99,48833142,742488783104,1,24.99
PUR,492000100,742488783104,00100000001.0000200000024.99,49200010,742488783104,1,24.99
PUR,498871440,742488783104,00100000002.0000200000024.99,49887144,742488783104,2,24.99
PUR,512833000,742488783104,00100000001.0000200000024.99,51283300,742488783104,1,24.99
PUR,559141700,742488783104,00100000002.0000200000024.99,55914170,742488783104,2,24.99
PUR,664187670,742488783104,00100000002.0000200000024.99,66418767,742488783104,2,24.99
PUR,684819690,742488783104,00100000003.0000200000024.99,68481969,742488783104,3,24.99
PUR,719143000,742488783104,00100000004.0000200000024.99,71914300,742488783104,4,24.99
PUR,774030300,742488783104,00100000006.0000200000024.99,77403030,742488783104,6,24.99
PUR,785950000,742488783104,00100000006.0000200000024.99,78595000,742488783104,6,24.99
PUR,788782300,742488783104,00100000002.0000200000024.99,78878230,742488783104,2,24.99
PUR,880659250,742488783104,00100000004.0000200000024.99,88065925,742488783104,4,24.99
PUR,892794410,742488783104,00100000001.0000200000024.99,89279441,742488783104,1,24.99
PUR,922755600,742488783104,00100000004.0000200000024.99,92275560,742488783104,4,24.99
PUR,429240050,742488783135,00100000001.0000200000031.99,42924005,742488783135,1,31.99
PUR,455413480,742488783135,00100000001.0000200000031.99,45541348,742488783135,1,31.99
PUR,476584350,742488783135,00100000001.0000200000031.99,47658435,742488783135,1,31.99
PUR,631826140,742488783135,00100000001.0000200000031.99,63182614,742488783135,1,31.99
PUR,457460990,742978845398,00100000001.0000200000012.99,45746099,742978845398,1,12.99
PUR,847957450,742978845398,00100000001.0000200000012.99,84795745,742978845398,1,12.99
PUR,457460990,742978845480,00100000001.0000200000012.99,45746099,742978845480,1,12.99
PUR,847957450,742978845480,00100000002.0000200000012.99,84795745,742978845480,2,12.99
PUR,981434300,742978845480,00100000002.0000200000012.99,98143430,742978845480,2,12.99
PUR,833086400,742978845947,00100000001.0000200000024.99,83308640,742978845947,1,24.99
PUR,476584350,742978846173,00100000001.0000200000034.99,47658435,742978846173,1,34.99
PUR,434307070,742978846203,00100000001.0000200000039.99,43430707,742978846203,1,39.99
PUR,476584350,742978846203,00100000001.0000200000039.99,47658435,742978846203,1,39.99
PUR,785950000,742978846203,00100000001.0000200000039.99,78595000,742978846203,1,39.99
PUR,922755600,742978846203,00100000001.0000200000039.99,92275560,742978846203,1,39.99
PUR,224381000,742978846210,00100000002.0000200000034.99,22438100,742978846210,2,34.99
PUR,476584350,742978846647,00100000001.0000200000034.99,47658435,742978846647,1,34.99
PUR,493687870,742978846647,00100000001.0000200000034.99,49368787,742978846647,1,34.99
PUR,496350050,742978846647,00100000001.0000200000034.99,49635005,742978846647,1,34.99
PUR,243571750,742978846685,00100000001.0000200000039.99,24357175,742978846685,1,39.99
PUR,785950000,742978846685,00100000001.0000200000039.99,78595000,742978846685,1,39.99
PUR,922755600,742978846685,00100000002.0000200000039.99,92275560,742978846685,2,39.99
PUR,457460990,742978847026,00100000001.0000200000012.99,45746099,742978847026,1,12.99
PUR,981434300,742978847026,00100000001.0000200000012.99,98143430,742978847026,1,12.99
PUR,450830300,750122786725,00100000002.0000200000049.99,45083030,750122786725,2,49.99
PUR,487335470,750122786725,00100000001.0000200000049.99,48733547,750122786725,1,49.99
PUR,719143000,750122786725,00100000001.0000200000049.99,71914300,750122786725,1,49.99
PUR,824282750,750122786725,00100000001.0000200000049.99,82428275,750122786725,1,49.99
PUR,856794310,750122786725,00100000001.0000200000049.99,85679431,750122786725,1,49.99
PUR,207790800,751667046947,00100000001.0000200000055.99,20779080,751667046947,1,55.99
PUR,437144430,751667046947,00100000001.0000200000055.99,43714443,751667046947,1,55.99
PUR,443714290,751667046947,00100000001.0000200000055.99,44371429,751667046947,1,55.99
PUR,446863160,751667046947,00100000001.0000200000055.99,44686316,751667046947,1,55.99
PUR,455413480,751667046947,00100000001.0000200000055.99,45541348,751667046947,1,55.99
PUR,559141700,751667046947,00100000001.0000200000055.99,55914170,751667046947,1,55.99
PUR,696388200,751667046947,00100000001.0000200000055.99,69638820,751667046947,1,55.99
PUR,778677100,751667046947,00100000001.0000200000055.99,77867710,751667046947,1,55.99
PUR,778677100,751667046947,00100000001.0000200000055.99,77867710,751667046947,1,55.99
PUR,785950000,751667046947,00100000001.0000200000055.99,78595000,751667046947,1,55.99
PUR,850451290,751667046947,00100000001.0000200000055.99,85045129,751667046947,1,55.99
PUR,856794310,751667046947,00100000001.0000200000055.99,85679431,751667046947,1,55.99
PUR,897720720,751667046947,00100000001.0000200000055.99,89772072,751667046947,1,55.99
PUR,922755600,751667046947,00100000002.0000200000055.99,92275560,751667046947,2,55.99
PUR,443714290,751667067546,00100000001.0000200000055.99,44371429,751667067546,1,55.99
PUR,785950000,751667067546,00100000001.0000200000055.99,78595000,751667067546,1,55.99
PUR,850451290,751667067584,00100000002.0000200000055.99,85045129,751667067584,2,55.99
PUR,632023000,751667074223,00100000002.0000200000055.99,63202300,751667074223,2,55.99
PUR,922755600,751667074261,00100000002.0000200000055.99,92275560,751667074261,2,55.99
PUR,207790800,751667074346,00100000001.0000200000055.99,20779080,751667074346,1,55.99
PUR,252366600,751667074346,00100000001.0000200000055.99,25236660,751667074346,1,55.99
PUR,434300830,751667074346,00100000001.0000200000055.99,43430083,751667074346,1,55.99
PUR,446863160,751667074346,00100000002.0000200000055.99,44686316,751667074346,2,55.99
PUR,455413480,751667074346,00100000001.0000200000055.99,45541348,751667074346,1,55.99
PUR,696388200,751667074346,00100000001.0000200000055.99,69638820,751667074346,1,55.99
PUR,785950000,751667074346,00100000001.0000200000055.99,78595000,751667074346,1,55.99
PUR,827124430,751667074346,00100000001.0000200000055.99,82712443,751667074346,1,55.99
PUR,991198200,751667074346,00100000001.0000200000055.99,99119820,751667074346,1,55.99
PUR,294214100,751667090629,00100000001.0000200000055.99,29421410,751667090629,1,55.99
PUR,488331420,751667090629,00100000001.0000200000055.99,48833142,751667090629,1,55.99
PUR,785950000,751667090629,00100000001.0000200000055.99,78595000,751667090629,1,55.99
PUR,827124430,751667090629,00100000001.0000200000055.99,82712443,751667090629,1,55.99
PUR,492000100,751667090667,00100000001.0000200000055.99,49200010,751667090667,1,55.99
PUR,785950000,751667090667,00100000001.0000200000055.99,78595000,751667090667,1,55.99
PUR,243571750,751667126663,00100000001.0000200000049.99,24357175,751667126663,1,49.99
PUR,424317860,751667126663,00100000001.0000200000049.99,42431786,751667126663,1,49.99
PUR,429232310,751667126663,00100000002.0000200000049.99,42923231,751667126663,2,49.99
PUR,436207440,751667126663,00100000001.0000200000049.99,43620744,751667126663,1,49.99
PUR,559141700,751667126663,00100000001.0000200000049.99,55914170,751667126663,1,49.99
PUR,207790800,751667290029,00100000001.0000200000055.99,20779080,751667290029,1,55.99
PUR,460890590,751667290029,00100000001.0000200000055.99,46089059,751667290029,1,55.99
PUR,774030300,751667290029,00100000002.0000200000055.99,77403030,751667290029,2,55.99
PUR,252366600,751667313704,00100000003.0000200000055.99,25236660,751667313704,3,55.99
PUR,434307070,761073426219,00100000001.0000200000027.99,43430707,761073426219,1,27.99
PUR,445361840,761073426219,00100000001.0000200000027.99,44536184,761073426219,1,27.99
PUR,460890590,761073426219,00100000001.0000200000027.99,46089059,761073426219,1,27.99
PUR,664078500,761073426219,00100000001.0000200000027.99,66407850,761073426219,1,27.99
PUR,830301780,761073426219,00100000001.0000200000027.99,83030178,761073426219,1,27.99
PUR,889011540,761073426219,00100000001.0000200000027.99,88901154,761073426219,1,27.99
PUR,897720720,761073426219,00100000001.0000200000027.99,89772072,761073426219,1,27.99
PUR,830301780,761073426394,00100000001.0000200000027.99,83030178,761073426394,1,27.99
PUR,445361840,762446400201,00100000001.0000200000013.49,44536184,762446400201,1,13.49
PUR,854655800,762446400201,00100000001.0000200000013.49,85465580,762446400201,1,13.49
PUR,888359330,762446400201,00100000003.0000200000013.49,88835933,762446400201,3,13.49
PUR,427146780,762446404001,00100000001.0000200000016.99,42714678,762446404001,1,16.99
PUR,825752440,762446404001,00100000001.0000200000016.99,82575244,762446404001,1,16.99
PUR,854655800,762446404001,00100000002.0000200000016.99,85465580,762446404001,2,16.99
PUR,788805500,762446410200,00100000003.0000200000013.49,78880550,762446410200,3,13.49
PUR,536320400,762446414000,00100000003.0000200000016.99,53632040,762446414000,3,16.99
PUR,825752440,762446414000,00100000002.0000200000016.99,82575244,762446414000,2,16.99
PUR,854655800,762446414000,00100000004.0000200000016.99,85465580,762446414000,4,16.99
PUR,427237420,762446420209,00100000002.0000200000013.49,42723742,762446420209,2,13.49
PUR,825752440,762446420209,00100000001.0000200000013.49,82575244,762446420209,1,13.49
PUR,854655800,762446420209,00100000001.0000200000013.49,85465580,762446420209,1,13.49
PUR,427146780,762446424009,00100000001.0000200000016.99,42714678,762446424009,1,16.99
PUR,825752440,762446424009,00100000002.0000200000016.99,82575244,762446424009,2,16.99
PUR,854655800,762446424009,00100000003.0000200000016.99,85465580,762446424009,3,16.99
PUR,488331420,762446440207,00100000001.0000200000013.49,48833142,762446440207,1,13.49
PUR,774030300,762446440207,00100000002.0000200000013.49,77403030,762446440207,2,13.49
PUR,854655800,762446440207,00100000003.0000200000013.49,85465580,762446440207,3,13.49
PUR,854655800,762446444007,00100000003.0000200000016.99,85465580,762446444007,3,16.99
PUR,854655800,762446450206,00100000001.0000200000013.49,85465580,762446450206,1,13.49
PUR,854655800,762446480104,00100000001.0000200000013.49,85465580,762446480104,1,13.49
PUR,427146780,762446490257,00100000002.0000200000011.49,42714678,762446490257,2,11.49
PUR,888359330,762446490257,00100000002.0000200000011.49,88835933,762446490257,2,11.49
PUR,788805500,762446491650,00100000003.0000200000011.49,78880550,762446491650,3,11.49
PUR,854655800,762446492251,00100000001.0000200000011.49,85465580,762446492251,1,11.49
PUR,825752440,762446705009,00100000001.0000200000023.29,82575244,762446705009,1,23.29
PUR,825752440,762446710201,00100000001.0000200000023.29,82575244,762446710201,1,23.29
PUR,207790800,769577838033,00100000001.0000200000034.99,20779080,769577838033,1,34.99
PUR,424317860,769577838033,00100000002.0000200000034.99,42431786,769577838033,2,34.99
PUR,462581790,769577838033,00100000001.0000200000034.99,46258179,769577838033,1,34.99
PUR,476584350,769577838033,00100000001.0000200000034.99,47658435,769577838033,1,34.99
PUR,493687870,769577838033,00100000001.0000200000034.99,49368787,769577838033,1,34.99
PUR,693810650,769577838033,00100000001.0000200000034.99,69381065,769577838033,1,34.99
PUR,850451290,769577838033,00100000001.0000200000034.99,85045129,769577838033,1,34.99
PUR,856794310,769577838033,00100000002.0000200000034.99,85679431,769577838033,2,34.99
PUR,877090420,769577838033,00100000001.0000200000034.99,87709042,769577838033,1,34.99
PUR,981434300,769577838033,00100000001.0000200000034.99,98143430,769577838033,1,34.99
PUR,424317860,769577921018,00100000002.0000200000034.99,42431786,769577921018,2,34.99
PUR,434316420,769577921018,00100000001.0000200000034.99,43431642,769577921018,1,34.99
PUR,437144430,769577921018,00100000002.0000200000034.99,43714443,769577921018,2,34.99
PUR,462581790,769577921018,00100000001.0000200000034.99,46258179,769577921018,1,34.99
PUR,493687870,769577921018,00100000001.0000200000034.99,49368787,769577921018,1,34.99
PUR,496088830,769577921018,00100000001.0000200000034.99,49608883,769577921018,1,34.99
PUR,559141700,769577921018,00100000001.0000200000034.99,55914170,769577921018,1,34.99
PUR,739654900,769577921018,00100000001.0000200000034.99,73965490,769577921018,1,34.99
PUR,850451290,769577921018,00100000001.0000200000034.99,85045129,769577921018,1,34.99
PUR,856794310,769577921018,00100000002.0000200000034.99,85679431,769577921018,1,34.99
PUR,856794310,769577921018,00100000001.0000200000034.99,85679431,769577921018,2,34.99
PUR,877090420,769577921018,00100000001.0000200000034.99,87709042,769577921018,1,34.99
PUR,981434300,769577921018,00100000001.0000200000034.99,98143430,769577921018,1,34.99
PUR,207790800,769577921186,00100000002.0000200000034.99,20779080,769577921186,2,34.99
PUR,243571750,769577921186,00100000001.0000200000034.99,24357175,769577921186,1,34.99
PUR,424166220,769577921186,00100000002.0000200000034.99,42416622,769577921186,2,34.99
PUR,424454930,769577921186,00100000002.0000200000034.99,42445493,769577921186,2,34.99
PUR,443714290,769577921186,00100000002.0000200000034.99,44371429,769577921186,2,34.99
PUR,450830300,769577921186,00100000003.0000200000034.99,45083030,769577921186,3,34.99
PUR,468680000,769577921186,00100000003.0000200000034.99,46868000,769577921186,3,34.99
PUR,469680500,769577921186,00100000003.0000200000034.99,46968050,769577921186,3,34.99
PUR,487335470,769577921186,00100000002.0000200000034.99,48733547,769577921186,2,34.99
PUR,491828000,769577921186,00100000001.0000200000034.99,49182800,769577921186,1,34.99
PUR,492000100,769577921186,00100000003.0000200000034.99,49200010,769577921186,3,34.99
PUR,504320000,769577921186,00100000002.0000200000034.99,50432000,769577921186,2,34.99
PUR,559141700,769577921186,00100000001.0000200000034.99,55914170,769577921186,1,34.99
PUR,664268530,769577921186,00100000001.0000200000034.99,66426853,769577921186,1,34.99
PUR,684819690,769577921186,00100000002.0000200000034.99,68481969,769577921186,2,34.99
PUR,833086400,769577921186,00100000001.0000200000034.99,83308640,769577921186,1,34.99
PUR,877090420,769577921186,00100000001.0000200000034.99,87709042,769577921186,1,34.99
PUR,914505000,769577921186,00100000001.0000200000034.99,91450500,769577921186,1,34.99
PUR,987876280,769577921186,00100000001.0000200000034.99,98787628,769577921186,1,34.99
PUR,424317860,769577921193,00100000002.0000200000034.99,42431786,769577921193,2,34.99
PUR,429232310,769577921193,00100000001.0000200000034.99,42923231,769577921193,1,34.99
PUR,434316420,769577921193,00100000001.0000200000034.99,43431642,769577921193,1,34.99
PUR,462581790,769577921193,00100000001.0000200000034.99,46258179,769577921193,1,34.99
PUR,493687870,769577921193,00100000001.0000200000034.99,49368787,769577921193,1,34.99
PUR,846936950,769577921193,00100000002.0000200000034.99,84693695,769577921193,2,34.99
PUR,850451290,769577921193,00100000001.0000200000034.99,85045129,769577921193,1,34.99
PUR,468809180,769577921391,00100000001.0000200000034.99,46880918,769577921391,1,34.99
PUR,739654900,769577921391,00100000001.0000200000034.99,73965490,769577921391,1,34.99
PUR,424317860,769577921742,00100000002.0000200000034.99,42431786,769577921742,2,34.99
PUR,450830300,769577921742,00100000001.0000200000034.99,45083030,769577921742,1,34.99
PUR,476584350,769577921742,00100000001.0000200000034.99,47658435,769577921742,1,34.99
PUR,491828000,769577921742,00100000001.0000200000034.99,49182800,769577921742,1,34.99
PUR,498871440,769577921742,00100000001.0000200000034.99,49887144,769577921742,1,34.99
PUR,850451290,769577921742,00100000001.0000200000034.99,85045129,769577921742,1,34.99
PUR,856794310,769577921742,00100000001.0000200000034.99,85679431,769577921742,1,34.99
PUR,877090420,769577921742,00100000001.0000200000034.99,87709042,769577921742,1,34.99
PUR,981434300,769577921742,00100000001.0000200000034.99,98143430,769577921742,1,34.99
PUR,441924300,783495607533,00100000001.0000200000049.99,44192430,783495607533,1,49.99
PUR,424317860,783495655077,00100000004.0000200000030.99,42431786,783495655077,4,30.99
PUR,476584350,783495655077,00100000001.0000200000030.99,47658435,783495655077,1,30.99
PUR,880659250,783495655077,00100000001.0000200000030.99,88065925,783495655077,1,30.99
PUR,889011540,783495655077,00100000002.0000200000030.99,88901154,783495655077,2,30.99
PUR,243571750,784762071637,00100000001.0000200000014.99,24357175,784762071637,1,14.99
PUR,491828000,784762071682,00100000001.0000200000014.99,49182800,784762071682,1,14.99
PUR,778677100,784762071682,00100000002.0000200000014.99,77867710,784762071682,2,14.99
PUR,823142820,784762077325,00100000004.0000200000010.99,82314282,784762077325,4,10.99
PUR,823142820,784762077363,00100000004.0000200000010.99,82314282,784762077363,4,10.99
PUR,823142820,784762077417,00100000004.0000200000010.99,82314282,784762077417,4,10.99
PUR,664187670,784762078117,00100000001.0000200000010.99,66418767,784762078117,1,10.99
PUR,534485700,784762078216,00100000004.0000200000010.99,53448570,784762078216,4,10.99
PUR,246542900,784762078315,00100000001.0000200000010.99,24654290,784762078315,1,10.99
PUR,664187670,784762078315,00100000001.0000200000010.99,66418767,784762078315,1,10.99
PUR,839874690,784762078315,00100000001.0000200000010.99,83987469,784762078315,1,10.99
PUR,877090420,784762078315,00100000001.0000200000010.99,87709042,784762078315,1,10.99
PUR,922755600,784762078315,00100000003.0000200000010.99,92275560,784762078315,3,10.99
PUR,839874690,784762078414,00100000001.0000200000010.99,83987469,784762078414,1,10.99
PUR,739654900,784762078513,00100000003.0000200000010.99,73965490,784762078513,3,10.99
PUR,209101900,784762078612,00100000001.0000200000010.99,20910190,784762078612,1,10.99
PUR,429232310,784762078612,00100000001.0000200000010.99,42923231,784762078612,1,10.99
PUR,429232310,784762078612,00100000001.0000200000010.99,42923231,784762078612,1,10.99
PUR,854655800,784762078612,00100000001.0000200000010.99,85465580,784762078612,1,10.99
PUR,877090420,784762078612,00100000001.0000200000010.99,87709042,784762078612,1,10.99
PUR,664187670,784762078810,00100000001.0000200000010.99,66418767,784762078810,1,10.99
PUR,877090420,784762078810,00100000001.0000200000010.99,87709042,784762078810,1,10.99
PUR,492000100,787269093218,00100000024.0000200000001.99,49200010,787269093218,24,1.99
PUR,696388200,787269093218,00100000010.0000200000001.99,69638820,787269093218,10,1.99
PUR,429232310,796559467110,00100000003.0000200000039.99,42923231,796559467110,3,39.99
PUR,434300830,796559467110,00100000001.0000200000039.99,43430083,796559467110,1,39.99
PUR,436335930,796559467110,00100000001.0000200000039.99,43633593,796559467110,1,39.99
PUR,441924300,796559467110,00100000001.0000200000039.99,44192430,796559467110,1,39.99
PUR,446863160,796559467110,00100000001.0000200000039.99,44686316,796559467110,1,39.99
PUR,457460990,796559467110,00100000001.0000200000039.99,45746099,796559467110,1,39.99
PUR,463499420,796559467110,00100000001.0000200000039.99,46349942,796559467110,1,39.99
PUR,469462700,796559467110,00100000001.0000200000039.99,46946270,796559467110,1,39.99
PUR,474108400,796559467110,00100000001.0000200000039.99,47410840,796559467110,1,39.99
PUR,487335470,796559467110,00100000003.0000200000039.99,48733547,796559467110,3,39.99
PUR,628885550,796559467110,00100000001.0000200000039.99,62888555,796559467110,1,39.99
PUR,778677100,796559467110,00100000002.0000200000039.99,77867710,796559467110,2,39.99
PUR,841888280,796559467110,00100000002.0000200000039.99,84188828,796559467110,2,39.99
PUR,892794410,796559467110,00100000001.0000200000039.99,89279441,796559467110,1,39.99
PUR,981434300,796559467110,00100000001.0000200000039.99,98143430,796559467110,1,39.99
PUR,987876280,796559467110,00100000001.0000200000039.99,98787628,796559467110,1,39.99
PUR,427146780,799953039150,00100000001.0000200000046.99,42714678,799953039150,1,46.99
PUR,252356130,799953039327,00100000002.0000200000018.99,25235613,799953039327,2,18.99
PUR,493687870,799953039327,00100000003.0000200000018.99,49368787,799953039327,3,18.99
PUR,536320400,799953039327,00100000004.0000200000018.99,53632040,799953039327,4,18.99
PUR,830301780,799953039327,00100000001.0000200000018.99,83030178,799953039327,1,18.99
PUR,839874690,799953039327,00100000001.0000200000018.99,83987469,799953039327,1,18.99
PUR,877090420,799953039327,00100000001.0000200000018.99,87709042,799953039327,1,18.99
PUR,209101900,799953039525,00100000001.0000200000018.99,20910190,799953039525,1,18.99
PUR,877090420,799953039525,00100000001.0000200000018.99,87709042,799953039525,1,18.99
PUR,536320400,799953209300,00100000001.0000200000016.49,53632040,799953209300,1,16.49
PUR,427146780,799953210207,00100000001.0000200000016.49,42714678,799953210207,1,16.49
PUR,491828000,799953210207,00100000001.0000200000016.49,49182800,799953210207,1,16.49
PUR,536320400,799953210207,00100000001.0000200000016.49,53632040,799953210207,1,16.49
PUR,788805500,799953210207,00100000002.0000200000016.49,78880550,799953210207,2,16.49
PUR,632023000,799953221203,00100000003.0000200000016.49,63202300,799953221203,3,16.49
PUR,632023000,799953231202,00100000002.0000200000016.49,63202300,799953231202,2,16.49
PUR,536320400,799953309277,00100000002.0000200000016.99,53632040,799953309277,2,16.99
PUR,536320400,799953309376,00100000003.0000200000016.99,53632040,799953309376,3,16.99
PUR,664268530,799953309376,00100000001.0000200000016.99,66426853,799953309376,1,16.99
PUR,825752440,799953309376,00100000001.0000200000016.99,82575244,799953309376,1,16.99
PUR,888359330,799953309376,00100000002.0000200000016.99,88835933,799953309376,2,16.99
PUR,536320400,799953310273,00100000001.0000200000016.99,53632040,799953310273,1,16.99
PUR,788805500,799953310273,00100000003.0000200000016.99,78880550,799953310273,3,16.99
PUR,888359330,799953310273,00100000003.0000200000016.99,88835933,799953310273,3,16.99
PUR,536320400,799953321279,00100000001.0000200000016.99,53632040,799953321279,1,16.99
PUR,774030300,802084127860,00100000001.0000200000010.49,77403030,802084127860,1,10.49
PUR,774030300,802084128492,00100000001.0000200000018.99,77403030,802084128492,1,18.99
PUR,774030300,802084154552,00100000001.0000200000010.49,77403030,802084154552,1,10.49
PUR,866424890,802284004695,00100000001.0000200000036.69,86642489,802284004695,1,36.69
PUR,165882900,810159861489,00100000001.0000200000034.99,16588290,810159861489,1,34.99
PUR,380068720,810159861489,00100000001.0000200000034.99,38006872,810159861489,1,34.99
PUR,424454930,810159861489,00100000002.0000200000034.99,42445493,810159861489,2,34.99
PUR,475320060,810159861489,00100000001.0000200000034.99,47532006,810159861489,1,34.99
PUR,475320060,810159861489,00100000001.0000200000034.99,47532006,810159861489,1,34.99
PUR,491828000,810159861489,00100000001.0000200000034.99,49182800,810159861489,1,34.99
PUR,684819690,810159861489,00100000002.0000200000034.99,68481969,810159861489,2,34.99
PUR,833086400,810159861489,00100000004.0000200000034.99,83308640,810159861489,4,34.99
PUR,850451290,810159861489,00100000001.0000200000034.99,85045129,810159861489,1,34.99
PUR,856794310,810159861489,00100000001.0000200000034.99,85679431,810159861489,1,34.99
PUR,877090420,810159861489,00100000001.0000200000034.99,87709042,810159861489,1,34.99
PUR,878700890,810159861489,00100000001.0000200000034.99,87870089,810159861489,1,34.99
PUR,981434300,810159861489,00100000001.0000200000034.99,98143430,810159861489,1,34.99
PUR,429232310,810159861519,00100000001.0000200000024.99,42923231,810159861519,1,24.99
PUR,469680500,810159861519,00100000002.0000200000024.99,46968050,810159861519,2,24.99
PUR,493687870,810159861519,00100000001.0000200000024.99,49368787,810159861519,1,24.99
PUR,496088830,810159861519,00100000001.0000200000024.99,49608883,810159861519,1,24.99
PUR,830301780,810159861519,00100000004.0000200000024.99,83030178,810159861519,4,24.99
PUR,981434300,810159861519,00100000001.0000200000024.99,98143430,810159861519,1,24.99
PUR,889011540,810159862578,00100000001.0000200000024.99,88901154,810159862578,1,24.99
PUR,165882900,810159863230,00100000002.0000200000034.99,16588290,810159863230,2,34.99
PUR,207790800,810159863230,00100000002.0000200000034.99,20779080,810159863230,2,34.99
PUR,224381000,810159863230,00100000002.0000200000034.99,22438100,810159863230,2,34.99
PUR,233467040,810159863230,00100000001.0000200000034.99,23346704,810159863230,1,34.99
PUR,243571750,810159863230,00100000001.0000200000034.99,24357175,810159863230,1,34.99
PUR,424166220,810159863230,00100000002.0000200000034.99,42416622,810159863230,2,34.99
PUR,424454930,810159863230,00100000004.0000200000034.99,42445493,810159863230,4,34.99
PUR,427237420,810159863230,00100000001.0000200000034.99,42723742,810159863230,1,34.99
PUR,429240050,810159863230,00100000001.0000200000034.99,42924005,810159863230,1,34.99
PUR,436207440,810159863230,00100000001.0000200000034.99,43620744,810159863230,1,34.99
PUR,437144430,810159863230,00100000001.0000200000034.99,43714443,810159863230,1,34.99
PUR,437754050,810159863230,00100000001.0000200000034.99,43775405,810159863230,1,34.99
PUR,443714290,810159863230,00100000001.0000200000034.99,44371429,810159863230,1,34.99
PUR,446863160,810159863230,00100000003.0000200000034.99,44686316,810159863230,3,34.99
PUR,450830300,810159863230,00100000003.0000200000034.99,45083030,810159863230,3,34.99
PUR,468680000,810159863230,00100000002.0000200000034.99,46868000,810159863230,2,34.99
PUR,469680500,810159863230,00100000001.0000200000034.99,46968050,810159863230,1,34.99
PUR,474108400,810159863230,00100000004.0000200000034.99,47410840,810159863230,4,34.99
PUR,479272280,810159863230,00100000002.0000200000034.99,47927228,810159863230,2,34.99
PUR,485551900,810159863230,00100000001.0000200000034.99,48555190,810159863230,1,34.99
PUR,559141700,810159863230,00100000002.0000200000034.99,55914170,810159863230,2,34.99
PUR,631826140,810159863230,00100000002.0000200000034.99,63182614,810159863230,2,34.99
PUR,694228790,810159863230,00100000001.0000200000034.99,69422879,810159863230,1,34.99
PUR,739654900,810159863230,00100000001.0000200000034.99,73965490,810159863230,1,34.99
PUR,774030300,810159863230,00100000010.0000200000034.99,77403030,810159863230,10,34.99
PUR,785950000,810159863230,00100000004.0000200000034.99,78595000,810159863230,4,34.99
PUR,830301780,810159863230,00100000002.0000200000034.99,83030178,810159863230,2,34.99
PUR,841888280,810159863230,00100000007.0000200000034.99,84188828,810159863230,7,34.99
PUR,847957450,810159863230,00100000002.0000200000034.99,84795745,810159863230,2,34.99
PUR,847957450,810159863230,00100000002.0000200000034.99,84795745,810159863230,2,34.99
PUR,877090420,810159863230,00100000001.0000200000034.99,87709042,810159863230,1,34.99
PUR,878700890,810159863230,00100000003.0000200000034.99,87870089,810159863230,3,34.99
PUR,892794410,810159863230,00100000001.0000200000034.99,89279441,810159863230,1,34.99
PUR,207790800,810159863452,00100000004.0000200000034.99,20779080,810159863452,4,34.99
PUR,233467040,810159863452,00100000001.0000200000034.99,23346704,810159863452,1,34.99
PUR,243571750,810159863452,00100000001.0000200000034.99,24357175,810159863452,1,34.99
PUR,299810400,810159863452,00100000010.0000200000034.99,29981040,810159863452,10,34.99
PUR,424166220,810159863452,00100000002.0000200000034.99,42416622,810159863452,2,34.99
PUR,424317860,810159863452,00100000002.0000200000034.99,42431786,810159863452,2,34.99
PUR,424454930,810159863452,00100000004.0000200000034.99,42445493,810159863452,4,34.99
PUR,427237420,810159863452,00100000001.0000200000034.99,42723742,810159863452,1,34.99
PUR,429232310,810159863452,00100000001.0000200000034.99,42923231,810159863452,1,34.99
PUR,437754050,810159863452,00100000001.0000200000034.99,43775405,810159863452,1,34.99
PUR,446863160,810159863452,00100000002.0000200000034.99,44686316,810159863452,2,34.99
PUR,450830300,810159863452,00100000003.0000200000034.99,45083030,810159863452,3,34.99
PUR,456503270,810159863452,00100000002.0000200000034.99,45650327,810159863452,2,34.99
PUR,474108400,810159863452,00100000002.0000200000034.99,47410840,810159863452,2,34.99
PUR,475317140,810159863452,00100000003.0000200000034.99,47531714,810159863452,3,34.99
PUR,475320060,810159863452,00100000001.0000200000034.99,47532006,810159863452,1,34.99
PUR,476584350,810159863452,00100000002.0000200000034.99,47658435,810159863452,2,34.99
PUR,479272280,810159863452,00100000002.0000200000034.99,47927228,810159863452,2,34.99
PUR,485551900,810159863452,00100000001.0000200000034.99,48555190,810159863452,1,34.99
PUR,488331420,810159863452,00100000002.0000200000034.99,48833142,810159863452,2,34.99
PUR,491828000,810159863452,00100000001.0000200000034.99,49182800,810159863452,1,34.99
PUR,492000100,810159863452,00100000001.0000200000034.99,49200010,810159863452,1,34.99
PUR,559141700,810159863452,00100000001.0000200000034.99,55914170,810159863452,1,34.99
PUR,631826140,810159863452,00100000001.0000200000034.99,63182614,810159863452,1,34.99
PUR,684819690,810159863452,00100000001.0000200000034.99,68481969,810159863452,1,34.99
PUR,693810650,810159863452,00100000002.0000200000034.99,69381065,810159863452,2,34.99
PUR,719143000,810159863452,00100000002.0000200000034.99,71914300,810159863452,2,34.99
PUR,785950000,810159863452,00100000006.0000200000034.99,78595000,810159863452,6,34.99
PUR,830301780,810159863452,00100000001.0000200000034.99,83030178,810159863452,1,34.99
PUR,833086400,810159863452,00100000001.0000200000034.99,83308640,810159863452,1,34.99
PUR,841888280,810159863452,00100000009.0000200000034.99,84188828,810159863452,9,34.99
PUR,850451290,810159863452,00100000001.0000200000034.99,85045129,810159863452,1,34.99
PUR,856794310,810159863452,00100000001.0000200000034.99,85679431,810159863452,1,34.99
PUR,877090420,810159863452,00100000001.0000200000034.99,87709042,810159863452,1,34.99
PUR,878700890,810159863452,00100000003.0000200000034.99,87870089,810159863452,3,34.99
PUR,914505000,810159863452,00100000001.0000200000034.99,91450500,810159863452,1,34.99
PUR,475320060,810179220075,00100000001.0000200000013.49,47532006,810179220075,1,13.49
PUR,475320060,810179220082,00100000001.0000200000013.49,47532006,810179220082,1,13.49
PUR,475320060,810179220082,00100000001.0000200000013.49,47532006,810179220082,1,13.49
PUR,475320060,810179220099,00100000001.0000200000013.49,47532006,810179220099,1,13.49
PUR,475320060,810179220105,00100000001.0000200000013.49,47532006,810179220105,1,13.49
PUR,475320060,810179220105,00100000001.0000200000013.49,47532006,810179220105,1,13.49
PUR,693810650,810179220105,00100000001.0000200000013.49,69381065,810179220105,1,13.49
PUR,475320060,810179220112,00100000001.0000200000013.49,47532006,810179220112,1,13.49
PUR,475320060,810179220112,00100000001.0000200000013.49,47532006,810179220112,1,13.49
PUR,693810650,810179220112,00100000001.0000200000013.49,69381065,810179220112,1,13.49
PUR,475320060,810179220129,00100000001.0000200000013.49,47532006,810179220129,1,13.49
PUR,693810650,810179220129,00100000001.0000200000013.49,69381065,810179220129,1,13.49
PUR,475320060,810179220136,00100000001.0000200000013.49,47532006,810179220136,1,13.49
PUR,475320060,810179220136,00100000001.0000200000013.49,47532006,810179220136,1,13.49
PUR,693810650,810179220136,00100000001.0000200000013.49,69381065,810179220136,1,13.49
PUR,922755600,812319018948,00100000004.0000200000010.99,92275560,812319018948,4,10.99
PUR,474108400,812615006717,00100000003.0000200000011.99,47410840,812615006717,3,11.99
PUR,664268530,812615006717,00100000001.0000200000011.99,66426853,812615006717,1,11.99
PUR,846936950,812615006717,00100000002.0000200000011.99,84693695,812615006717,2,11.99
PUR,460890590,812615006755,00100000001.0000200000011.99,46089059,812615006755,1,11.99
PUR,788782300,814057001015,00100000004.0000200000042.79,78878230,814057001015,4,42.79
PUR,877090420,814057001015,00100000001.0000200000042.79,87709042,814057001015,1,42.79
PUR,877090420,814057001213,00100000001.0000200000042.79,87709042,814057001213,1,42.79
PUR,877090420,814057002111,00100000001.0000200000042.79,87709042,814057002111,1,42.79
PUR,728118800,814057002517,00100000005.0000200000042.79,72811880,814057002517,5,42.79
PUR,788782300,814057002517,00100000003.0000200000042.79,78878230,814057002517,3,42.79
PUR,856794310,814057002517,00100000002.0000200000042.79,85679431,814057002517,2,42.79
PUR,877090420,814057002517,00100000002.0000200000042.79,87709042,814057002517,2,42.79
PUR,728118800,814057400719,00100000001.0000200000042.79,72811880,814057400719,1,42.79
PUR,788782300,814057400719,00100000004.0000200000042.79,78878230,814057400719,4,42.79
PUR,877090420,814057400719,00100000002.0000200000042.79,87709042,814057400719,2,42.79
PUR,429240050,817127020800,00100000001.0000200000010.69,42924005,817127020800,1,10.69
PUR,243571750,817127021531,00100000001.0000200000010.69,24357175,817127021531,1,10.69
PUR,429240050,817127021531,00100000002.0000200000010.69,42924005,817127021531,2,10.69
PUR,476584350,817127026307,00100000001.0000200000010.69,47658435,817127026307,1,10.69
PUR,981434300,817127028011,00100000002.0000200000027.99,98143430,817127028011,2,27.99
PUR,428478790,817127028035,00100000003.0000200000027.99,42847879,817127028035,3,27.99
PUR,434316420,817127028035,00100000001.0000200000027.99,43431642,817127028035,1,27.99
PUR,498871440,817127028202,00100000002.0000200000012.99,49887144,817127028202,2,12.99
PUR,821573340,817127028219,00100000001.0000200000012.99,82157334,817127028219,1,12.99
PUR,498871440,817127028257,00100000003.0000200000012.99,49887144,817127028257,3,12.99
PUR,821573340,817127028264,00100000001.0000200000012.99,82157334,817127028264,1,12.99
PUR,434316420,817127028387,00100000001.0000200000027.99,43431642,817127028387,1,27.99
PUR,475317140,817127028394,00100000001.0000200000027.99,47531714,817127028394,1,27.99
PUR,252356130,817127029544,00100000003.0000200000010.69,25235613,817127029544,3,10.69
PUR,450830300,817127029544,00100000002.0000200000010.69,45083030,817127029544,2,10.69
PUR,476584350,817127029544,00100000001.0000200000010.69,47658435,817127029544,1,10.69
PUR,821573340,817127029544,00100000001.0000200000010.69,82157334,817127029544,1,10.69
PUR,830301780,817127029544,00100000001.0000200000010.69,83030178,817127029544,1,10.69
PUR,474108400,817458027080,00100000001.0000200000012.99,47410840,817458027080,1,12.99
PUR,785950000,817458027080,00100000001.0000200000012.99,78595000,817458027080,1,12.99
PUR,839874690,817458027080,00100000001.0000200000012.99,83987469,817458027080,1,12.99
PUR,785950000,817458027097,00100000001.0000200000012.99,78595000,817458027097,1,12.99
PUR,785950000,817458027103,00100000001.0000200000012.99,78595000,817458027103,1,12.99
PUR,839874690,817458027318,00100000001.0000200000012.99,83987469,817458027318,1,12.99
PUR,230950950,818892010966,00100000001.0000200000010.99,23095095,818892010966,1,10.99
PUR,436335930,818892010966,00100000002.0000200000010.99,43633593,818892010966,2,10.99
PUR,475317140,818892010966,00100000004.0000200000010.99,47531714,818892010966,4,10.99
PUR,559141700,818892010966,00100000001.0000200000010.99,55914170,818892010966,1,10.99
PUR,474108400,818892014636,00100000001.0000200000011.99,47410840,818892014636,1,11.99
PUR,830301780,819466011389,00100000001.0000200000011.99,83030178,819466011389,1,11.99
PUR,830301780,819466011396,00100000001.0000200000011.99,83030178,819466011396,1,11.99
PUR,693810650,819466011440,00100000001.0000200000011.99,69381065,819466011440,1,11.99
PUR,830301780,819466011440,00100000001.0000200000011.99,83030178,819466011440,1,11.99
PUR,830301780,819466011464,00100000001.0000200000011.99,83030178,819466011464,1,11.99
PUR,830301780,819466011471,00100000001.0000200000011.99,83030178,819466011471,1,11.99
PUR,252366600,819721010355,00100000001.0000200000023.49,25236660,819721010355,1,23.49
PUR,485551900,819721010379,00100000001.0000200000023.49,48555190,819721010379,1,23.49
PUR,493687870,819721010379,00100000001.0000200000023.49,49368787,819721010379,1,23.49
PUR,456514530,819721010409,00100000001.0000200000023.49,45651453,819721010409,1,23.49
PUR,504320000,819721010409,00100000001.0000200000023.49,50432000,819721010409,1,23.49
PUR,684500330,819721010409,00100000001.0000200000023.49,68450033,819721010409,1,23.49
PUR,739654900,819721010409,00100000002.0000200000023.49,73965490,819721010409,2,23.49
PUR,778677100,819721010409,00100000003.0000200000023.49,77867710,819721010409,3,23.49
PUR,469680500,819721011932,00100000001.0000200000019.99,46968050,819721011932,1,19.99
PUR,664078500,819721011932,00100000001.0000200000019.99,66407850,819721011932,1,19.99
PUR,664268530,819721011932,00100000001.0000200000019.99,66426853,819721011932,1,19.99
PUR,778677100,819721011932,00100000001.0000200000019.99,77867710,819721011932,1,19.99
PUR,839874690,819721011932,00100000001.0000200000019.99,83987469,819721011932,1,19.99
PUR,897720720,819721011932,00100000002.0000200000019.99,89772072,819721011932,2,19.99
PUR,914505000,819721011932,00100000002.0000200000019.99,91450500,819721011932,2,19.99
PUR,224381000,819721011994,00100000001.0000200000019.99,22438100,819721011994,1,19.99
PUR,664268530,819721011994,00100000003.0000200000019.99,66426853,819721011994,3,19.99
PUR,434307070,819721012052,00100000001.0000200000023.49,43430707,819721012052,1,23.49
PUR,694228790,819721012052,00100000001.0000200000023.49,69422879,819721012052,1,23.49
PUR,207790800,819721012366,00100000001.0000200000022.99,20779080,819721012366,1,22.99
PUR,230950950,819721012366,00100000001.0000200000022.99,23095095,819721012366,1,22.99
PUR,240457700,819721012366,00100000001.0000200000022.99,24045770,819721012366,1,22.99
PUR,424317860,819721012366,00100000004.0000200000022.99,42431786,819721012366,4,22.99
PUR,424993110,819721012366,00100000003.0000200000022.99,42499311,819721012366,3,22.99
PUR,427237420,819721012366,00100000001.0000200000022.99,42723742,819721012366,1,22.99
PUR,429232310,819721012366,00100000002.0000200000022.99,42923231,819721012366,2,22.99
PUR,436335930,819721012366,00100000001.0000200000022.99,43633593,819721012366,1,22.99
PUR,437144430,819721012366,00100000004.0000200000022.99,43714443,819721012366,4,22.99
PUR,437754050,819721012366,00100000004.0000200000022.99,43775405,819721012366,4,22.99
PUR,450830300,819721012366,00100000005.0000200000022.99,45083030,819721012366,5,22.99
PUR,454939710,819721012366,00100000002.0000200000022.99,45493971,819721012366,2,22.99
PUR,456514530,819721012366,00100000001.0000200000022.99,45651453,819721012366,1,22.99
PUR,462581790,819721012366,00100000001.0000200000022.99,46258179,819721012366,1,22.99
PUR,474108400,819721012366,00100000004.0000200000022.99,47410840,819721012366,4,22.99
PUR,475188380,819721012366,00100000002.0000200000022.99,47518838,819721012366,2,22.99
PUR,475317140,819721012366,00100000002.0000200000022.99,47531714,819721012366,2,22.99
PUR,475320060,819721012366,00100000001.0000200000022.99,47532006,819721012366,1,22.99
PUR,476584350,819721012366,00100000001.0000200000022.99,47658435,819721012366,1,22.99
PUR,493687870,819721012366,00100000002.0000200000022.99,49368787,819721012366,2,22.99
PUR,559141700,819721012366,00100000001.0000200000022.99,55914170,819721012366,1,22.99
PUR,664078500,819721012366,00100000001.0000200000022.99,66407850,819721012366,1,22.99
PUR,684819690,819721012366,00100000001.0000200000022.99,68481969,819721012366,1,22.99
PUR,728118800,819721012366,00100000001.0000200000022.99,72811880,819721012366,1,22.99
PUR,785950000,819721012366,00100000003.0000200000022.99,78595000,819721012366,3,22.99
PUR,821573340,819721012366,00100000001.0000200000022.99,82157334,819721012366,1,22.99
PUR,830301780,819721012366,00100000001.0000200000022.99,83030178,819721012366,1,22.99
PUR,839874690,819721012366,00100000001.0000200000022.99,83987469,819721012366,1,22.99
PUR,897720720,819721012366,00100000002.0000200000022.99,89772072,819721012366,2,22.99
PUR,922755600,819721012366,00100000001.0000200000022.99,92275560,819721012366,1,22.99
PUR,230950950,819721012397,00100000001.0000200000022.99,23095095,819721012397,1,22.99
PUR,436335930,819721012397,00100000001.0000200000022.99,43633593,819721012397,1,22.99
PUR,444724370,819721012397,00100000001.0000200000022.99,44472437,819721012397,1,22.99
PUR,778677100,819721012397,00100000001.0000200000022.99,77867710,819721012397,1,22.99
PUR,785950000,819721012397,00100000002.0000200000022.99,78595000,819721012397,2,22.99
PUR,830301780,819721012397,00100000001.0000200000022.99,83030178,819721012397,1,22.99
PUR,922755600,819721012397,00100000001.0000200000022.99,92275560,819721012397,1,22.99
PUR,230950950,819721012427,00100000001.0000200000022.99,23095095,819721012427,1,22.99
PUR,233467040,819721012427,00100000001.0000200000022.99,23346704,819721012427,1,22.99
PUR,240457700,819721012427,00100000001.0000200000022.99,24045770,819721012427,1,22.99
PUR,424317860,819721012427,00100000002.0000200000022.99,42431786,819721012427,2,22.99
PUR,424993110,819721012427,00100000001.0000200000022.99,42499311,819721012427,1,22.99
PUR,429232310,819721012427,00100000004.0000200000022.99,42923231,819721012427,4,22.99
PUR,434307070,819721012427,00100000001.0000200000022.99,43430707,819721012427,1,22.99
PUR,437144430,819721012427,00100000003.0000200000022.99,43714443,819721012427,3,22.99
PUR,437754050,819721012427,00100000002.0000200000022.99,43775405,819721012427,2,22.99
PUR,450830300,819721012427,00100000003.0000200000022.99,45083030,819721012427,3,22.99
PUR,454939710,819721012427,00100000001.0000200000022.99,45493971,819721012427,1,22.99
PUR,462581790,819721012427,00100000001.0000200000022.99,46258179,819721012427,1,22.99
PUR,475188380,819721012427,00100000001.0000200000022.99,47518838,819721012427,1,22.99
PUR,475320060,819721012427,00100000002.0000200000022.99,47532006,819721012427,2,22.99
PUR,496350050,819721012427,00100000001.0000200000022.99,49635005,819721012427,1,22.99
PUR,498802770,819721012427,00100000001.0000200000022.99,49880277,819721012427,1,22.99
PUR,504320000,819721012427,00100000003.0000200000022.99,50432000,819721012427,3,22.99
PUR,512833000,819721012427,00100000001.0000200000022.99,51283300,819721012427,1,22.99
PUR,559141700,819721012427,00100000001.0000200000022.99,55914170,819721012427,1,22.99
PUR,684500330,819721012427,00100000004.0000200000022.99,68450033,819721012427,4,22.99
PUR,693810650,819721012427,00100000001.0000200000022.99,69381065,819721012427,1,22.99
PUR,739654900,819721012427,00100000002.0000200000022.99,73965490,819721012427,2,22.99
PUR,774030300,819721012427,00100000001.0000200000022.99,77403030,819721012427,1,22.99
PUR,778677100,819721012427,00100000003.0000200000022.99,77867710,819721012427,3,22.99
PUR,785950000,819721012427,00100000002.0000200000022.99,78595000,819721012427,2,22.99
PUR,830301780,819721012427,00100000001.0000200000022.99,83030178,819721012427,1,22.99
PUR,830301780,819721012458,00100000001.0000200000022.99,83030178,819721012458,1,22.99
PUR,487335470,840045200702,00100000001.0000200000020.49,48733547,840045200702,1,20.49
PUR,252622600,840045200733,00100000002.0000200000020.49,25262260,840045200733,2,20.49
PUR,620945150,840045200733,00100000001.0000200000020.49,62094515,840045200733,1,20.49
PUR,825752440,840045200733,00100000001.0000200000020.49,82575244,840045200733,1,20.49
PUR,427146780,840045200764,00100000001.0000200000020.49,42714678,840045200764,1,20.49
PUR,445361840,840045200764,00100000001.0000200000020.49,44536184,840045200764,1,20.49
PUR,620945150,840045200764,00100000004.0000200000020.49,62094515,840045200764,4,20.49
PUR,620945160,840045200764,00100000001.0000200000020.49,62094516,840045200764,1,20.49
PUR,825752440,840045200764,00100000001.0000200000020.49,82575244,840045200764,1,20.49
PUR,854655800,840045200764,00100000001.0000200000020.49,85465580,840045200764,1,20.49
PUR,997305200,840045200764,00100000001.0000200000020.49,99730520,840045200764,1,20.49
PUR,445361840,840045200887,00100000001.0000200000020.49,44536184,840045200887,1,20.49
PUR,487335470,840045200887,00100000001.0000200000020.49,48733547,840045200887,1,20.49
PUR,854655800,840045200887,00100000002.0000200000020.49,85465580,840045200887,2,20.49
PUR,889011540,840045200887,00100000002.0000200000020.49,88901154,840045200887,2,20.49
PUR,487335470,840045201129,00100000001.0000200000020.49,48733547,840045201129,1,20.49
PUR,534485700,840045201129,00100000002.0000200000020.49,53448570,840045201129,2,20.49
PUR,825752440,840045201129,00100000001.0000200000020.49,82575244,840045201129,1,20.49
PUR,252622600,840045201303,00100000002.0000200000020.49,25262260,840045201303,2,20.49
PUR,445361840,840045201303,00100000001.0000200000020.49,44536184,840045201303,1,20.49
PUR,632023000,840045201303,00100000002.0000200000020.49,63202300,840045201303,2,20.49
PUR,825752440,840045201303,00100000002.0000200000020.49,82575244,840045201303,2,20.49
PUR,825752440,840158608273,00100000002.0000200000020.49,82575244,840158608273,2,20.49
PUR,825752440,840158608396,00100000002.0000200000020.49,82575244,840158608396,2,20.49
PUR,491828000,840158608457,00100000001.0000200000020.49,49182800,840158608457,1,20.49
PUR,825752440,840158608631,00100000002.0000200000020.49,82575244,840158608631,2,20.49
PUR,491828000,840158609782,00100000001.0000200000020.49,49182800,840158609782,1,20.49
PUR,632023000,840158609782,00100000001.0000200000019.99,63202300,840158609782,1,19.99
PUR,823142820,840158609782,00100000018.0000200000019.99,82314282,840158609782,18,19.99
PUR,491828000,840158609812,00100000001.0000200000020.49,49182800,840158609812,1,20.49
PUR,210569400,840158612447,00100000001.0000200000009.99,21056940,840158612447,1,9.99
PUR,620945160,840170618014,00100000001.0000200000021.49,62094516,840170618014,1,21.49
PUR,888359330,840170618106,00100000004.0000200000021.49,88835933,840170618106,4,21.49
PUR,488331420,840170618137,00100000001.0000200000021.49,48833142,840170618137,1,21.49
PUR,888359330,840170618137,00100000001.0000200000021.49,88835933,840170618137,1,21.49
PUR,889011540,840170618137,00100000001.0000200000021.49,88901154,840170618137,1,21.49
PUR,825752440,840170618168,00100000001.0000200000021.49,82575244,840170618168,1,21.49
PUR,888359330,840170618168,00100000002.0000200000021.49,88835933,840170618168,2,21.49
PUR,889011540,840170618168,00100000001.0000200000021.49,88901154,840170618168,1,21.49
PUR,252622600,840170618199,00100000001.0000200000021.49,25262260,840170618199,1,21.49
PUR,488331420,840170618199,00100000001.0000200000021.49,48833142,840170618199,1,21.49
PUR,488331420,840170618250,00100000001.0000200000021.49,48833142,840170618250,1,21.49
PUR,620945160,840170618250,00100000001.0000200000021.49,62094516,840170618250,1,21.49
PUR,252622600,840170618281,00100000001.0000200000021.49,25262260,840170618281,1,21.49
PUR,438952590,840170618434,00100000001.0000200000021.49,43895259,840170618434,1,21.49
PUR,438952590,840170618434,00100000001.0000200000021.49,43895259,840170618434,1,21.49
PUR,664078500,840170618434,00100000001.0000200000021.49,66407850,840170618434,1,21.49
PUR,664078500,840170618465,00100000001.0000200000021.49,66407850,840170618465,1,21.49
PUR,252622600,840170618496,00100000001.0000200000021.49,25262260,840170618496,1,21.49
PUR,485551900,840439106016,00100000002.0000200000012.99,48555190,840439106016,2,12.99
PUR,850451290,840439106016,00100000001.0000200000012.99,85045129,840439106016,1,12.99
PUR,850451290,840439106047,00100000001.0000200000012.99,85045129,840439106047,1,12.99
PUR,850451290,840439106108,00100000001.0000200000012.99,85045129,840439106108,1,12.99
PUR,850451290,840439106542,00100000001.0000200000012.99,85045129,840439106542,1,12.99
PUR,474108400,842426155281,00100000001.0000200000032.99,47410840,842426155281,1,32.99
PUR,498871440,842426155403,00100000001.0000200000018.99,49887144,842426155403,1,18.99
PUR,485551900,842426164078,00100000003.0000200000011.99,48555190,842426164078,3,11.99
PUR,492000100,842426164078,00100000001.0000200000011.99,49200010,842426164078,1,11.99
PUR,496350050,842426164078,00100000001.0000200000011.99,49635005,842426164078,1,11.99
PUR,739654900,842426164078,00100000005.0000200000011.99,73965490,842426164078,5,11.99
PUR,492000100,842426165150,00100000001.0000200000011.99,49200010,842426165150,1,11.99
PUR,830301780,842426165181,00100000001.0000200000011.99,83030178,842426165181,1,11.99
PUR,393683900,842426165211,00100000001.0000200000011.99,39368390,842426165211,1,11.99
PUR,450830300,842426165211,00100000001.0000200000011.99,45083030,842426165211,1,11.99
PUR,496350050,842426165211,00100000001.0000200000011.99,49635005,842426165211,1,11.99
PUR,504320000,842426165211,00100000001.0000200000011.99,50432000,842426165211,1,11.99
PUR,744067040,842426165211,00100000001.0000200000011.99,74406704,842426165211,1,11.99
PUR,209101900,842426165242,00100000001.0000200000011.99,20910190,842426165242,1,11.99
PUR,428474000,842426165242,00100000001.0000200000011.99,42847400,842426165242,1,11.99
PUR,436207440,842426165242,00100000001.0000200000011.99,43620744,842426165242,1,11.99
PUR,476584350,842426165242,00100000001.0000200000011.99,47658435,842426165242,1,11.99
PUR,559141700,842426165242,00100000001.0000200000011.99,55914170,842426165242,1,11.99
PUR,854655800,842426165242,00100000001.0000200000011.99,85465580,842426165242,1,11.99
PUR,240457700,842426165273,00100000001.0000200000011.99,24045770,842426165273,1,11.99
PUR,393683900,842426165273,00100000001.0000200000011.99,39368390,842426165273,1,11.99
PUR,434300830,842426165273,00100000001.0000200000011.99,43430083,842426165273,1,11.99
PUR,436207440,842426165273,00100000001.0000200000011.99,43620744,842426165273,1,11.99
PUR,446863160,842426165273,00100000002.0000200000011.99,44686316,842426165273,2,11.99
PUR,450830300,842426165273,00100000001.0000200000011.99,45083030,842426165273,1,11.99
PUR,459661600,842426165273,00100000001.0000200000011.99,45966160,842426165273,1,11.99
PUR,460890590,842426165273,00100000001.0000200000011.99,46089059,842426165273,1,11.99
PUR,475317140,842426165273,00100000002.0000200000011.99,47531714,842426165273,2,11.99
PUR,475320060,842426165273,00100000001.0000200000011.99,47532006,842426165273,1,11.99
PUR,476584350,842426165273,00100000001.0000200000011.99,47658435,842426165273,1,11.99
PUR,491828000,842426165273,00100000003.0000200000011.99,49182800,842426165273,3,11.99
PUR,496350050,842426165273,00100000001.0000200000011.99,49635005,842426165273,1,11.99
PUR,684500330,842426165273,00100000001.0000200000011.99,68450033,842426165273,1,11.99
PUR,778677100,842426165273,00100000003.0000200000011.99,77867710,842426165273,3,11.99
PUR,877090420,842426165273,00100000001.0000200000011.99,87709042,842426165273,1,11.99
PUR,429232310,842426165303,00100000006.0000200000011.99,42923231,842426165303,6,11.99
PUR,476584350,842426165303,00100000001.0000200000011.99,47658435,842426165303,1,11.99
PUR,424993110,842426165334,00100000002.0000200000011.99,42499311,842426165334,2,11.99
PUR,429240050,842426165334,00100000001.0000200000011.99,42924005,842426165334,1,11.99
PUR,434300830,842426165334,00100000001.0000200000011.99,43430083,842426165334,1,11.99
PUR,446863160,842426165334,00100000001.0000200000011.99,44686316,842426165334,1,11.99
PUR,450830300,842426165334,00100000001.0000200000011.99,45083030,842426165334,1,11.99
PUR,465496500,842426165334,00100000001.0000200000011.99,46549650,842426165334,1,11.99
PUR,475317140,842426165334,00100000001.0000200000011.99,47531714,842426165334,1,11.99
PUR,476584350,842426165334,00100000001.0000200000011.99,47658435,842426165334,1,11.99
PUR,496350050,842426165334,00100000001.0000200000011.99,49635005,842426165334,1,11.99
PUR,684500330,842426165334,00100000001.0000200000011.99,68450033,842426165334,1,11.99
PUR,877090420,842426165334,00100000001.0000200000011.99,87709042,842426165334,1,11.99
PUR,981554900,842426165334,00100000001.0000200000011.99,98155490,842426165334,1,11.99
PUR,427146780,842426165365,00100000001.0000200000011.99,42714678,842426165365,1,11.99
PUR,476584350,842426165365,00100000001.0000200000011.99,47658435,842426165365,1,11.99
PUR,429240050,842426165396,00100000001.0000200000011.99,42924005,842426165396,1,11.99
PUR,450830300,842426165396,00100000001.0000200000011.99,45083030,842426165396,1,11.99
PUR,460890590,842426165396,00100000001.0000200000011.99,46089059,842426165396,1,11.99
PUR,475188380,842426165396,00100000001.0000200000011.99,47518838,842426165396,1,11.99
PUR,476584350,842426165396,00100000001.0000200000011.99,47658435,842426165396,1,11.99
PUR,487335470,842426165396,00100000001.0000200000011.99,48733547,842426165396,1,11.99
PUR,488331420,842426165396,00100000001.0000200000011.99,48833142,842426165396,1,11.99
PUR,559141700,842426165396,00100000001.0000200000011.99,55914170,842426165396,1,11.99
PUR,728118800,842426165396,00100000001.0000200000011.99,72811880,842426165396,1,11.99
PUR,877090420,842426165396,00100000001.0000200000011.99,87709042,842426165396,1,11.99
PUR,437144430,842426165426,00100000001.0000200000011.99,43714443,842426165426,1,11.99
PUR,460890590,842426165426,00100000001.0000200000011.99,46089059,842426165426,1,11.99
PUR,877090420,842426165426,00100000001.0000200000011.99,87709042,842426165426,1,11.99
PUR,424993110,842426165457,00100000001.0000200000011.99,42499311,842426165457,1,11.99
PUR,474108400,842426165457,00100000001.0000200000011.99,47410840,842426165457,1,11.99
PUR,856794310,842426165457,00100000002.0000200000011.99,85679431,842426165457,2,11.99
PUR,429240050,842426165488,00100000001.0000200000011.99,42924005,842426165488,1,11.99
PUR,434300830,842426165488,00100000001.0000200000011.99,43430083,842426165488,1,11.99
PUR,436207440,842426165488,00100000001.0000200000011.99,43620744,842426165488,1,11.99
PUR,437144430,842426165488,00100000001.0000200000011.99,43714443,842426165488,2,11.99
PUR,437144430,842426165488,00100000002.0000200000011.99,43714443,842426165488,1,11.99
PUR,450830300,842426165488,00100000001.0000200000011.99,45083030,842426165488,1,11.99
PUR,459661600,842426165488,00100000001.0000200000011.99,45966160,842426165488,1,11.99
PUR,460890590,842426165488,00100000001.0000200000011.99,46089059,842426165488,1,11.99
PUR,475188380,842426165488,00100000001.0000200000011.99,47518838,842426165488,1,11.99
PUR,536320400,842426165488,00100000002.0000200000011.99,53632040,842426165488,2,11.99
PUR,684500330,842426165488,00100000001.0000200000011.99,68450033,842426165488,1,11.99
PUR,830301780,842426165488,00100000001.0000200000011.99,83030178,842426165488,1,11.99
PUR,877090420,842426165488,00100000001.0000200000011.99,87709042,842426165488,1,11.99
PUR,914505000,842426165488,00100000002.0000200000011.99,91450500,842426165488,1,11.99
PUR,914505000,842426165488,00100000001.0000200000011.99,91450500,842426165488,2,11.99
PUR,467022200,842426165518,00100000001.0000200000011.99,46702220,842426165518,1,11.99
PUR,474108400,842426165518,00100000002.0000200000011.99,47410840,842426165518,2,11.99
PUR,476584350,842426165518,00100000001.0000200000011.99,47658435,842426165518,1,11.99
PUR,821573340,842426165518,00100000001.0000200000011.99,82157334,842426165518,1,11.99
PUR,830301780,842426165518,00100000001.0000200000011.99,83030178,842426165518,1,11.99
PUR,839874690,842426165518,00100000001.0000200000011.99,83987469,842426165518,1,11.99
PUR,475320060,842426165549,00100000001.0000200000011.99,47532006,842426165549,1,11.99
PUR,474108400,842426165570,00100000001.0000200000011.99,47410840,842426165570,1,11.99
PUR,476584350,842426165570,00100000001.0000200000011.99,47658435,842426165570,1,11.99
PUR,778677100,842426166836,00100000001.0000200000013.49,77867710,842426166836,1,13.49
PUR,294214100,842426166867,00100000001.0000200000013.49,29421410,842426166867,1,13.49
PUR,559141700,842426166898,00100000001.0000200000013.49,55914170,842426166898,1,13.49
PUR,476584350,842426166928,00100000002.0000200000013.49,47658435,842426166928,2,13.49
PUR,429224030,842426166959,00100000001.0000200000013.49,42922403,842426166959,1,13.49
PUR,454939710,842426166959,00100000001.0000200000013.49,45493971,842426166959,1,13.49
PUR,456514530,842426166959,00100000001.0000200000013.49,45651453,842426166959,1,13.49
PUR,492000100,842426166959,00100000003.0000200000013.49,49200010,842426166959,3,13.49
PUR,568409000,842426166959,00100000001.0000200000013.49,56840900,842426166959,1,13.49
PUR,922755600,842426166959,00100000002.0000200000013.49,92275560,842426166959,2,13.49
PUR,456514530,842426167017,00100000001.0000200000013.49,45651453,842426167017,1,13.49
PUR,475320060,842426167017,00100000001.0000200000013.49,47532006,842426167017,1,13.49
PUR,476584350,842426167017,00100000002.0000200000013.49,47658435,842426167017,2,13.49
PUR,399175200,842426167079,00100000002.0000200000013.49,39917520,842426167079,2,13.49
PUR,424993110,842426167079,00100000001.0000200000013.49,42499311,842426167079,1,13.49
PUR,429224030,842426167079,00100000001.0000200000013.49,42922403,842426167079,1,13.49
PUR,429232310,842426167079,00100000004.0000200000013.49,42923231,842426167079,1,13.49
PUR,429232310,842426167079,00100000001.0000200000013.49,42923231,842426167079,4,13.49
PUR,446863160,842426167079,00100000001.0000200000013.49,44686316,842426167079,1,13.49
PUR,454939710,842426167079,00100000001.0000200000013.49,45493971,842426167079,1,13.49
PUR,459661600,842426167079,00100000001.0000200000013.49,45966160,842426167079,1,13.49
PUR,474108400,842426167079,00100000001.0000200000013.49,47410840,842426167079,1,13.49
PUR,476584350,842426167079,00100000002.0000200000013.49,47658435,842426167079,2,13.49
PUR,559141700,842426167079,00100000002.0000200000013.49,55914170,842426167079,2,13.49
PUR,922755600,842426167079,00100000003.0000200000013.49,92275560,842426167079,3,13.49
PUR,436335930,842426167109,00100000001.0000200000013.49,43633593,842426167109,1,13.49
PUR,446863160,842426167109,00100000001.0000200000013.49,44686316,842426167109,1,13.49
PUR,476584350,842426167109,00100000002.0000200000013.49,47658435,842426167109,2,13.49
PUR,778677100,842426167109,00100000001.0000200000013.49,77867710,842426167109,1,13.49
PUR,830301780,842426167109,00100000001.0000200000013.49,83030178,842426167109,1,13.49
PUR,981554900,842426167109,00100000001.0000200000013.49,98155490,842426167109,1,13.49
PUR,240457700,842426167130,00100000001.0000200000013.49,24045770,842426167130,1,13.49
PUR,424317860,842426167130,00100000002.0000200000013.49,42431786,842426167130,2,13.49
PUR,424993110,842426167130,00100000001.0000200000013.49,42499311,842426167130,1,13.49
PUR,437144430,842426167130,00100000001.0000200000013.49,43714443,842426167130,1,13.49
PUR,475188380,842426167130,00100000001.0000200000013.49,47518838,842426167130,1,13.49
PUR,476584350,842426167130,00100000002.0000200000013.49,47658435,842426167130,2,13.49
PUR,559141700,842426167130,00100000002.0000200000013.49,55914170,842426167130,2,13.49
PUR,719143000,842426167130,00100000001.0000200000013.49,71914300,842426167130,1,13.49
PUR,830301780,842426167130,00100000001.0000200000013.49,83030178,842426167130,1,13.49
PUR,914505000,842426167130,00100000001.0000200000013.49,91450500,842426167130,1,13.49
PUR,243571750,842426167161,00100000001.0000200000013.49,24357175,842426167161,1,13.49
PUR,476584350,842426167161,00100000002.0000200000013.49,47658435,842426167161,2,13.49
PUR,498802770,842426167642,00100000001.0000200000034.99,49880277,842426167642,1,34.99
PUR,207790800,842426170499,00100000001.0000200000016.49,20779080,842426170499,1,16.49
PUR,240457700,842426170499,00100000001.0000200000016.49,24045770,842426170499,1,16.49
PUR,429240050,842426170499,00100000001.0000200000016.49,42924005,842426170499,1,16.49
PUR,437144430,842426170499,00100000001.0000200000016.49,43714443,842426170499,1,16.49
PUR,446863160,842426170499,00100000001.0000200000016.49,44686316,842426170499,1,16.49
PUR,454939710,842426170499,00100000002.0000200000016.49,45493971,842426170499,2,16.49
PUR,462581790,842426170499,00100000001.0000200000016.49,46258179,842426170499,1,16.49
PUR,462581790,842426170499,00100000001.0000200000016.49,46258179,842426170499,1,16.49
PUR,475188380,842426170499,00100000003.0000200000016.49,47518838,842426170499,3,16.49
PUR,475320060,842426170499,00100000002.0000200000016.49,47532006,842426170499,2,16.49
PUR,476584350,842426170499,00100000001.0000200000016.49,47658435,842426170499,1,16.49
PUR,559141700,842426170499,00100000002.0000200000016.49,55914170,842426170499,2,16.49
PUR,739654900,842426170499,00100000003.0000200000016.49,73965490,842426170499,3,16.49
PUR,774030300,842426170499,00100000005.0000200000016.49,77403030,842426170499,5,16.49
PUR,785950000,842426170499,00100000004.0000200000016.49,78595000,842426170499,4,16.49
PUR,856794310,842426170499,00100000002.0000200000016.49,85679431,842426170499,2,16.49
PUR,870110270,842426170499,00100000024.0000200000015.35,87011027,842426170499,24,15.35
PUR,897720720,842426170499,00100000001.0000200000016.49,89772072,842426170499,1,16.49
PUR,922755600,842426170499,00100000002.0000200000016.49,92275560,842426170499,2,16.49
PUR,207790800,842426170529,00100000001.0000200000016.49,20779080,842426170529,1,16.49
PUR,424993110,842426170529,00100000001.0000200000016.49,42499311,842426170529,1,16.49
PUR,446863160,842426170529,00100000001.0000200000016.49,44686316,842426170529,1,16.49
PUR,450830300,842426170529,00100000004.0000200000016.49,45083030,842426170529,4,16.49
PUR,455413480,842426170529,00100000001.0000200000016.49,45541348,842426170529,1,16.49
PUR,460890590,842426170529,00100000001.0000200000016.49,46089059,842426170529,1,16.49
PUR,462581790,842426170529,00100000001.0000200000016.49,46258179,842426170529,1,16.49
PUR,475188380,842426170529,00100000001.0000200000016.49,47518838,842426170529,1,16.49
PUR,475320060,842426170529,00100000001.0000200000016.49,47532006,842426170529,1,16.49
PUR,476584350,842426170529,00100000002.0000200000016.49,47658435,842426170529,2,16.49
PUR,496350050,842426170529,00100000001.0000200000016.49,49635005,842426170529,1,16.49
PUR,559141700,842426170529,00100000001.0000200000016.49,55914170,842426170529,1,16.49
PUR,774030300,842426170529,00100000005.0000200000016.49,77403030,842426170529,5,16.49
PUR,785950000,842426170529,00100000004.0000200000016.49,78595000,842426170529,4,16.49
PUR,856794310,842426170529,00100000002.0000200000016.49,85679431,842426170529,2,16.49
PUR,914505000,842426170529,00100000001.0000200000016.49,91450500,842426170529,1,16.49
PUR,424317860,842426170550,00100000001.0000200000016.49,42431786,842426170550,1,16.49
PUR,450830300,842426170550,00100000004.0000200000016.49,45083030,842426170550,4,16.49
PUR,454939710,842426170550,00100000002.0000200000016.49,45493971,842426170550,2,16.49
PUR,455413480,842426170550,00100000001.0000200000016.49,45541348,842426170550,1,16.49
PUR,456514530,842426170550,00100000002.0000200000016.49,45651453,842426170550,2,16.49
PUR,460890590,842426170550,00100000001.0000200000016.49,46089059,842426170550,1,16.49
PUR,462581790,842426170550,00100000001.0000200000016.49,46258179,842426170550,1,16.49
PUR,476584350,842426170550,00100000002.0000200000016.49,47658435,842426170550,2,16.49
PUR,493687870,842426170550,00100000001.0000200000016.49,49368787,842426170550,1,16.49
PUR,559141700,842426170550,00100000001.0000200000016.49,55914170,842426170550,1,16.49
PUR,739654900,842426170550,00100000003.0000200000016.49,73965490,842426170550,3,16.49
PUR,424317860,842426170581,00100000002.0000200000016.49,42431786,842426170581,2,16.49
PUR,446863160,842426170581,00100000001.0000200000016.49,44686316,842426170581,1,16.49
PUR,476584350,842426170581,00100000002.0000200000016.49,47658435,842426170581,2,16.49
PUR,785950000,842426170581,00100000003.0000200000016.49,78595000,842426170581,3,16.49
PUR,870110270,842426170581,00100000024.0000200000015.35,87011027,842426170581,24,15.35
PUR,424317860,842426170611,00100000002.0000200000016.49,42431786,842426170611,2,16.49
PUR,434316420,842426170611,00100000001.0000200000016.49,43431642,842426170611,1,16.49
PUR,454939710,842426170611,00100000002.0000200000016.49,45493971,842426170611,2,16.49
PUR,476584350,842426170611,00100000002.0000200000016.49,47658435,842426170611,2,16.49
PUR,559141700,842426170611,00100000001.0000200000016.49,55914170,842426170611,1,16.49
PUR,428478790,842426170642,00100000002.0000200000016.49,42847879,842426170642,2,16.49
PUR,436207440,842426170642,00100000001.0000200000016.49,43620744,842426170642,1,16.49
PUR,446863160,842426170642,00100000001.0000200000016.49,44686316,842426170642,1,16.49
PUR,450830300,842426170642,00100000004.0000200000016.49,45083030,842426170642,4,16.49
PUR,475188380,842426170642,00100000001.0000200000016.49,47518838,842426170642,1,16.49
PUR,476584350,842426170642,00100000002.0000200000016.49,47658435,842426170642,2,16.49
PUR,496350050,842426170642,00100000002.0000200000016.49,49635005,842426170642,2,16.49
PUR,785950000,842426170642,00100000002.0000200000016.49,78595000,842426170642,2,16.49
PUR,870110270,842426170642,00100000024.0000200000015.35,87011027,842426170642,24,15.35
PUR,897720720,842426170642,00100000001.0000200000016.49,89772072,842426170642,1,16.49
PUR,240457700,842426170703,00100000001.0000200000016.49,24045770,842426170703,1,16.49
PUR,424317860,842426170703,00100000002.0000200000016.49,42431786,842426170703,2,16.49
PUR,434316420,842426170703,00100000001.0000200000016.49,43431642,842426170703,1,16.49
PUR,444724370,842426170703,00100000001.0000200000016.49,44472437,842426170703,1,16.49
PUR,446863160,842426170703,00100000001.0000200000016.49,44686316,842426170703,1,16.49
PUR,450830300,842426170703,00100000002.0000200000016.49,45083030,842426170703,2,16.49
PUR,476584350,842426170703,00100000002.0000200000016.49,47658435,842426170703,2,16.49
PUR,785950000,842426170703,00100000001.0000200000016.49,78595000,842426170703,1,16.49
PUR,830301780,842426170703,00100000001.0000200000016.49,83030178,842426170703,1,16.49
PUR,870110270,842426170703,00100000024.0000200000015.35,87011027,842426170703,24,15.35
PUR,207790800,842426170734,00100000001.0000200000016.49,20779080,842426170734,1,16.49
PUR,240457700,842426170734,00100000001.0000200000016.49,24045770,842426170734,1,16.49
PUR,243571750,842426170734,00100000001.0000200000016.49,24357175,842426170734,1,16.49
PUR,294214100,842426170734,00100000001.0000200000016.49,29421410,842426170734,1,16.49
PUR,424317860,842426170734,00100000002.0000200000016.49,42431786,842426170734,2,16.49
PUR,424993110,842426170734,00100000002.0000200000016.49,42499311,842426170734,2,16.49
PUR,429232310,842426170734,00100000002.0000200000016.49,42923231,842426170734,2,16.49
PUR,429240050,842426170734,00100000001.0000200000016.49,42924005,842426170734,1,16.49
PUR,434300830,842426170734,00100000001.0000200000016.49,43430083,842426170734,1,16.49
PUR,434316420,842426170734,00100000002.0000200000016.49,43431642,842426170734,2,16.49
PUR,436207440,842426170734,00100000001.0000200000016.49,43620744,842426170734,1,16.49
PUR,436335930,842426170734,00100000004.0000200000016.49,43633593,842426170734,4,16.49
PUR,437144430,842426170734,00100000001.0000200000016.49,43714443,842426170734,1,16.49
PUR,437144430,842426170734,00100000001.0000200000016.49,43714443,842426170734,1,16.49
PUR,437754050,842426170734,00100000004.0000200000016.49,43775405,842426170734,4,16.49
PUR,443714290,842426170734,00100000001.0000200000016.49,44371429,842426170734,1,16.49
PUR,444724370,842426170734,00100000001.0000200000016.49,44472437,842426170734,1,16.49
PUR,446863160,842426170734,00100000001.0000200000016.49,44686316,842426170734,1,16.49
PUR,450830300,842426170734,00100000004.0000200000016.49,45083030,842426170734,4,16.49
PUR,454939710,842426170734,00100000015.0000200000016.49,45493971,842426170734,15,16.49
PUR,455413480,842426170734,00100000001.0000200000016.49,45541348,842426170734,1,16.49
PUR,456514530,842426170734,00100000002.0000200000016.49,45651453,842426170734,2,16.49
PUR,457460990,842426170734,00100000001.0000200000016.49,45746099,842426170734,1,16.49
PUR,460890590,842426170734,00100000002.0000200000016.49,46089059,842426170734,2,16.49
PUR,462581790,842426170734,00100000001.0000200000016.49,46258179,842426170734,1,16.49
PUR,462581790,842426170734,00100000001.0000200000016.49,46258179,842426170734,1,16.49
PUR,469680500,842426170734,00100000001.0000200000016.49,46968050,842426170734,1,16.49
PUR,475188380,842426170734,00100000001.0000200000016.49,47518838,842426170734,1,16.49
PUR,475320060,842426170734,00100000002.0000200000016.49,47532006,842426170734,4,16.49
PUR,475320060,842426170734,00100000004.0000200000016.49,47532006,842426170734,2,16.49
PUR,476584350,842426170734,00100000002.0000200000016.49,47658435,842426170734,2,16.49
PUR,485551900,842426170734,00100000003.0000200000016.49,48555190,842426170734,3,16.49
PUR,487335470,842426170734,00100000004.0000200000016.49,48733547,842426170734,4,16.49
PUR,493687870,842426170734,00100000001.0000200000016.49,49368787,842426170734,1,16.49
PUR,496350050,842426170734,00100000001.0000200000016.49,49635005,842426170734,1,16.49
PUR,559141700,842426170734,00100000002.0000200000016.49,55914170,842426170734,2,16.49
PUR,739654900,842426170734,00100000003.0000200000016.49,73965490,842426170734,3,16.49
PUR,785950000,842426170734,00100000004.0000200000016.49,78595000,842426170734,4,16.49
PUR,830301780,842426170734,00100000001.0000200000016.49,83030178,842426170734,1,16.49
PUR,856794310,842426170734,00100000001.0000200000016.49,85679431,842426170734,4,16.49
PUR,856794310,842426170734,00100000004.0000200000016.49,85679431,842426170734,1,16.49
PUR,870110270,842426170734,00100000024.0000200000015.35,87011027,842426170734,24,15.35
PUR,897720720,842426170734,00100000002.0000200000016.49,89772072,842426170734,2,16.49
PUR,922755600,842426170734,00100000004.0000200000016.49,92275560,842426170734,4,16.49
PUR,252622600,842426170765,00100000001.0000200000016.49,25262260,842426170765,1,16.49
PUR,424317860,842426170765,00100000002.0000200000016.49,42431786,842426170765,2,16.49
PUR,446863160,842426170765,00100000002.0000200000016.49,44686316,842426170765,2,16.49
PUR,476584350,842426170765,00100000002.0000200000016.49,47658435,842426170765,2,16.49
PUR,491828000,842426170765,00100000001.0000200000016.49,49182800,842426170765,1,16.49
PUR,493687870,842426170765,00100000001.0000200000016.49,49368787,842426170765,1,16.49
PUR,778677100,842426170765,00100000003.0000200000016.49,77867710,842426170765,3,16.49
PUR,785950000,842426170765,00100000002.0000200000016.49,78595000,842426170765,2,16.49
PUR,830301780,842426170765,00100000001.0000200000016.49,83030178,842426170765,1,16.49
PUR,856794310,842426170765,00100000002.0000200000016.49,85679431,842426170765,2,16.49
PUR,897720720,842426170765,00100000002.0000200000016.49,89772072,842426170765,2,16.49
PUR,914505000,842426170765,00100000001.0000200000016.49,91450500,842426170765,1,16.49
PUR,424317860,842426170796,00100000002.0000200000016.49,42431786,842426170796,2,16.49
PUR,475188380,842426170796,00100000001.0000200000016.49,47518838,842426170796,1,16.49
PUR,850451290,842426170796,00100000001.0000200000016.49,85045129,842426170796,1,16.49
PUR,393683900,842426170826,00100000001.0000200000016.49,39368390,842426170826,1,16.49
PUR,424317860,842426170826,00100000002.0000200000016.49,42431786,842426170826,2,16.49
PUR,437754050,842426170826,00100000001.0000200000016.49,43775405,842426170826,1,16.49
PUR,450830300,842426170826,00100000002.0000200000016.49,45083030,842426170826,2,16.49
PUR,457460990,842426170826,00100000001.0000200000016.49,45746099,842426170826,1,16.49
PUR,460890590,842426170826,00100000001.0000200000016.49,46089059,842426170826,1,16.49
PUR,462581790,842426170826,00100000001.0000200000016.49,46258179,842426170826,1,16.49
PUR,476584350,842426170826,00100000002.0000200000016.49,47658435,842426170826,2,16.49
PUR,491828000,842426170826,00100000001.0000200000016.49,49182800,842426170826,1,16.49
PUR,559141700,842426170826,00100000001.0000200000016.49,55914170,842426170826,1,16.49
PUR,785950000,842426170826,00100000004.0000200000016.49,78595000,842426170826,4,16.49
PUR,856794310,842426170826,00100000003.0000200000016.49,85679431,842426170826,3,16.49
PUR,870110270,842426170826,00100000024.0000200000015.35,87011027,842426170826,24,15.35
PUR,897720720,842426170826,00100000002.0000200000016.49,89772072,842426170826,2,16.49
PUR,559141700,842426170857,00100000001.0000200000016.49,55914170,842426170857,1,16.49
PUR,785950000,842426170857,00100000001.0000200000016.49,78595000,842426170857,1,16.49
PUR,870110270,842426170857,00100000024.0000200000015.35,87011027,842426170857,24,15.35
PUR,476584350,842426171458,00100000001.0000200000011.99,47658435,842426171458,1,11.99
PUR,476584350,842426172059,00100000001.0000200000011.99,47658435,842426172059,1,11.99
PUR,233467040,842426179850,00100000001.0000200000016.49,23346704,842426179850,1,16.49
PUR,429240050,842426179850,00100000001.0000200000016.49,42924005,842426179850,1,16.49
PUR,436335930,842426179850,00100000002.0000200000016.49,43633593,842426179850,2,16.49
PUR,437144430,842426179850,00100000001.0000200000016.49,43714443,842426179850,1,16.49
PUR,437754050,842426179850,00100000001.0000200000016.49,43775405,842426179850,1,16.49
PUR,455413480,842426179850,00100000001.0000200000016.49,45541348,842426179850,1,16.49
PUR,462581790,842426179850,00100000001.0000200000016.49,46258179,842426179850,1,16.49
PUR,476584350,842426179850,00100000002.0000200000016.49,47658435,842426179850,2,16.49
PUR,496350050,842426179850,00100000001.0000200000016.49,49635005,842426179850,1,16.49
PUR,498871440,842426179850,00100000002.0000200000016.49,49887144,842426179850,2,16.49
PUR,850451290,842426179850,00100000001.0000200000016.49,85045129,842426179850,1,16.49
PUR,897720720,842426179850,00100000002.0000200000016.49,89772072,842426179850,2,16.49
PUR,914505000,842426179850,00100000001.0000200000016.49,91450500,842426179850,1,16.49
PUR,696388200,842426181082,00100000002.0000200000013.49,69638820,842426181082,2,13.49
PUR,476584350,842426181112,00100000002.0000200000013.49,47658435,842426181112,2,13.49
PUR,429240050,842426181594,00100000001.0000200000007.49,42924005,842426181594,1,7.49
PUR,897720720,842426181594,00100000002.0000200000007.49,89772072,842426181594,2,7.49
PUR,693810650,842426181747,00100000008.0000200000007.49,69381065,842426181747,8,7.49
PUR,693810650,842426181839,00100000003.0000200000007.49,69381065,842426181839,3,7.49
PUR,246542900,849205016269,00100000001.0000200000066.99,24654290,849205016269,1,66.99
PUR,252356130,849205016269,00100000001.0000200000066.99,25235613,849205016269,1,66.99
PUR,252622600,849205016269,00100000002.0000200000066.99,25262260,849205016269,2,66.99
PUR,458451550,849205016269,00100000001.0000200000066.99,45845155,849205016269,1,66.99
PUR,620945160,849205016269,00100000001.0000200000066.99,62094516,849205016269,1,66.99
PUR,474108400,849205017914,00100000001.0000200000066.99,47410840,849205017914,1,66.99
PUR,455413480,849205019680,00100000001.0000200000066.99,45541348,849205019680,1,66.99
PUR,821573340,849205019680,00100000001.0000200000066.99,82157334,849205019680,1,66.99
PUR,252622600,849205022147,00100000002.0000200000042.99,25262260,849205022147,2,42.99
PUR,485551900,849205022147,00100000001.0000200000042.99,48555190,849205022147,1,42.99
PUR,437144430,849205023434,00100000001.0000200000103.99,43714443,849205023434,1,103.99
PUR,437144430,849205023465,00100000001.0000200000103.99,43714443,849205023465,1,103.99
PUR,455413480,849205023465,00100000002.0000200000103.99,45541348,849205023465,2,103.99
PUR,463499420,849205023465,00100000001.0000200000103.99,46349942,849205023465,1,103.99
PUR,488331420,849205023465,00100000001.0000200000103.99,48833142,849205023465,1,103.99
PUR,492000100,849205023465,00100000001.0000200000103.99,49200010,849205023465,1,103.99
PUR,620945160,849205023465,00100000002.0000200000103.99,62094516,849205023465,2,103.99
PUR,889011540,849205023465,00100000003.0000200000103.99,88901154,849205023465,3,103.99
PUR,492000100,849205023557,00100000001.0000200000106.99,49200010,849205023557,1,106.99
PUR,207790800,849205032054,00100000001.0000200000066.99,20779080,849205032054,1,66.99
PUR,441924300,850008118241,00100000001.0000200000007.99,44192430,850008118241,1,7.99
PUR,889011540,850008118241,00100000001.0000200000007.99,88901154,850008118241,1,7.99
PUR,434300830,850008118258,00100000001.0000200000007.99,43430083,850008118258,1,7.99
PUR,841888280,850008118258,00100000001.0000200000007.99,84188828,850008118258,1,7.99
PUR,889011540,850008118258,00100000001.0000200000007.99,88901154,850008118258,1,7.99
PUR,441924300,850008118265,00100000001.0000200000007.99,44192430,850008118265,1,7.99
PUR,475320060,850008118265,00100000001.0000200000007.99,47532006,850008118265,1,7.99
PUR,491828000,850008118265,00100000001.0000200000007.99,49182800,850008118265,1,7.99
PUR,889011540,850008118272,00100000001.0000200000007.99,88901154,850008118272,1,7.99
PUR,491828000,850008118289,00100000001.0000200000007.99,49182800,850008118289,1,7.99
PUR,841888280,850008118289,00100000001.0000200000007.99,84188828,850008118289,1,7.99
PUR,889011540,850008118289,00100000001.0000200000007.99,88901154,850008118289,1,7.99
PUR,693810650,850008118296,00100000005.0000200000007.99,69381065,850008118296,5,7.99
PUR,841888280,850008118296,00100000002.0000200000007.99,84188828,850008118296,2,7.99
PUR,889011540,850008118296,00100000001.0000200000007.99,88901154,850008118296,1,7.99
PUR,841888280,850008118487,00100000002.0000200000007.99,84188828,850008118487,2,7.99
PUR,922755600,850008118487,00100000001.0000200000007.99,92275560,850008118487,1,7.99
PUR,778677100,850008118500,00100000001.0000200000007.99,77867710,850008118500,1,7.99
PUR,475317140,850008118609,00100000001.0000200000007.99,47531714,850008118609,1,7.99
PUR,498871440,850008118609,00100000002.0000200000007.99,49887144,850008118609,2,7.99
PUR,889011540,850008118609,00100000001.0000200000007.99,88901154,850008118609,1,7.99
PUR,475317140,850008118616,00100000001.0000200000007.99,47531714,850008118616,1,7.99
PUR,841888280,850008118616,00100000002.0000200000007.99,84188828,850008118616,2,7.99
PUR,778677100,850008118630,00100000001.0000200000007.99,77867710,850008118630,1,7.99
PUR,240457700,850059190036,00100000001.0000200000019.99,24045770,850059190036,1,19.99
PUR,243511300,850059190036,00100000002.0000200000019.99,24351130,850059190036,2,19.99
PUR,299810400,850059190036,00100000001.0000200000019.99,29981040,850059190036,1,19.99
PUR,380068720,850059190036,00100000001.0000200000019.99,38006872,850059190036,1,19.99
PUR,424317860,850059190036,00100000003.0000200000019.99,42431786,850059190036,3,19.99
PUR,424993110,850059190036,00100000002.0000200000019.99,42499311,850059190036,2,19.99
PUR,429232310,850059190036,00100000001.0000200000019.99,42923231,850059190036,1,19.99
PUR,434300830,850059190036,00100000002.0000200000019.99,43430083,850059190036,2,19.99
PUR,434307070,850059190036,00100000001.0000200000019.99,43430707,850059190036,1,19.99
PUR,443714290,850059190036,00100000003.0000200000019.99,44371429,850059190036,3,19.99
PUR,450830300,850059190036,00100000003.0000200000019.99,45083030,850059190036,3,19.99
PUR,462581790,850059190036,00100000001.0000200000019.99,46258179,850059190036,1,19.99
PUR,463499420,850059190036,00100000001.0000200000019.99,46349942,850059190036,1,19.99
PUR,469462700,850059190036,00100000003.0000200000019.99,46946270,850059190036,3,19.99
PUR,476584350,850059190036,00100000002.0000200000019.99,47658435,850059190036,2,19.99
PUR,485551900,850059190036,00100000002.0000200000019.99,48555190,850059190036,2,19.99
PUR,487335470,850059190036,00100000005.0000200000019.99,48733547,850059190036,5,19.99
PUR,489878600,850059190036,00100000090.0000200000017.99,48987860,850059190036,90,17.99
PUR,496088830,850059190036,00100000001.0000200000019.99,49608883,850059190036,1,19.99
PUR,496498470,850059190036,00100000004.0000200000019.99,49649847,850059190036,4,19.99
PUR,559141700,850059190036,00100000002.0000200000019.99,55914170,850059190036,2,19.99
PUR,628885550,850059190036,00100000003.0000200000019.99,62888555,850059190036,3,19.99
PUR,684500330,850059190036,00100000001.0000200000019.99,68450033,850059190036,1,19.99
PUR,739654900,850059190036,00100000001.0000200000019.99,73965490,850059190036,1,19.99
PUR,778677100,850059190036,00100000002.0000200000019.99,77867710,850059190036,2,19.99
PUR,821573340,850059190036,00100000001.0000200000019.99,82157334,850059190036,1,19.99
PUR,877090420,850059190036,00100000001.0000200000019.99,87709042,850059190036,1,19.99
PUR,878700890,850059190036,00100000002.0000200000019.99,87870089,850059190036,2,19.99
PUR,892794410,850059190036,00100000001.0000200000019.99,89279441,850059190036,1,19.99
PUR,900888400,850059190036,00100000001.0000200000019.99,90088840,850059190036,1,19.99
PUR,981434300,850059190036,00100000002.0000200000019.99,98143430,850059190036,2,19.99
PUR,434300830,850730000135,00100000001.0000200000017.99,43430083,850730000135,1,17.99
PUR,877090420,850730000135,00100000001.0000200000017.99,87709042,850730000135,1,17.99
PUR,207790800,850730000302,00100000001.0000200000029.99,20779080,850730000302,1,29.99
PUR,243571750,850730000302,00100000001.0000200000029.99,24357175,850730000302,1,29.99
PUR,424993110,850730000302,00100000001.0000200000029.99,42499311,850730000302,1,29.99
PUR,428478790,850730000302,00100000001.0000200000029.99,42847879,850730000302,1,29.99
PUR,429232310,850730000302,00100000001.0000200000029.99,42923231,850730000302,1,29.99
PUR,437754050,850730000302,00100000001.0000200000029.99,43775405,850730000302,1,29.99
PUR,438952590,850730000302,00100000001.0000200000029.99,43895259,850730000302,1,29.99
PUR,449974800,850730000302,00100000001.0000200000029.99,44997480,850730000302,1,29.99
PUR,450830300,850730000302,00100000002.0000200000029.99,45083030,850730000302,2,29.99
PUR,455413480,850730000302,00100000001.0000200000029.99,45541348,850730000302,1,29.99
PUR,456514530,850730000302,00100000001.0000200000029.99,45651453,850730000302,1,29.99
PUR,462581790,850730000302,00100000001.0000200000029.99,46258179,850730000302,1,29.99
PUR,462581790,850730000302,00100000001.0000200000029.99,46258179,850730000302,1,29.99
PUR,474108400,850730000302,00100000001.0000200000029.99,47410840,850730000302,1,29.99
PUR,474108400,850730000302,00100000001.0000200000029.99,47410840,850730000302,1,29.99
PUR,475188380,850730000302,00100000001.0000200000029.99,47518838,850730000302,1,29.99
PUR,475317140,850730000302,00100000001.0000200000029.99,47531714,850730000302,1,29.99
PUR,498871440,850730000302,00100000001.0000200000029.99,49887144,850730000302,1,29.99
PUR,565306600,850730000302,00100000001.0000200000029.99,56530660,850730000302,1,29.99
PUR,684819690,850730000302,00100000001.0000200000029.99,68481969,850730000302,1,29.99
PUR,693810650,850730000302,00100000001.0000200000029.99,69381065,850730000302,1,29.99
PUR,719143000,850730000302,00100000001.0000200000029.99,71914300,850730000302,1,29.99
PUR,785950000,850730000302,00100000002.0000200000029.99,78595000,850730000302,2,29.99
PUR,788782300,850730000302,00100000001.0000200000029.99,78878230,850730000302,1,29.99
PUR,877090420,850730000302,00100000002.0000200000029.99,87709042,850730000302,2,29.99
PUR,922755600,850730000302,00100000001.0000200000029.99,92275560,850730000302,1,29.99
PUR,832944070,853272008140,00100000002.0000200000024.79,83294407,853272008140,2,24.79
PUR,240457700,853272008188,00100000003.0000200000024.79,24045770,853272008188,3,24.79
PUR,240457700,853272008249,00100000001.0000200000024.79,24045770,853272008249,1,24.79
PUR,437754050,855022005188,00100000002.0000200000017.49,43775405,855022005188,2,17.49
PUR,443714290,855022005232,00100000001.0000200000017.49,44371429,855022005232,1,17.49
PUR,664078500,855022005232,00100000001.0000200000017.49,66407850,855022005232,1,17.49
PUR,991198200,855022005263,00100000001.0000200000017.49,99119820,855022005263,1,17.49
PUR,438952590,855022005300,00100000002.0000200000017.49,43895259,855022005300,2,17.49
PUR,451221770,855022005300,00100000002.0000200000017.49,45122177,855022005300,2,17.49
PUR,434307070,855022005331,00100000001.0000200000017.49,43430707,855022005331,1,17.49
PUR,438952590,855022005331,00100000002.0000200000017.49,43895259,855022005331,2,17.49
PUR,458451550,855022005386,00100000002.0000200000017.49,45845155,855022005386,2,17.49
PUR,668310430,855022005393,00100000002.0000200000017.49,66831043,855022005393,2,17.49
PUR,207790800,855906007031,00100000001.0000200000026.99,20779080,855906007031,1,26.99
PUR,424317860,855906007031,00100000002.0000200000026.99,42431786,855906007031,2,26.99
PUR,424993110,855906007031,00100000002.0000200000026.99,42499311,855906007031,2,26.99
PUR,429240050,855906007031,00100000001.0000200000026.99,42924005,855906007031,1,26.99
PUR,429285180,855906007031,00100000001.0000200000026.99,42928518,855906007031,1,26.99
PUR,450830300,855906007031,00100000001.0000200000026.99,45083030,855906007031,1,26.99
PUR,460890590,855906007031,00100000001.0000200000026.99,46089059,855906007031,1,26.99
PUR,462581790,855906007031,00100000001.0000200000026.99,46258179,855906007031,1,26.99
PUR,462581790,855906007031,00100000001.0000200000026.99,46258179,855906007031,1,26.99
PUR,474108400,855906007031,00100000002.0000200000026.99,47410840,855906007031,2,26.99
PUR,475188380,855906007031,00100000002.0000200000026.99,47518838,855906007031,2,26.99
PUR,476584350,855906007031,00100000001.0000200000026.99,47658435,855906007031,1,26.99
PUR,485551900,855906007031,00100000002.0000200000026.99,48555190,855906007031,2,26.99
PUR,488331420,855906007031,00100000001.0000200000026.99,48833142,855906007031,1,26.99
PUR,491828000,855906007031,00100000001.0000200000026.99,49182800,855906007031,1,26.99
PUR,496350050,855906007031,00100000001.0000200000026.99,49635005,855906007031,1,26.99
PUR,559141700,855906007031,00100000002.0000200000026.99,55914170,855906007031,2,26.99
PUR,684819690,855906007031,00100000001.0000200000026.99,68481969,855906007031,1,26.99
PUR,684819690,855906007031,00100000001.0000200000026.99,68481969,855906007031,1,26.99
PUR,719143000,855906007031,00100000004.0000200000026.99,71914300,855906007031,4,26.99
PUR,739654900,855906007031,00100000002.0000200000026.99,73965490,855906007031,2,26.99
PUR,785950000,855906007031,00100000006.0000200000026.99,78595000,855906007031,6,26.99
PUR,788782300,855906007031,00100000001.0000200000026.99,78878230,855906007031,1,26.99
PUR,830301780,855906007031,00100000001.0000200000026.99,83030178,855906007031,1,26.99
PUR,846936950,855906007031,00100000002.0000200000026.99,84693695,855906007031,2,26.99
PUR,850451290,855906007031,00100000002.0000200000026.99,85045129,855906007031,2,26.99
PUR,456514530,855906007536,00100000001.0000200000021.99,45651453,855906007536,1,21.99
PUR,774030300,855906007536,00100000001.0000200000021.99,77403030,855906007536,1,21.99
PUR,846936950,855906007536,00100000001.0000200000021.99,84693695,855906007536,1,21.99
PUR,878700890,855906007536,00100000002.0000200000021.99,87870089,855906007536,2,21.99
PUR,981434300,855906007536,00100000002.0000200000021.99,98143430,855906007536,2,21.99
PUR,504320000,858765004067,00100000002.0000200000011.99,50432000,858765004067,2,11.99
PUR,534485700,858765004067,00100000002.0000200000011.99,53448570,858765004067,2,11.99
PUR,424993110,858765004722,00100000001.0000200000010.69,42499311,858765004722,1,10.69
PUR,444724370,858765004722,00100000001.0000200000010.69,44472437,858765004722,1,10.69
PUR,474108400,858765004722,00100000001.0000200000010.69,47410840,858765004722,1,10.69
PUR,476584350,858765004722,00100000001.0000200000010.69,47658435,858765004722,1,10.69
PUR,830301780,858765004722,00100000001.0000200000010.69,83030178,858765004722,1,10.69
PUR,476584350,858765004739,00100000001.0000200000010.69,47658435,858765004739,1,10.69
PUR,778677100,858765004739,00100000001.0000200000010.69,77867710,858765004739,1,10.69
PUR,866424890,858765004739,00100000001.0000200000010.69,86642489,858765004739,1,10.69
PUR,233467040,858765005828,00100000001.0000200000010.69,23346704,858765005828,1,10.69
PUR,429240050,858765005828,00100000002.0000200000010.69,42924005,858765005828,2,10.69
PUR,437754050,858765005828,00100000001.0000200000010.69,43775405,858765005828,1,10.69
PUR,450830300,858765005828,00100000002.0000200000010.69,45083030,858765005828,2,10.69
PUR,462581790,858765005828,00100000001.0000200000010.69,46258179,858765005828,1,10.69
PUR,475188380,858765005828,00100000001.0000200000010.69,47518838,858765005828,1,10.69
PUR,476584350,858765005828,00100000001.0000200000010.69,47658435,858765005828,1,10.69
PUR,487335470,858765005828,00100000001.0000200000010.69,48733547,858765005828,1,10.69
PUR,496088830,858765005828,00100000001.0000200000010.69,49608883,858765005828,1,10.69
PUR,504320000,858765005828,00100000001.0000200000010.69,50432000,858765005828,1,10.69
PUR,744067040,858765005828,00100000001.0000200000010.69,74406704,858765005828,1,10.69
PUR,830301780,858765005828,00100000001.0000200000010.69,83030178,858765005828,1,10.69
PUR,914505000,858765005828,00100000002.0000200000010.69,91450500,858765005828,2,10.69
PUR,476584350,858765005835,00100000001.0000200000010.69,47658435,858765005835,1,10.69
PUR,559141700,858765005835,00100000001.0000200000010.69,55914170,858765005835,1,10.69
PUR,664268530,858765005835,00100000002.0000200000010.69,66426853,858765005835,2,10.69
PUR,877090420,858765005835,00100000001.0000200000010.69,87709042,858765005835,1,10.69
PUR,243571750,858765005842,00100000001.0000200000010.69,24357175,858765005842,1,10.69
PUR,444724370,858765005842,00100000001.0000200000010.69,44472437,858765005842,1,10.69
PUR,454939710,858765005842,00100000001.0000200000010.69,45493971,858765005842,1,10.69
PUR,444724370,858765005880,00100000001.0000200000010.69,44472437,858765005880,1,10.69
PUR,897720720,858765005934,00100000001.0000200000010.69,89772072,858765005934,1,10.69
PUR,444724370,858765005941,00100000001.0000200000010.69,44472437,858765005941,1,10.69
PUR,476584350,858765006832,00100000001.0000200000010.69,47658435,858765006832,1,10.69
PUR,240457700,858765007334,00100000002.0000200000010.69,24045770,858765007334,2,10.69
PUR,476584350,858765007334,00100000001.0000200000010.69,47658435,858765007334,1,10.69
PUR,744067040,858765008676,00100000001.0000200000010.69,74406704,858765008676,1,10.69
PUR,914505000,858765008898,00100000001.0000200000010.69,91450500,858765008898,1,10.69
PUR,428607120,858765009093,00100000001.0000200000010.69,42860712,858765009093,1,10.69
PUR,434316420,858765009093,00100000001.0000200000010.69,43431642,858765009093,1,10.69
PUR,444724370,858765009093,00100000001.0000200000010.69,44472437,858765009093,1,10.69
PUR,446863160,858765009093,00100000001.0000200000010.69,44686316,858765009093,1,10.69
PUR,450830300,858765009093,00100000001.0000200000010.69,45083030,858765009093,1,10.69
PUR,474108400,858765009093,00100000001.0000200000010.69,47410840,858765009093,1,10.69
PUR,496088830,858765009093,00100000001.0000200000010.69,49608883,858765009093,1,10.69
PUR,559141700,858765009093,00100000001.0000200000010.69,55914170,858765009093,1,10.69
PUR,892794410,858765009093,00100000001.0000200000010.69,89279441,858765009093,1,10.69
PUR,981434300,858765009093,00100000001.0000200000010.69,98143430,858765009093,1,10.69
PUR,207790800,860010326268,00100000001.0000200000019.99,20779080,860010326268,1,19.99
PUR,240457700,860010326268,00100000001.0000200000019.99,24045770,860010326268,1,19.99
PUR,243511300,860010326268,00100000005.0000200000019.99,24351130,860010326268,5,19.99
PUR,380068720,860010326268,00100000001.0000200000019.99,38006872,860010326268,1,19.99
PUR,424317860,860010326268,00100000007.0000200000019.99,42431786,860010326268,7,19.99
PUR,429232310,860010326268,00100000001.0000200000019.99,42923231,860010326268,1,19.99
PUR,434300830,860010326268,00100000005.0000200000019.99,43430083,860010326268,5,19.99
PUR,434307070,860010326268,00100000001.0000200000019.99,43430707,860010326268,1,19.99
PUR,437754050,860010326268,00100000001.0000200000019.99,43775405,860010326268,1,19.99
PUR,437754050,860010326268,00100000001.0000200000019.99,43775405,860010326268,1,19.99
PUR,443714290,860010326268,00100000001.0000200000019.99,44371429,860010326268,1,19.99
PUR,450830300,860010326268,00100000004.0000200000019.99,45083030,860010326268,4,19.99
PUR,454939710,860010326268,00100000002.0000200000019.99,45493971,860010326268,2,19.99
PUR,456514530,860010326268,00100000001.0000200000019.99,45651453,860010326268,1,19.99
PUR,462581790,860010326268,00100000001.0000200000019.99,46258179,860010326268,1,19.99
PUR,463499420,860010326268,00100000001.0000200000019.99,46349942,860010326268,1,19.99
PUR,469462700,860010326268,00100000005.0000200000019.99,46946270,860010326268,5,19.99
PUR,469680500,860010326268,00100000001.0000200000019.99,46968050,860010326268,1,19.99
PUR,475320060,860010326268,00100000002.0000200000019.99,47532006,860010326268,2,19.99
PUR,476584350,860010326268,00100000002.0000200000019.99,47658435,860010326268,2,19.99
PUR,479272280,860010326268,00100000017.0000200000019.99,47927228,860010326268,17,19.99
PUR,485551900,860010326268,00100000002.0000200000019.99,48555190,860010326268,2,19.99
PUR,487335470,860010326268,00100000010.0000200000019.99,48733547,860010326268,10,19.99
PUR,488331420,860010326268,00100000001.0000200000019.99,48833142,860010326268,1,19.99
PUR,489878600,860010326268,00100000060.0000200000017.99,48987860,860010326268,60,17.99
PUR,491828000,860010326268,00100000001.0000200000019.99,49182800,860010326268,1,19.99
PUR,496088830,860010326268,00100000002.0000200000019.99,49608883,860010326268,2,19.99
PUR,496498470,860010326268,00100000006.0000200000019.99,49649847,860010326268,6,19.99
PUR,628885550,860010326268,00100000006.0000200000019.99,62888555,860010326268,6,19.99
PUR,684500330,860010326268,00100000001.0000200000019.99,68450033,860010326268,1,19.99
PUR,684819690,860010326268,00100000002.0000200000019.99,68481969,860010326268,2,19.99
PUR,693810650,860010326268,00100000001.0000200000019.99,69381065,860010326268,1,19.99
PUR,719143000,860010326268,00100000005.0000200000019.99,71914300,860010326268,5,19.99
PUR,774030300,860010326268,00100000007.0000200000019.99,77403030,860010326268,6,19.99
PUR,774030300,860010326268,00100000006.0000200000019.99,77403030,860010326268,7,19.99
PUR,821573340,860010326268,00100000001.0000200000019.99,82157334,860010326268,1,19.99
PUR,847957450,860010326268,00100000006.0000200000019.99,84795745,860010326268,6,19.99
PUR,856794310,860010326268,00100000001.0000200000019.99,85679431,860010326268,1,19.99
PUR,877090420,860010326268,00100000001.0000200000019.99,87709042,860010326268,1,19.99
PUR,878700890,860010326268,00100000005.0000200000019.99,87870089,860010326268,5,19.99
PUR,892794410,860010326268,00100000002.0000200000019.99,89279441,860010326268,2,19.99
PUR,981434300,860010326268,00100000003.0000200000019.99,98143430,860010326268,3,19.99
PUR,240457700,860010326275,00100000001.0000200000019.99,24045770,860010326275,1,19.99
PUR,299810400,860010326275,00100000002.0000200000019.99,29981040,860010326275,2,19.99
PUR,380068720,860010326275,00100000001.0000200000019.99,38006872,860010326275,1,19.99
PUR,424317860,860010326275,00100000006.0000200000019.99,42431786,860010326275,6,19.99
PUR,429232310,860010326275,00100000001.0000200000019.99,42923231,860010326275,1,19.99
PUR,434300830,860010326275,00100000001.0000200000019.99,43430083,860010326275,1,19.99
PUR,434307070,860010326275,00100000001.0000200000019.99,43430707,860010326275,1,19.99
PUR,450830300,860010326275,00100000003.0000200000019.99,45083030,860010326275,3,19.99
PUR,454939710,860010326275,00100000002.0000200000019.99,45493971,860010326275,2,19.99
PUR,456503270,860010326275,00100000001.0000200000019.99,45650327,860010326275,1,19.99
PUR,456514530,860010326275,00100000001.0000200000019.99,45651453,860010326275,1,19.99
PUR,462581790,860010326275,00100000001.0000200000019.99,46258179,860010326275,1,19.99
PUR,462903600,860010326275,00100000002.0000200000019.99,46290360,860010326275,2,19.99
PUR,463499420,860010326275,00100000001.0000200000019.99,46349942,860010326275,1,19.99
PUR,469462700,860010326275,00100000004.0000200000019.99,46946270,860010326275,4,19.99
PUR,469680500,860010326275,00100000001.0000200000019.99,46968050,860010326275,1,19.99
PUR,475320060,860010326275,00100000001.0000200000019.99,47532006,860010326275,1,19.99
PUR,476584350,860010326275,00100000002.0000200000019.99,47658435,860010326275,2,19.99
PUR,479272280,860010326275,00100000009.0000200000019.99,47927228,860010326275,9,19.99
PUR,485551900,860010326275,00100000002.0000200000019.99,48555190,860010326275,2,19.99
PUR,488331420,860010326275,00100000001.0000200000019.99,48833142,860010326275,1,19.99
PUR,488331420,860010326275,00100000001.0000200000019.99,48833142,860010326275,1,19.99
PUR,489878600,860010326275,00100000060.0000200000017.99,48987860,860010326275,60,17.99
PUR,491828000,860010326275,00100000001.0000200000019.99,49182800,860010326275,1,19.99
PUR,496088830,860010326275,00100000001.0000200000019.99,49608883,860010326275,1,19.99
PUR,496498470,860010326275,00100000005.0000200000019.99,49649847,860010326275,5,19.99
PUR,498871440,860010326275,00100000003.0000200000019.99,49887144,860010326275,3,19.99
PUR,628885550,860010326275,00100000003.0000200000019.99,62888555,860010326275,3,19.99
PUR,684500330,860010326275,00100000001.0000200000019.99,68450033,860010326275,1,19.99
PUR,719143000,860010326275,00100000003.0000200000019.99,71914300,860010326275,3,19.99
PUR,774030300,860010326275,00100000006.0000200000019.99,77403030,860010326275,6,19.99
PUR,821573340,860010326275,00100000001.0000200000019.99,82157334,860010326275,1,19.99
PUR,824282750,860010326275,00100000001.0000200000019.99,82428275,860010326275,1,19.99
PUR,833086400,860010326275,00100000002.0000200000019.99,83308640,860010326275,2,19.99
PUR,846936950,860010326275,00100000003.0000200000019.99,84693695,860010326275,3,19.99
PUR,856794310,860010326275,00100000001.0000200000019.99,85679431,860010326275,1,19.99
PUR,877090420,860010326275,00100000001.0000200000019.99,87709042,860010326275,1,19.99
PUR,878700890,860010326275,00100000005.0000200000019.99,87870089,860010326275,5,19.99
PUR,892794410,860010326275,00100000002.0000200000019.99,89279441,860010326275,2,19.99
PUR,981434300,860010326275,00100000003.0000200000019.99,98143430,860010326275,3,19.99
PUR,299810400,860010326282,00100000002.0000200000019.99,29981040,860010326282,2,19.99
PUR,380068720,860010326282,00100000001.0000200000019.99,38006872,860010326282,1,19.99
PUR,424317860,860010326282,00100000005.0000200000019.99,42431786,860010326282,5,19.99
PUR,424454930,860010326282,00100000002.0000200000019.99,42445493,860010326282,2,19.99
PUR,429232310,860010326282,00100000002.0000200000019.99,42923231,860010326282,2,19.99
PUR,429240050,860010326282,00100000001.0000200000019.99,42924005,860010326282,1,19.99
PUR,434307070,860010326282,00100000001.0000200000019.99,43430707,860010326282,1,19.99
PUR,437754050,860010326282,00100000002.0000200000019.99,43775405,860010326282,2,19.99
PUR,450830300,860010326282,00100000002.0000200000019.99,45083030,860010326282,2,19.99
PUR,454939710,860010326282,00100000002.0000200000019.99,45493971,860010326282,2,19.99
PUR,456514530,860010326282,00100000001.0000200000019.99,45651453,860010326282,1,19.99
PUR,462581790,860010326282,00100000001.0000200000019.99,46258179,860010326282,1,19.99
PUR,463499420,860010326282,00100000001.0000200000019.99,46349942,860010326282,1,19.99
PUR,469462700,860010326282,00100000004.0000200000019.99,46946270,860010326282,4,19.99
PUR,476584350,860010326282,00100000002.0000200000019.99,47658435,860010326282,2,19.99
PUR,479272280,860010326282,00100000005.0000200000019.99,47927228,860010326282,5,19.99
PUR,488331420,860010326282,00100000001.0000200000019.99,48833142,860010326282,1,19.99
PUR,489878600,860010326282,00100000030.0000200000017.99,48987860,860010326282,30,17.99
PUR,496498470,860010326282,00100000002.0000200000019.99,49649847,860010326282,2,19.99
PUR,628885550,860010326282,00100000002.0000200000019.99,62888555,860010326282,2,19.99
PUR,694228790,860010326282,00100000001.0000200000019.99,69422879,860010326282,1,19.99
PUR,778677100,860010326282,00100000002.0000200000019.99,77867710,860010326282,2,19.99
PUR,821573340,860010326282,00100000001.0000200000019.99,82157334,860010326282,1,19.99
PUR,846936950,860010326282,00100000001.0000200000019.99,84693695,860010326282,1,19.99
PUR,877090420,860010326282,00100000001.0000200000019.99,87709042,860010326282,1,19.99
PUR,243511300,860010326299,00100000005.0000200000019.99,24351130,860010326299,5,19.99
PUR,299810400,860010326299,00100000002.0000200000019.99,29981040,860010326299,2,19.99
PUR,380068720,860010326299,00100000001.0000200000019.99,38006872,860010326299,1,19.99
PUR,424993110,860010326299,00100000002.0000200000019.99,42499311,860010326299,2,19.99
PUR,429232310,860010326299,00100000001.0000200000019.99,42923231,860010326299,1,19.99
PUR,429240050,860010326299,00100000001.0000200000019.99,42924005,860010326299,1,19.99
PUR,434300830,860010326299,00100000001.0000200000019.99,43430083,860010326299,1,19.99
PUR,434307070,860010326299,00100000001.0000200000019.99,43430707,860010326299,1,19.99
PUR,450830300,860010326299,00100000002.0000200000019.99,45083030,860010326299,2,19.99
PUR,454939710,860010326299,00100000002.0000200000019.99,45493971,860010326299,2,19.99
PUR,456503270,860010326299,00100000001.0000200000019.99,45650327,860010326299,1,19.99
PUR,456514530,860010326299,00100000001.0000200000019.99,45651453,860010326299,1,19.99
PUR,462903600,860010326299,00100000002.0000200000019.99,46290360,860010326299,2,19.99
PUR,469462700,860010326299,00100000005.0000200000019.99,46946270,860010326299,5,19.99
PUR,469680500,860010326299,00100000001.0000200000019.99,46968050,860010326299,1,19.99
PUR,476584350,860010326299,00100000002.0000200000019.99,47658435,860010326299,2,19.99
PUR,479272280,860010326299,00100000002.0000200000019.99,47927228,860010326299,2,19.99
PUR,496498470,860010326299,00100000001.0000200000019.99,49649847,860010326299,1,19.99
PUR,498871440,860010326299,00100000003.0000200000019.99,49887144,860010326299,3,19.99
PUR,628885550,860010326299,00100000003.0000200000019.99,62888555,860010326299,3,19.99
PUR,719143000,860010326299,00100000002.0000200000019.99,71914300,860010326299,2,19.99
PUR,774030300,860010326299,00100000002.0000200000019.99,77403030,860010326299,2,19.99
PUR,778677100,860010326299,00100000002.0000200000019.99,77867710,860010326299,2,19.99
PUR,821573340,860010326299,00100000001.0000200000019.99,82157334,860010326299,1,19.99
PUR,856794310,860010326299,00100000001.0000200000019.99,85679431,860010326299,1,19.99
PUR,877090420,860010326299,00100000001.0000200000019.99,87709042,860010326299,1,19.99
PUR,878700890,860010326299,00100000002.0000200000019.99,87870089,860010326299,2,19.99
PUR,892794410,860010326299,00100000002.0000200000019.99,89279441,860010326299,2,19.99
PUR,805460000,887969011427,00100000002.0000200000039.95,80546000,887969011427,2,39.95
PUR,882323360,887969011670,00100000001.0000200000018.99,88232336,887969011670,1,18.99
PUR,491828000,887969011892,00100000002.0000200000018.99,49182800,887969011892,2,18.99
PUR,230950950,887982094285,00100000001.0000200000030.99,23095095,887982094285,1,30.99
PUR,450830300,887982094285,00100000001.0000200000030.99,45083030,887982094285,1,30.99
PUR,558319600,887982094285,00100000001.0000200000030.99,55831960,887982094285,1,30.99
PUR,785950000,887982094285,00100000001.0000200000030.99,78595000,887982094285,1,30.99
PUR,475317140,6291100730629,00100000002.0000200000017.99,47531714,6291100730629,2,17.99
PUR,774030300,6291100731794,00100000001.0000200000017.99,77403030,6291100731794,1,17.99
PUR,489878600,6291100737314,00100000012.0000200000017.50,48987860,6291100737314,12,17.5
PUR,441924300,6291108160015,00100000001.0000200000017.99,44192430,6291108160015,1,17.99
PUR,487335470,6291108160077,00100000002.0000200000017.99,48733547,6291108160077,2,17.99
PUR,489878600,6291108160077,00100000012.0000200000017.50,48987860,6291108160077,12,17.5
PUR,489878600,6291108160220,00100000012.0000200000017.50,48987860,6291108160220,12,17.5
PUR,774030300,6291108160282,00100000001.0000200000017.99,77403030,6291108160282,1,17.99
PUR,774030300,6291108160312,00100000001.0000200000017.99,77403030,6291108160312,1,17.99
PUR,441924300,6291108160404,00100000001.0000200000017.99,44192430,6291108160404,1,17.99
PUR,489878600,6291108160404,00100000012.0000200000017.50,48987860,6291108160404,12,17.5
PUR,774030300,6291108160404,00100000001.0000200000017.99,77403030,6291108160404,1,17.99
PUR,774030300,6291108161067,00100000001.0000200000017.99,77403030,6291108161067,1,17.99
PUR,492000100,6291108161302,00100000001.0000200000017.99,49200010,6291108161302,1,17.99
PUR,489878600,6291108161722,00100000001.0000200000017.50,48987860,6291108161722,1,17.5
PUR,489878600,6291108161722,00100000001.0000200000017.50,48987860,6291108161722,1,17.5
PUR,489878600,6291108161722,00100000001.0000200000017.50,48987860,6291108161722,1,17.5
PUR,774030300,6291108162071,00100000001.0000200000017.99,77403030,6291108162071,1,17.99
PUR,774030300,6291108167700,00100000001.0000200000017.99,77403030,6291108167700,1,17.99
PUR,437754050,10819913011426,00100000006.0000200000100.64,43775405,10819913011426,6,100.64
PUR,455413480,10819913011426,00100000001.0000200000108.69,45541348,10819913011426,1,108.69
PUR,512833000,10819913011426,00100000001.0000200000104.16,51283300,10819913011426,1,104.16
PUR,536320400,10819913011426,00100000001.0000200000108.69,53632040,10819913011426,1,108.69
PUR,632023000,10819913011426,00100000006.0000200000102.99,63202300,10819913011426,6,102.99
PUR,463499420,10819913011747,00100000001.0000200000108.69,46349942,10819913011747,1,108.69
PUR,664078500,10819913011747,00100000001.0000200000108.69,66407850,10819913011747,1,108.69
PUR,993925000,10819913011747,00100000006.0000200000104.16,99392500,10819913011747,6,104.16
PUR,437754050,10819913012591,00100000006.0000200000100.64,43775405,10819913012591,6,100.64
PUR,438952590,10819913012591,00100000001.0000200000108.69,43895259,10819913012591,1,108.69
PUR,455413480,10819913012591,00100000002.0000200000108.69,45541348,10819913012591,2,108.69
PUR,463499420,10819913012591,00100000001.0000200000108.69,46349942,10819913012591,1,108.69
PUR,475317140,10819913012591,00100000003.0000200000108.69,47531714,10819913012591,3,108.69
PUR,492000100,10819913012591,00100000001.0000200000108.69,49200010,10819913012591,1,108.69
PUR,512833000,10819913012591,00100000002.0000200000104.16,51283300,10819913012591,2,104.16
PUR,536320400,10819913012591,00100000001.0000200000108.69,53632040,10819913012591,1,108.69
PUR,632023000,10819913012591,00100000006.0000200000102.99,63202300,10819913012591,6,102.99
PUR,739654900,10819913012591,00100000006.0000200000102.00,73965490,10819913012591,6,102
PUR,664078500,10819913014984,00100000001.0000200000072.99,66407850,10819913014984,1,72.99
PUR,739654900,10819913015158,00100000001.0000200000068.99,73965490,10819913015158,1,68.99
PUR,739654900,10819913015196,00100000001.0000200000068.99,73965490,10819913015196,1,68.99
PUR,446863160,10840048219036,00100000002.0000200000071.99,44686316,10840048219036,2,71.99
PUR,469680500,10840048219036,00100000002.0000200000069.99,46968050,10840048219036,2,69.99
PUR,488331420,10840048219036,00100000003.0000200000069.99,48833142,10840048219036,3,69.99
PUR,488331420,10840048219043,00100000006.0000200000069.99,48833142,10840048219043,6,69.99
PUR,469680500,10840048219296,001-0000001.0000200000071.99,46968050,10840048219296,-1,71.99
PUR,739654900,10840048219296,00100000001.0000200000071.99,73965490,10840048219296,1,71.99
PUR,914505000,10857545008742,00100000001.0000200000009.99,91450500,10857545008742,1,9.99
PUR,914505000,10857545008759,00100000001.0000200000009.99,91450500,10857545008759,1,9.99
PUR,839874690,20819500026212,00100000001.0000200000044.99,83987469,20819500026212,1,44.99