85045129,840439106542,1,12.99
85045129,840439106047,1,12.99
88901154,850008118272,1,7.99
45966160,719499008045,2,11.99
66418767,784762078117,1,10.99
91450500,10857545008742,1,9.99
91450500,10857545008759,1,9.99
82314282,784762077363,4,10.99
78595000,649964327220,2,12.99
78595000,817458027103,1,12.99
87709042,784762078810,1,10.99
66418767,784762078810,1,10.99
45083030,719499005280,1,11.99
45083030,719499005051,1,11.99
45083030,719499005310,1,11.99
85045129,719499005310,1,11.99
83030178,619682010124,1,6.99
39917520,619682010124,1,6.99
77403030,619682010124,5,6.99
82575244,619682010124,1,6.99
43895259,619682010124,1,6.99
42431786,619682010124,3,6.99
44192430,850008118241,1,7.99
88901154,850008118241,1,7.99
42923231,784762078612,1,10.99
42923231,784762078612,1,10.99
87709042,784762078612,1,10.99
85465580,784762078612,1,10.99
20910190,784762078612,1,10.99
77867710,850008118630,1,7.99
77867710,784762071682,2,14.99
49182800,784762071682,1,14.99
84188828,850008118258,1,7.99
88901154,850008118258,1,7.99
43430083,850008118258,1,7.99
20910190,619682009906,1,6.99
85679431,619682009906,2,6.99
83987469,784762078414,1,10.99
83987469,784762078315,1,10.99
87709042,784762078315,1,10.99
92275560,784762078315,3,10.99
66418767,784762078315,1,10.99
24654290,784762078315,1,10.99
90088840,619682010407,2,6.99
78595000,619682010407,2,6.99
42860712,619682010407,2,6.99
98155490,619682010407,2,6.99
42924005,619682010407,3,6.99
45083030,619682010407,5,6.99
47410840,619682010407,2,6.99
56530660,619682010407,1,6.99
39368390,619682010407,1,6.99
55914170,619682010407,4,6.99
42723742,619682010407,2,6.99
47658435,619682010407,2,6.99
88405013,619682010407,3,6.99
25235613,619682010407,3,6.99
48833142,619682010407,1,6.99
42431786,619682010407,6,6.99
47532006,619682010407,2,6.99
23095095,619682010407,1,6.99
85679431,619682010407,1,6.99
47518838,619682010407,5,6.99
74406704,619682010407,2,6.99
44371429,619682010407,3,6.99
43775405,619682010407,2,6.99
77403030,619682010407,5,6.99
66426853,619682010407,2,6.99
86642489,619682010407,1,6.99
48733547,619682010407,5,6.99
46258179,619682010407,2,6.99
85679431,619682010407,2,6.99
45651453,619682010407,4,6.99
45746099,619682010407,1,6.99
83030178,619682010407,1,6.99
42922403,619682010407,3,6.99
77867710,619682010407,3,6.99
24045770,619682010407,2,6.99
45493971,619682010407,1,6.99
84188828,850008118296,2,7.99
69381065,850008118296,5,7.99
88901154,850008118296,1,7.99
84188828,850008118487,2,7.99
92275560,850008118487,1,7.99
82157334,619682010285,3,6.99
42431786,619682010285,2,6.99
98690010,619682010285,1,6.99
46089059,619682010285,4,6.99
49368787,619682010285,1,6.99
84188828,850008118616,2,7.99
77867710,850008118500,1,7.99
83987469,817458027318,1,12.99
83987469,817458027080,1,12.99
24045770,619682009876,1,6.99
85679431,619682010247,2,6.99
47531714,850008118616,1,7.99
85045129,840439106108,1,12.99
85045129,719499005044,1,11.99
77403030,719499005044,4,11.99
77403030,619682010247,5,6.99
23346704,619682010247,2,6.99
66418767,719499005624,1,11.99
82314282,784762077325,4,10.99
90088840,619682010247,1,6.99
42923231,619682010247,2,6.99
78595000,817458027097,1,12.99
78595000,649964321617,3,12.99
78595000,817458027080,1,12.99
78595000,619682009876,2,6.99
78595000,619682010247,2,6.99
78878230,619682010247,2,6.99
20910190,619682010247,1,6.99
73965490,619682010247,4,6.99
73965490,784762078513,3,10.99
62094516,619682009876,1,6.99
83030178,619682009876,1,6.99
83030178,619682010247,1,6.99
24357175,619682010247,1,6.99
45083030,719499005044,2,11.99
92275560,719499005044,4,11.99
47410840,817458027080,1,12.99
47410840,619682010247,1,6.99
47410840,842426155281,1,32.99
47410840,719499005044,1,11.99
43430707,719499005044,1,11.99
82575244,619682010247,1,6.99
49182800,619682010247,1,6.99
49182800,619682009876,1,6.99
24654290,719499005044,1,11.99
42431786,619682010247,4,6.99
48555190,619682010247,4,6.99
39368390,619682010247,1,6.99
55914170,619682010247,2,6.99
42924005,719499005044,1,11.99
83987469,20819500026212,1,44.99
85679431,619682010322,4,6.99
47531714,850008118609,1,7.99
47531714,619682621221,4,6.99
47531714,619682010322,3,6.99
47532006,619682010322,1,6.99
47532006,619682621221,1,6.99
47532006,619682010360,1,6.99
43431642,619682010322,5,6.99
43431642,619682010360,6,6.99
45651453,619682621221,4,6.99
45651453,619682010322,10,6.99
85045129,840439106016,1,12.99
85045129,719499005587,1,11.99
45746099,619682010322,2,6.99
44472437,619682010322,2,6.99
77403030,619682010322,10,6.99
77403030,619682621221,5,6.99
86642489,619682010322,1,6.99
88901154,850008118609,1,7.99
88901154,850008118289,1,7.99
48733547,619682010360,5,6.99
48733547,619682010322,5,6.99
49635005,619682621221,3,6.99
85465580,619682621221,2,6.99
98690010,619682621221,1,6.99
98690010,619682010360,1,6.99
23346704,619682010322,3,6.99
46258179,619682010322,2,6.99
74406704,619682621221,2,6.99
55831960,619682010322,2,6.99
44371429,619682010360,3,6.99
88065925,619682010322,2,6.99
82314282,784762077417,4,10.99
43775405,619682621221,2,6.99
43775405,619682010322,2,6.99
43775405,619682010360,2,6.99
47532006,619682010322,3,6.99
47532006,850008118265,1,7.99
47532006,619682010360,2,6.99
47532006,619682621221,2,6.99
47532006,619682010360,2,6.99
23095095,619682010322,1,6.99
23095095,619682010360,3,6.99
85679431,619682010322,2,6.99
85679431,619682621221,1,6.99
49182800,850008118289,1,7.99
49182800,850008118265,1,7.99
49182800,619682010360,1,6.99
49182800,619682621221,1,6.99
49182800,619682010322,1,6.99
43895259,619682621221,1,6.99
43895259,619682010360,1,6.99
48833142,619682010322,1,6.99
42431786,619682010322,8,6.99
42431786,619682010209,1,6.99
42431786,619682621221,5,6.99
47658435,619682010322,3,6.99
56530660,619682010445,1,6.99
56530660,619682010360,1,6.99
56530660,619682010322,2,6.99
56530660,619682621221,3,6.99
48555190,619682010322,4,6.99
48555190,840439106016,2,12.99
39368390,619682010322,1,6.99
55914170,619682621221,2,6.99
55914170,619682010360,2,6.99
55914170,619682010322,3,6.99
42723742,619682010360,1,6.99
47658435,619682010360,1,6.99
47658435,619682621221,1,6.99
98155490,619682010322,4,6.99
98155490,619682621221,2,6.99
42924005,619682010322,3,6.99
44192430,850008118265,1,7.99
53632040,619682621221,1,6.99
53632040,619682010322,1,6.99
24357175,784762071637,1,14.99
24357175,619682621221,4,6.99
24357175,619682010360,1,6.99
24357175,619682010209,1,6.99
45083030,619682010360,5,6.99
45083030,619682621221,5,6.99
45083030,619682010322,5,6.99
92275560,649964321570,1,12.99
47410840,619682621221,2,6.99
47410840,619682010322,3,6.99
47410840,619682010445,1,6.99
42860712,619682010322,2,6.99
46258179,619682010322,3,6.99
46258179,619682010360,2,6.99
90088840,619682010322,3,6.99
78595000,619682010322,2,6.99
78595000,619682010360,2,6.99
78595000,619682621221,2,6.99
53448570,784762078216,4,10.99
78878230,619682010360,2,6.99
78878230,619682621221,2,6.99
20910190,619682621221,1,6.99
45493971,619682010322,1,6.99
73965490,719499005587,1,11.99
73965490,719499005556,1,11.99
73965490,619682010322,4,6.99
45493971,619682010360,4,6.99
45493971,619682010209,2,6.99
45493971,619682621221,4,6.99
45493971,619682010322,4,6.99
62094516,619682010322,1,6.99
62094516,619682621221,1,6.99
25236660,619682010322,2,6.99
83030178,619682010360,1,6.99
83030178,619682621221,1,6.99
83030178,619682010322,1,6.99
49887144,842426155403,1,18.99
49887144,850008118609,2,7.99
42922403,619682010322,4,6.99
42922403,619682621221,1,6.99
42922403,619682010360,1,6.99
84188828,850008118289,1,7.99
77867710,619682010322,3,6.99
77867710,619682621221,3,6.99
83987469,619682010322,4,6.99
83987469,619682621221,2,6.99
83987469,619682010445,1,6.99
24045770,619682010322,4,6.99
24045770,619682010360,1,6.99
49368787,619682621221,1,6.99
49368787,619682010360,1,6.99
73965490,77170511445,1,159.99
48833142,77170771795,1,40.99
82314282,8660007681,4,23.99
82314282,8660007179,2,23.99
82314282,8660006820,24,10.99
90088840,76013000665,1,72.99
49182800,716165201960,1,35.99
78595000,86400801980,1,46.99
87709042,716165252061,1,39.99
78595000,887982094285,1,30.99
45083030,887982094285,1,30.99
55831960,887982094285,1,30.99
23095095,887982094285,1,30.99
24357175,79083129502,1,81.99
82575244,79083129502,1,81.99
78595000,716165250685,2,25.99
87709042,716165250685,1,25.99
24357175,716165250685,1,25.99
63182614,716165255581,1,54.99
45541348,716165171454,1,32.99
73965490,716165174189,1,16.99
45541348,716165174189,1,16.99
47532006,716165177326,1,15.99
45541348,716165177326,1,15.99
53632040,77170110365,-1,61.99
87709042,77170110365,1,61.99
44686316,77170110365,1,61.99
77403030,77170110365,1,61.99
24045770,77170110365,1,61.99
45493971,77170110365,1,61.99
78595000,77170110365,1,61.99
73965490,77170110365,1,61.99
42923231,716165250326,1,29.99
78595000,716165250326,1,29.99
45083030,716165250326,1,29.99
71914300,716165250326,1,29.99
43775405,716165250326,1,29.99
45493971,716165250326,1,29.99
42499311,716165253365,1,39.99
43775405,79083127249,1,40.99
71914300,77170510011,1,30.99
43775405,77170510011,2,30.99
55914170,77170510011,1,30.99
43775405,77170510011,2,30.99
49880277,842426167642,1,34.99
83987469,716165174585,1,35.99
24045770,716165177364,1,29.99
83987469,86400901031,1,59.99
85679431,716165177364,2,29.99
47531714,850730000302,1,29.99
43431642,76013000054,1,87.99
45651453,716165177364,1,29.99
45651453,850730000302,1,29.99
77403030,716165255635,1,62.99
48733547,716165177364,2,29.99
46258179,850730000302,1,29.99
47518838,716165177364,1,29.99
47518838,850730000302,1,29.99
47518838,716165177128,1,35.99
53632040,86400901031,-1,59.99
42847879,850730000302,1,29.99
43775405,77170510028,1,30.99
43775405,850730000302,1,29.99
68450033,716165177364,1,29.99
42923231,716165177364,1,29.99
42923231,850730000302,1,29.99
42923231,716165177128,2,35.99
78595000,716165174585,1,35.99
78595000,850730000302,2,29.99
78595000,716165255635,1,62.99
78595000,716165177364,1,29.99
78595000,77170510028,1,30.99
29421410,716165177364,1,29.99
78878230,850730000302,1,29.99
44997480,850730000302,1,29.99
42860712,77170510028,1,30.99
68481969,850730000302,1,29.99
68481969,716165179498,1,15.99
42999739,76013000054,2,87.99
42999739,76013000054,-1,87.99
25236660,77170126335,1,30.99
45541348,850730000302,1,29.99
45541348,77170510028,1,30.99
87709042,716165177128,1,35.99
87709042,850730000302,2,29.99
87709042,716165177364,1,29.99
24357175,850730000302,1,29.99
45083030,716165177364,2,29.99
45083030,850730000302,2,29.99
45083030,716165174585,1,35.99
92275560,850730000302,1,29.99
20779080,850730000302,1,29.99
47410840,850730000302,1,29.99
69381065,850730000302,1,29.99
42499311,716165177364,1,29.99
42499311,850730000302,1,29.99
71914300,716165177128,1,35.99
71914300,716165177364,1,29.99
71914300,850730000302,1,29.99
43430707,716165177364,1,29.99
43430707,716165179498,1,15.99
69638820,716165179498,1,15.99
49887144,850730000302,1,29.99
46258179,850730000302,1,29.99
46258179,716165177364,1,29.99
47532006,716165177364,1,29.99
47410840,86400901031,1,59.99
47410840,850730000302,1,29.99
85679431,76013000054,1,87.99
43895259,716165177128,1,35.99
43895259,850730000302,1,29.99
42431786,716165177128,2,35.99
56530660,850730000302,1,29.99
56530660,716165177364,1,29.99
55914170,716165179498,1,15.99
83294407,716165177364,1,29.99
63182614,716165177128,1,35.99
42924005,716165255635,1,62.99
44192430,716165177128,1,35.99
44192430,716165174585,1,35.99
53632040,86400901031,1,59.99
50432000,79083159509,1,81.99
47518838,716165174226,1,40.99
45966160,79083159509,1,81.99
49182800,716165202110,1,35.99
56530660,716165250319,1,16.99
46349942,79083157246,1,40.99
43430083,850730000135,1,17.99
87709042,850730000135,1,17.99
87709042,79083159509,1,81.99
24357175,79083159509,1,81.99
20779080,716165250319,1,16.99
21056940,716165253389,1,39.99
71914300,94781282502,1,29.99
43775405,79083157246,1,40.99
72811880,716165202110,1,35.99
89772072,79083159509,1,81.99
78595000,79083159509,1,81.99
78595000,196177225824,1,31.99
98787628,716165253389,1,39.99
43633593,79083159509,1,81.99
45541348,79083159509,1,81.99
72811880,70137511229,1,31.89
78595000,70137511229,6,31.89
80546000,70137511229,1,31.89
83030178,70137511229,1,31.89
45541348,70137511229,1,31.89
24654290,70137511229,1,31.89
55914170,70137511229,2,31.89
45083030,70137511229,3,31.89
47518838,70137511229,1,31.89
44686316,70137511229,2,31.89
24045770,70137511229,1,31.89
49368787,70137511229,2,31.89
85679431,70137511229,3,31.89
45651453,70137511229,1,31.89
29421410,842426166867,1,13.49
49635005,31700900376,1,37.99
47532006,842426165549,1,11.99
47410840,818892014636,1,11.99
55914170,842426166898,1,13.49
55914170,70137500421,1,56.69
47410840,70137500421,2,56.69
47518838,70137500421,1,56.69
87709042,842426165426,1,11.99
46089059,842426165426,1,11.99
43714443,842426165426,1,11.99
47658435,71610341036,1,38.99
47658435,842426172059,1,11.99
42714678,842426165365,1,11.99
47658435,842426165365,1,11.99
47658435,842426166928,2,13.49
45651453,842426167017,1,13.49
47532006,842426167017,1,13.49
47658435,842426167017,2,13.49
78595000,842426170581,3,16.49
42431786,842426170581,2,16.49
47658435,842426170581,2,16.49
44686316,842426170581,1,16.49
87011027,842426170581,24,15.35
78595000,842426170857,1,16.49
87011027,842426170857,24,15.35
55914170,842426170857,1,16.49
89772072,842426181594,2,7.49
42924005,842426181594,1,7.49
73965490,842426164078,5,11.99
49200010,842426164078,1,11.99
48555190,842426164078,3,11.99
49635005,842426164078,1,11.99
68450033,842426165488,1,11.99
91450500,842426165488,1,11.99
45083030,842426165488,1,11.99
43430083,842426165488,1,11.99
42924005,842426165488,1,11.99
53632040,842426165488,2,11.99
87709042,842426165488,1,11.99
45966160,842426165488,1,11.99
46089059,842426165488,1,11.99
43714443,842426165488,2,11.99
43620744,842426165488,1,11.99
47518838,842426165488,1,11.99
91450500,842426165488,2,11.99
83030178,842426165488,1,11.99
43714443,842426165488,1,11.99
89772072,842426179850,2,16.49
42924005,842426179850,1,16.49
47658435,842426179850,2,16.49
43714443,842426179850,1,16.49
43775405,842426179850,1,16.49
23346704,842426179850,1,16.49
46258179,842426179850,1,16.49
49635005,842426179850,1,16.49
85045129,842426179850,1,16.49
45541348,842426179850,1,16.49
43633593,842426179850,2,16.49
49887144,842426179850,2,16.49
91450500,842426179850,1,16.49
45493971,842426166959,1,13.49
42922403,842426166959,1,13.49
45651453,842426166959,1,13.49
56840900,842426166959,1,13.49
49200010,842426166959,3,13.49
92275560,842426166959,2,13.49
47658435,842426167109,2,13.49
98155490,842426167109,1,13.49
44686316,842426167109,1,13.49
83030178,842426167109,1,13.49
43633593,842426167109,1,13.49
77867710,842426167109,1,13.49
83030178,70137505259,1,63.79
45541348,70137505259,1,63.79
85679431,70137505259,1,63.79
43620744,70137505259,1,63.79
49635005,70137505259,1,63.79
44371429,70137505259,1,63.79
87709042,70137505259,1,63.79
92275560,70137505259,3,63.79
43714443,70137512479,1,31.89
83987469,70137512479,1,31.89
66418767,70137512479,1,31.89
82575244,70137512479,1,31.89
68450033,842426165273,1,11.99
43430083,842426165273,1,11.99
87709042,842426165273,1,11.99
45083030,842426165273,1,11.99
47658435,842426165273,1,11.99
39368390,842426165273,1,11.99
47532006,842426165273,1,11.99
44686316,842426165273,2,11.99
49182800,842426165273,3,11.99
45966160,842426165273,1,11.99
46089059,842426165273,1,11.99
43620744,842426165273,1,11.99
49635005,842426165273,1,11.99
77867710,842426165273,3,11.99
24045770,842426165273,1,11.99
47531714,842426165273,2,11.99
78595000,842426170703,1,16.49
45083030,842426170703,2,16.49
42431786,842426170703,2,16.49
47658435,842426170703,2,16.49
44686316,842426170703,1,16.49
24045770,842426170703,1,16.49
43431642,842426170703,1,16.49
44472437,842426170703,1,16.49
87011027,842426170703,24,15.35
83030178,842426170703,1,16.49
78880550,70137505297,1,63.79
92275560,70137505297,3,63.79
43714443,70137505297,1,63.79
43775405,70137505297,2,63.79
46089059,70137505297,1,63.79
66418767,70137505297,1,63.79
88065925,70137505297,1,63.79
78595000,70137505297,2,63.79
69381065,842426181839,3,7.49
78595000,70137831457,2,22.99
73965490,70137831457,2,22.99
92275560,70137831457,3,22.99
46702220,70137831457,1,22.99
69381065,70137831457,2,22.99
33867810,70137831457,1,22.99
42431786,70137831457,2,22.99
47658435,70137831457,1,22.99
39368390,70137831457,1,22.99
44686316,70137831457,2,22.99
24654290,70137831457,1,22.99
66418767,70137831457,2,22.99
44371429,70137831457,1,22.99
43431642,70137831457,1,22.99
29421410,70137831457,1,22.99
49635005,70137831457,1,22.99
83987469,70137831457,3,22.99
20779080,31700237960,1,27.99
77403030,31700237960,2,27.99
49182800,31700237960,1,27.99
85679431,842426165457,2,11.99
42499311,842426165457,1,11.99
47410840,842426165457,1,11.99
68450033,842426165334,1,11.99
47531714,842426165334,1,11.99
87709042,842426165334,1,11.99
45083030,842426165334,1,11.99
42499311,842426165334,2,11.99
98155490,842426165334,1,11.99
43430083,842426165334,1,11.99
42924005,842426165334,1,11.99
44686316,842426165334,1,11.99
47658435,842426165334,1,11.99
49635005,842426165334,1,11.99
46549650,842426165334,1,11.99
82157334,842426165518,1,11.99
47658435,842426165518,1,11.99
46702220,842426165518,1,11.99
47410840,842426165518,2,11.99
83030178,842426165518,1,11.99
83987469,842426165518,1,11.99
89772072,842426170826,2,16.49
78595000,842426170826,4,16.49
87011027,842426170826,24,15.35
45083030,842426170826,2,16.49
46258179,842426170826,1,16.49
47658435,842426170826,2,16.49
39368390,842426170826,1,16.49
55914170,842426170826,1,16.49
45746099,842426170826,1,16.49
43775405,842426170826,1,16.49
46089059,842426170826,1,16.49
49182800,842426170826,1,16.49
42431786,842426170826,2,16.49
85679431,842426170826,3,16.49
42431786,842426170796,2,16.49
47518838,842426170796,1,16.49
85045129,842426170796,1,16.49
77867710,842426166836,1,13.49
24045770,842426170499,1,16.49
49368787,842426170550,1,16.49
85679431,842426170499,2,16.49
50432000,842426165211,1,11.99
43431642,842426170611,1,16.49
48833142,842426165396,1,11.99
43620744,842426165242,1,11.99
39917520,842426167079,2,13.49
45651453,842426170550,2,16.49
77403030,842426170499,5,16.49
48733547,842426165396,1,11.99
49635005,842426165211,1,11.99
85465580,842426165242,1,11.99
46258179,842426170499,1,16.49
47518838,842426170499,3,16.49
47518838,842426165396,1,11.99
47518838,70137005384,2,28.39
74406704,842426165211,1,11.99
42847879,70137005384,3,28.39
45966160,842426167079,1,13.49
46089059,842426165396,1,11.99
46089059,842426170550,1,16.49
46089059,71610340992,2,38.99
46089059,70137005384,3,28.39
47532006,842426170499,2,16.49
72811880,70137005384,1,28.39
72811880,842426165396,1,11.99
89772072,842426170499,1,16.49
42923231,842426167079,1,13.49
42923231,842426165303,6,11.99
42923231,842426167079,4,13.49
78595000,70137005384,1,28.39
78595000,842426170499,4,16.49
20910190,842426165242,1,11.99
42860712,70137005384,1,28.39
73965490,842426170499,3,16.49
73965490,842426170550,3,16.49
87011027,842426170499,24,15.35
45493971,842426170550,2,16.49
45493971,842426170611,2,16.49
45493971,842426170499,2,16.49
45493971,842426167079,1,13.49
62094516,70137005384,4,28.39
83030178,842426165181,1,11.99
83030178,70137005384,1,28.39
43633593,70137511168,2,63.79
43714443,842426170499,1,16.49
42922403,842426167079,1,13.49
45541348,842426170550,1,16.49
87709042,842426165396,1,11.99
87709042,70137005384,1,28.39
45083030,842426165396,1,11.99
45083030,842426165211,1,11.99
45083030,842426170550,4,16.49
92275560,842426170499,2,16.49
92275560,842426167079,3,13.49
20779080,842426170499,1,16.49
20779080,70137005384,1,28.39
42360022,70137005384,2,28.39
42499311,842426167079,1,13.49
69638820,842426181082,2,13.49
46258179,842426170550,1,16.49
46258179,842426170499,1,16.49
47410840,842426165570,1,11.99
47410840,842426167079,1,13.49
47410840,70137005384,1,28.39
44686316,842426167079,1,13.49
44686316,842426170499,1,16.49
42847400,842426165242,1,11.99
47658435,70137005384,3,28.39
42431786,842426170611,2,16.49
42431786,842426170550,1,16.49
47658435,842426165303,1,11.99
47658435,842426165242,1,11.99
47658435,842426171458,1,11.99
47658435,842426165396,1,11.99
47658435,842426165570,1,11.99
47658435,842426170499,1,16.49
47658435,842426170611,2,16.49
47658435,842426170550,2,16.49
47658435,842426181112,2,13.49
47658435,842426167079,2,13.49
48555190,71610340992,1,38.99
39368390,842426165211,1,11.99
55914170,842426165242,1,11.99
55914170,842426165396,1,11.99
55914170,842426167079,2,13.49
55914170,842426170611,1,16.49
55914170,842426170550,1,16.49
55914170,842426170499,2,16.49
47658435,71610340992,1,38.99
43430083,70137005384,1,28.39
42924005,842426170499,1,16.49
42924005,842426165396,1,11.99
49368787,842426170765,1,16.49
49368787,70137525257,1,31.89
85679431,842426170734,4,16.49
85679431,842426170765,2,16.49
85679431,842426170529,2,16.49
85679431,71610302808,5,37.99
85679431,71610340565,2,37.99
50432000,71610302808,3,37.99
50432000,71610340565,3,37.99
47531714,818892010966,4,10.99
43431642,842426170734,2,16.49
43431642,71610302808,1,37.99
43620744,842426170734,1,16.49
43620744,842426170642,1,16.49
43620744,70137525257,1,31.89
45651453,842426170734,2,16.49
45651453,71610302808,1,37.99
45746099,842426170734,1,16.49
77403030,842426170529,5,16.49
77403030,71610341739,2,38.99
77403030,71610340565,2,37.99
45541348,71610341739,1,38.99
88901154,31700239391,2,27.99
29421410,842426170734,1,16.49
45240442,71610302808,2,37.99
48733547,842426170734,4,16.49
48733547,71610302808,5,37.99
48733547,71610340565,2,37.99
49635005,842426170642,2,16.49
49635005,842426170734,1,16.49
49635005,842426170529,1,16.49
49635005,70137525257,4,31.89
49635005,71610302808,2,37.99
85465580,70137500384,2,56.69
46258179,842426170734,1,16.49
47518838,842426170529,1,16.49
47518838,842426170642,1,16.49
47518838,842426170734,1,16.49
47518838,842426167130,1,13.49
47518838,71610340565,1,37.99
47518838,70137525257,1,31.89
66418767,71610302808,1,37.99
66418767,70137525257,1,31.89
42847879,842426170642,2,16.49
44371429,842426170734,1,16.49
88065925,71610302808,1,37.99
45966160,71610302808,1,37.99
43775405,842426170734,4,16.49
46089059,842426170734,2,16.49
46089059,842426170529,1,16.49
43775405,71610302808,1,37.99
47532006,842426170734,4,16.49
47532006,842426170529,1,16.49
47532006,842426170734,2,16.49
82575244,70137525257,2,31.89
47410840,70137500384,1,56.69
47410840,70137525257,2,31.89
47410840,71610302808,1,37.99
44686316,842426170734,1,16.49
44686316,842426170529,1,16.49
44686316,842426170642,1,16.49
44686316,842426170765,2,16.49
44686316,71610302808,1,37.99
44686316,70137500384,1,56.69
44686316,70137500889,1,62.09
43714443,842426167130,1,13.49
43714443,842426170734,1,16.49
23095095,818892010966,1,10.99
85679431,70137500384,1,56.69
85679431,71610302808,1,37.99
85679431,842426170734,1,16.49
88405013,71610302808,2,37.99
88405013,70137525257,4,31.89
88405013,31700239391,1,27.99
43714443,70137500384,1,56.69
49182800,842426170765,1,16.49
24654290,31700239391,1,27.99
24357175,842426170734,1,16.49
24357175,842426167161,1,13.49
56840900,31700239391,1,27.99
42431786,842426167130,2,13.49
42431786,842426170765,2,16.49
42431786,842426170734,2,16.49
47658435,31700239391,1,27.99
47658435,842426170642,2,16.49
47658435,842426170734,2,16.49
47658435,842426170529,2,16.49
47658435,842426170765,2,16.49
47658435,842426167161,2,13.49
47658435,842426167130,2,13.49
48555190,71610340565,1,37.99
48555190,71610302808,1,37.99
48555190,31700239391,1,27.99
48555190,842426170734,3,16.49
55914170,842426167130,2,13.49
55914170,842426170529,1,16.49
55914170,842426170734,2,16.49
55914170,818892010966,1,10.99
55914170,71610302808,1,37.99
55914170,70137500384,1,56.69
42723742,71610302808,1,37.99
69422879,71610302808,1,37.99
47658435,70137500384,2,56.69
47658435,71610302808,3,37.99
47658435,71610340565,1,37.99
47658435,71610341739,1,38.99
83294407,70137525257,1,31.89
43430083,842426170734,1,16.49
38006872,70137525257,1,31.89
42924005,842426170734,1,16.49
42924005,71610340565,1,37.99
44192430,71610302808,2,37.99
49200010,842426165150,1,11.99
33867810,71610302808,2,37.99
87709042,70137525257,3,31.89
45083030,842426170529,4,16.49
45083030,842426170642,4,16.49
45083030,842426170734,4,16.49
45083030,71610341517,1,37.99
45083030,71610302808,3,37.99
45083030,71610340565,1,37.99
45083030,70137500384,4,56.69
92275560,842426170734,4,16.49
92275560,812319018948,4,10.99
92275560,71610341517,1,37.99
92275560,71610341739,1,38.99
92275560,71610340565,1,37.99
92275560,71610302808,2,37.99
20779080,842426170529,1,16.49
20779080,842426170734,1,16.49
20779080,71610302808,1,37.99
20779080,71610341760,1,37.99
20779080,70137500384,1,56.69
47410840,71610302808,1,37.99
42360022,70137005421,1,28.39
69381065,842426181747,8,7.49
42499311,842426170529,1,16.49
42499311,842426170734,2,16.49
77403030,31700239391,2,27.99
71914300,71610341760,1,37.99
71914300,842426167130,1,13.49
25262260,842426170765,1,16.49
98143430,31700239391,2,27.99
49200010,31700239391,1,27.99
77403030,71610302808,6,37.99
42499311,842426167130,1,13.49
46258179,842426170734,1,16.49
46258179,842426170529,1,16.49
77867710,842426170765,3,16.49
72811880,70137525257,1,31.89
89772072,842426170734,2,16.49
89772072,842426170765,2,16.49
89772072,842426170642,1,16.49
89772072,71610302808,1,37.99
42923231,842426170734,2,16.49
78595000,31700239391,3,27.99
78595000,71610302808,4,37.99
78595000,70137500384,1,56.69
78595000,70137525257,4,31.89
78595000,842426170529,4,16.49
78595000,842426170642,2,16.49
78595000,842426170734,4,16.49
78595000,842426170765,2,16.49
91450500,842426170765,1,16.49
91450500,842426170529,1,16.49
91450500,842426167130,1,13.49
44472437,842426170734,1,16.49
20910190,70137525257,1,31.89
45845155,71610302808,1,37.99
68481969,71610302808,1,37.99
73965490,70137500384,2,56.69
73965490,71610341739,2,38.99
73965490,71610341760,1,37.99
73965490,842426170734,3,16.49
87011027,842426170734,24,15.35
87011027,842426170642,24,15.35
46968050,842426170734,1,16.49
46968050,71610341517,1,37.99
46968050,71610302808,1,37.99
45493971,842426170734,15,16.49
45493971,70137525257,5,31.89
62094516,70137500384,2,56.69
89279441,71610302808,1,37.99
83030178,842426170734,1,16.49
83030178,842426170765,1,16.49
83030178,842426167130,1,13.49
83030178,71610340565,1,37.99
83030178,71610302808,1,37.99
83030178,70137525257,1,31.89
45240442,70137525257,1,31.89
43633593,842426170734,4,16.49
43633593,818892010966,2,10.99
42847879,71610302808,2,37.99
49637929,71610302808,1,37.99
43714443,842426170734,1,16.49
45541348,842426170734,1,16.49
45541348,842426170529,1,16.49
77867710,71610340565,3,37.99
77867710,70137500384,3,56.69
66407850,70137500384,1,56.69
24045770,842426170734,1,16.49
24045770,842426167130,1,13.49
49368787,842426170734,1,16.49
46968050,12300220804,-1,103.89
46968050,27200347247,1,78.49
86642489,802284004695,1,36.69
62094516,28200309914,2,80.59
49635005,28200309914,1,80.59
47532006,12300842136,1,103.89
25262260,28200177506,1,97.09
82575244,685141913190,1,28.99
82575244,28200304810,1,88.19
82575244,43300187514,1,65.19
82712443,26100805833,1,88.69
66418767,26100805833,1,88.69
23095095,26100805833,1,88.69
87709042,814057001213,1,42.79
45083030,12300845137,2,103.89
45083030,28200137708,2,84.69
24357175,708926565213,1,40.99
42923231,751667126663,2,49.99
43620744,751667126663,1,49.99
24357175,751667126663,1,49.99
42431786,751667126663,1,49.99
55914170,751667126663,1,49.99
72811880,27200347278,1,78.49
68481969,27200347278,1,78.49
83294407,76940197032,2,30.99
88232336,28200140104,1,84.69
82712443,28200140104,1,84.69
72811880,28200140104,1,84.69
42723742,28200140104,1,84.69
83294407,28200140104,1,84.69
45083030,28200140104,1,84.69
49635005,28200140104,2,84.69
45966160,28200140104,2,84.69
46549650,28200140104,1,84.69
25262260,28200140104,2,84.69
48733547,28200140104,1,84.69
46968050,28200140104,1,84.69
62094516,28200140104,2,84.69
82157334,28200140104,1,84.69
46968050,11000104070,1,68.19
46968050,681467003256,2,31.99
42928518,27200209545,1,62.29
42924005,12300160131,1,124.59
82157334,28200137609,1,84.69
66418767,28200137609,1,84.69
82575244,28200137609,2,84.69
82575244,28200303714,5,88.19
62094515,28200303714,2,88.19
62094515,28200305312,2,88.19
82575244,28200305312,1,88.19
45652751,28200330611,1,84.69
49635005,28200330611,1,84.69
82712443,28200148506,1,84.69
49200010,28200148506,1,84.69
24654290,28200148506,1,84.69
82575244,28200148506,2,84.69
43430083,43300187187,1,65.19
49200010,43300187187,1,65.19
46349942,43300187187,1,65.19
45652751,43300187187,1,65.19
45122177,708926561314,2,40.99
88065925,708926561314,1,40.99
53632040,11000493082,1,68.19
53632040,11000283089,1,59.59
53632040,11000010036,1,40.69
53632040,27200018628,1,78.49
27056660,27200018628,3,78.49
62094516,11000010050,2,40.69
53632040,11000010050,1,40.69
53632040,11000492085,3,68.19
82575244,11000492085,1,68.19
53632040,11000010067,2,40.69
53632040,76940197049,3,30.99
87709042,685141913114,1,28.99
53632040,685141913114,3,28.99
82575244,685141913114,2,28.99
29421410,685141913114,1,28.99
85465580,685141913114,1,28.99
65743280,685141913114,10,28.99
82157334,28200138606,1,81.59
23201390,28200138606,1,81.59
83294407,28200138606,1,81.59
45122177,28200138606,2,81.59
85679431,28200138606,1,81.59
91450500,709215202116,1,32.49
42847879,28200304216,1,88.19
82575244,28200304216,2,88.19
43714443,28200178701,2,96.09
82712443,90500100003,1,63.99
49635005,90500100003,2,63.99
21056940,90500100003,-1,63.99
21056940,90500100003,1,63.99
89279441,90500100003,1,63.99
46968050,90500100553,1,82.79
24654290,90500100553,1,82.79
33867810,90600301430,1,76.59
56840900,90600301430,1,76.59
42445493,90500100133,1,82.09
87684444,90500100133,1,82.09
82575244,90500100133,2,82.09
82157334,90500100133,1,82.09
78878230,708926561116,4,40.99
49635005,708926561116,2,40.99
87709042,814057001015,1,42.79
78878230,814057001015,4,42.79
78878230,708926563042,4,40.99
24357175,708926563042,2,40.99
42723742,708926563042,1,40.99
87709042,708926563042,3,40.99
47946236,47995855321,1,95.79
45083030,47995855321,1,95.79
48733547,47995855321,1,95.79
47946236,28200136909,1,81.59
80546000,47995855185,1,90.89
42723742,47995855185,1,90.89
43430083,47995855185,1,90.89
42928518,47995855185,1,90.89
85679431,47995855185,1,90.89
39368390,47995855185,1,90.89
49635005,47995855185,1,90.89
82575244,47995855185,1,90.89
62094516,47995855185,1,90.89
47946236,47995855185,1,90.89
49200010,28200172365,2,109.99
77867710,28200172365,1,109.99
45493971,28200172365,1,109.99
72811880,28200196200,1,84.69
68481969,28200196200,1,84.69
42445493,28200196200,2,84.69
23201390,28200196200,1,84.69
24654290,28200196200,2,84.69
62094515,28200196200,1,84.69
53632040,28200196200,1,84.69
49635005,28200196200,2,84.69
82157334,28200196200,1,84.69
62094516,28200196200,2,84.69
47946236,28200196200,1,84.69
77867710,28200196200,2,84.69
42445493,27200731527,2,78.49
82575244,27200731527,1,78.49
85465580,27200731527,1,78.49
99119820,27200731527,1,78.49
44997480,27200731527,1,78.49
69638820,12300844130,1,103.89
69638820,12300844185,1,84.99
82575244,12300844185,1,84.99
82575244,28200174307,1,97.09
69638820,28200174307,1,97.09
82157334,26100806618,1,79.99
46349942,26100806618,1,79.99
69638820,26100806618,1,79.99
45097899,27200011179,1,124.59
69638820,27200011179,1,124.59
69638820,27200207008,1,124.59
62094516,28200173508,1,97.09
69638820,28200173508,1,97.09
53632040,28200173508,1,97.09
82157334,90500100263,1,94.99
24654290,90500100263,1,94.99
49635005,90500100263,1,94.99
56840900,90500100263,1,94.99
69638820,90500100263,1,97.79
72811880,90500100188,1,82.79
46968050,90500100188,1,82.79
43714443,90500100188,1,82.79
42723742,90500100188,1,82.79
45083030,90500100188,2,82.79
43714443,90500100188,-1,82.79
69638820,90500100188,1,84.49
24045770,853272008188,3,24.79
82712443,90500100256,1,94.99
49368787,90500100256,1,97.79
22438100,90500100256,1,94.99
44536184,90500100256,2,94.99
43430083,90500100256,1,94.99
66418767,90500100256,1,94.99
47532006,90500100256,1,94.99
42416622,681467003287,4,31.99
50432000,681467003287,4,31.99
47532006,681467003287,1,31.99
45650327,681467003287,2,31.99
22438100,681467003287,1,31.99
47532006,28200194909,2,84.69
82575244,28200194909,1,84.69
82575244,47995200411,1,95.79
27056660,47995200411,1,95.79
49635005,47995200411,1,95.79
62094516,47995855338,1,90.89
49200010,47995855338,1,90.89
82575244,47995855338,1,90.89
82575244,47995855338,2,90.89
49635005,47995855338,2,90.89
27056660,47995855338,2,90.89
45652751,47995855192,1,90.89
46968050,47995855192,1,90.89
62094516,47995855192,1,90.89
25262260,47995855192,1,90.89
49200010,47995855192,1,90.89
53632040,47995855192,1,90.89
87684444,47995855192,1,90.89
46349942,47995855192,1,90.89
63182614,47995855192,1,90.89
43430083,47995855192,2,90.89
69638820,47995855192,1,90.89
27056660,47995855192,2,90.89
48733547,47995855192,2,90.89
68450033,90500100218,1,82.79
62094516,90500100218,2,82.79
43431642,90500100218,1,84.49
47532006,90500100218,1,82.79
92275560,90500100171,1,82.79
43430083,90500100171,1,82.79
45083030,90500100171,2,82.79
56840900,90500100171,1,82.79
45966160,90500100171,3,82.79
82575244,90500100171,1,82.79
48833142,90500100171,1,82.79
43431642,90500100171,1,84.49
69638820,90500100171,1,84.49
89279441,90500100171,1,84.49
49887144,90500100171,3,82.79
43714443,90500100171,1,82.79
82157334,90500100171,1,82.79
46968050,90500100171,2,82.79
89772072,90500100171,1,82.79
42860712,90500100171,1,82.79
42862286,43300109271,1,65.19
43431642,43300109271,1,65.19
66418767,43300109271,1,65.19
25235613,43300109271,2,65.19
42928518,27200205936,1,62.29
42860712,27200205936,1,62.29
45651453,28052020128,1,115.69
78878230,708926562113,4,40.99
78880550,708926562113,3,40.99
78878230,708926562311,2,40.99
78880550,708926562311,5,40.99
20779080,708926562311,1,40.99
88835933,12300103138,1,84.99
88835933,28200136404,1,84.69
63182614,28200136404,1,84.69
45966160,28200136404,2,84.69
49635005,28200136404,1,84.69
69638820,28200136404,1,84.69
46968050,28200136404,1,84.69
47946236,28200136404,1,84.69
45652751,43300109189,1,65.19
20910190,43300109189,1,65.19
21056940,43300109189,2,65.19
24654290,43300109189,1,65.19
43431642,43300109189,1,65.19
66418767,43300109189,1,65.19
46349942,43300109189,1,65.19
46968050,43300109189,1,65.19
25262260,43300109189,1,65.19
46968050,28200196507,1,81.59
42360022,28200196507,1,81.59
33867810,28200196507,1,81.59
53632040,28200196507,2,81.59
23201390,28200196507,1,81.59
24654290,28200196507,1,81.59
66407850,28200196507,1,81.59
69638820,28200196507,2,81.59
49635005,28200196507,4,81.59
98690010,28200196507,1,81.59
82575244,28200196507,1,81.59
82157334,27200018512,1,78.49
62094516,27200018512,2,78.49
45122177,27200018512,2,78.49
25262260,27200018512,1,78.49
82157334,47995855345,1,95.79
62094516,47995855345,1,95.79
25262260,47995855345,1,95.79
25262260,47995855345,1,95.79
51283300,47995855345,1,95.79
49635005,47995855345,1,95.79
82712443,90500100287,1,94.99
45097899,90500100287,1,94.99
46290360,90500100287,1,97.79
82575244,90500100287,1,94.99
23095095,90500100287,1,94.99
47532006,90500100287,1,94.99
69638820,90500100287,1,97.79
45541348,28200195807,1,97.09
45541348,28200195807,-1,97.09
66085676,28200195807,1,97.09
45541348,26100016239,1,88.69
45541348,26100016239,-1,88.69
66085676,26100016239,1,88.69
66418767,26100016239,1,88.69
44536184,26100016239,1,88.69
45652751,28200310316,1,80.59
46968050,28200310316,1,80.59
82157334,28200310316,1,80.59
45083030,28200310316,1,80.59
82575244,28200310316,1,80.59
56840900,28200310316,1,80.59
49635005,28200310316,1,80.59
25262260,28200310316,1,80.59
82157334,47995855154,1,95.79
62094516,47995855154,1,95.79
82157334,47995855154,1,95.79
49200010,47995855154,2,95.79
45083030,47995855154,1,95.79
49635005,47995855154,1,95.79
46349942,28200147806,1,81.59
82157334,28200147806,1,81.59
82157334,28200147806,1,81.59
53632040,28200147806,1,81.59
56840900,28200147806,1,81.59
56530660,28200147806,2,81.59
83294407,28200147806,1,81.59
44536184,28200147806,1,81.59
46349942,28200147806,2,81.59
46968050,28200147806,1,81.59
48733547,28200147806,1,81.59
42714678,28200334817,1,81.59
42714678,28200334817,1,81.59
53632040,28200334817,1,81.59
82157334,28200334817,1,81.59
62094515,28200334817,5,81.59
49635005,28200334817,2,81.59
85465580,28200334817,3,81.59
63202300,28200334817,2,81.59
62094516,28200310415,2,80.59
53632040,28200310415,1,80.59
45083030,28200310415,1,80.59
82157334,28200310415,1,80.59
82575244,28200310415,1,80.59
49635005,28200310415,1,80.59
69638820,28200310415,1,80.59
72811880,708926563219,1,40.99
82157334,708926563219,2,40.99
25236660,708926563219,3,40.99
24357175,708926563219,2,40.99
20779080,708926563219,2,40.99
69381065,708926563219,1,40.99
82157334,708926563219,1,40.99
42723742,708926563219,1,40.99
44536184,708926563219,1,40.99
87709042,708926563219,1,40.99
49635005,708926563219,1,40.99
88065925,708926563219,1,40.99
22438100,708926563219,1,40.99
42714678,28200195203,2,81.59
25262260,28200195203,2,81.59
82157334,28200195203,2,81.59
88835933,28200195203,3,81.59
42714678,28200195203,1,81.59
53632040,28200195203,4,81.59
25235613,28200195203,3,81.59
82575244,28200195203,3,81.59
82575244,28200195203,2,81.59
45966160,28200195203,4,81.59
85465580,28200195203,2,81.59
66418767,28200195203,1,81.59
48733547,28200195203,1,81.59
49635005,28200195203,16,81.59
47168976,28200195203,3,81.59
62094516,28200195203,2,81.59
69638820,28200195203,2,81.59
82157334,28200195203,2,81.59
82157334,43300187156,1,65.19
46290360,43300187156,1,65.19
43430083,43300187156,1,65.19
24654290,43300187156,1,65.19
98690010,43300187156,1,65.19
43431642,43300187156,1,65.19
46349942,43300187156,1,65.19
82157334,43300187156,2,65.19
46968050,27200347308,1,78.49
69638820,27200347308,1,78.49
99119820,27200347308,1,78.49
68450033,26100805772,1,88.69
45097899,26100805772,1,88.69
90088840,26100805772,2,88.69
42445493,26100805772,2,88.69
25262260,26100805772,1,88.69
46258179,26100805772,2,88.69
42928518,26100805772,2,88.69
49200010,26100805772,2,88.69
45083030,26100805772,10,88.69
47556300,26100805772,2,88.69
44536184,26100805772,4,88.69
87684444,26100805772,1,88.69
83294407,26100805772,2,88.69
43430083,26100805772,2,88.69
47532006,26100805772,1,88.69
82575244,26100805772,1,88.69
85679431,26100805772,2,88.69
56840900,26100805772,2,88.69
68481969,26100805772,1,88.69
46258179,26100805772,1,88.69
66418767,26100805772,2,88.69
45966160,26100805772,2,88.69
49635005,26100805772,1,88.69
85465580,26100805772,1,88.69
42862286,26100805772,2,88.69
42862286,26100805772,4,88.69
43431642,26100805772,3,88.69
46968050,26100805772,3,88.69
45651453,26100805772,1,88.69
45240442,26100805772,1,88.69
77867710,26100805772,3,88.69
69638820,26100805772,1,88.69
46349942,26100805772,1,88.69
45493971,26100805772,1,88.69
42860712,26100805772,1,88.69
68481969,26100805772,2,88.69
82157334,26100805772,1,88.69
45493971,26100805772,2,88.69
23201390,11000010005,4,40.69
53632040,11000010005,5,40.69
68450033,90600392674,2,32.99
91450500,90600392674,2,32.99
25262260,90600392674,1,33.99
43620744,90600392674,1,32.99
47410840,90600392674,6,32.99
45493971,90600392674,5,32.99
82157334,12300107136,1,84.99
46349942,12300107136,1,84.99
82575244,12300107136,1,84.99
23095095,12300107136,1,84.99
66418767,12300107136,1,84.99
27056660,12300107136,3,84.99
48733547,12300107136,3,84.99
49635005,12300107136,1,84.99
82157334,12300107136,2,84.99
82157334,685141913077,1,28.99
92275560,685141913077,2,28.99
53632040,685141913077,1,28.99
24357175,685141913077,1,28.99
56530660,685141913077,1,28.99
42723742,685141913077,3,28.99
87709042,685141913077,1,28.99
82575244,685141913077,5,28.99
85465580,685141913077,3,28.99
88065925,685141913077,1,28.99
99730520,685141913077,1,28.99
65743280,685141913077,10,28.99
99119820,685141913077,1,28.99
50432000,685141913077,2,28.99
46968050,685141913077,1,28.99
82157334,28200142306,1,81.59
62094516,28200142306,2,81.59
82157334,28200142306,1,81.59
53632040,28200142306,1,81.59
66418767,28200142306,1,81.59
82575244,28200142306,1,81.59
69638820,28200142306,2,81.59
47531714,28200142306,1,81.59
72465000,28200136305,2,81.59
82712443,28200136305,1,81.59
53632040,28200136305,2,81.59
25262260,28200136305,3,81.59
82157334,28200136305,1,81.59
42928518,28200136305,1,81.59
38006872,28200136305,1,81.59
42714678,28200136305,1,81.59
83294407,28200136305,1,81.59
46349942,28200136305,1,81.59
63182614,28200136305,1,81.59
82575244,28200136305,1,81.59
85679431,28200136305,1,81.59
45966160,28200136305,3,81.59
62094516,28200136305,2,81.59
69638820,28200136305,1,81.59
77867710,685141913152,1,28.99
72465000,685141913152,6,28.99
68450033,685141913152,2,28.99
82712443,685141913152,1,28.99
45097899,685141913152,1,28.99
72811880,685141913152,2,28.99
82157334,685141913152,1,28.99
49887144,685141913152,1,28.99
42714678,685141913152,1,28.99
53632040,685141913152,2,28.99
24357175,685141913152,3,28.99
47556300,685141913152,1,28.99
87709042,685141913152,3,28.99
62094515,685141913152,2,28.99
38006872,685141913152,1,28.99
42924005,685141913152,1,28.99
56530660,685141913152,1,28.99
39368390,685141913152,1,28.99
42723742,685141913152,1,28.99
44536184,685141913152,2,28.99
47532006,685141913152,1,28.99
85679431,685141913152,1,28.99
42860712,685141913152,1,28.99
45966160,685141913152,6,28.99
43620744,685141913152,3,28.99
45651453,685141913152,1,28.99
44472437,685141913152,1,28.99
86642489,685141913152,1,28.99
99730520,685141913152,1,28.99
24045770,685141913152,3,28.99
49368787,685141913152,1,28.99
50432000,685141913152,7,28.99
43431642,685141913152,2,28.99
45746099,685141913152,1,28.99
45493971,685141913152,6,28.99
99119820,685141913152,1,28.99
69638820,685141913152,1,28.99
45493971,685141913152,2,28.99
82157334,685141913152,1,28.99
46968050,685141913152,1,28.99
90088840,685141913152,1,28.99
42416622,685141913152,4,28.99
80546000,685141913152,2,28.99
49182800,685141913152,1,28.99
47582529,685141913152,2,28.99
47168976,28200142207,3,81.59
88835933,28200142207,8,81.59
25262260,28200142207,2,81.59
82157334,28200142207,1,81.59
42714678,28200142207,2,81.59
53632040,28200142207,1,81.59
46349942,28200142207,1,81.59
24654290,28200142207,1,81.59
82575244,28200142207,1,81.59
44371429,28200142207,1,81.59
47531714,28200142207,1,81.59
62094516,28200142207,2,81.59
69638820,28200142207,1,81.59
46968050,28200142207,2,81.59
43895259,28200142207,1,81.59
91450500,709215302151,1,32.49
88835933,90600392629,6,33.99
25262260,709215402134,1,32.49
84318144,709215402134,2,32.49
43430083,28200173003,1,109.99
72811880,26100805727,1,88.69
46290360,26100805727,1,88.69
47532006,26100805727,1,88.69
23095095,26100805727,1,88.69
43620744,26100805727,1,88.69
46968050,26100805727,1,88.69
46349942,28200132307,1,84.69
43714443,28200132307,1,84.69
44536184,28200132307,1,84.69
49635005,28200132307,1,84.69
82157334,28200132307,1,84.69
46968050,28200132307,1,84.69
82712443,28200148100,1,84.69
42714678,28200148100,1,84.69
82575244,28200148100,2,84.69
85465580,28200148100,1,84.69
72465000,28200135704,1,81.59
82712443,28200135704,2,81.59
45097899,28200135704,3,81.59
47168976,28200135704,3,81.59
46258179,28200135704,1,81.59
23201390,28200135704,18,81.59
20393090,28200135704,3,81.59
82157334,28200135704,2,81.59
24654290,28200135704,2,81.59
42723742,28200135704,1,81.59
43430083,28200135704,1,81.59
49200010,28200135704,1,81.59
42714678,28200135704,2,81.59
53632040,28200135704,4,81.59
82575244,28200135704,3,81.59
82575244,28200135704,3,81.59
85679431,28200135704,1,81.59
25235613,28200135704,3,81.59
42963430,28200135704,6,81.59
56840900,28200135704,2,81.59
85465580,28200135704,4,81.59
45966160,28200135704,5,81.59
47532006,28200135704,1,81.59
47531714,28200135704,1,81.59
47532006,28200135704,3,81.59
27056660,28200135704,2,81.59
48733547,28200135704,3,81.59
49635005,28200135704,15,81.59
25262260,28200135704,6,81.59
45652751,28200135704,2,81.59
46349942,28200135704,1,81.59
42860712,28200135704,1,81.59
82157334,28200135704,3,81.59
46968050,28200135704,2,81.59
72465000,28200146502,2,81.59
88232336,28200146502,1,81.59
82712443,28200146502,2,81.59
66242830,28200146502,120,80.17
42860712,28200146502,1,81.59
45083030,28200146502,2,81.59
45651453,28200146502,2,81.59
20393090,28200146502,1,81.59
42999739,28200146502,1,81.59
63182614,28200146502,3,81.59
43430083,28200146502,1,81.59
38006872,28200146502,1,81.59
49200010,28200146502,2,81.59
53632040,28200146502,3,81.59
82575244,28200146502,2,81.59
25235613,28200146502,6,81.59
43714443,28200146502,2,81.59
87684444,28200146502,1,81.59
83294407,28200146502,1,81.59
46968050,28200146502,1,81.59
48733547,28200146502,1,81.59
49635005,28200146502,2,81.59
85465580,28200146502,1,81.59
45966160,28200146502,5,81.59
82157334,28200146502,1,81.59
47946236,28200146502,1,81.59
24654290,26100806601,1,79.99
92275560,28200173409,1,97.09
42445493,90500100102,2,82.09
53632040,90500100102,1,82.09
53632040,28200174406,1,97.09
21056940,28200174406,1,97.09
69638820,28200174406,1,97.09
82157334,28200156501,1,81.59
82157334,28200156501,1,81.59
68450033,26100805789,2,88.69
82712443,26100805789,1,88.69
72811880,26100805789,1,88.69
42445493,26100805789,5,88.69
45652751,26100805789,1,88.69
98143430,26100805789,3,88.69
46290360,26100805789,1,88.69
82157334,26100805789,1,88.69
47168976,26100805789,5,88.69
45083030,26100805789,10,88.69
47556300,26100805789,1,88.69
25262260,26100805789,2,88.69
87684444,26100805789,1,88.69
43430083,26100805789,2,88.69
42928518,26100805789,2,88.69
49200010,26100805789,2,88.69
48833142,26100805789,1,88.69
56840900,26100805789,2,88.69
68481969,26100805789,2,88.69
83294407,26100805789,2,88.69
44536184,26100805789,4,88.69
46258179,26100805789,1,88.69
66418767,26100805789,2,88.69
45966160,26100805789,2,88.69
85679431,26100805789,2,88.69
24654290,26100805789,1,88.69
45651453,26100805789,1,88.69
49635005,26100805789,1,88.69
85465580,26100805789,1,88.69
77867710,26100805789,3,88.69
69638820,26100805789,2,88.69
42862286,26100805789,2,88.69
42862286,26100805789,2,88.69
43431642,26100805789,1,88.69
46968050,26100805789,9,88.69
45493971,26100805789,2,88.69
45240442,26100805789,1,88.69
25262260,26100805789,4,88.69
44997480,26100805789,1,88.69
46349942,26100805789,1,88.69
42860712,26100805789,1,88.69
68481969,26100805789,1,88.69
82157334,26100805789,1,88.69
77867710,26100805734,14,88.69
72465000,26100805734,1,88.69
68450033,26100805734,6,88.69
82712443,26100805734,10,88.69
45097899,26100805734,4,88.69
72811880,26100805734,4,88.69
82157334,26100805734,2,88.69
49887144,26100805734,2,88.69
46258179,26100805734,2,88.69
42860712,26100805734,4,88.69
20393090,26100805734,1,88.69
50676960,26100805734,90,88.69
82896005,26100805734,90,88.69
47583221,26100805734,30,88.69
49200010,26100805734,4,88.69
45083030,26100805734,10,88.69
47556300,26100805734,3,88.69
46349942,26100805734,1,88.69
63182614,26100805734,2,88.69
43430083,26100805734,4,88.69
42928518,26100805734,3,88.69
62094515,26100805734,2,88.69
38006872,26100805734,3,88.69
68145526,26100805734,6,88.69
69422879,26100805734,1,88.69
87684444,26100805734,2,88.69
50676960,26100805734,240,88.69
56840900,26100805734,6,88.69
68481969,26100805734,6,88.69
24654290,26100805734,2,88.69
66418767,26100805734,2,88.69
45966160,26100805734,3,88.69
47532006,26100805734,8,88.69
47532006,26100805734,8,88.69
82575244,26100805734,2,88.69
85679431,26100805734,2,88.69
45746099,26100805734,3,88.69
44472437,26100805734,1,88.69
23346704,26100805734,2,88.69
46258179,26100805734,2,88.69
88345570,26100805734,-1,88.69
88345570,26100805734,1,88.69
46968050,26100805734,13,88.69
43620744,26100805734,1,88.69
45651453,26100805734,5,88.69
42862286,26100805734,12,88.69
42862286,26100805734,8,88.69
47532006,26100805734,1,88.69
43431642,26100805734,5,88.69
48395339,26100805734,60,88.69
47946236,26100805734,2,88.69
88345570,26100805734,90,88.69
69638820,26100805734,2,88.69
89279441,26100805734,2,88.69
49368787,26100805734,3,88.69
25262260,26100805734,5,88.69
50676960,26100805734,90,88.69
82896005,26100805734,90,88.69
42860712,26100805734,1,88.69
68481969,26100805734,2,88.69
49880277,26100805734,2,88.69
82157334,26100805734,2,88.69
45493971,26100805734,15,88.69
45652751,26100805734,3,88.69
44472437,26100805734,2,88.69
46349942,26100805734,2,88.69
47582529,26100805734,1,88.69
45493971,26100805734,4,88.69
90088840,26100805734,6,88.69
83733790,26100805734,2,88.69
82896005,26100805734,150,88.69
88345570,26100805734,120,88.69
48395339,26100805734,120,88.69
72465000,26100805758,2,88.69
68450033,26100805758,4,88.69
82712443,26100805758,9,88.69
45097899,26100805758,2,88.69
72811880,26100805758,5,88.69
82157334,26100805758,3,88.69
49887144,26100805758,3,88.69
47168976,26100805758,2,88.69
46258179,26100805758,2,88.69
20393090,26100805758,1,88.69
42360022,26100805758,2,88.69
50676960,26100805758,60,88.69
82896005,26100805758,30,88.69
47583221,26100805758,30,88.69
42714678,26100805758,1,88.69
53632040,26100805758,1,88.69
45083030,26100805758,20,88.69
47556300,26100805758,4,88.69
42860712,26100805758,3,88.69
63182614,26100805758,2,88.69
43430083,26100805758,4,88.69
42928518,26100805758,4,88.69
62094515,26100805758,2,88.69
38006872,26100805758,2,88.69
49200010,26100805758,7,88.69
68145526,26100805758,6,88.69
44536184,26100805758,4,88.69
69422879,26100805758,1,88.69
87684444,26100805758,2,88.69
83294407,26100805758,2,88.69
46349942,26100805758,2,88.69
85679431,26100805758,3,88.69
24654290,26100805758,2,88.69
48833142,26100805758,2,88.69
50676960,26100805758,60,88.69
56840900,26100805758,6,88.69
68481969,26100805758,5,88.69
45966160,26100805758,4,88.69
47532006,26100805758,8,88.69
47532006,26100805758,3,88.69
82575244,26100805758,4,88.69
82575244,26100805758,3,88.69
85465580,26100805758,2,88.69
98690010,26100805758,2,88.69
23346704,26100805758,1,88.69
46258179,26100805758,2,88.69
66418767,26100805758,4,88.69
45651453,26100805758,8,88.69
45746099,26100805758,3,88.69
44472437,26100805758,2,88.69
86642489,26100805758,1,88.69
47532006,26100805758,1,88.69
48395339,26100805758,30,88.69
88345570,26100805758,-1,88.69
88345570,26100805758,1,88.69
43620744,26100805758,2,88.69
47946236,26100805758,4,88.69
88345570,26100805758,30,88.69
69638820,26100805758,4,88.69
89279441,26100805758,2,88.69
42862286,26100805758,10,88.69
42862286,26100805758,6,88.69
62094516,26100805758,1,88.69
45240442,26100805758,2,88.69
50676960,26100805758,30,88.69
82896005,26100805758,30,88.69
68481969,26100805758,5,88.69
49880277,26100805758,2,88.69
82157334,26100805758,3,88.69
46968050,26100805758,18,88.69
45493971,26100805758,12,88.69
45652751,26100805758,5,88.69
44472437,26100805758,2,88.69
46349942,26100805758,4,88.69
47582529,26100805758,1,88.69
45493971,26100805758,3,88.69
42860712,26100805758,1,88.69
90088840,26100805758,7,88.69
83733790,26100805758,6,88.69
82896005,26100805758,60,88.69
88345570,26100805758,30,88.69
48395339,26100805758,30,88.69
42445493,26100805758,3,88.69
77867710,28200138408,2,81.59
69638820,28200310019,1,80.59
69638820,20400053581,1,99.69
69638820,12300197403,1,84.99
69638820,90500100249,1,97.79
69638820,28200136107,1,84.69
69638820,28200196408,1,84.69
69638820,28200195302,2,81.59
24045770,853272008249,1,24.79
89279441,90500100065,1,65.29
89279441,90500100195,1,84.49
89279441,28200138408,1,81.59
42862286,43300187606,3,65.19
83987469,685141913039,2,28.99
85679431,814057002517,2,42.79
50432000,685141913039,7,28.99
47531714,28200138408,1,81.59
47532006,28200138408,8,81.59
47532006,12300197403,4,84.99
47532006,12300193139,2,84.99
27056660,47995855352,1,95.79
27056660,28200136107,1,84.69
27056660,28200138408,5,81.59
43431642,90500100065,1,65.29
43431642,90500100195,1,84.49
43431642,26100805765,1,88.69
46968050,26100806687,1,88.69
46968050,28200179104,1,96.09
27056660,12300197403,-3,84.99
45746099,90500100270,1,94.99
43620744,28200138408,1,81.59
39917520,11000010029,1,40.69
49635448,27200018659,2,78.49
45746099,90500100195,1,82.79
65743280,685141913039,10,28.99
65743280,28200138408,1,81.59
48733547,12300197403,2,84.99
49635005,28200179104,4,96.09
49635005,26100806687,1,88.69
49635005,47995855178,1,90.89
49635005,43300109097,2,65.19
49635005,12300193139,1,84.99
49635005,28200196309,1,81.59
49635005,28200310019,4,80.59
49635005,28200136107,2,84.69
49635005,28200138408,17,81.59
49635005,28200195302,4,81.59
49635005,28200334916,1,81.59
85465580,27200018543,1,78.49
85465580,28200138408,5,81.59
85465580,685141913039,8,28.99
98690010,43300187606,2,65.19
98690010,12300193139,2,84.99
98690010,28200138408,3,81.59
98690010,27200018543,2,78.49
46258179,90500100065,1,63.99
66418767,28200196408,1,84.69
66418767,27200207022,1,124.59
66418767,26100805765,1,88.69
66418767,28200138408,3,81.59
55831960,28200196309,1,81.59
44371429,90500100195,1,82.79
88065925,685141913039,1,28.99
88065925,90500100195,1,82.79
45966160,28200195302,5,81.59
45966160,685141913039,6,28.99
45966160,28200138408,3,81.59
45966160,12300193139,2,84.99
45966160,90500100249,1,94.99
45966160,90500100065,2,63.99
45966160,26100805765,1,88.69
45966160,90500100270,2,94.99
45966160,20400053581,1,99.69
45966160,90500100195,3,82.79
42445493,47995855352,1,95.79
47532006,28200138408,2,81.59
47532006,28200196309,1,81.59
77867710,685141913039,2,28.99
77867710,28200138408,1,81.59
72465000,685141913039,6,28.99
72465000,28200138408,1,81.59
72465000,90500100065,1,63.99
88232336,90600392681,1,32.99
88232336,90500100140,1,82.09
68450033,685141913039,1,28.99
68450033,90500100195,3,82.79
82712443,27200018659,1,78.49
82712443,12300193139,3,84.99
82712443,28200138408,4,81.59
82712443,90500100249,1,94.99
82712443,90500100270,1,94.99
82712443,90500100058,1,63.99
82712443,90500100034,1,63.99
82712443,26100016291,1,88.69
45097899,685141913039,1,28.99
45097899,90500100065,1,63.99
45097899,12300197403,2,84.99
45097899,90500100034,1,63.99
45097899,28200138408,8,81.59
45097899,28200136107,1,84.69
45097899,28200196309,1,81.59
72811880,685141913039,1,28.99
72811880,814057002517,5,42.79
72811880,814057400719,1,42.79
72811880,28200136107,2,84.69
89772072,90500100195,1,82.79
89772072,26100806687,1,88.69
42714678,28200138408,2,81.59
49182800,43300020583,1,122.59
66242830,28200138408,240,80.17
42445493,28200138408,6,81.59
42445493,28200136107,1,84.69
42445493,43300109097,5,65.19
45652751,28200138408,5,81.59
45652751,12300193139,1,84.99
45652751,28200196408,1,84.69
45652751,28200179104,2,96.09
45652751,20400053581,1,99.69
45652751,12300197403,2,84.99
80546000,685141913039,3,28.99
68507208,12300197403,2,84.99
49182800,685141913039,2,28.99
78878230,814057400719,4,42.79
78878230,814057002517,3,42.79
44997480,90500100140,1,83.79
46349942,12300193139,1,84.99
46349942,12300260138,1,84.99
46349942,28200138408,2,81.59
45493971,90500100249,1,94.99
42860712,28200138408,1,81.59
42860712,90500100195,2,82.79
42860712,90500100058,1,63.99
68481969,90500100270,1,94.99
68481969,90500100249,1,94.99
98787628,28200138408,2,81.59
73965490,685141913039,2,28.99
82157334,47995855178,1,90.89
82157334,26100805765,1,88.69
82157334,28200196309,1,81.59
82157334,28200138408,10,81.59
82157334,12300193139,1,84.99
82157334,90500100065,1,63.99
82157334,26100806571,2,79.99
82157334,28200196408,1,84.69
82157334,28200195302,1,81.59
46968050,26100806571,1,79.99
46968050,685141913039,1,28.99
46968050,43300187606,1,65.19
46968050,90500100034,1,63.99
46968050,12300193139,2,84.99
46968050,28200138408,4,81.59
46968050,26100805765,2,88.69
45493971,90500100195,2,82.79
62094516,28200173300,2,97.09
62094516,685141913039,3,28.99
62094516,90500100195,2,82.79
62094516,28200314017,2,80.59
62094516,12300197403,2,84.99
62094516,28200195302,2,81.59
62094516,28200138408,10,81.59
89279441,12300197403,1,84.99
99119820,28200138408,1,81.59
25262260,26100016291,2,88.69
25262260,12300260138,1,84.99
49887144,90500100195,3,82.79
50676960,28200138408,30,80.17
45652751,28200179104,-2,96.09
47946236,28200196309,1,81.59
47946236,28200138408,4,81.59
45541348,26100016291,2,88.69
45541348,12300108751,1,84.99
24357175,28200196408,1,84.69
24357175,685141913039,1,28.99
45083030,90500100201,1,82.79
45083030,90500100065,2,63.99
47556300,685141913039,1,28.99
23201390,28200136107,2,84.69
23201390,28200138408,3,81.59
23201390,28200196309,1,81.59
21056940,43300187606,1,65.19
20393090,28200138408,6,81.59
42860712,27200209514,1,62.29
42860712,27200205967,1,62.29
42860712,90500100065,1,65.29
45651453,28200138408,23,81.59
78880550,11000010029,1,40.69
78880550,28200304612,1,88.19
88835933,28200138408,9,81.59
88835933,28200195302,3,81.59
88835933,28200196408,2,84.69
88835933,28200136107,1,84.69
88835933,12300193139,1,84.99
88835933,685141913039,3,28.99
20393090,12300197403,1,84.99
42360022,28200138408,2,81.59
25262260,28200138408,9,81.59
49200010,28200310019,1,80.59
46290360,26100805765,1,88.69
46290360,26100806687,1,88.69
46290360,90500100201,1,84.49
46290360,90500100270,1,97.79
45541348,26100016291,-2,88.69
45541348,12300108751,-1,84.99
66085676,26100016291,2,88.69
66085676,12300108751,1,84.99
47583221,28200138408,1,81.59
82157334,28200310019,2,80.59
82157334,12300193139,2,84.99
82157334,28200196309,1,81.59
82157334,28200136107,1,84.69
82157334,28200138408,6,81.59
82157334,28200195302,1,81.59
82157334,28200196408,1,84.69
82157334,685141913039,2,28.99
47532006,26100806687,1,88.69
47532006,90500100065,1,63.99
82575244,12300193139,1,84.99
82575244,11000104124,1,68.19
82575244,43300187606,2,65.19
82575244,28200310019,2,80.59
82575244,90500100195,2,82.79
82575244,11000010029,3,40.69
82575244,90500100140,2,82.09
82575244,685141913039,3,28.99
82575244,28200196408,2,84.69
82575244,28200195302,2,81.59
82575244,28200304018,6,88.19
82575244,90500100195,1,82.79
82575244,28200138408,10,81.59
82575244,12300193139,2,84.99
82575244,28200310019,2,80.59
23095095,26100805765,1,88.69
23095095,12300197403,1,84.99
23095095,90500100249,1,94.99
85679431,28200138408,2,81.59
85679431,43300187606,2,65.19
25235613,28200138408,6,81.59
25235613,28200196309,2,81.59
25235613,28200195302,3,81.59
25235613,28200196408,3,84.69
25235613,12300193139,3,84.99
25235613,685141913039,3,28.99
49637929,12300197403,1,84.99
43714443,90500100065,1,63.99
24654290,12300193139,1,84.99
24654290,12300197403,2,84.99
42963430,28200138408,6,81.59
82575244,28200304612,5,88.19
56840900,26100805765,1,88.69
56840900,28200138408,2,81.59
56840900,90500100195,1,82.79
56840900,12300193139,1,84.99
56840900,12300197403,1,84.99
68481969,12300197403,1,84.99
68481969,28200138408,2,81.59
68481969,28200173904,1,97.09
68481969,28200195302,1,81.59
56530660,685141913039,1,28.99
39368390,90500100270,1,94.99
39368390,685141913039,1,28.99
83294407,11000010616,1,40.69
83294407,853272008140,2,24.79
83294407,12300193139,1,84.99
83294407,90500100249,1,94.99
83294407,28200196408,1,84.69
24654290,28200138408,5,81.59
24654290,28200196309,1,81.59
24654290,43300109097,1,65.19
24654290,27200011162,1,124.59
42723742,90500100195,1,82.79
44536184,28200195302,1,81.59
87684444,28200138408,1,81.59
87709042,685141913039,2,28.99
87709042,814057400719,2,42.79
87709042,814057002517,2,42.79
87709042,814057002111,1,42.79
83294407,28200196309,1,81.59
83294407,28200138408,2,81.59
46349942,28200138408,2,81.59
46349942,27200018659,1,78.49
46349942,90500100195,1,82.79
63182614,685141913039,2,28.99
63182614,47995855352,1,95.79
63182614,28200138408,4,81.59
63182614,28200196309,1,81.59
63182614,28200136107,1,84.69
63182614,12300197403,2,84.99
43430083,90500100065,1,63.99
43430083,90500100270,1,94.99
43430083,26100805765,1,88.69
43430083,26100806571,1,79.99
43430083,685141913039,3,28.99
43430083,27200018659,1,78.49
42928518,27200209514,1,62.29
42928518,27200205967,1,62.29
42928518,12300193139,2,84.99
42928518,90500100249,2,94.99
42928518,26100016291,1,88.69
42928518,27200207022,1,124.59
62094515,28200196309,2,81.59
62094515,47995855178,2,90.89
44192430,28200138408,1,81.59
49200010,28200138408,6,81.59
49200010,28200136107,3,84.69
49200010,12300193139,2,84.99
49200010,12300197403,2,84.99
49200010,90500100195,1,82.79
49200010,90500100065,1,63.99
49200010,90500100034,1,63.99
49200010,26100805765,1,88.69
49200010,47995855352,1,95.79
45122177,27200018659,2,78.49
42714678,685141913039,2,28.99
42714678,11000010043,2,40.69
42714678,11000010029,2,40.69
42714678,28200138408,3,81.59
42714678,28200196408,1,84.69
42714678,28200195302,1,81.59
49299100,28200138408,3,81.59
53632040,28200196408,1,84.69
53632040,28200195302,3,81.59
53632040,26100806687,1,88.69
53632040,11000010029,8,40.69
53632040,685141913039,1,28.99
53632040,11000010043,1,40.69
53632040,76940197056,2,30.99
53632040,28200138408,6,81.59
53632040,28200196309,1,81.59
53632040,28200136107,1,84.69
53632040,27200018543,1,78.49
53632040,90600301393,1,76.59
53632040,76940197018,1,30.99
49368787,90500100041,1,65.29
83987469,685141913008,1,28.99
85679431,685141913121,3,28.99
85679431,685141913008,4,28.99
85679431,685141913046,1,28.99
50432000,685141913121,3,28.99
50432000,685141913008,3,28.99
47531714,28200126405,2,81.59
47532006,28200317711,8,81.59
47532006,685141913121,3,28.99
43431642,685141913121,1,28.99
43431642,90500100041,2,65.29
43431642,90500100027,1,65.29
46968050,90500100560,1,82.79
45746099,28200178404,1,96.09
45746099,28200177407,1,97.09
45746099,90500100041,2,63.99
21056940,28200178404,2,96.09
49635448,90500100041,1,63.99
65743280,685141913046,10,28.99
44472437,90500100041,1,63.99
48733547,90500100041,6,63.99
48733547,28200178404,4,96.09
48733547,28200130303,1,84.69
48733547,90600392667,1,32.99
48733547,28200147707,4,81.59
48733547,28200317711,1,81.59
49635005,28200178404,4,96.09
49635005,28200309815,2,80.59
49635005,28200310217,4,80.59
49635005,12300194136,1,84.99
49635005,43300109004,1,65.19
49635005,90500100041,5,63.99
49635005,28200130303,1,84.69
49635005,28200317711,3,81.59
85465580,685141913008,5,28.99
85465580,685141913046,3,28.99
85465580,12300194136,1,84.99
85465580,28200147707,2,81.59
98690010,12300194136,2,84.99
98690010,28200317711,16,81.59
46258179,90500100041,1,63.99
84318144,28200193506,2,84.69
84318144,685141913121,2,28.99
66418767,90500100041,1,63.99
66418767,90500100096,1,82.09
66418767,90500100119,1,82.09
45966160,90500100041,3,63.99
45966160,685141913046,3,28.99
45966160,685141913121,1,28.99
45966160,685141913008,2,28.99
45966160,28200317711,1,81.59
45966160,28200195401,1,84.69
45966160,43300109004,3,65.19
45966160,28200147103,2,84.69
45966160,28200156808,1,81.59
84693695,90600301911,1,76.59
47532006,685141913008,1,28.99
47532006,28200317711,1,81.59
47532006,90500100041,1,63.99
82575244,12300194136,1,84.99
82575244,28200193506,1,84.69
82575244,28200147707,1,81.59
82575244,685141913046,5,28.99
82575244,90500100126,2,82.09
82575244,90500100041,2,63.99
82575244,11000104131,1,68.19
82575244,90600392667,1,32.99
82575244,90500100126,1,82.09
82575244,28200172808,1,109.99
82575244,28200304513,2,88.19
82575244,43300187361,2,65.19
82575244,12300194136,3,84.99
82575244,28200195401,1,84.69
82575244,90500100119,3,82.09
82575244,28200147707,2,81.59
82575244,28200193506,1,84.69
23095095,26100805802,1,88.69
85679431,28200147707,2,81.59
85679431,685141913121,1,28.99
85679431,90500100041,1,63.99
25235613,28200195401,3,84.69
25235613,685141913046,4,28.99
24654290,90500110729,1,76.99
24654290,43300109004,1,65.19
24654290,12300119900,1,84.99
24654290,28200317711,2,81.59
48833142,28200178404,1,96.09
48833142,12300194136,1,84.99
82575244,28200304315,5,88.19
82575244,28200303615,2,88.19
56840900,28200130303,1,84.69
56840900,26100806700,1,88.69
56840900,28200317711,2,81.59
56840900,90600301911,2,76.59
56840900,685141913121,4,28.99
56840900,12300194136,1,84.99
56840900,90500100041,2,63.99
68481969,20400050382,-1,99.69
68481969,90500100041,2,63.99
68481969,28200317711,1,81.59
56530660,685141913008,4,28.99
56530660,685141913046,1,28.99
56530660,685141913121,3,28.99
48555190,685141913121,2,28.99
48555190,685141913008,2,28.99
39368390,28200195401,1,84.69
39368390,685141913008,1,28.99
83294407,685141913008,1,28.99
83294407,685141913121,1,28.99
83294407,28200147103,2,84.69
24654290,28200195401,1,84.69
55914170,90600301911,1,76.59
42723742,685141913121,1,28.99
42723742,90500100041,1,63.99
42723742,28200147103,1,84.69
44536184,28200130303,1,84.69
87684444,28200147707,2,81.59
87709042,685141913121,3,28.99
87709042,685141913008,2,28.99
83294407,28200147707,2,81.59
46349942,90500100119,1,82.09
46349942,28200147707,1,81.59
46349942,28200317711,1,81.59
46349942,28200147103,1,84.69
63182614,685141913008,2,28.99
63182614,28200317711,2,81.59
63182614,26100806700,3,88.69
63182614,28200147103,1,84.69
42928518,27200209576,1,62.29
42928518,27200205905,1,62.29
42928518,28200147707,1,81.59
42928518,90500100041,1,63.99
62094515,28200304315,1,88.19
62094515,28200147707,2,81.59
62094515,685141913046,5,28.99
62094515,685141913121,2,28.99
38006872,90500100041,1,63.99
49200010,28200317711,1,81.59
49200010,28200147707,1,81.59
49200010,12300194136,2,84.99
49200010,90500100041,1,63.99
49200010,43300187361,1,65.19
49200010,43300187330,1,65.19
49200010,28200178404,3,96.09
45122177,27200018673,2,78.49
45122177,12300194136,2,84.99
45122177,90500100126,2,82.09
33867810,90500100041,2,63.99
42714678,28200193506,1,84.69
42714678,685141913046,2,28.99
42714678,685141913008,3,28.99
42714678,11000104063,1,68.19
42714678,28200195401,2,84.69
53632040,28200130303,1,84.69
53632040,11000010609,2,40.69
53632040,28200147707,1,81.59
53632040,28200317711,2,81.59
53632040,43300187330,1,65.19
53632040,43300109004,1,65.19
53632040,28200309815,1,80.59
53632040,11000104131,1,68.19
53632040,76940197001,1,30.99
53632040,11000287087,1,59.59
53632040,11000282082,1,59.59
53632040,685141913121,1,28.99
53632040,685141913046,2,28.99
53632040,685141913008,2,28.99
24357175,685141913121,3,28.99
24357175,685141913046,2,28.99
24357175,685141913008,1,28.99
45083030,43300187330,1,65.19
45083030,90500100041,4,63.99
45083030,90600301911,1,76.59
45083030,12300158138,3,103.89
92275560,685141913008,2,28.99
46050830,20400050382,4,99.69
46702220,28200147707,1,81.59
42860712,27200209576,1,62.29
42860712,90500100041,1,65.29
42860712,43300187361,1,65.19
45651453,28200179203,1,96.09
88835933,28200317711,1,81.59
88835933,28200177803,1,97.09
88835933,685141913008,3,28.99
88835933,685141913121,3,28.99
20393090,12300194136,1,84.99
20393090,28200317711,3,81.59
25262260,27200018673,1,78.49
25262260,90500100041,1,65.29
25262260,28200147707,2,81.59
25262260,12300194136,2,84.99
25262260,26100806700,2,88.69
25262260,26100806564,1,79.99
98143430,28200172907,1,109.99
46290360,26100806564,1,79.99
82157334,685141913046,2,28.99
82157334,12300194136,1,84.99
82157334,28200178404,1,96.09
82157334,28200195401,1,84.69
82157334,26100806700,1,88.69
46258179,90500100041,1,65.29
77867710,685141913008,2,28.99
72465000,685141913121,2,28.99
72465000,685141913008,2,28.99
68450033,685141913008,1,28.99
68450033,685141913121,2,28.99
82712443,28200147103,1,84.69
82712443,685141913121,1,28.99
82712443,12300194136,2,84.99
45097899,685141913121,1,28.99
45097899,685141913008,1,28.99
45097899,28200317711,2,81.59
45097899,28200147707,2,81.59
45097899,90500100300,1,94.99
72811880,685141913121,2,28.99
72811880,685141913008,1,28.99
89772072,26100806700,1,88.69
42714678,685141913046,1,28.99
42847879,28200126405,1,81.59
66242830,28200147707,60,80.17
42445493,28200147707,4,81.59
45652751,12300194136,2,84.99
45652751,28200181503,2,96.09
45652751,28200177803,1,97.09
45652751,28200147707,2,81.59
45652751,90500100027,1,63.99
45652751,90500100041,1,63.99
45652751,28200317711,1,81.59
80546000,685141913121,2,28.99
80546000,685141913008,3,28.99
53448570,709215302137,4,32.49
49182800,685141913008,3,28.99
44472437,26100806700,1,88.69
20910190,709215401892,1,32.49
20910190,685141913121,1,28.99
20910190,709215384225,1,32.49
20910190,709215201867,1,32.49
20910190,685141913046,1,28.99
46349942,43300187361,1,65.19
46349942,90500100041,1,63.99
46349942,28200147707,1,81.59
46349942,28200195401,1,84.69
47582529,90500100041,1,63.99
47582529,685141913121,1,28.99
42860712,90500100041,1,63.99
42860712,90500100027,1,63.99
73965490,685141913008,1,28.99
82157334,685141913121,1,28.99
82157334,28200177803,1,97.09
82157334,685141913008,1,28.99
82157334,685141913046,2,28.99
82157334,681467003584,1,31.99
82157334,26100806564,1,79.99
82157334,28200195401,2,84.69
82157334,28200147707,2,81.59
82157334,28200317711,1,81.59
82157334,28200178404,2,96.09
82157334,12300194136,1,84.99
82157334,28200130303,1,84.69
46968050,90500100041,3,63.99
46968050,90500100126,1,82.09
46968050,685141913008,1,28.99
46968050,685141913046,1,28.99
46968050,12300194136,2,84.99
46968050,28200178404,1,96.09
46968050,28200317711,1,81.59
46968050,28200195401,1,84.69
62094516,28200177803,2,97.09
62094516,28200177209,2,97.09
62094516,685141913046,2,28.99
62094516,685141913121,2,28.99
62094516,685141913008,7,28.99
62094516,26100806564,2,79.99
62094516,27200209576,1,62.29
62094516,28200193506,2,84.69
62094516,28200147707,6,81.59
99119820,685141913046,1,28.99
99119820,685141913121,2,28.99
99119820,685141913008,2,28.99
99119820,27200731459,1,78.49
25262260,28200309815,1,80.59
45652751,28200178404,2,96.09
42847879,43300109004,1,65.19
42847879,27200209576,1,62.29
42847879,90500100041,1,63.99
47946236,28200147707,1,81.59
69638820,685141913046,2,28.99
69638820,28200177803,2,97.09
69638820,90500100041,1,65.29
69638820,12300220835,2,103.89
69638820,12300194136,4,84.99
69638820,26100806564,1,79.99
69638820,28200147707,1,81.59
69638820,28200195401,1,84.69
39917520,71610301962,1,25.99
39917520,71610302372,1,25.99
44472437,858765005880,1,10.69
85045129,751667067584,2,55.99
77403030,71610341180,2,29.99
88065925,689076935722,1,23.49
89772072,858765005934,1,10.69
74406704,858765008676,1,10.69
91450500,858765008898,1,10.69
44371429,71610340466,1,31.49
47532006,71610340466,1,31.49
25236660,819721010355,1,23.49
83030178,819466011396,1,11.99
83030178,819466011389,1,11.99
83030178,31700234853,1,14.99
83030178,819721012458,1,22.99
47410840,31700238844,1,25.99
85045129,25900329914,1,25.99
88405013,25900329914,1,25.99
77403030,71610341241,2,29.99
44371429,71610341241,2,29.99
55914170,71610341241,1,29.99
78595000,751667067546,1,55.99
44371429,751667067546,1,55.99
45083030,71610341081,1,29.99
49182800,71610303089,1,25.99
42416622,71610303089,1,25.99
78595000,71610303089,1,25.99
45083030,71610303089,1,25.99
49182800,71610303089,1,25.99
42723742,71610303089,1,25.99
47532006,71610303089,1,25.99
43620744,71610303089,1,25.99
86642489,71610303089,1,25.99
83030178,71610303089,1,25.99
45493971,858765005842,1,10.69
24357175,858765005842,1,10.69
44472437,858765005842,1,10.69
92275560,751667074261,2,55.99
47658435,31700236253,2,23.99
47658435,31700236260,2,23.99
47658435,31700236284,2,23.99
47658435,31700236567,1,23.99
47658435,31700237410,2,23.99
47658435,31700236246,2,23.99
47658435,31700233788,2,18.99
47658435,31700238752,2,16.99
47658435,817127026307,1,10.69
47658435,71610340329,1,22.99
68450033,31700237724,1,25.99
55914170,31700237724,1,25.99
46089059,31700237724,1,25.99
47658435,31700237724,1,25.99
48733547,31700237724,1,25.99
47518838,31700237724,1,25.99
66418767,31700237724,2,25.99
83030178,31700237724,1,25.99
45746099,31700237724,1,25.99
83030178,31700237779,1,25.99
85465580,31700237779,1,25.99
66418767,31700237779,1,25.99
47658435,31700237779,1,25.99
87709042,31700237779,1,25.99
66426853,858765005835,2,10.69
47658435,858765005835,1,10.69
55914170,858765005835,1,10.69
87709042,858765005835,1,10.69
47658435,31700236864,1,15.29
45083030,31700236864,1,15.29
46089059,31700236864,1,15.29
45083030,817127029544,2,10.69
25235613,817127029544,3,10.69
47658435,817127029544,1,10.69
83030178,817127029544,1,10.69
82157334,817127029544,1,10.69
24357175,25900443030,1,22.99
47658435,25900443030,1,22.99
83030178,25900443030,1,22.99
55914170,70137511212,8,28.39
48555190,70137511212,3,28.39
29421410,70137511212,1,28.39
85679431,70137513377,1,29.49
63182614,70137513377,1,29.49
44192430,70137513377,1,29.49
78595000,751667090667,1,55.99
49200010,751667090667,1,55.99
44686316,71610341166,1,29.99
47518838,71610341166,1,29.99
45541348,71610341166,1,29.99
77403030,71610341166,2,29.99
42922403,71610341166,1,29.99
78595000,819721012397,2,22.99
92275560,819721012397,1,22.99
23095095,819721012397,1,22.99
44472437,819721012397,1,22.99
77867710,819721012397,1,22.99
83030178,819721012397,1,22.99
43633593,819721012397,1,22.99
47658435,858765004739,1,10.69
86642489,858765004739,1,10.69
77867710,858765004739,1,10.69
24045770,25900426828,1,21.99
47658435,858765007334,1,10.69
24045770,858765007334,2,10.69
51283300,31700236208,1,18.99
47532006,25900336899,1,32.59
83030178,25900336899,1,32.59
49368787,25900336899,1,32.59
85679431,71610301900,1,37.99
83030178,71610301900,1,37.99
85679431,31700237977,2,27.99
20779080,31700237977,1,27.99
24654290,31700237977,1,27.99
45083030,31700236628,1,15.29
55914170,31700236628,1,15.29
47658435,31700236628,1,15.29
85679431,31700236628,1,15.29
45493971,31700236628,1,15.29
83030178,31700236628,1,15.29
42923231,31700236628,1,15.29
85679431,71610341548,2,37.99
47658435,71610341548,1,37.99
20779080,71610341548,1,37.99
49649847,71610340169,1,37.99
85679431,71610340169,2,37.99
46702220,71610341623,2,37.99
47410840,71610341623,2,37.99
85679431,71610341623,2,37.99
73965490,71610341364,1,37.99
20779080,71610341364,1,37.99
83030178,71610341364,1,37.99
50432000,71610341364,1,37.99
53448570,858765004067,2,11.99
50432000,858765004067,2,11.99
68450033,819721010409,1,23.49
73965490,819721010409,2,23.49
77867710,819721010409,3,23.49
50432000,819721010409,1,23.49
45651453,819721010409,1,23.49
47531714,70137839958,30,24.39
68450033,25900336882,2,32.59
78595000,25900336882,1,32.59
47532006,25900336882,2,32.59
88405013,25900336882,3,32.59
29421410,25900336882,1,32.59
49635005,25900336882,1,32.59
91450500,25900336882,1,32.59
24045770,25900336882,1,32.59
47532006,25900336882,1,32.59
44472437,25900336882,1,32.59
25262260,25900336882,1,32.59
42922403,25900336882,1,32.59
83030178,25900336882,1,32.59
45493971,31700236611,1,15.29
83030178,31700236611,1,15.29
45083030,31700236611,1,15.29
55914170,31700236611,1,15.29
42723742,31700236611,1,15.29
42431786,31700236611,2,15.29
85679431,31700236611,2,15.29
43431642,31700236611,1,15.29
42360022,31700420256,1,29.99
45083030,25900525453,-3,25.99
69381065,25900525453,1,25.99
20779080,25900525453,1,25.99
47658435,25900525453,1,25.99
82575244,25900525453,1,25.99
44686316,25900525453,1,25.99
43620744,25900525453,1,25.99
66407850,25900525453,3,25.99
83030178,25900525453,1,25.99
83987469,31700236154,1,15.49
69381065,31700236154,1,15.49
87011027,71610499348,15,55.5
92275560,71610499348,1,55.99
47410840,71610499348,1,55.99
71914300,71610499348,1,55.99
45651453,71610499348,1,55.99
78595000,25900240530,1,15.49
71914300,25900240530,7,15.49
91450500,25900240530,2,15.49
87709042,25900240530,1,15.49
45083030,25900240530,1,15.49
43633593,25900240530,1,15.49
47531714,25900240530,4,15.49
48733547,25900240530,2,15.49
77403030,31700239377,1,27.99
77403030,31700237847,1,25.99
73965490,31700237847,1,25.99
77867710,31700238004,1,27.99
85679431,31700238004,1,27.99
77403030,31700238004,2,27.99
49182800,31700238004,1,27.99
55914170,31700238004,1,27.99
43430083,31700238004,1,27.99
48733547,31700238004,1,27.99
68450033,31700237922,1,27.99
46702220,31700237922,1,27.99
77403030,31700237922,2,27.99
44686316,31700237922,1,27.99
85679431,31700237922,1,27.99
47531714,31700237922,2,27.99
88901154,31700237922,1,27.99
42499311,858765004722,1,10.69
47658435,858765004722,1,10.69
47410840,858765004722,1,10.69
44472437,858765004722,1,10.69
83030178,858765004722,1,10.69
72811880,70137525295,1,31.89
78595000,70137525295,4,31.89
43714443,70137525295,2,31.89
45541348,70137525295,1,31.89
87709042,70137525295,2,31.89
20779080,70137525295,1,31.89
42499311,70137525295,2,31.89
42847400,70137525295,2,31.89
43714443,70137525295,2,31.89
48555190,70137525295,3,31.89
22438100,70137525295,1,31.89
47518838,70137525295,1,31.89
45966160,70137525295,2,31.89
47532006,70137525295,1,31.89
82575244,70137525295,1,31.89
82575244,70137525295,1,31.89
83987469,70137525295,2,31.89
47532006,70137525295,1,31.89
45746099,70137525295,1,31.89
49880277,71610341678,1,29.99
20779080,71610341678,1,29.99
45966160,71610341678,1,29.99
43775405,71610341678,1,29.99
47531714,71610341678,1,29.99
77403030,71610341678,3,29.99
77403030,31700237786,1,25.99
25262260,31700237786,1,25.99
83294407,31700237786,1,25.99
49635005,31700237786,1,25.99
98143430,31700237915,1,27.99
87709042,31700237915,1,27.99
49635005,31700237915,1,27.99
47518838,31700237915,1,27.99
83030178,31700237915,1,27.99
98143430,31700236239,2,23.99
92275560,31700236239,1,23.99
33867810,31700236239,3,23.99
55914170,31700236239,1,23.99
47658435,31700236239,2,23.99
49182800,31700236239,1,23.99
46549650,31700236239,1,23.99
42445493,31700236239,3,23.99
44472437,31700236239,1,23.99
73965490,31700236239,1,23.99
78878230,31700234884,1,14.99
98143430,31700234884,1,14.99
98143430,31700234860,1,14.99
47658435,31700234860,2,14.99
43775405,31700234860,1,14.99
78878230,31700234860,2,14.99
98143430,31700900987,1,21.99
45083030,31700900987,2,21.99
47531714,31700900987,1,21.99
73965490,31700900987,1,21.99
49608883,858765009093,1,10.69
42860712,858765009093,1,10.69
98143430,858765009093,1,10.69
45083030,858765009093,1,10.69
47410840,858765009093,1,10.69
44686316,858765009093,1,10.69
55914170,858765009093,1,10.69
43431642,858765009093,1,10.69
44472437,858765009093,1,10.69
89279441,858765009093,1,10.69
77403030,31700234211,1,21.99
98143430,31700234211,2,21.99
47410840,31700234211,1,21.99
66426853,31700234211,1,21.99
77867710,71610341227,2,29.99
83030178,71610341227,1,29.99
92275560,71610341227,1,29.99
47658435,71610341227,1,29.99
44536184,71610341227,1,29.99
42924005,71610341227,1,29.99
45966160,71610341227,1,29.99
46089059,71610341227,1,29.99
77403030,71610341227,2,29.99
77867710,71610341227,4,29.99
83987469,71610341227,1,29.99
53448570,25900345877,1,11.99
83030178,25900345877,1,11.99
47583221,25900345877,3,11.99
22438100,25900345877,2,11.99
68450033,25900240790,1,19.99
78595000,25900240790,1,19.99
87709042,25900240790,1,19.99
45083030,25900240790,1,19.99
47583221,25900240790,1,19.99
50432000,25900240790,1,19.99
77403030,25900240790,2,19.99
98787628,25900240790,1,19.99
83030178,25900240790,1,19.99
78878230,31700239186,1,16.99
46290360,31700239186,1,16.99
82157334,31700239186,1,16.99
92275560,31700239186,2,16.99
42499311,31700239186,2,16.99
98143430,31700239186,1,16.99
42431786,31700239186,2,16.99
33867810,31700239186,1,16.99
24045770,31700239186,1,16.99
89279441,31700239186,1,16.99
92275560,71610502413,2,28.49
20779080,71610502413,1,28.49
99119820,71610502413,1,28.49
46258179,25900359010,1,25.99
69422879,25900359010,1,25.99
45746099,25900359010,2,25.99
68450033,31700237991,1,27.99
72811880,31700237991,1,27.99
78595000,31700237991,2,27.99
46702220,31700237991,1,27.99
46258179,31700237991,1,27.99
45083030,31700237991,4,27.99
92275560,31700237991,2,27.99
20779080,31700237991,2,27.99
48555190,31700237991,4,27.99
87709042,31700237991,1,27.99
43430083,31700237991,1,27.99
42924005,31700237991,1,27.99
44192430,31700237991,2,27.99
49182800,31700237991,2,27.99
63202300,31700237991,2,27.99
47658435,31700237991,3,27.99
47532006,31700237991,1,27.99
23095095,31700237991,1,27.99
47518838,31700237991,2,27.99
66418767,31700237991,1,27.99
45966160,31700237991,3,27.99
43775405,31700237991,1,27.99
45651453,31700237991,1,27.99
48733547,31700237991,2,27.99
49635005,31700237991,1,27.99
45240442,31700237991,1,27.99
43714443,31700237991,2,27.99
77867710,31700237991,5,27.99
83987469,31700237991,1,27.99
85679431,31700237991,1,27.99
42860712,31700237991,1,27.99
83030178,31700237991,1,27.99
98787628,25900329853,1,25.99
46258179,25900329853,1,25.99
87709042,25900329853,1,25.99
45083030,25900329853,2,25.99
47658435,25900329853,3,25.99
55914170,25900329853,1,25.99
42723742,25900329853,1,25.99
99730520,25900329853,1,25.99
82575244,25900329853,1,25.99
83030178,25900329853,1,25.99
47531714,25900329853,2,25.99
43431642,25900329853,1,25.99
42860712,71610341333,1,29.99
77867710,71610341333,2,29.99
47518838,71610341333,1,29.99
69381065,71610341333,1,29.99
46258179,71610341333,1,29.99
55914170,71610341333,1,29.99
78595000,31700237748,3,25.99
49200010,31700237748,3,25.99
43775405,31700237748,1,25.99
46258179,31700237748,1,25.99
45083030,31700237748,2,25.99
92275560,31700237748,2,25.99
20779080,31700237748,2,25.99
55914170,31700237748,2,25.99
87709042,31700237748,1,25.99
83294407,31700237748,1,25.99
42924005,31700237748,1,25.99
44686316,31700237748,1,25.99
88405013,31700237748,2,25.99
47658435,31700237748,1,25.99
47532006,31700237748,2,25.99
47532006,31700237748,1,25.99
85465580,31700237748,1,25.99
47518838,31700237748,1,25.99
66418767,31700237748,1,25.99
43775405,31700237748,2,25.99
45651453,31700237748,1,25.99
77403030,31700237748,2,25.99
49635005,31700237748,1,25.99
77867710,31700237748,3,25.99
83987469,31700237748,2,25.99
85679431,31700237748,1,25.99
47531714,31700237748,2,25.99
45493971,31700237748,1,25.99
83030178,31700237748,1,25.99
83030178,71610341203,1,29.99
98143430,71610341203,1,29.99
46258179,71610341203,1,29.99
45083030,71610341203,1,29.99
45651453,71610341203,1,29.99
77403030,71610341203,2,29.99
44472437,25900359003,1,25.99
43430707,25900359003,2,25.99
46258179,25900359003,1,25.99
69422879,25900359003,1,25.99
68450033,25900297695,2,16.49
45097899,25900297695,1,16.49
78595000,25900297695,2,16.49
44472437,25900297695,1,16.49
45493971,25900297695,1,16.49
62094516,25900297695,1,16.49
69381065,25900297695,1,16.49
43430707,25900297695,1,16.49
46258179,25900297695,1,16.49
63202300,25900297695,2,16.49
48555190,25900297695,3,16.49
55914170,25900297695,4,16.49
45122177,25900297695,2,16.49
42860712,25900297695,2,16.49
47532006,25900297695,2,16.49
44686316,25900297695,1,16.49
43714443,25900297695,1,16.49
88405013,25900297695,2,16.49
77403030,25900297695,2,16.49
48733547,25900297695,1,16.49
49635005,25900297695,2,16.49
66418767,25900297695,1,16.49
46089059,25900297695,1,16.49
43775405,25900297695,1,16.49
42847879,25900297695,4,16.49
85679431,25900297695,2,16.49
47532006,25900297695,1,16.49
43620744,25900297695,1,16.49
45651453,25900297695,1,16.49
83987469,31700238394,1,25.99
83294407,31700238394,1,25.99
77403030,31700238394,1,25.99
85045129,31700238394,1,25.99
29421410,31700238394,2,25.99
87709042,31700238394,1,25.99
45097899,70137515630,1,31.59
89772072,70137515630,2,31.59
90088840,70137515630,1,31.59
80546000,70137515630,1,31.59
98143430,70137515630,6,31.59
45122177,70137515630,5,31.59
87709042,70137515630,3,31.59
45083030,70137515630,3,31.59
47658435,70137515630,2,31.59
48555190,70137515630,4,31.59
46868000,70137515630,1,31.59
48733547,70137515630,10,31.59
82575244,70137515630,1,31.59
47410840,70137515630,3,31.59
43714443,70137515630,4,31.59
24045770,70137515630,1,31.59
83987469,70137515630,2,31.59
50432000,70137515630,2,31.59
45493971,70137515630,2,31.59
83030178,70137515630,1,31.59
43714443,70137515630,2,31.59
68450033,31700237946,2,27.99
45097899,31700237946,1,27.99
78595000,31700237946,5,27.99
42360022,31700237946,1,27.99
69638820,31700237946,2,27.99
46258179,31700237946,1,27.99
87709042,31700237946,1,27.99
44192430,31700237946,2,27.99
45083030,31700237946,3,27.99
92275560,31700237946,3,27.99
20779080,31700237946,1,27.99
23095095,31700237946,1,27.99
49182800,31700237946,4,27.99
47518838,31700237946,1,27.99
66418767,31700237946,1,27.99
43775405,31700237946,1,27.99
46089059,31700237946,1,27.99
47532006,31700237946,1,27.99
85679431,31700237946,2,27.99
43431642,31700237946,1,27.99
45651453,31700237946,1,27.99
42860712,31700237946,1,27.99
83030178,31700237946,1,27.99
45541348,31700237946,1,27.99
77867710,25900359560,2,19.99
78595000,25900359560,6,19.99
43430707,25900359560,1,19.99
98143430,25900359560,2,19.99
47658435,25900359560,3,19.99
43430083,25900359560,1,19.99
45966160,25900359560,2,19.99
44686316,25900359560,3,19.99
88405013,25900359560,2,19.99
43620744,25900359560,1,19.99
47518838,25900359560,4,19.99
83030178,25900359560,1,19.99
99119820,25900359560,2,19.99
77867710,25900359560,2,19.99
68450033,25900325749,2,16.49
46258179,25900325749,1,16.49
53632040,25900325749,1,16.49
87709042,25900325749,1,16.49
98155490,25900325749,1,16.49
49649847,25900325749,2,16.49
47658435,25900325749,2,16.49
47410840,25900325749,3,16.49
88065925,25900325749,1,16.49
43775405,25900325749,1,16.49
46089059,25900325749,1,16.49
47532006,25900325749,2,16.49
47532006,25900325749,1,16.49
43431642,25900325749,2,16.49
83030178,25900325749,1,16.49
78595000,25900325749,2,16.49
45097899,31700238035,1,27.99
78595000,31700238035,3,27.99
45493971,31700238035,1,27.99
20779080,31700238035,1,27.99
44192430,31700238035,2,27.99
45083030,31700238035,3,27.99
55914170,31700238035,2,27.99
87709042,31700238035,1,27.99
49182800,31700238035,2,27.99
48555190,31700238035,2,27.99
47518838,31700238035,3,27.99
45651453,31700238035,1,27.99
48733547,31700238035,1,27.99
42922403,31700238035,1,27.99
85679431,31700238035,2,27.99
83030178,31700238035,1,27.99
89772072,25900359508,3,19.99
42416622,25900359508,5,19.99
42923231,25900359508,20,19.99
78595000,25900359508,6,19.99
49880277,25900359508,1,19.99
45493971,25900359508,8,19.99
45083030,25900359508,15,19.99
92275560,25900359508,6,19.99
66831043,25900359508,1,19.99
42860712,25900359508,1,19.99
38006872,25900359508,2,19.99
42924005,25900359508,1,19.99
44192430,25900359508,4,19.99
53632040,25900359508,2,19.99
87709042,25900359508,8,19.99
56530660,25900359508,2,19.99
55914170,25900359508,4,19.99
22438100,25900359508,3,19.99
46349942,25900359508,1,19.99
43430083,25900359508,2,19.99
42928518,25900359508,1,19.99
24654290,25900359508,1,19.99
56840900,25900359508,1,19.99
47658435,25900359508,3,19.99
44686316,25900359508,3,19.99
23095095,25900359508,2,19.99
85679431,25900359508,3,19.99
88405013,25900359508,10,19.99
43714443,25900359508,1,19.99
49182800,25900359508,2,19.99
88065925,25900359508,1,19.99
43775405,25900359508,2,19.99
46089059,25900359508,2,19.99
47532006,25900359508,2,19.99
47532006,25900359508,1,19.99
86642489,25900359508,1,19.99
49635005,25900359508,3,19.99
46258179,25900359508,1,19.99
47518838,25900359508,6,19.99
42847879,25900359508,6,19.99
50432000,25900359508,5,19.99
43431642,25900359508,2,19.99
45651453,25900359508,4,19.99
45746099,25900359508,2,19.99
77867710,25900359508,5,19.99
83733790,25900359508,1,19.99
24045770,25900359508,2,19.99
83987469,25900359508,4,19.99
83030178,25900359508,1,19.99
99119820,25900359508,2,19.99
25262260,25900359508,1,19.99
49887144,25900359508,3,19.99
42922403,25900359508,4,19.99
42923231,25900359522,20,19.99
78595000,25900359522,4,19.99
78878230,25900359522,4,19.99
44997480,25900359522,1,19.99
45083030,25900359522,10,19.99
47410840,25900359522,3,19.99
66831043,25900359522,1,19.99
42860712,25900359522,1,19.99
43430707,25900359522,2,19.99
55914170,25900359522,5,19.99
43430083,25900359522,1,19.99
87709042,25900359522,4,19.99
88405013,25900359522,5,19.99
49182800,25900359522,2,19.99
47658435,25900359522,3,19.99
47518838,25900359522,4,19.99
43775405,25900359522,2,19.99
47532006,25900359522,1,19.99
23095095,25900359522,2,19.99
83987469,25900359522,2,19.99
43431642,25900359522,1,19.99
45746099,25900359522,1,19.99
83030178,25900359522,1,19.99
99119820,25900359522,1,19.99
83733790,25900359522,1,19.99
68450033,25900325718,10,16.49
72811880,25900325718,4,16.49
78595000,25900325718,10,16.49
53448570,25900325718,4,16.49
45493971,25900325718,3,16.49
98143430,25900325718,6,16.49
43430707,25900325718,6,16.49
49887144,25900325718,2,16.49
46258179,25900325718,3,16.49
20779080,25900325718,4,16.49
42860712,25900325718,4,16.49
69381065,25900325718,1,16.49
49880277,25900325718,1,16.49
38006872,25900325718,2,16.49
42924005,25900325718,3,16.49
87709042,25900325718,4,16.49
45083030,25900325718,20,16.49
92275560,25900325718,5,16.49
22438100,25900325718,4,16.49
44536184,25900325718,5,16.49
98155490,25900325718,2,16.49
47658435,25900325718,6,16.49
55914170,25900325718,12,16.49
43714443,25900325718,6,16.49
88405013,25900325718,15,16.49
49182800,25900325718,1,16.49
63202300,25900325718,4,16.49
47532006,25900325718,4,16.49
82575244,25900325718,1,16.49
47410840,25900325718,10,16.49
44686316,25900325718,2,16.49
88065925,25900325718,1,16.49
45966160,25900325718,2,16.49
43775405,25900325718,4,16.49
46089059,25900325718,3,16.49
47532006,25900325718,6,16.49
48733547,25900325718,3,16.49
49635005,25900325718,3,16.49
46258179,25900325718,4,16.49
47518838,25900325718,14,16.49
43431642,25900325718,4,16.49
45651453,25900325718,4,16.49
98143430,25900325718,10,16.49
45746099,25900325718,4,16.49
44472437,25900325718,5,16.49
43714443,25900325718,4,16.49
83987469,25900325718,1,16.49
66407850,25900325718,1,16.49
24045770,25900325718,2,16.49
85679431,25900325718,2,16.49
68481969,25900325718,4,16.49
73965490,25900325718,6,16.49
45493971,25900325718,5,16.49
83030178,25900325718,1,16.49
43633593,25900325718,14,16.49
73965490,71610301849,2,37.99
45083030,71610301849,2,37.99
92275560,71610301849,1,37.99
85679431,71610301849,5,37.99
71914300,71610495883,1,31.99
98143430,71610495883,6,31.99
47410840,71610495883,5,31.99
55914170,71610495883,1,31.99
46349942,71610495883,2,31.99
42847400,71610495883,1,31.99
43714443,71610495883,2,31.99
44371429,71610495883,2,31.99
88901154,71610495883,1,31.99
47531714,71610495883,2,31.99
78595000,25900287344,1,25.99
87709042,25900287344,1,25.99
46089059,25900287344,1,25.99
85679431,25900287344,1,25.99
47658435,25900287344,1,25.99
53632040,25900287344,1,25.99
43714443,25900287344,1,25.99
83987469,25900287344,1,25.99
48733547,25900287344,1,25.99
77867710,31700237953,2,27.99
77867710,25900287337,5,25.99
77867710,25900329884,1,25.99
77867710,71610341197,4,29.99
77867710,71610341210,4,29.99
77867710,819721012427,3,22.99
77867710,70137005186,4,28.39
77867710,70137500186,3,56.69
83733790,70137500186,1,56.69
83987469,25900287337,2,25.99
83987469,31700237953,1,27.99
83987469,31700238981,1,17.99
83987469,31700238677,1,16.99
83987469,71610341197,1,29.99
83987469,71610302273,1,37.99
83987469,819721012366,1,22.99
66407850,819721012366,1,22.99
66407850,70137500230,1,56.69
66407850,70137515593,1,45.59
24045770,71610341197,1,29.99
24045770,819721012366,1,22.99
24045770,819721012427,1,22.99
24045770,25900336776,2,16.49
24045770,25900287337,2,25.99
49368787,819721012366,2,22.99
49368787,819721010379,1,23.49
49368787,25900247478,2,12.49
49368787,31700239414,1,27.99
51283300,819721012427,1,22.99
83987469,25900359539,2,19.99
83987469,70137514879,2,22.99
83987469,70137005186,4,28.39
83987469,70137513728,4,29.49
83987469,70137500186,1,56.69
85679431,31700233894,1,21.99
85679431,31700238028,2,27.99
85679431,31700237953,2,27.99
85679431,25900325725,2,16.49
85679431,25900287337,1,25.99
85679431,71610340848,2,37.99
85679431,71610302273,2,37.99
85679431,70137500186,2,56.69
85679431,70137500230,1,56.69
85679431,70137513728,4,29.49
50432000,819721012427,3,22.99
50432000,71610341210,1,29.99
50432000,31700238028,2,27.99
50432000,70137005186,3,28.39
50432000,70137513728,4,29.49
50432000,70137514879,2,22.99
47531714,819721012366,2,22.99
47531714,31700238066,2,16.99
47531714,31700238677,4,16.99
47531714,25900287337,3,25.99
47531714,25900329884,1,25.99
47531714,70137515593,2,45.59
47532006,25900287337,2,25.99
47532006,70137005186,1,28.39
43431642,71610341197,1,29.99
43431642,70137513728,1,29.49
43431642,25900287337,2,25.99
43431642,31700238677,1,16.99
43431642,25900247478,6,12.49
43431642,70137005186,2,28.39
43431642,70137514879,3,22.99
48833142,70137514879,1,22.99
48833142,751667090629,1,55.99
43620744,70137500186,2,56.69
43620744,70137500230,1,56.69
43620744,70137513728,1,29.49
45651453,31700238028,1,27.99
45651453,31700237953,1,27.99
45651453,25900287337,2,25.99
45651453,71610499508,1,42.49
45651453,71610499546,1,42.49
45651453,71610341210,1,29.99
45651453,31700238677,2,16.99
45651453,25900336776,1,16.49
45651453,25900325725,1,16.49
45651453,71610299610,1,31.49
45651453,71610340473,1,31.49
45651453,819721012366,1,22.99
45651453,70137515593,1,45.59
45651453,70137500230,1,56.69
45651453,70137500186,1,56.69
45651453,70137514879,1,22.99
45746099,25900336776,2,16.49
45746099,70137513728,1,29.49
45746099,71610340473,1,31.49
45746099,25900287337,1,25.99
85045129,25900329884,1,25.99
45746099,70137005186,1,28.39
44472437,31700238677,1,16.99
77403030,25900325725,3,16.49
77403030,31700238981,5,17.99
77403030,819721012427,1,22.99
77403030,71610341210,4,29.99
77403030,71610340848,2,37.99
66426853,25900287337,1,25.99
66426853,819721011994,3,19.99
66426853,70137514879,1,22.99
45541348,71610301870,1,37.99
88901154,31700238028,1,27.99
88901154,31700239414,1,27.99
29421410,71610341197,1,29.99
29421410,71610301870,1,37.99
29421410,751667090629,1,55.99
29421410,71610301931,1,37.99
29421410,70137500186,1,56.69
29421410,70137514879,1,22.99
29421410,25900287337,1,25.99
29421410,70137005186,1,28.39
88901154,31700237953,1,27.99
48733547,25900287337,2,25.99
48733547,31700237953,2,27.99
48733547,25900325725,1,16.49
48733547,71610341210,2,29.99
48733547,71610301931,1,37.99
48733547,70137500186,1,56.69
49635005,25900336776,2,16.49
49635005,25900287337,1,25.99
49635005,71610341210,1,29.99
49635005,25900247478,1,12.49
49635005,25900226374,1,12.49
49635005,31700237953,1,27.99
49635005,71610341197,2,29.99
49635005,70137500186,1,56.69
49635005,819721012427,1,22.99
49635005,25900240806,1,19.99
85465580,25900287337,2,25.99
85465580,25900240806,1,19.99
85465580,70137515593,2,45.59
85465580,70137500186,1,56.69
23346704,819721012427,1,22.99
47518838,31700238677,2,16.99
47518838,31700238028,1,27.99
47518838,31700237953,1,27.99
47518838,25900336776,2,16.49
47518838,31700235614,2,15.49
47518838,25900287337,3,25.99
47518838,819721012366,2,22.99
47518838,819721012427,1,22.99
47518838,71610301931,1,37.99
47518838,71610340848,1,37.99
47518838,70137513728,3,29.49
47518838,70137500186,3,56.69
47518838,70137514879,1,22.99
47518838,70137005186,10,28.39
66418767,25900325725,2,16.49
55831960,70137500186,2,56.69
55831960,71610301931,1,37.99
44371429,25900287337,2,25.99
66418767,31700237953,1,27.99
66418767,31700238677,2,16.99
66418767,70137005186,3,28.39
66418767,70137514879,2,22.99
66418767,70137513728,2,29.49
42847879,25900287337,4,25.99
43620744,31700234877,-1,14.99
43620744,31700238677,1,16.99
44371429,25900240806,1,19.99
44371429,31700238677,2,16.99
44371429,70137500186,1,56.69
44371429,70137513728,1,29.49
91450500,25900287337,1,25.99
91450500,70137513728,1,29.49
88065925,71610340848,1,37.99
88065925,70137500230,1,56.69
88065925,70137515593,1,45.59
45966160,25900287337,1,25.99
46549650,31700238981,1,17.99
46549650,31700238677,1,16.99
46549650,31700238646,1,23.99
43775405,819721012427,2,22.99
43775405,819721012366,4,22.99
43775405,31700237953,1,27.99
46089059,25900287337,2,25.99
46089059,71610341197,1,29.99
46089059,71610341210,1,29.99
43775405,71610299610,1,31.49
43775405,31700238677,2,16.99
46089059,812615006755,1,11.99
46089059,70137500186,2,56.69
47532006,25900287337,1,25.99
47532006,31700234877,2,14.99
47532006,31700237953,1,27.99
47532006,25900444143,1,22.99
47532006,31700238646,1,23.99
47532006,819721012366,1,22.99
47532006,25900287337,2,25.99
77867710,70137500186,2,56.69
68450033,31700237861,1,25.99
68450033,25900287337,5,25.99
68450033,25900240806,1,19.99
68450033,25900247478,2,12.49
68450033,819721012427,4,22.99
68450033,70137515593,1,45.59
68450033,70137500186,1,56.69
68450033,70137005186,3,28.39
68450033,70137514879,1,22.99
82712443,751667090629,1,55.99
82712443,751667074346,1,55.99
45097899,70137005186,1,28.39
45097899,71610341197,1,29.99
45097899,31700238028,1,27.99
72811880,25900287337,1,25.99
72811880,71610340848,1,37.99
72811880,819721012366,1,22.99
72811880,31700237953,1,27.99
72811880,70137005186,2,28.39
72811880,70137500230,1,56.69
68481969,31700238981,3,17.99
89772072,25900287337,3,25.99
89772072,71610341197,1,29.99
89772072,819721012366,2,22.99
84795745,31700238677,5,16.99
49608883,71610341210,1,29.99
46868000,71610299610,1,31.49
46868000,31700238677,8,16.99
46868000,31700238646,1,23.99
90088840,70137514879,1,22.99
90088840,70137005186,1,28.39
42923231,70137513728,1,29.49
42923231,31700238677,1,16.99
42416622,70137513728,3,29.49
42923231,31700238677,2,16.99
42923231,819721012366,2,22.99
42923231,819721012427,4,22.99
42923231,70137513728,2,29.49
78595000,31700420270,2,29.99
78595000,31700237953,3,27.99
78595000,31700238028,4,27.99
78595000,819721012427,2,22.99
78595000,819721012366,3,22.99
78595000,70137515593,8,45.59
78595000,70137500230,4,56.69
78595000,70137513728,3,29.49
78595000,70137500186,4,56.69
78595000,751667090629,1,55.99
78595000,751667074346,1,55.99
78595000,25900240806,1,19.99
78595000,25900287337,6,25.99
80546000,25900287337,1,25.99
80546000,71610341197,1,29.99
91450500,71610341197,1,29.99
53448570,25900287337,2,25.99
44472437,25900336776,1,16.49
78878230,70137500230,2,56.69
78878230,31700238066,1,16.99
20910190,70137514879,2,22.99
69638820,751667074346,1,55.99
47676228,70137515593,2,45.59
45845155,70137500186,2,56.69
45845155,71610340473,1,31.49
68481969,819721012366,1,22.99
98787628,31700420317,1,29.99
98787628,25900240806,1,19.99
73965490,70137500230,2,56.69
73965490,70137515593,3,45.59
73965490,70137513728,2,29.49
73965490,819721012427,2,22.99
73965490,71610302273,2,37.99
73965490,25900287337,6,25.99
73965490,71610341210,3,29.99
73965490,31700238981,2,17.99
73965490,31700237953,3,27.99
82157334,819721012366,1,22.99
46968050,31700238677,1,16.99
45493971,25900287337,5,25.99
45493971,31700238677,2,16.99
45493971,31700237953,1,27.99
45493971,31700239414,2,27.99
45493971,25900325725,2,16.49
45493971,71610341210,1,29.99
45493971,819721012427,1,22.99
45493971,819721012366,2,22.99
45493971,70137500186,2,56.69
45493971,70137005186,5,28.39
62094516,25900336776,1,16.49
89279441,31700238677,2,16.99
89279441,70137513728,1,29.49
89279441,25900240806,1,19.99
25236660,751667074346,1,55.99
25236660,70137513728,1,29.49
83030178,819466011464,1,11.99
83030178,819466011471,1,11.99
83030178,25900278809,1,25.99
83030178,25900287337,1,25.99
83030178,25900444143,1,22.99
83030178,31700238028,1,27.99
83030178,71610341197,1,29.99
83030178,31700239414,1,27.99
83030178,25900359539,1,19.99
83030178,819721012427,1,22.99
83030178,71610301931,1,37.99
83030178,25900240806,1,19.99
83030178,819721012366,1,22.99
83030178,70137005186,1,28.39
83030178,70137514879,1,22.99
83030178,70137500230,1,56.69
83030178,70137513728,1,29.49
99119820,25900359539,2,19.99
45240442,31700237861,1,25.99
45240442,70137513728,1,29.49
45240442,25900287337,1,25.99
43633593,819721012366,1,22.99
49887144,25900287337,2,25.99
49887144,31700238028,1,27.99
49887144,71610340473,2,31.49
49887144,70137005186,1,28.39
87011027,70137005186,30,27.5
49637929,31700238646,1,23.99
49637929,31700238677,3,16.99
43714443,71610341197,2,29.99
43714443,71610341210,2,29.99
42922403,71610341210,1,29.99
42922403,71610341197,1,29.99
42922403,31700238677,2,16.99
45541348,31700237953,1,27.99
45541348,31700238677,1,16.99
45541348,751667074346,1,55.99
45541348,70137514879,2,22.99
45541348,70137005186,2,28.39
45541348,70137500230,1,56.69
87709042,25900287337,4,25.99
87709042,25900336776,1,16.49
87709042,25900325725,1,16.49
87709042,25900240806,1,19.99
87709042,70137005186,5,28.39
87709042,70137514879,1,22.99
87709042,70137005889,1,28.39
87709042,70137500186,1,56.69
45083030,25900336776,3,16.49
45083030,25900325725,4,16.49
45083030,25900329884,1,25.99
45083030,25900287337,6,25.99
45083030,31700237953,1,27.99
45083030,31700238028,1,27.99
45083030,71610341210,1,29.99
45083030,71610341197,1,29.99
45083030,31700238677,5,16.99
45083030,71610340473,2,31.49
45083030,819721012427,3,22.99
45083030,819721012366,5,22.99
45083030,70137500230,3,56.69
45083030,70137500186,3,56.69
45083030,70137515593,2,45.59
45083030,70137005186,7,28.39
92275560,31700237953,2,27.99
92275560,31700238028,1,27.99
92275560,25900287337,2,25.99
92275560,31700238677,2,16.99
92275560,71610341210,1,29.99
92275560,71610499508,2,42.49
92275560,31700239209,1,21.99
92275560,819721012366,1,22.99
92275560,71610340848,1,37.99
92275560,71610301870,1,37.99
92275560,70137514879,3,22.99
92275560,70137005186,3,28.39
20779080,31700238028,2,27.99
20779080,25900325725,2,16.49
20779080,71610341197,1,29.99
20779080,819721012366,1,22.99
20779080,751667074346,1,55.99
20779080,70137500186,1,56.69
20779080,70137500230,1,56.69
47410840,25900359539,2,19.99
47410840,25900240806,2,19.99
47410840,71610301870,1,37.99
47410840,819721012366,4,22.99
46702220,71610341210,3,29.99
46702220,31700238028,1,27.99
46702220,70137513728,2,29.49
21056940,70137515593,1,45.59
69381065,70137513728,2,29.49
69381065,819721012427,1,22.99
69381065,25900247478,1,12.49
42499311,31700238677,4,16.99
42499311,819721012427,1,22.99
42499311,819721012366,3,22.99
42499311,31700238066,1,16.99
42499311,25900336776,2,16.49
24654290,70137005186,1,28.39
77403030,25900287337,24,25.99
77403030,31700237861,1,25.99
77403030,31700239414,2,27.99
49880277,71610341210,1,29.99
49880277,819721012427,1,22.99
98143430,31700233894,1,21.99
98143430,31700238066,1,16.99
98143430,25900359539,1,19.99
98143430,31700238646,3,23.99
98143430,31700234877,1,14.99
98143430,31700238677,5,16.99
98143430,31700239209,1,21.99
47410840,31700238677,10,16.99
77403030,70137514879,6,22.99
42499311,70137514879,2,22.99
43775405,31700238677,1,16.99
46290360,31700238677,2,16.99
43430707,25900336776,1,16.49
43430707,819721012052,1,23.49
43430707,819721012427,1,22.99
43430707,25900359058,1,25.99
69638820,31700238677,3,16.99
47583221,25900240806,1,19.99
99119820,751667074346,1,55.99
99119820,70137500186,1,56.69
99119820,71610341197,1,29.99
99119820,25900240806,1,19.99
46258179,31700237953,1,27.99
46258179,71610341210,1,29.99
46258179,25900287337,1,25.99
46258179,25900359058,1,25.99
46258179,819721012366,1,22.99
46258179,819721012427,1,22.99
46258179,70137514879,1,22.99
46258179,25900336776,1,16.49
47532006,31700238677,2,16.99
47532006,71610341210,1,29.99
47532006,819721012427,2,22.99
47532006,70137005186,1,28.39
82575244,31700233894,1,21.99
82575244,25900336776,1,16.49
82575244,25900287337,1,25.99
82575244,31700237953,1,27.99
82575244,31700238028,1,27.99
82575244,70137005186,1,28.39
47410840,25900336776,3,16.49
47410840,25900287337,6,25.99
47410840,70137515593,10,45.59
47410840,70137500186,2,56.69
47410840,70137514879,3,22.99
44686316,25900287337,2,25.99
44686316,25900325725,2,16.49
44686316,25900336776,2,16.49
44686316,71610499508,1,42.49
44686316,71610301931,1,37.99
44686316,70137500186,2,56.69
44686316,71610502314,2,28.49
44686316,70137513728,5,29.49
44686316,70137005186,15,28.39
44686316,70137514879,2,22.99
44686316,751667074346,2,55.99
42847400,31700239414,1,27.99
43714443,70137005186,2,28.39
43714443,819721012427,3,22.99
43714443,819721012366,4,22.99
43714443,70137500230,1,56.69
43714443,70137515593,1,45.59
43714443,70137500186,1,56.69
23095095,25900287337,1,25.99
23095095,31700239414,1,27.99
23095095,819721012427,1,22.99
23095095,819721012366,1,22.99
23095095,70137514879,2,22.99
85679431,70137500186,1,56.69
85679431,70137513728,2,29.49
85679431,70137500230,1,56.69
85679431,70137515593,1,45.59
88405013,71610341197,1,29.99
88405013,25900336776,2,16.49
88405013,25900287337,4,25.99
25235613,70137500186,3,56.69
25235613,70137005186,2,28.39
49182800,25900287337,2,25.99
63202300,751667074223,2,55.99
49182800,70137500186,2,56.69
63202300,25900287337,2,25.99
24654290,25900336776,1,16.49
24654290,71610340848,1,37.99
24654290,70137515593,2,45.59
47658435,70137005889,2,28.39
48833142,31700238677,1,16.99
42431786,31700238677,2,16.99
56840900,25900247478,1,12.49
56840900,70137513728,3,29.49
42431786,31700235614,2,15.49
42431786,819721012427,2,22.99
42431786,819721012366,4,22.99
42431786,70137513728,2,29.49
68481969,70137500230,1,56.69
47658435,70137500230,3,56.69
47658435,70137515593,3,45.59
47658435,31700238646,2,23.99
47658435,31700237861,1,25.99
47658435,31700239056,2,16.99
47658435,31700238714,2,14.99
47658435,31700234877,2,14.99
47658435,71610341210,1,29.99
47658435,71610341197,1,29.99
47658435,71610499508,1,42.49
47658435,25900325725,2,16.49
47658435,25900336776,2,16.49
47658435,25900226374,1,12.49
47658435,25900247478,1,12.49
47658435,25900287337,3,25.99
47658435,25900278809,1,25.99
47658435,25900359539,3,19.99
56530660,70137513728,1,29.49
48555190,70137500186,1,56.69
48555190,70137513728,2,29.49
48555190,70137005186,4,28.39
48555190,819721010379,1,23.49
48555190,31700238677,2,16.99
48555190,25900325725,3,16.49
39368390,70137500186,1,56.69
55914170,25900287337,4,25.99
55914170,31700237861,1,25.99
55914170,31700239414,1,27.99
55914170,31700238677,2,16.99
55914170,25900336776,2,16.49
55914170,819721012427,1,22.99
55914170,819721012366,1,22.99
55914170,71610301931,1,37.99
55914170,25900359539,2,19.99
55914170,25900240806,1,19.99
55914170,70137515593,1,45.59
55914170,70137500230,1,56.69
55914170,70137500186,2,56.69
55914170,70137005186,4,28.39
22438100,25900287337,2,25.99
22438100,819721011994,1,19.99
22438100,70137005186,2,28.39
22438100,70137513728,4,29.49
42723742,25900287337,1,25.99
42723742,819721012366,1,22.99
44536184,25900287337,5,25.99
69422879,819721012052,1,23.49
87709042,31700238028,1,27.99
87709042,31700237953,1,27.99
87709042,31700233894,1,21.99
47658435,70137500186,3,56.69
47658435,71610340848,1,37.99
47658435,819721012366,1,22.99
83294407,70137005186,1,28.39
46349942,71610340848,1,37.99
46349942,70137513728,1,29.49
46349942,70137500230,1,56.69
98155490,25900336776,1,16.49
63182614,70137513728,1,29.49
63182614,70137500230,1,56.69
63182614,70137514879,2,22.99
43430083,751667074346,1,55.99
43430083,70137513728,1,29.49
43430083,70137005186,2,28.39
43430083,71610301931,1,37.99
43430083,71610502314,1,28.49
42928518,25900287337,2,25.99
38006872,25900287337,1,25.99
42924005,31700237953,1,27.99
42924005,25900287337,2,25.99
42924005,31700237861,1,25.99
42924005,31700238981,1,17.99
42924005,817127020800,1,10.69
42924005,70137500230,1,56.69
42924005,70137500186,1,56.69
44192430,71610301931,1,37.99
44192430,70137513728,1,29.49
49200010,25900336776,2,16.49
49200010,70137513728,1,29.49
49200010,70137500230,1,56.69
49200010,71610301870,1,37.99
33867810,31700238646,2,23.99
33867810,31700238677,6,16.99
33867810,70137513728,2,29.49
49649847,70137513728,2,29.49
53632040,25900240806,1,19.99
53632040,71610341210,1,29.99
53632040,31700238028,1,27.99
53632040,31700237953,1,27.99
53632040,25900287337,1,25.99
49368787,70137515296,1,24.99
83987469,25900359553,2,19.99
83987469,25900359515,4,19.99
83987469,25900359546,2,19.99
83987469,70137514916,3,22.99
83987469,70137515296,4,24.99
85679431,31700237694,1,25.99
85679431,31700237700,1,25.99
85679431,31700238011,1,27.99
85679431,71610341234,2,29.99
85679431,25900329839,1,25.99
85679431,25900359515,4,19.99
85679431,70137515296,3,24.99
50432000,71610340916,1,37.99
50432000,25900329839,2,25.99
50432000,25900359553,5,19.99
50432000,25900359515,5,19.99
50432000,25900359546,1,19.99
50432000,858765005828,1,10.69
50432000,31700236840,2,15.29
50432000,70137515296,2,24.99
50432000,70137514916,4,22.99
47531714,71610341234,1,29.99
47531714,31700237700,2,25.99
47531714,31700237755,1,25.99
47531714,25900359515,5,19.99
85679431,25900359553,3,19.99
43431642,25900296353,1,25.99
43431642,25900359515,2,19.99
43431642,25900329839,2,25.99
43431642,25900359553,1,19.99
43431642,70137514916,3,22.99
43431642,70137005230,2,28.39
46968050,31700237717,1,25.99
48833142,70137515296,5,24.99
43620744,25900359515,1,19.99
39917520,71610302778,1,25.99
45651453,31700238011,2,27.99
45651453,31700237700,2,25.99
45651453,25900296353,1,25.99
45651453,25900329839,2,25.99
45651453,70137005230,1,28.39
45746099,31700237694,1,25.99
45746099,25900359553,2,19.99
85045129,751667046947,1,55.99
85045129,31700237717,1,25.99
85045129,70137514916,2,22.99
45746099,25900329839,1,25.99
45746099,70137515296,1,24.99
44472437,31700237694,1,25.99
44472437,31700237700,1,25.99
44472437,858765005941,1,10.69
77403030,71610341234,2,29.99
77403030,751667290029,2,55.99
77403030,70137514916,30,22.99
66426853,25900329839,1,25.99
66426853,819721011932,1,19.99
66426853,812615006717,1,11.99
66426853,70137514916,5,22.99
66426853,70137005230,1,28.39
86642489,25900359515,1,19.99
88901154,71610340916,1,37.99
29421410,70137514916,1,22.99
99730520,25900329839,1,25.99
88901154,70137515296,1,24.99
88901154,70137514916,2,22.99
88901154,70137005230,1,28.39
48733547,25900329839,2,25.99
48733547,25900296353,2,25.99
48733547,25900325732,1,16.49
48733547,71610341234,2,29.99
48733547,858765005828,1,10.69
48733547,70137005230,10,28.39
48733547,70137514916,10,22.99
48733547,70137515296,10,24.99
49635005,25900296353,1,25.99
49635005,25900329839,1,25.99
49635005,70137514916,2,22.99
85465580,31700237694,2,25.99
85465580,25900329839,1,25.99
23346704,31700237755,1,25.99
23346704,858765005828,1,10.69
46258179,25900359553,1,19.99
47518838,31700238011,2,27.99
47518838,858765005828,1,10.69
47518838,71610341234,1,29.99
47518838,25900329839,3,25.99
47518838,25900359553,6,19.99
47518838,25900359546,4,19.99
47518838,25900359515,4,19.99
47518838,70137514916,5,22.99
47518838,70137515296,4,24.99
47518838,70137005230,4,28.39
74406704,858765005828,1,10.69
66418767,25900296353,1,25.99
66418767,25900325732,1,16.49
92200860,70137514916,2,22.99
92200860,70137515296,2,24.99
92200860,71610341234,1,29.99
44371429,71610341234,2,29.99
44371429,25900296353,1,25.99
66418767,71610299580,1,31.49
66418767,70137514916,2,22.99
42847879,25900329839,2,25.99
42847879,31700237700,2,25.99
42847879,25900359546,4,19.99
44371429,25900359546,2,19.99
44371429,751667046947,1,55.99
91450500,858765005828,2,10.69
91450500,819721011932,2,19.99
45966160,25900329839,3,25.99
45966160,25900443016,1,22.99
45966160,25900359553,3,19.99
46549650,31700237939,1,27.99
43775405,25900287351,1,25.99
43775405,858765005828,1,10.69
46089059,25900329839,2,25.99
46089059,31700238011,1,27.99
46089059,31700237700,1,25.99
84693695,812615006717,2,11.99
43775405,31700237700,1,25.99
43775405,25900359515,2,19.99
46089059,31700236840,1,15.29
46089059,25900359553,2,19.99
46089059,25900359515,2,19.99
46089059,751667290029,1,55.99
47532006,25900329839,3,25.99
47532006,31700237700,2,25.99
47532006,31700238011,2,27.99
47532006,25900443016,1,22.99
47532006,25900359553,2,19.99
47532006,25900359515,2,19.99
47532006,31700237694,1,25.99
47532006,31700238011,1,27.99
47532006,70137514916,2,22.99
47532006,70137515296,1,24.99
47532006,25900359515,1,19.99
82575244,31700237717,1,25.99
82575244,70137514916,1,22.99
82575244,31700237700,1,25.99
47410840,25900329839,5,25.99
47410840,31700239124,1,25.99
47410840,70137514916,5,22.99
47410840,812615006717,3,11.99
44686316,31700237700,2,25.99
44686316,31700237717,1,25.99
44686316,25900329839,2,25.99
44686316,31700237984,1,27.99
44686316,25900325732,2,16.49
44686316,25900359515,2,19.99
44686316,25900359553,2,19.99
44686316,70137514916,6,22.99
44686316,70137515296,4,24.99
44686316,751667046947,1,55.99
43714443,70137514916,5,22.99
43714443,70137005230,2,28.39
43714443,71610340183,1,42.49
43714443,25900359546,1,19.99
43714443,25900329839,1,25.99
23095095,31700238011,1,27.99
23095095,25900359515,1,19.99
23095095,25900359553,1,19.99
85679431,25900359515,2,19.99
85679431,751667046947,1,55.99
85679431,31700237939,1,27.99
85679431,71610580091,2,31.99
88405013,70137515296,4,24.99
88405013,25900359515,2,19.99
88405013,25900296353,1,25.99
88405013,25900329839,3,25.99
25235613,70137005230,2,28.39
43714443,751667046947,1,55.99
49182800,25900359553,2,19.99
49182800,25900359546,2,19.99
63202300,31700237717,2,25.99
47658435,70137514916,3,22.99
47658435,70137515296,3,24.99
56840900,25900359515,1,19.99
47658435,31700236277,1,23.99
47658435,25900243715,1,29.99
47658435,31700237694,1,25.99
47658435,31700237717,1,25.99
47658435,31700238011,3,27.99
47658435,31700237700,1,25.99
47658435,31700238332,1,16.99
47658435,31700236840,1,15.29
47658435,858765006832,1,10.69
47658435,858765005828,1,10.69
47658435,25900329839,3,25.99
47658435,25900296353,2,25.99
47658435,25900359546,3,19.99
47658435,25900359515,3,19.99
47658435,25900359553,3,19.99
47658435,25900325732,3,16.49
48555190,70137005230,6,28.39
48555190,71610341371,1,37.99
48555190,25900359515,6,19.99
48555190,31700236840,2,15.29
48555190,25900325732,3,16.49
48555190,31700238011,4,27.99
55914170,25900329839,2,25.99
55914170,25900296339,1,21.99
55914170,25900329877,1,25.99
55914170,31700237694,2,25.99
55914170,31700237700,2,25.99
55914170,31700238011,2,27.99
55914170,25900325732,2,16.49
55914170,71610341234,1,29.99
55914170,25900359515,5,19.99
55914170,25900359553,6,19.99
55914170,70137514916,4,22.99
55914170,70137005230,2,28.39
55914170,751667046947,1,55.99
22438100,31700237694,4,25.99
22438100,25900359515,1,19.99
22438100,25900359553,2,19.99
22438100,70137514916,2,22.99
42723742,25900329839,1,25.99
42723742,70137514916,1,22.99
44536184,25900287351,2,25.99
44536184,25900329891,1,25.99
44536184,25900421120,1,17.99
87709042,31700238011,1,27.99
87709042,31700237694,1,25.99
87709042,31700237700,1,25.99
47658435,71610302730,1,37.99
83294407,70137005230,1,28.39
83294407,31700237755,1,25.99
83294407,31700237717,3,25.99
63182614,70137515296,1,24.99
43430083,25900359515,2,19.99
43430083,25900359553,2,19.99
43430083,25900359546,2,19.99
43430083,31700238011,1,27.99
43430083,70137514916,3,22.99
42924005,25900329839,1,25.99
42924005,817127021531,2,10.69
42924005,858765005828,2,10.69
42924005,25900359553,1,19.99
42924005,25900359515,1,19.99
42924005,70137515296,3,24.99
44192430,25900359515,2,19.99
49200010,70137005230,3,28.39
45122177,25900325732,2,16.49
45122177,70137514916,2,22.99
33867810,71610341234,1,29.99
49649847,70137514916,3,22.99
49649847,71610302730,1,37.99
53632040,70137005230,2,28.39
20779080,71610501546,-1,72.99
87709042,31700237717,1,25.99
87709042,25900329839,2,25.99
87709042,25900296353,1,25.99
87709042,25900325732,1,16.49
87709042,25900359553,8,19.99
87709042,25900359515,8,19.99
87709042,25900240905,1,19.99
87709042,25900240868,1,19.99
87709042,25900240684,1,15.49
87709042,70137514916,3,22.99
87709042,70137515296,5,24.99
24357175,817127021531,1,10.69
45083030,25900325732,2,16.49
45083030,858765005828,2,10.69
45083030,25900296353,1,25.99
45083030,25900329839,2,25.99
45083030,31700237717,3,25.99
45083030,31700238011,2,27.99
45083030,71610341234,2,29.99
45083030,25900359553,10,19.99
45083030,25900359515,12,19.99
45083030,70137005230,4,28.39
45083030,70137514916,5,22.99
45083030,70137515296,2,24.99
92275560,31700238011,4,27.99
92275560,31700237762,2,25.99
92275560,31700237717,1,25.99
92275560,25900329839,2,25.99
92275560,25900296353,2,25.99
92275560,25900325732,2,16.49
92275560,71610341234,2,29.99
92275560,25900359553,2,19.99
92275560,25900359546,3,19.99
92275560,25900359515,3,19.99
92275560,751667046947,2,55.99
92275560,70137005230,3,28.39
92275560,70137514916,3,22.99
20779080,25900329839,1,25.99
20779080,25900359515,2,19.99
20779080,25900359553,2,19.99
20779080,751667290029,1,55.99
20779080,751667046947,1,55.99
20779080,70137005230,2,28.39
20779080,70137515296,1,24.99
47410840,25900359546,3,19.99
46702220,25900359515,2,19.99
46702220,31700239124,2,25.99
46702220,31700237700,1,25.99
46702220,31700237694,1,25.99
46702220,70137514916,3,22.99
46702220,71610341234,1,29.99
46702220,31700238011,1,27.99
66831043,25900359515,1,19.99
66831043,25900359546,1,19.99
42860712,25900329839,1,25.99
42860712,25900359515,1,19.99
69381065,70137515296,1,24.99
69381065,70137514916,2,22.99
69381065,31700236840,1,15.29
69381065,819466011440,1,11.99
42499311,25900325732,1,16.49
42499311,25900359553,7,19.99
77403030,25900329839,24,25.99
77403030,70137515296,30,24.99
77403030,31700237939,2,27.99
49880277,71610341159,1,29.99
49880277,25900359553,1,19.99
25262260,70137514916,3,22.99
98143430,25900287351,1,25.99
98143430,31700237939,1,27.99
42499311,70137514916,4,22.99
43775405,25900359553,4,19.99
47583221,25900345921,1,11.99
46258179,25900329839,1,25.99
46258179,31700238332,1,16.99
46258179,25900325732,2,16.49
46258179,71610341234,1,29.99
46258179,858765005828,1,10.69
46258179,31700237700,1,25.99
46258179,70137514916,2,22.99
77867710,751667046947,1,55.99
68450033,25900329839,4,25.99
68450033,31700237694,1,25.99
68450033,70137514916,1,22.99
68450033,70137515296,2,24.99
45097899,25900359515,2,19.99
45097899,70137514916,1,22.99
45097899,31700237717,1,25.99
45097899,31700238011,1,27.99
72811880,25900329839,1,25.99
72811880,31700237700,1,25.99
72811880,70137515296,1,24.99
72811880,70137005230,2,28.39
68481969,25900329839,2,25.99
68481969,70137514916,5,22.99
68481969,70137005230,5,28.39
89772072,25900443016,1,22.99
89772072,25900329839,1,25.99
89772072,71610341234,1,29.99
89772072,25900359553,4,19.99
89772072,819721011932,2,19.99
89772072,70137515296,3,24.99
89772072,751667046947,1,55.99
42714678,25900329839,1,25.99
49608883,858765005828,1,10.69
90088840,70137515296,1,24.99
42880344,70137515296,5,24.99
42923231,25900359515,20,19.99
42923231,25900359553,20,19.99
78595000,31700237700,3,25.99
78595000,31700237717,1,25.99
78595000,31700237755,2,25.99
78595000,70137515296,15,24.99
78595000,751667046947,1,55.99
78595000,25900325732,2,16.49
78595000,25900296353,2,25.99
78595000,25900329839,6,25.99
78595000,25900359546,6,19.99
78595000,25900359515,6,19.99
78595000,25900359553,6,19.99
78595000,31700236840,1,15.29
80546000,25900296353,1,25.99
78878230,70137005230,2,28.39
78878230,25900359553,1,19.99
20910190,31700237762,1,25.99
44997480,25900359553,2,19.99
44997480,25900359515,1,19.99
69638820,751667046947,1,55.99
45493971,25900359553,1,19.99
45493971,25900359515,1,19.99
42860712,25900329839,1,25.99
42860712,70137514916,1,22.99
42860712,31700237700,1,25.99
49880277,25900359553,1,19.99
98787628,71610341234,1,29.99
73965490,71610340916,1,37.99
73965490,25900329839,4,25.99
73965490,25900296353,4,25.99
46968050,819721011932,1,19.99
46968050,31700237939,1,27.99
46968050,31700236840,2,15.29
45493971,25900329839,5,25.99
45493971,31700237700,3,25.99
45493971,25900325732,2,16.49
45493971,25900359553,5,19.99
45493971,25900359515,5,19.99
45493971,70137514916,4,22.99
45493971,70137515296,2,24.99
45493971,70137005230,2,28.39
89279441,70137514916,1,22.99
25236660,751667313704,3,55.99
83030178,819466011440,1,11.99
83030178,31700237700,1,25.99
83030178,31700237717,1,25.99
83030178,25900296353,1,25.99
83030178,31700238011,1,27.99
83030178,31700237694,1,25.99
83030178,25900243715,1,29.99
83030178,25900329839,1,25.99
83030178,25900345921,1,11.99
83030178,858765005828,1,10.69
83030178,25900359546,1,19.99
83030178,25900359515,1,19.99
83030178,31700236840,1,15.29
83030178,25900359553,1,19.99
83030178,71610340916,1,37.99
83030178,70137514916,1,22.99
83030178,70137515296,1,24.99
83030178,70137005230,1,28.39
99119820,25900359553,2,19.99
45240442,70137515296,2,24.99
45240442,70137005230,1,28.39
49887144,25900329839,2,25.99
49887144,25900359553,4,19.99
49887144,70137515296,1,24.99
42847879,71610299580,1,31.49
43714443,31700237700,2,25.99
16588290,70137515296,4,24.99
42922403,31700237717,1,25.99
45541348,31700237762,1,25.99
45541348,751667046947,1,55.99
77867710,31700237694,3,25.99
77867710,31700237700,5,25.99
77867710,31700237984,1,27.99
77867710,31700237939,1,27.99
77867710,31700237885,1,25.99
77867710,25900329839,5,25.99
77867710,25900296353,1,25.99
77867710,31700236840,1,15.29
77867710,71610341234,2,29.99
77867710,25900359515,5,19.99
77867710,25900359553,5,19.99
77867710,751667046947,1,55.99
77867710,819721011932,1,19.99
77867710,70137515296,4,24.99
83733790,25900359553,1,19.99
83987469,25900329839,2,25.99
83987469,31700237717,3,25.99
83987469,31700238011,2,27.99
83987469,31700236840,1,15.29
83987469,819721011932,1,19.99
66407850,819721011932,1,19.99
24045770,31700239124,1,25.99
24045770,31700237694,1,25.99
24045770,31700238011,1,27.99
24045770,25900329839,2,25.99
24045770,25900359553,1,19.99
49368787,25900443016,1,22.99
49368787,25900359546,1,19.99
49368787,25900359515,2,19.99
45541348,10819913011426,1,108.69
51283300,10819913011426,1,104.16
53632040,10819913011426,1,108.69
43775405,10819913011426,6,100.64
63202300,10819913011426,6,102.99
48833142,10840048219043,6,69.99
73965490,10840048219296,1,71.99
46968050,10840048219296,-1,71.99
80546000,887969011427,2,39.95
66407850,10819913014984,1,72.99
49200010,849205023557,1,106.99
48555190,849205022147,1,42.99
25262260,849205022147,2,42.99
45845155,849205016269,1,66.99
62094516,849205016269,1,66.99
25262260,849205016269,2,66.99
24654290,849205016269,1,66.99
25235613,849205016269,1,66.99
46349942,849205023465,1,103.99
62094516,849205023465,2,103.99
43714443,849205023465,1,103.99
49200010,849205023465,1,103.99
45541348,849205023465,2,103.99
88901154,849205023465,3,103.99
48833142,849205023465,1,103.99
66407850,10819913011747,1,108.69
46349942,10819913011747,1,108.69
99392500,10819913011747,6,104.16
73965490,10819913012591,6,102
43775405,10819913012591,6,100.64
49200010,10819913012591,1,108.69
43895259,10819913012591,1,108.69
46349942,10819913012591,1,108.69
53632040,10819913012591,1,108.69
63202300,10819913012591,6,102.99
47531714,10819913012591,3,108.69
45541348,10819913012591,2,108.69
51283300,10819913012591,2,104.16
48833142,10840048219036,3,69.99
46968050,10840048219036,2,69.99
43714443,849205023434,1,103.99
20779080,849205032054,1,66.99
44686316,10840048219036,2,71.99
47410840,849205017914,1,66.99
73965490,10819913015158,1,68.99
73965490,10819913015196,1,68.99
82157334,849205019680,1,66.99
45541348,849205019680,1,66.99
43633593,717519001045,1,69.99
42416622,717519111706,1,69.99
45493971,717519111706,1,69.99
56530660,717519111706,1,69.99
55914170,717519111706,1,69.99
77403030,717519111706,1,69.99
42431786,717519011143,1,57.99
24654290,717519011143,1,57.99
44192430,717519011143,1,57.99
44686316,717519011143,-1,57.99
44192430,717519001052,1,69.99
49200010,717519001052,1,69.99
55914170,717519001052,1,69.99
48733547,717519000857,2,67.49
73965490,717519008822,1,57.99
46968050,717519008822,1,57.99
47410840,717519008822,1,57.99
43430707,717519000857,1,67.49
47518838,717519011112,1,57.99
42928518,717519001076,1,69.99
44192430,717519001076,1,69.99
47410840,717519011105,1,57.99
73965490,717519011105,1,57.99
46968050,717519011105,1,57.99
77403030,802084128492,1,18.99
77403030,6291108161067,1,17.99
77403030,6291108160312,1,17.99
77403030,6291100731794,1,17.99
77403030,802084127860,1,10.49
77867710,738607282948,4,39.99
47518838,738607282948,2,39.99
48733547,738607282948,3,39.99
83030178,761073426394,1,27.99
88901154,783495655077,2,30.99
88065925,783495655077,1,30.99
42431786,783495655077,4,30.99
47658435,783495655077,1,30.99
44192430,6291108160015,1,17.99
44192430,783495607533,1,49.99
82428275,16027641775,1,17.99
46089059,16027641775,1,17.99
43633593,16027641775,1,17.99
48987860,6291108161722,1,17.5
48987860,6291108161722,1,17.5
48987860,6291108161722,1,17.5
48987860,6291100737314,12,17.5
83987469,70195594202,1,52.99
29421410,70195594202,1,52.99
47531714,6291100730629,2,17.99
66831043,70195594196,1,52.99
83987469,70195594196,1,52.99
83030178,70195596602,1,19.99
66407850,70195596602,1,19.99
78880550,70195596602,4,19.99
25235613,70195596602,2,19.99
43430083,70195596602,1,19.99
53632040,70195596602,2,19.99
44686316,70195596602,1,19.99
88835933,799953309376,2,16.99
53632040,799953309376,3,16.99
82575244,799953309376,1,16.99
66426853,799953309376,1,16.99
77867710,796559467110,2,39.99
42923231,796559467110,3,39.99
46349942,796559467110,1,39.99
98787628,796559467110,1,39.99
98143430,796559467110,1,39.99
43430083,796559467110,1,39.99
44192430,796559467110,1,39.99
62888555,796559467110,1,39.99
46946270,796559467110,1,39.99
47410840,796559467110,1,39.99
44686316,796559467110,1,39.99
45746099,796559467110,1,39.99
48733547,796559467110,3,39.99
89279441,796559467110,1,39.99
43633593,796559467110,1,39.99
84188828,796559467110,2,39.99
68450033,94922733443,1,29.99
72811880,94922733443,1,29.99
47927228,94922733443,5,29.99
78595000,94922733443,3,29.99
47583221,94922733443,6,29.99
45083030,94922733443,2,29.99
20779080,94922733443,1,29.99
47410840,94922733443,2,29.99
43895259,94922733443,1,29.99
42431786,94922733443,10,29.99
47658435,94922733443,2,29.99
56530660,94922733443,1,29.99
48555190,94922733443,3,29.99
69422879,94922733443,1,29.99
46089059,94922733443,1,29.99
47532006,94922733443,1,29.99
44686316,94922733443,3,29.99
43714443,94922733443,1,29.99
49182800,94922733443,1,29.99
49635005,94922733443,1,29.99
47518838,94922733443,2,29.99
43775405,94922733443,4,29.99
48987860,94922733443,1440,26
24045770,94922733443,1,29.99
43620744,94922733443,1,29.99
45651453,94922733443,2,29.99
73965490,94922733443,2,29.99
25236660,94922733443,1,29.99
83030178,94922733443,1,29.99
16588290,94922733443,1,29.99
85679431,649964992787,3,24.99
48833142,855906007031,1,26.99
45651453,855906007536,1,21.99
85045129,855906007031,2,26.99
77403030,6291108160404,1,17.99
77403030,6291108167700,1,17.99
77403030,649964992787,1,24.99
77403030,855906007536,1,21.99
48733547,6291108160077,2,17.99
49635005,855906007031,1,26.99
46258179,855906007031,1,26.99
47518838,855906007031,2,26.99
66418767,649964992787,2,24.99
84693695,855906007031,2,26.99
46089059,855906007031,1,26.99
68481969,855906007031,1,26.99
87870089,855906007536,2,21.99
78595000,855906007031,6,26.99
78595000,649964992787,1,24.99
78878230,855906007031,1,26.99
20910190,799953039525,1,18.99
68481969,855906007031,1,26.99
24351130,40835640583,2,21.99
73965490,855906007031,2,26.99
83308640,742978845947,1,24.99
83030178,855906007031,1,26.99
99119820,649964992787,1,24.99
48987860,6291108160077,12,17.5
48987860,6291108160404,12,17.5
87709042,799953039525,1,18.99
87709042,649964992787,2,24.99
45083030,855906007031,1,26.99
92275560,40835640583,1,21.99
20779080,855906007031,1,26.99
47410840,855906007031,2,26.99
78880550,799953210207,2,16.49
71914300,855906007031,4,26.99
98143430,855906007536,2,21.99
42499311,855906007031,2,26.99
69638820,787269093218,10,1.99
82157334,649964992787,1,24.99
46258179,855906007031,1,26.99
82575244,33300632541,2,41.99
63202300,799953231202,2,16.49
49182800,855906007031,1,26.99
49182800,799953210207,1,16.49
42431786,855906007031,2,26.99
42431786,649964992787,3,24.99
47658435,649964992787,1,24.99
47658435,855906007031,1,26.99
48555190,855906007031,2,26.99
55914170,855906007031,2,26.99
55914170,649964992787,1,24.99
44536184,649964992787,1,24.99
84693695,855906007536,1,21.99
42928518,855906007031,1,26.99
42924005,855906007031,1,26.99
44192430,6291108160404,1,17.99
49200010,787269093218,24,1.99
42714678,799953210207,1,16.49
53632040,799953210207,1,16.49
51283300,742488783104,1,24.99
83987469,799953039327,1,18.99
43430707,742488783104,1,24.99
50432000,33300270521,1,20.99
48833142,742488783104,1,24.99
45651453,742488783104,1,24.99
77403030,6291108162071,1,17.99
77403030,6291108160282,1,17.99
77403030,802084154552,1,10.49
77403030,742488783104,6,24.99
45541348,742488783135,1,31.99
45541348,742488783104,1,24.99
48733547,750122786725,1,49.99
48733547,742488783104,2,24.99
47518838,742488783104,4,24.99
66418767,742488783104,2,24.99
44371429,742488783104,1,24.99
88065925,742488783104,4,24.99
47532006,742488783104,1,24.99
47410840,742488783104,2,24.99
85679431,750122786725,1,49.99
25235613,799953039327,2,18.99
24357175,742488783104,2,24.99
43895259,742488783104,1,24.99
47658435,742488783135,1,31.99
48555190,742488783104,1,24.99
55914170,742488783104,2,24.99
63182614,742488783135,1,31.99
43430083,742488783104,1,24.99
42924005,742488783104,1,24.99
42924005,742488783135,1,31.99
44192430,742488783104,1,24.99
49200010,6291108161302,1,17.99
49200010,742488783104,1,24.99
53632040,799953209300,1,16.49
53632040,799953039327,4,18.99
87709042,799953039327,1,18.99
87709042,33300270521,1,20.99
24357175,742488783104,1,24.99
45083030,742488783104,5,24.99
45083030,750122786725,2,49.99
92275560,742488783104,4,24.99
20779080,742488783104,1,24.99
82428275,750122786725,1,49.99
71914300,742488783104,4,24.99
71914300,750122786725,1,49.99
49887144,742488783104,2,24.99
46258179,742488783104,1,24.99
68481969,742488783104,3,24.99
78595000,742488783104,6,24.99
78878230,33300270521,1,20.99
78878230,742488783104,2,24.99
89279441,742488783104,1,24.99
83030178,799953039327,1,18.99
43633593,742488783104,1,24.99
43714443,742488783104,1,24.99
48987860,6291108160220,12,17.5
49368787,799953039327,3,18.99
68450033,860010326268,1,19.99
68481969,860010326268,2,19.99
84795745,860010326268,6,19.99
49608883,860010326268,2,19.99
47927228,860010326268,17,19.99
87870089,860010326268,5,19.99
77403030,860010326268,6,19.99
71914300,860010326268,5,19.99
98143430,860010326268,3,19.99
43775405,860010326268,1,19.99
43430707,860010326268,1,19.99
46258179,860010326268,1,19.99
87709042,860010326268,1,19.99
45083030,860010326268,4,19.99
20779080,860010326268,1,19.99
69381065,860010326268,1,19.99
38006872,860010326268,1,19.99
49649847,860010326268,6,19.99
62888555,860010326268,6,19.99
46946270,860010326268,5,19.99
48555190,860010326268,2,19.99
46349942,860010326268,1,19.99
43430083,860010326268,5,19.99
49182800,860010326268,1,19.99
48833142,860010326268,1,19.99
42431786,860010326268,7,19.99
47658435,860010326268,2,19.99
47532006,860010326268,2,19.99
85679431,860010326268,1,19.99
48733547,860010326268,10,19.99
44371429,860010326268,1,19.99
43775405,860010326268,1,19.99
48987860,860010326268,60,17.99
24045770,860010326268,1,19.99
45651453,860010326268,1,19.99
77403030,860010326268,7,19.99
46968050,860010326268,1,19.99
45493971,860010326268,2,19.99
89279441,860010326268,2,19.99
42923231,860010326268,1,19.99
24351130,860010326268,5,19.99
82157334,860010326268,1,19.99
68481969,810159863452,1,34.99
42416622,810159863452,2,34.99
47927228,810159863452,2,34.99
87870089,810159863452,3,34.99
42923231,810159863452,1,34.99
69381065,810159863452,2,34.99
71914300,810159863452,2,34.99
87709042,810159863452,1,34.99
24357175,810159863452,1,34.99
45083030,810159863452,3,34.99
20779080,810159863452,4,34.99
63182614,810159863452,1,34.99
29981040,810159863452,10,34.99
49200010,810159863452,1,34.99
47658435,810159863452,2,34.99
48555190,810159863452,1,34.99
55914170,810159863452,1,34.99
42723742,810159863452,1,34.99
85679431,810159863452,1,34.99
49182800,810159863452,1,34.99
42431786,810159863452,2,34.99
47532006,810159863452,1,34.99
45650327,810159863452,2,34.99
47410840,810159863452,2,34.99
44686316,810159863452,2,34.99
43775405,810159863452,1,34.99
42445493,810159863452,4,34.99
23346704,810159863452,1,34.99
91450500,810159863452,1,34.99
85045129,810159863452,1,34.99
47531714,810159863452,3,34.99
48833142,810159863452,2,34.99
83030178,810159863452,1,34.99
84188828,810159863452,9,34.99
78595000,810159863452,6,34.99
83308640,810159863452,1,34.99
88901154,810159862578,1,24.99
47532006,810179220075,1,13.49
43633593,738607283013,2,41.99
49887144,817127028202,2,12.99
78595000,742978846685,1,39.99
24357175,742978846685,1,39.99
92275560,742978846685,2,39.99
49182800,717519195225,1,12.99
92275560,717519195225,1,12.99
47658435,742978846173,1,34.99
77403030,71610341685,1,67.99
49753979,71610341685,2,67.99
55914170,71610341685,1,67.99
44686316,71610341685,1,67.99
47658435,71610341685,1,67.99
53632040,799953321279,1,16.99
47658435,658238735616,1,34.99
49368787,658238735616,1,34.99
68481969,769577921186,2,34.99
46868000,769577921186,3,34.99
42416622,769577921186,2,34.99
98787628,769577921186,1,34.99
83308640,769577921186,1,34.99
24357175,769577921186,1,34.99
45083030,769577921186,3,34.99
20779080,769577921186,2,34.99
42445493,769577921186,2,34.99
49182800,769577921186,1,34.99
55914170,769577921186,1,34.99
49200010,769577921186,3,34.99
87709042,769577921186,1,34.99
48733547,769577921186,2,34.99
44371429,769577921186,2,34.99
91450500,769577921186,1,34.99
46968050,769577921186,3,34.99
50432000,769577921186,2,34.99
66426853,769577921186,1,34.99
43431642,817127028387,1,27.99
69381065,810179220136,1,13.49
47532006,810179220136,1,13.49
47532006,810179220136,1,13.49
69381065,810179220105,1,13.49
47532006,810179220105,1,13.49
47532006,810179220105,1,13.49
71914300,658238734800,1,34.99
98143430,817127028011,2,27.99
84795745,742978845480,2,12.99
45746099,742978845480,1,12.99
98143430,742978845480,2,12.99
49608883,810159861519,1,24.99
42923231,810159861519,1,24.99
98143430,810159861519,1,24.99
83030178,810159861519,4,24.99
49368787,810159861519,1,24.99
46968050,810159861519,2,24.99
78595000,742978846203,1,39.99
43430707,742978846203,1,39.99
92275560,742978846203,1,39.99
47658435,742978846203,1,39.99
47927228,860010326282,5,19.99
42923231,860010326282,2,19.99
82157334,860010326282,1,19.99
46258179,860010326282,1,19.99
87709042,860010326282,1,19.99
45083030,860010326282,2,19.99
49649847,860010326282,2,19.99
62888555,860010326282,2,19.99
46946270,860010326282,4,19.99
38006872,860010326282,1,19.99
42924005,860010326282,1,19.99
29981040,860010326282,2,19.99
69422879,860010326282,1,19.99
46349942,860010326282,1,19.99
48833142,860010326282,1,19.99
42431786,860010326282,5,19.99
47658435,860010326282,2,19.99
43775405,860010326282,2,19.99
42445493,860010326282,2,19.99
84693695,860010326282,1,19.99
45651453,860010326282,1,19.99
77867710,860010326282,2,19.99
43430707,860010326282,1,19.99
45493971,860010326282,2,19.99
48987860,860010326282,30,17.99
49608883,769577921018,1,34.99
73965490,769577921018,1,34.99
87709042,769577921018,1,34.99
98143430,769577921018,1,34.99
46258179,769577921018,1,34.99
85679431,769577921018,1,34.99
42431786,769577921018,2,34.99
55914170,769577921018,1,34.99
85679431,769577921018,2,34.99
43431642,769577921018,1,34.99
85045129,769577921018,1,34.99
43714443,769577921018,2,34.99
49368787,769577921018,1,34.99
84188828,810159863230,7,34.99
77867710,860010326299,2,19.99
77867710,850059190036,2,19.99
24045770,850059190036,1,19.99
49368787,742978846647,1,34.99
49368787,769577921193,1,34.99
43430707,860010326299,1,19.99
43431642,769577921193,1,34.99
45746099,742978847026,1,12.99
43620744,810159863230,1,34.99
45651453,860010326299,1,19.99
45746099,742978845398,1,12.99
85045129,769577921193,1,34.99
77403030,810159863230,10,34.99
48733547,850059190036,5,19.99
49635005,742978846647,1,34.99
23346704,810159863230,1,34.99
44371429,850059190036,3,19.99
44371429,810159863230,1,34.99
43775405,810159863230,1,34.99
42445493,810159863230,4,34.99
84693695,769577921193,2,34.99
47532006,810179220082,1,13.49
47532006,810179220112,1,13.49
68450033,850059190036,1,19.99
42714678,799953039150,1,46.99
84795745,810159863230,2,34.99
84795745,742978845398,1,12.99
49608883,850059190036,1,19.99
46868000,810159863230,2,34.99
46868000,195893773725,2,54.99
90088840,850059190036,1,19.99
42416622,810159863230,2,34.99
47927228,810159863230,2,34.99
47927228,860010326299,2,19.99
87870089,810159863230,3,34.99
87870089,850059190036,2,19.99
87870089,860010326299,2,19.99
42923231,860010326299,1,19.99
42923231,769577921193,1,34.99
42923231,850059190036,1,19.99
78595000,810159863230,4,34.99
84795745,810159863230,2,34.99
46349942,850059190036,1,19.99
24351130,850059190036,2,19.99
24351130,860010326299,5,19.99
73965490,769577921391,1,34.99
73965490,850059190036,1,19.99
73965490,810159863230,1,34.99
82157334,817127028264,1,12.99
82157334,817127028219,1,12.99
46880918,769577921391,1,34.99
46968050,810159863230,1,34.99
46968050,860010326299,1,19.99
45493971,860010326299,2,19.99
89279441,860010326299,2,19.99
89279441,850059190036,1,19.99
89279441,810159863230,1,34.99
83030178,810159863230,2,34.99
49887144,860010326299,3,19.99
43714443,810159863230,1,34.99
16588290,810159863230,2,34.99
48987860,850059190036,90,17.99
87709042,810159863230,1,34.99
87709042,860010326299,1,19.99
87709042,850059190036,1,19.99
45083030,810159863230,3,34.99
45083030,850059190036,3,19.99
45083030,860010326299,2,19.99
20779080,810159863230,2,34.99
20779080,658238734909,1,24.99
69381065,810179220129,1,13.49
69381065,810179220112,1,13.49
42499311,860010326299,2,19.99
42499311,850059190036,2,19.99
77403030,860010326299,2,19.99
71914300,860010326299,2,19.99
98143430,742978847026,1,12.99
98143430,850059190036,2,19.99
46290360,860010326299,2,19.99
43430707,850059190036,1,19.99
82157334,860010326299,1,19.99
82157334,850059190036,1,19.99
46258179,850059190036,1,19.99
46258179,769577921193,1,34.99
47532006,810179220129,1,13.49
47532006,810179220112,1,13.49
47532006,810179220082,1,13.49
45650327,860010326299,1,19.99
47410840,810159863230,4,34.99
44686316,810159863230,3,34.99
85679431,860010326299,1,19.99
24357175,810159863230,1,34.99
92275560,717519195409,1,18.99
42431786,769577921193,2,34.99
42431786,850059190036,3,19.99
47658435,850059190036,2,19.99
47658435,860010326299,2,19.99
47658435,742978846647,1,34.99
48555190,850059190036,2,19.99
48555190,810159863230,1,34.99
55914170,810159863230,2,34.99
55914170,850059190036,2,19.99
22438100,810159863230,2,34.99
22438100,742978846210,2,34.99
42723742,810159863230,1,34.99
69422879,810159863230,1,34.99
63182614,810159863230,2,34.99
43430083,860010326299,1,19.99
43430083,850059190036,2,19.99
38006872,860010326299,1,19.99
38006872,850059190036,1,19.99
42924005,860010326299,1,19.99
42924005,810159863230,1,34.99
29981040,850059190036,1,19.99
29981040,860010326299,2,19.99
49649847,850059190036,4,19.99
49649847,860010326299,1,19.99
62888555,860010326299,3,19.99
62888555,850059190036,3,19.99
46946270,860010326299,5,19.99
46946270,850059190036,3,19.99
85679431,769577838033,2,34.99
43430707,860010326275,1,19.99
50432000,71610341586,1,67.99
47531714,817127028394,1,27.99
43431642,817127028035,1,27.99
48833142,860010326275,1,19.99
39917520,71610341586,1,67.99
45651453,860010326275,1,19.99
85045129,769577921742,1,34.99
85045129,769577838033,1,34.99
85045129,810159861489,1,34.99
77403030,860010326275,6,19.99
77403030,660111933682,2,34.99
88901154,761073426219,1,27.99
42445493,810159861489,2,34.99
84693695,860010326275,3,19.99
46089059,761073426219,1,27.99
47532006,810179220099,1,13.49
47532006,810159861489,1,34.99
47532006,860010326275,1,19.99
47532006,810159861489,1,34.99
45650327,860010326275,1,19.99
85679431,810159861489,1,34.99
85679431,860010326275,1,19.99
85679431,769577921742,1,34.99
63202300,799953221203,3,16.49
49182800,860010326275,1,19.99
49182800,769577921742,1,34.99
49182800,810159861489,1,34.99
49753979,71610341586,2,67.99
48833142,860010326275,1,19.99
42431786,769577838033,2,34.99
42431786,769577921742,2,34.99
42431786,860010326275,6,19.99
47658435,769577838033,1,34.99
47658435,769577921742,1,34.99
47658435,860010326275,2,19.99
47658435,660111933682,1,34.99
48555190,860010326275,2,19.99
44536184,761073426219,1,27.99
44686316,71610341586,1,67.99
47658435,71610341586,1,67.99
43430083,860010326275,1,19.99
38006872,810159861489,1,34.99
38006872,860010326275,1,19.99
29981040,860010326275,2,19.99
49649847,860010326275,5,19.99
62888555,860010326275,3,19.99
46946270,860010326275,4,19.99
87709042,769577838033,1,34.99
87709042,769577921742,1,34.99
87709042,810159861489,1,34.99
87709042,860010326275,1,19.99
45083030,769577921742,1,34.99
45083030,860010326275,3,19.99
92275560,71610341586,1,67.99
20779080,769577838033,1,34.99
20779080,660111933682,1,34.99
20779080,658238735562,1,24.99
82428275,860010326275,1,19.99
69381065,769577838033,1,34.99
71914300,860010326275,3,19.99
98143430,769577838033,1,34.99
98143430,810159861489,1,34.99
98143430,769577921742,1,34.99
98143430,860010326275,3,19.99
46290360,860010326275,2,19.99
43430707,761073426219,1,27.99
49887144,769577921742,1,34.99
46258179,860010326275,1,19.99
46258179,769577838033,1,34.99
68450033,860010326275,1,19.99
68481969,810159861489,2,34.99
89772072,761073426219,1,27.99
49608883,860010326275,1,19.99
47927228,860010326275,9,19.99
87870089,860010326275,5,19.99
87870089,810159861489,1,34.99
42923231,860010326275,1,19.99
46349942,860010326275,1,19.99
83308640,810159861489,4,34.99
83308640,860010326275,2,19.99
82157334,860010326275,1,19.99
46968050,860010326275,1,19.99
45493971,860010326275,2,19.99
89279441,860010326275,2,19.99
83030178,761073426219,1,27.99
49887144,817127028257,3,12.99
49887144,860010326275,3,19.99
42847879,817127028035,3,27.99
16588290,810159861489,1,34.99
48987860,860010326275,60,17.99
66407850,761073426219,1,27.99
24045770,860010326275,1,19.99
49368787,660111933682,1,34.99
49368787,769577838033,1,34.99
88232336,887969011670,1,18.99
12985964,649964321051,6,5.99
12985964,649964321419,4,5.99
62094516,840170618014,1,21.49
62094516,840170618250,1,21.49
48833142,840170618250,1,21.49
25262260,840170618496,1,21.49
82575244,840158608273,2,20.49
49182800,840158608457,1,20.49
62094515,609249914415,1,21.49
25262260,840045200733,2,20.49
62094515,840045200733,1,20.49
82575244,840045200733,1,20.49
43895259,855022005300,2,17.49
45122177,855022005300,2,17.49
53448570,840045201129,2,20.49
82575244,840045201129,1,20.49
48733547,840045201129,1,20.49
82575244,609249904416,1,21.49
44997480,609249904416,1,21.49
78595000,609249902412,1,21.49
43430083,609249902412,1,21.49
45122177,609249902412,2,21.49
53632040,609249902412,3,21.49
63202300,609249902412,18,20.39
51283300,609249902412,2,20.49
82575244,609249902412,1,21.49
44371429,855022005232,1,17.49
66407850,855022005232,1,17.49
63202300,609249904423,6,20.39
42723742,609249904423,1,21.49
43714443,609249904423,4,21.49
47531714,609249904423,1,21.49
46968050,609249904423,1,21.49
78595000,609249900418,1,21.49
45652751,609249900418,2,21.49
46349942,609249900418,1,21.49
73965490,609249900418,2,21.49
63202300,609249900418,3,20.39
51283300,609249900418,3,20.49
47531714,609249900418,2,21.49
45240442,609249900418,5,21.49
88835933,840170618106,4,21.49
88835933,840170618168,2,21.49
82575244,840170618168,1,21.49
88901154,840170618168,1,21.49
43895259,855022005331,2,17.49
43430707,855022005331,1,17.49
43430707,609249914422,2,21.49
42499311,609249914422,2,21.49
46349942,609249914422,1,21.49
62094515,609249914422,1,21.49
99119820,609249914422,2,21.49
78595000,609249906410,1,21.49
45652751,609249906410,2,21.49
82575244,609249906410,1,21.49
43430707,609249923226,2,21.49
25235613,609249923226,2,21.49
44192430,609249923226,1,21.49
47676228,609249923226,2,21.49
45845155,609249923226,2,21.49
99119820,609249906427,1,21.49
88835933,609249906427,2,21.49
25235613,609249906427,2,21.49
66407850,840170618434,1,21.49
47531714,609249901422,2,21.49
47531714,609249907417,2,21.49
47531714,609249903426,2,21.49
43620744,609249903426,1,21.49
45541348,609249903426,5,21.49
85465580,609249903426,2,21.49
85465580,609249900425,2,21.49
85465580,609249901422,2,21.49
12985964,649964321037,5,5.99
12985964,649964321013,4,5.99
12985964,649964320931,3,5.99
45966160,609249900425,2,21.49
45966160,609249903426,2,21.49
45966160,609249901422,1,21.49
82314282,840158609782,18,19.99
88232336,609249903426,1,21.49
49182800,840158609782,1,20.49
78595000,609249903426,1,21.49
78595000,609249900425,1,21.49
45652751,609249900425,5,21.49
45652751,609249901422,3,21.49
45652751,609249903426,3,21.49
44997480,609249903426,2,21.49
46349942,609249920416,1,21.49
46349942,609249903426,2,21.49
47676228,609249900425,2,21.49
47676228,609249903426,1,21.49
43895259,840170618434,1,21.49
46349942,609249900425,1,21.49
45845155,855022005386,2,17.49
45845155,609249920416,2,21.49
73965490,609249900425,2,21.49
73965490,609249901422,2,21.49
46968050,609249903426,2,21.49
46968050,609249900425,2,21.49
25262260,840045201303,2,20.49
20779080,609249901422,1,21.49
21056940,840158612447,1,9.99
66831043,855022005393,2,17.49
78880550,609249907417,2,21.49
88835933,609249901422,2,21.49
43775405,609249903426,3,21.49
43775405,609249901422,2,21.49
99119820,855022005263,1,17.49
82575244,609249903426,2,21.49
82575244,609249907417,1,21.49
82575244,609249920416,1,21.49
82575244,609249900425,1,21.49
82575244,840045201303,2,20.49
82575244,609249920416,1,21.49
82575244,609249900425,1,21.49
85679431,609249901422,1,21.49
63202300,840045201303,2,20.49
63202300,840158609782,1,19.99
63202300,609249903426,36,20.39
63202300,609249901422,36,20.39
43895259,840170618434,1,21.49
44536184,840045201303,1,20.49
87684444,609249901422,1,21.49
83294407,609249901422,2,21.49
83294407,609249900425,2,21.49
43430083,609249900425,2,21.49
44192430,609249900425,1,21.49
44192430,609249901422,2,21.49
44192430,609249903426,2,21.49
99730520,840045200764,1,20.49
88901154,840170618137,1,21.49
88901154,840045200887,2,20.49
48733547,840045200887,1,20.49
48733547,840045200702,1,20.49
85465580,840045200764,1,20.49
85465580,840045200887,2,20.49
85465580,609249907424,1,21.49
12985964,649964321044,3,5.99
12985964,649964320924,6,5.99
12985964,649964320948,6,5.99
45966160,609249903419,1,21.49
45966160,609249907424,2,21.49
43775405,609249901415,2,21.49
82575244,609249907424,2,21.49
82575244,609249920423,1,21.49
82575244,840158608396,2,20.49
82575244,840158608631,2,20.49
82575244,840045200764,1,20.49
63202300,609249901415,6,20.39
63202300,609249907424,18,20.39
48833142,840170618137,1,21.49
48833142,840170618199,1,21.49
44536184,840045200887,1,20.49
44536184,840045200764,1,20.49
87684444,609249907424,2,21.49
83294407,609249907424,1,21.49
62094515,840045200764,4,20.49
44192430,609249907424,1,21.49
45122177,609249903419,2,21.49
42714678,840045200764,1,20.49
53632040,609249901415,2,21.49
88835933,840170618137,1,21.49
43775405,855022005188,2,17.49
43775405,609249903419,4,21.49
43775405,609249901415,2,21.49
46290360,609249901415,1,21.49
46290360,609249903419,1,21.49
99119820,609249907424,2,21.49
49182800,887969011892,2,18.99
49182800,840158609812,1,20.49
78595000,609249901415,1,21.49
45652751,609249907424,3,21.49
45652751,609249903419,1,21.49
91450500,609249907424,1,21.49
98787628,609249907424,1,21.49
46968050,609249907424,2,21.49
62094516,840045200764,1,20.49
99119820,609249920423,2,21.49
25262260,840170618199,1,21.49
25262260,840170618281,1,21.49
43714443,609249903419,2,21.49
66407850,840170618465,1,21.49
85465580,762446444007,3,16.99
68481969,70195354035,1,157.99
62094516,73100032837,1,29.29
25262260,73100031724,3,29.79
82575244,762446420209,1,13.49
42723742,762446420209,2,13.49
85465580,762446420209,1,13.49
44536184,33300611041,1,144.99
47658435,4200514,1,25.39
45966160,4200514,1,25.39
42923231,73100002557,1,329.99
42923231,73100002557,2,329.99
44536184,73100002557,1,329.99
85679431,73100002557,1,329.99
44536184,73100012631,1,25.39
42714678,762446424009,1,16.99
82575244,762446424009,2,16.99
85465580,762446424009,3,16.99
85465580,762446480104,1,13.49
53632040,799953309277,2,16.99
53632040,428991,1,25.39
53632040,73100010972,2,29.79
83294407,73100010972,1,29.79
25262260,73100014789,4,29.79
53632040,73100014789,2,29.79
43430083,73100014789,1,29.79
88232336,425531,2,25.39
62094516,425531,2,25.39
45122177,425531,5,25.39
63202300,425531,2,25.39
83987469,425531,2,25.39
66831043,73100011856,3,29.79
53632040,73100011856,3,29.79
78880550,762446410200,3,13.49
85465580,762446400201,1,13.49
88835933,762446400201,3,13.49
44536184,762446400201,1,13.49
88835933,42100026238,3,15.59
73965490,73100030550,2,25.39
88835933,73100030550,3,25.39
44536184,73100030550,1,25.39
53632040,73100030550,-2,23.39
88835933,762446490257,2,11.49
42714678,762446490257,2,11.49
88835933,42100011234,6,25.39
53632040,42100011234,1,25.39
21056940,73100010934,2,29.79
66831043,73100010934,2,29.79
78880550,73100010934,2,29.79
53632040,73100010934,1,29.79
25235613,73100010934,4,29.79
82575244,73100010934,1,29.79
99730520,73100010934,1,29.79
42923231,73100002021,1,329.99
48733547,73100002021,1,329.99
24654290,73100002021,1,329.99
68481969,73100002021,-1,329.99
25262260,73100030031,1,29.29
25262260,42100025064,1,15.59
25262260,73100025976,2,25.39
25262260,42100025033,1,15.59
45122177,42100025033,2,15.59
82157334,42100025033,1,15.59
53632040,73100012853,1,29.79
25262260,73100012853,2,29.79
62094516,420071,2,25.39
42714678,420071,1,25.39
45652751,73100014611,3,29.29
46968050,73100014611,2,29.29
62094516,73100014611,18,29.29
85465580,73100014611,7,29.29
62094515,73100014611,5,29.29
45122177,73100014611,5,29.29
42714678,73100014611,3,29.29
53632040,73100014611,2,29.29
78880550,73100014611,2,29.29
88835933,73100014611,4,29.29
82575244,73100014611,4,29.29
99392500,73100014611,6,28.5
80546000,428721,1,25.39
84795745,428721,2,25.39
46290360,428721,1,25.39
53632040,428721,3,25.39
46702220,428721,4,25.39
43430083,428721,1,25.39
45122177,428721,5,25.39
42714678,428721,6,25.39
24654290,428721,3,25.39
55914170,428721,1,25.39
44536184,428721,2,25.39
83294407,428721,4,25.39
25235613,428721,5,25.39
39368390,428721,1,25.39
82575244,428721,5,25.39
43714443,428721,2,25.39
88065925,428721,3,25.39
48733547,428721,6,25.39
49635005,428721,3,25.39
85465580,428721,5,25.39
66407850,428721,2,25.39
47676228,428721,5,25.39
73965490,428721,3,25.39
46968050,428721,1,25.39
62094516,428721,3,25.39
63202300,73100025891,7,25.39
88835933,73100025891,3,25.39
43430707,73100025891,2,25.39
55914170,73100025891,1,25.39
47658435,73100025891,1,25.39
83294407,73100025891,2,25.39
53632040,73100025891,2,25.39
49182800,425441,2,25.39
53632040,425441,2,25.39
99119820,425441,1,25.39
56530660,425441,2,25.39
24654290,425441,1,25.39
42924005,425441,2,25.39
66418767,425441,1,25.39
82575244,425441,2,25.39
83987469,425441,1,25.39
48733547,425441,2,25.39
62094516,425441,2,25.39
43714443,425441,5,25.39
45652751,428741,4,25.39
45122177,428741,4,25.39
53632040,428741,1,25.39
53632040,428741,-2,23.39
45966160,428741,2,25.39
85465580,428741,1,25.39
53632040,73100010897,7,29.29
46868000,73100010897,4,29.29
49200010,73100010897,3,29.29
83294407,73100010897,2,29.29
25235613,73100010897,4,29.29
82575244,73100010897,4,29.29
99392500,73100010897,9,28.5
85465580,73100010897,5,29.29
82157334,73100010897,4,29.29
62094516,73100010897,2,29.29
47676228,73100010897,1,29.29
73965490,73100010897,3,29.29
50432000,33300616947,1,23.99
86642489,33300616947,1,23.99
85465580,762446414000,4,16.99
85465580,762446404001,2,16.99
85465580,73100010958,1,29.79
85465580,762446492251,1,11.49
85465580,762446450206,1,13.49
53632040,73100010996,-2,29.79
66418767,73100030390,1,25.39
88232336,429111,1,25.39
72811880,33300616947,1,23.99
42714678,762446404001,1,16.99
84795745,73100010958,3,29.79
42880344,429111,3,25.39
29421410,42100004663,2,249.99
53448570,4288716,2,25.39
84795745,73100010958,2,29.79
20910190,42100024975,1,15.59
82157334,42100024975,1,15.59
62094516,4288716,2,25.39
83030178,33300616947,1,23.99
83030178,33300616770,1,23.99
25262260,42100024975,4,15.59
43714443,73100010996,1,29.79
53632040,762446414000,3,16.99
78880550,799953310273,3,16.99
88835933,73100010996,2,29.79
88835933,73100014772,3,29.29
88835933,799953310273,3,16.99
88835933,42100024975,3,15.59
88835933,73100012648,1,25.39
25262260,73100010958,3,29.79
25262260,73100030390,2,25.39
82575244,73100010996,1,29.79
82575244,42100024975,2,15.59
82575244,762446404001,1,16.99
82575244,762446414000,2,16.99
82575244,4288716,3,25.39
82575244,762446705009,1,23.29
82575244,762446710201,1,23.29
99392500,73100014772,6,28.5
25235613,33300616947,2,23.99
25235613,73100010958,1,29.79
63202300,73100030390,2,25.39
63202300,73100014772,10,29.29
83294407,73100010958,4,29.79
83294407,4288716,1,25.39
45122177,429171,3,25.39
45122177,4288716,5,25.39
42714678,4206712,1,25.39
42714678,73100010996,2,29.79
42714678,42100024975,2,15.59
42714678,33300616947,1,23.99
53632040,33300616947,4,23.99
53632040,429171,1,25.39
53632040,73100010996,3,29.79
53632040,73100014772,2,29.29
53632040,799953310273,1,16.99
53632040,12300344968,2,32.99
85465580,762446440207,3,13.49
85465580,73100025952,4,25.39
85465580,73100030369,1,25.39
85465580,33300616930,1,23.99
45966160,73100030369,2,25.39
82575244,33300616930,2,23.99
82575244,73100025952,3,25.39
25235613,73100025952,4,25.39
48833142,762446440207,1,13.49
42714678,73100030369,1,25.39
53632040,73100030369,1,25.39
53632040,73100025952,3,25.39
78880550,762446491650,3,11.49
88835933,73100025952,3,25.39
88835933,73100011016,2,29.79
77403030,762446440207,2,13.49
43430707,73100025952,2,25.39
72811880,33300616930,1,23.99
42714678,73100025952,2,25.39
73965490,73100029622,2,29.29
82157334,33300616930,2,23.99
46968050,73100025952,2,25.39
62094516,73100030369,3,25.39
62094516,73100025952,2,25.39
83030178,33300616930,1,23.99
25262260,33300616930,4,23.99
