MSA_UPC13,POS_SKU,MatchType
6092499034260,609249903426,heuristic/substr
6092499024290,609249902429,heuristic/substr
6092499144220,609249914422,heuristic/substr
6092499014220,609249901422,heuristic/substr
6092499232260,609249923226,heuristic/substr
6092499004250,609249900425,heuristic/substr
6092499044230,609249904423,heuristic/substr
6092499074240,609249907424,heuristic/substr
6092499064270,609249906427,heuristic/substr
6092499204230,609249920423,heuristic/substr
6092499034190,609249903419,heuristic/substr
6092499024120,609249902412,heuristic/substr
6092499144150,609249914415,heuristic/substr
6092499014150,609249901415,heuristic/substr
6092499231100,609249923110,heuristic/substr
6092499004180,609249900418,heuristic/substr
6092499044160,609249904416,heuristic/substr
6092499074170,609249907417,heuristic/substr
6092499064100,609249906410,heuristic/substr
6092499204160,609249920416,heuristic/substr
8879690117790,887969011779,heuristic/substr
8879690117930,887969011793,heuristic/substr
8879690117550,887969011755,heuristic/substr
8879690117310,887969011731,heuristic/substr
8879690117170,887969011717,heuristic/substr
8879690116700,887969011670,heuristic/substr
8879690116940,887969011694,heuristic/substr
8879690118920,887969011892,heuristic/substr
8879690118780,887969011878,heuristic/substr
8879690118540,887969011854,heuristic/substr
8879690118300,887969011830,heuristic/substr
8879690116560,887969011656,heuristic/substr
8879690118160,887969011816,heuristic/substr
8100909814060,810090981406,heuristic/substr
8100909813690,810090981369,heuristic/substr
8100909813210,810090981321,heuristic/substr
8100909813830,810090981383,heuristic/substr
8100909813450,810090981345,heuristic/substr
8100909813070,810090981307,heuristic/substr
7692564533280,769256453328,heuristic/substr
7692564536490,769256453649,heuristic/substr
7692564536560,769256453656,heuristic/substr
7692564532360,769256453236,heuristic/substr
0086600973470,008660097347,heuristic/substr
7847620723370,784762072337,heuristic/substr
7847620723130,784762072313,heuristic/substr
7847620723440,784762072344,heuristic/substr
7847620723060,784762072306,heuristic/substr
7847620700120,784762070012,heuristic/substr
7847620701350,784762070135,heuristic/substr
7847620700430,784762070043,heuristic/substr
7847620701040,784762070104,heuristic/substr
7847620700740,784762070074,heuristic/substr
0086600073530,008660007353,heuristic/substr
0086600174440,008660017444,heuristic/substr
7847620716060,784762071606,heuristic/substr
7847620721600,784762072160,heuristic/substr
7847620721150,784762072115,heuristic/substr
7847620720850,784762072085,heuristic/substr
7847620720780,784762072078,heuristic/substr
7847620787730,784762078773,heuristic/substr
7847620721840,784762072184,heuristic/substr
7847620720300,784762072030,heuristic/substr
7847620721080,784762072108,heuristic/substr
7847620720540,784762072054,heuristic/substr
7847620721390,784762072139,heuristic/substr
7847620720610,784762072061,heuristic/substr
7847620720090,784762072009,heuristic/substr
7847620721460,784762072146,heuristic/substr
7847620720470,784762072047,heuristic/substr
7847620720160,784762072016,heuristic/substr
7847620720230,784762072023,heuristic/substr
7847620787110,784762078711,heuristic/substr
7847620783150,784762078315,heuristic/substr
7847620784140,784762078414,heuristic/substr
7847620786120,784762078612,heuristic/substr
7847620788100,784762078810,heuristic/substr
7847620781170,784762078117,heuristic/substr
7847620789190,784762078919,heuristic/substr
7847620785130,784762078513,heuristic/substr
7847620782160,784762078216,heuristic/substr
7847620717120,784762071712,heuristic/substr
7847620716680,784762071668,heuristic/substr
7847620716820,784762071682,heuristic/substr
7847620717430,784762071743,heuristic/substr
7847620716200,784762071620,heuristic/substr
7847620717050,784762071705,heuristic/substr
7847620716440,784762071644,heuristic/substr
7847620716510,784762071651,heuristic/substr
7847620715830,784762071583,heuristic/substr
7847620717290,784762071729,heuristic/substr
7847620716370,784762071637,heuristic/substr
7847620716130,784762071613,heuristic/substr
7847620774170,784762077417,heuristic/substr
7847620773250,784762077325,heuristic/substr
7847620773630,784762077363,heuristic/substr
8404391066030,840439106603,heuristic/substr
8404391065110,840439106511,heuristic/substr
8404391065420,840439106542,heuristic/substr
8404391065730,840439106573,heuristic/substr
0086600173140,008660017314,heuristic/substr
0086600974460,008660097446,heuristic/substr
0086600073150,008660007315,heuristic/substr
0086600087630,008660008763,heuristic/substr
0086600087250,008660008725,heuristic/substr
0086600072850,008660007285,heuristic/substr
0086600074210,008660007421,heuristic/substr
8404391058660,840439105866,heuristic/substr
8404391058350,840439105835,heuristic/substr
8404391067880,840439106788,heuristic/substr
0086600071480,008660007148,heuristic/substr
0086600071790,008660007179,heuristic/substr
7847620784760,784762078476,heuristic/substr
7847620802880,784762080288,heuristic/substr
7847620788890,784762078889,heuristic/substr
7847620788580,784762078858,heuristic/substr
7847620803180,784762080318,heuristic/substr
7847620789400,784762078940,heuristic/substr
7847620802260,784762080226,heuristic/substr
7847620802570,784762080257,heuristic/substr
7847620785750,784762078575,heuristic/substr
7847620782850,784762078285,heuristic/substr
7847620789710,784762078971,heuristic/substr
7847620787800,784762078780,heuristic/substr
7847620790080,784762079008,heuristic/substr
7847620787350,784762078735,heuristic/substr
0086600071170,008660007117,heuristic/substr
0086600079710,008660007971,heuristic/substr
8404391064810,840439106481,heuristic/substr
8404391058040,840439105804,heuristic/substr
0086600073770,008660007377,heuristic/substr
0086600062710,008660006271,heuristic/substr
0086600064860,008660006486,heuristic/substr
0086600061340,008660006134,heuristic/substr
0086600068200,008660006820,heuristic/substr
0086600086400,008660008640,heuristic/substr
0086600086880,008660008688,heuristic/substr
0086600088240,008660008824,heuristic/substr
0086600088550,008660008855,heuristic/substr
7847620724810,784762072481,heuristic/substr
7847620723510,784762072351,heuristic/substr
7847620723990,784762072399,heuristic/substr
7847620723680,784762072368,heuristic/substr
7847620723200,784762072320,heuristic/substr
7847620723820,784762072382,heuristic/substr
7847620724430,784762072443,heuristic/substr
7847620723750,784762072375,heuristic/substr
7847620722900,784762072290,heuristic/substr
0086600077590,008660007759,heuristic/substr
0086600076810,008660007681,heuristic/substr
8404391060470,840439106047,heuristic/substr
8404391061080,840439106108,heuristic/substr
8404391060160,840439106016,heuristic/substr
8404391060780,840439106078,heuristic/substr
0317000038240,031700003824,heuristic/substr
0317002324600,031700232460,heuristic/substr
0317004201950,031700420195,heuristic/substr
0317002331390,031700233139,heuristic/substr
0317004201880,031700420188,heuristic/substr
0317004202250,031700420225,heuristic/substr
0317004201710,031700420171,heuristic/substr
0317002346310,031700234631,heuristic/substr
0317004203620,031700420362,heuristic/substr
0317004202180,031700420218,heuristic/substr
0317002322620,031700232262,heuristic/substr
0317000095810,031700009581,heuristic/substr
0317004202010,031700420201,heuristic/substr
0317002356450,031700235645,heuristic/substr
0317002361540,031700236154,heuristic/substr
0317002356210,031700235621,heuristic/substr
0317002356380,031700235638,heuristic/substr
0317000093140,031700009314,heuristic/substr
0317002354920,031700235492,heuristic/substr
0317002369700,031700236970,heuristic/substr
0317002356140,031700235614,heuristic/substr
0317002369870,031700236987,heuristic/substr
0317002359660,031700235966,heuristic/substr
0317002331220,031700233122,heuristic/substr
0317002387900,031700238790,heuristic/substr
0317002382570,031700238257,heuristic/substr
0317002385470,031700238547,heuristic/substr
0317002384550,031700238455,heuristic/substr
0317002322790,031700232279,heuristic/substr
0317002342110,031700234211,heuristic/substr
0317002375880,031700237588,heuristic/substr
0317002374720,031700237472,heuristic/substr
0317002340990,031700234099,heuristic/substr
0317004200720,031700420072,heuristic/substr
0317002338940,031700233894,heuristic/substr
0317009018090,031700901809,heuristic/substr
0317002391480,031700239148,heuristic/substr
0317002378610,031700237861,heuristic/substr
0317002377550,031700237755,heuristic/substr
0317002377170,031700237717,heuristic/substr
0317002378470,031700237847,heuristic/substr
0317002391620,031700239162,heuristic/substr
0317002383940,031700238394,heuristic/substr
0317002378090,031700237809,heuristic/substr
0317002377000,031700237700,heuristic/substr
0317002376940,031700237694,heuristic/substr
0317002377240,031700237724,heuristic/substr
0317002377860,031700237786,heuristic/substr
0317002382640,031700238264,heuristic/substr
0317002388440,031700238844,heuristic/substr
0317002377790,031700237779,heuristic/substr
0317002377480,031700237748,heuristic/substr
0317002377930,031700237793,heuristic/substr
0317002382260,031700238226,heuristic/substr
0317002378850,031700237885,heuristic/substr
0317002377620,031700237762,heuristic/substr
0317002391240,031700239124,heuristic/substr
0317002378780,031700237878,heuristic/substr
7161652021720,716165202172,heuristic/substr
7161652020970,716165202097,heuristic/substr
0905001000720,090500100072,heuristic/substr
0905001001400,090500100140,heuristic/substr
0905001001330,090500100133,heuristic/substr
0905001000960,090500100096,heuristic/substr
0905001001020,090500100102,heuristic/substr
0905001003620,090500100362,heuristic/substr
0905001003790,090500100379,heuristic/substr
0905001100880,090500110088,heuristic/substr
0905001001190,090500100119,heuristic/substr
0905001001260,090500100126,heuristic/substr
0905001003240,090500100324,heuristic/substr
0905001003310,090500100331,heuristic/substr
0905001107120,090500110712,heuristic/substr
0905001107290,090500110729,heuristic/substr
0905001107360,090500110736,heuristic/substr
0905001101180,090500110118,heuristic/substr
0905001101250,090500110125,heuristic/substr
0905001100710,090500110071,heuristic/substr
8424261527920,842426152792,heuristic/substr
8424261527610,842426152761,heuristic/substr
7089265652440,708926565244,heuristic/substr
7089265652130,708926565213,heuristic/substr
7089265611160,708926561116,heuristic/substr
7089262500270,708926250027,heuristic/substr
7089265613140,708926561314,heuristic/substr
7089267013140,708926701314,heuristic/substr
7089267012150,708926701215,heuristic/substr
7089265660500,708926566050,heuristic/substr
7089265640490,708926564049,heuristic/substr
7089262502250,708926250225,heuristic/substr
7089265630420,708926563042,heuristic/substr
7089265632190,708926563219,heuristic/substr
7089265621130,708926562113,heuristic/substr
7089265623110,708926562311,heuristic/substr
7089268002080,708926800208,heuristic/substr
7089268001090,708926800109,heuristic/substr
7089262501260,708926250126,heuristic/substr
7089268002220,708926800222,heuristic/substr
8174580271100,817458027110,heuristic/substr
8174580271030,817458027103,heuristic/substr
8174580270970,817458027097,heuristic/substr
8174580270800,817458027080,heuristic/substr
8174580271340,817458027134,heuristic/substr
8174580271270,817458027127,heuristic/substr
8174580272710,817458027271,heuristic/substr
8174580273180,817458027318,heuristic/substr
6499643272370,649964327237,heuristic/substr
6499643272200,649964327220,heuristic/substr
6499643215700,649964321570,heuristic/substr
6499643216170,649964321617,heuristic/substr
6499643235360,649964323536,heuristic/substr
6499643272130,649964327213,heuristic/substr
8174580274620,817458027462,heuristic/substr
8174580274550,817458027455,heuristic/substr
8174580274480,817458027448,heuristic/substr
8174580274310,817458027431,heuristic/substr
8174580274240,817458027424,heuristic/substr
6499643198810,649964319881,heuristic/substr
6499643199110,649964319911,heuristic/substr
6499643199040,649964319904,heuristic/substr
6499643200300,649964320030,heuristic/substr
6499643200230,649964320023,heuristic/substr
6499643198980,649964319898,heuristic/substr
6499643198740,649964319874,heuristic/substr
6499643198670,649964319867,heuristic/substr
7089267011160,708926701116,heuristic/substr
6499643197440,649964319744,heuristic/substr
6499643197510,649964319751,heuristic/substr
6499643197200,649964319720,heuristic/substr
6499643197370,649964319737,heuristic/substr
6499643083730,649964308373,heuristic/substr
6499643084030,649964308403,heuristic/substr
6499643083800,649964308380,heuristic/substr
6499643084100,649964308410,heuristic/substr
7089267012390,708926701239,heuristic/substr
7089267013380,708926701338,heuristic/substr
7089267011300,708926701130,heuristic/substr
8492050162900,849205016290,heuristic/substr
8492050179140,849205017914,heuristic/substr
8492050197100,849205019710,heuristic/substr
8492050305860,849205030586,heuristic/substr
8492050234650,849205023465,heuristic/substr
8492050162690,849205016269,heuristic/substr
8492050221470,849205022147,heuristic/substr
8492050234340,849205023434,heuristic/substr
8492050199250,849205019925,heuristic/substr
8492050221160,849205022116,heuristic/substr
8492050196800,849205019680,heuristic/substr
8492050300120,849205030012,heuristic/substr
8492050313540,849205031354,heuristic/substr
8492050321770,849205032177,heuristic/substr
8492050324670,849205032467,heuristic/substr
8492050306160,849205030616,heuristic/substr
8492050235570,849205023557,heuristic/substr
8492050193520,849205019352,heuristic/substr
8492050222390,849205022239,heuristic/substr
8492050235260,849205023526,heuristic/substr
8492050194750,849205019475,heuristic/substr
8492050197720,849205019772,heuristic/substr
8492050312620,849205031262,heuristic/substr
8492050312310,849205031231,heuristic/substr
8492050321150,849205032115,heuristic/substr
8492050320540,849205032054,heuristic/substr
8492050321460,849205032146,heuristic/substr
8492050320850,849205032085,heuristic/substr
8492050324360,849205032436,heuristic/substr
8492050222080,849205022208,heuristic/substr
0282001775060,028200177506,heuristic/substr
0282001982040,028200198204,heuristic/substr
0123001301340,012300130134,heuristic/substr
7834956550770,783495655077,heuristic/substr
8401706180450,840170618045,heuristic/substr
8401706184650,840170618465,heuristic/substr
8401706181680,840170618168,heuristic/substr
8401706182290,840170618229,heuristic/substr
8401706181060,840170618106,heuristic/substr
8401706182810,840170618281,heuristic/substr
8401706180140,840170618014,heuristic/substr
8401706184340,840170618434,heuristic/substr
8401706181370,840170618137,heuristic/substr
8401706181990,840170618199,heuristic/substr
8401706180760,840170618076,heuristic/substr
8401706184960,840170618496,heuristic/substr
8401706182500,840170618250,heuristic/substr
8401706010610,840170601061,heuristic/substr
8401706006130,840170600613,heuristic/substr
8401706004390,840170600439,heuristic/substr
0123001331350,012300133135,heuristic/substr
0123001321380,012300132138,heuristic/substr
0123003675850,012300367585,heuristic/substr
0123001311310,012300131131,heuristic/substr
0123001351390,012300135139,heuristic/substr
0408356407810,040835640781,heuristic/substr
7872690932180,787269093218,heuristic/substr
8500435837690,850043583769,heuristic/substr
8500435837830,850043583783,heuristic/substr
8500435837760,850043583776,heuristic/substr
8500435837900,850043583790,heuristic/substr
7624467062040,762446706204,heuristic/substr
7202609695710,720260969571,heuristic/substr
8159700202510,815970020251,heuristic/substr
8159700203360,815970020336,heuristic/substr
8159700202370,815970020237,heuristic/substr
8159700202750,815970020275,heuristic/substr
8159700202990,815970020299,heuristic/substr
8159700203120,815970020312,heuristic/substr
7624467042000,762446704200,heuristic/substr
7624467102010,762446710201,heuristic/substr
7624467010010,762446701001,heuristic/substr
7624467212070,762446721207,heuristic/substr
7624467050090,762446705009,heuristic/substr
7624467082080,762446708208,heuristic/substr
0422051800000,04220518,heuristic/substr
6196829991910,619682999191,heuristic/substr
6196829991460,619682999146,heuristic/substr
6196829992210,619682999221,heuristic/substr
6196829991150,619682999115,heuristic/substr
6196829991600,619682999160,heuristic/substr
6196829988420,619682998842,heuristic/substr
6196829990540,619682999054,heuristic/substr
6196829990850,619682999085,heuristic/substr
6196829990230,619682999023,heuristic/substr
0261000027750,026100002775,heuristic/substr
6196825776030,619682577603,heuristic/substr
6196825774670,619682577467,heuristic/substr
6196825774050,619682577405,heuristic/substr
6196820304050,619682030405,heuristic/substr
6196820301600,619682030160,heuristic/substr
6196820104070,619682010407,heuristic/substr
6196825739190,619682573919,heuristic/substr
6196820302210,619682030221,heuristic/substr
6196825602300,619682560230,heuristic/substr
6196825776410,619682577641,heuristic/substr
6196820302830,619682030283,heuristic/substr
6160434441610,616043444161,heuristic/substr
7424887831350,742488783135,heuristic/substr
6160434441160,616043444116,heuristic/substr
3141000000000,314100,heuristic/substr
7051057249660,705105724966,heuristic/substr
8799820041590,879982004159,heuristic/substr
8799820041970,879982004197,heuristic/substr
8799820042100,879982004210,heuristic/substr
8799820042030,879982004203,heuristic/substr
8799820041110,879982004111,heuristic/substr
8799820041350,879982004135,heuristic/substr
8799820041280,879982004128,heuristic/substr
8799820041660,879982004166,heuristic/substr
0771705114450,077170511445,heuristic/substr
0771705100110,077170510011,heuristic/substr
0771702606190,077170260619,heuristic/substr
0771705100280,077170510028,heuristic/substr
0185051314640,018505131464,heuristic/substr
2086000467162,20860004671620,heuristic/substr
8532720081880,853272008188,heuristic/substr
8532720082490,853272008249,heuristic/substr
8532720082010,853272008201,heuristic/substr
8532720081260,853272008126,heuristic/substr
8532720081640,853272008164,heuristic/substr
8532720081400,853272008140,heuristic/substr
7847620804310,784762080431,heuristic/substr
7847620807070,784762080707,heuristic/substr
7847620806150,784762080615,heuristic/substr
7847620806460,784762080646,heuristic/substr
7847620805850,784762080585,heuristic/substr
7847620807900,784762080790,heuristic/substr
7847620804620,784762080462,heuristic/substr
7847620804930,784762080493,heuristic/substr
7847620806770,784762080677,heuristic/substr
0764525620140,076452562014,heuristic/substr
0717374388240,071737438824,heuristic/substr
0717374388000,071737438800,heuristic/substr
7516671266630,751667126663,heuristic/substr
8424261552430,842426155243,heuristic/substr
8424261552810,842426155281,heuristic/substr
8424261552670,842426155267,heuristic/substr
8424261553040,842426155304,heuristic/substr
0771701011340,077170101134,heuristic/substr
0771701044250,077170104425,heuristic/substr
0210647099130,021064709913,heuristic/substr
0210647098900,021064709890,heuristic/substr
0210647099370,021064709937,heuristic/substr
0210647099200,021064709920,heuristic/substr
7074669993590,707466999359,heuristic/substr
8498550003110,849855000311,heuristic/substr
8498550002980,849855000298,heuristic/substr
8498550023840,849855002384,heuristic/substr
8498550002810,849855000281,heuristic/substr
8498550023910,849855002391,heuristic/substr
8498550002740,849855000274,heuristic/substr
8498550002500,849855000250,heuristic/substr
8498550032510,849855003251,heuristic/substr
8498550002430,849855000243,heuristic/substr
8498550002360,849855000236,heuristic/substr
8498550002290,849855000229,heuristic/substr
8141010251100,814101025110,heuristic/substr
8141010250970,814101025097,heuristic/substr
8141010250590,814101025059,heuristic/substr
8141010250800,814101025080,heuristic/substr
7999532312020,799953231202,heuristic/substr
7999533103650,799953310365,heuristic/substr
7999533313600,799953331360,heuristic/substr
7999533003660,799953300366,heuristic/substr
7999530391120,799953039112,heuristic/substr
7999530393270,799953039327,heuristic/substr
7999530395250,799953039525,heuristic/substr
7999530391500,799953039150,heuristic/substr
7999533092770,799953309277,heuristic/substr
7999533102730,799953310273,heuristic/substr
7999533312780,799953331278,heuristic/substr
7999532092010,799953209201,heuristic/substr
7999532212030,799953221203,heuristic/substr
7999532103060,799953210306,heuristic/substr
7999532102070,799953210207,heuristic/substr
7999533001750,799953300175,heuristic/substr
7999533212790,799953321279,heuristic/substr
7999533093760,799953309376,heuristic/substr
8101200687560,810120068756,heuristic/substr
8101200687630,810120068763,heuristic/substr
8101200687700,810120068770,heuristic/substr
8101200686880,810120068688,heuristic/substr
8101200687870,810120068787,heuristic/substr
8101200686710,810120068671,heuristic/substr
0333006358700,033300635870,heuristic/substr
8472440472130,847244047213,heuristic/substr
8472440023040,847244002304,heuristic/substr
8472440021680,847244002168,heuristic/substr
8472440005840,847244000584,heuristic/substr
8472440018330,847244001833,heuristic/substr
8472440549690,847244054969,heuristic/substr
8472440017720,847244001772,heuristic/substr
8472440459120,847244045912,heuristic/substr
8472440169360,847244016936,heuristic/substr
8472440474110,847244047411,heuristic/substr
0333006358490,033300635849,heuristic/substr
1877000015890,187700001589,heuristic/substr
1877000015270,187700001527,heuristic/substr
1877000043060,187700004306,heuristic/substr
1877000016190,187700001619,heuristic/substr
8541330055060,854133005506,heuristic/substr
8541330068790,854133006879,heuristic/substr
8541330068930,854133006893,heuristic/substr
8541330055130,854133005513,heuristic/substr
8541330068860,854133006886,heuristic/substr
8541330055200,854133005520,heuristic/substr
0259002827450,025900282745,heuristic/substr
0259002405160,025900240516,heuristic/substr
0259002409050,025900240905,heuristic/substr
0259002405300,025900240530,heuristic/substr
0259002407760,025900240776,heuristic/substr
0259002408130,025900240813,heuristic/substr
0259002406840,025900240684,heuristic/substr
0259002405230,025900240523,heuristic/substr
0259002408680,025900240868,heuristic/substr
0259004009580,025900400958,heuristic/substr
0259004211200,025900421120,heuristic/substr
0259004211510,025900421151,heuristic/substr
0259004211370,025900421137,heuristic/substr
0259003590270,025900359027,heuristic/substr
0259003590030,025900359003,heuristic/substr
0259003590340,025900359034,heuristic/substr
0259003595220,025900359522,heuristic/substr
0259003595080,025900359508,heuristic/substr
0259003595530,025900359553,heuristic/substr
0259003595150,025900359515,heuristic/substr
0259003595390,025900359539,heuristic/substr
0259003595600,025900359560,heuristic/substr
0259003595460,025900359546,heuristic/substr
0259003596070,025900359607,heuristic/substr
0259003596520,025900359652,heuristic/substr
0259003596210,025900359621,heuristic/substr
0259003596690,025900359669,heuristic/substr
0259003596380,025900359638,heuristic/substr
0259003596140,025900359614,heuristic/substr
0259003596450,025900359645,heuristic/substr
0259003590410,025900359041,heuristic/substr
0259003590580,025900359058,heuristic/substr
0259002409290,025900240929,heuristic/substr
0259002407900,025900240790,heuristic/substr
0259002771540,025900277154,heuristic/substr
0259002408060,025900240806,heuristic/substr
0259002974350,025900297435,heuristic/substr
0259002974970,025900297497,heuristic/substr
0259002974730,025900297473,heuristic/substr
0259002974660,025900297466,heuristic/substr
0259002974280,025900297428,heuristic/substr
0259002974040,025900297404,heuristic/substr
0259002974800,025900297480,heuristic/substr
0259003369120,025900336912,heuristic/substr
0259003368750,025900336875,heuristic/substr
0259003368990,025900336899,heuristic/substr
0259003368820,025900336882,heuristic/substr
0259003369050,025900336905,heuristic/substr
0259003257490,025900325749,heuristic/substr
0259002976950,025900297695,heuristic/substr
0259003257180,025900325718,heuristic/substr
0259003257320,025900325732,heuristic/substr
0259003367760,025900336776,heuristic/substr
0259003257250,025900325725,heuristic/substr
0259003367450,025900336745,heuristic/substr
0259003367070,025900336707,heuristic/substr
0259003367210,025900336721,heuristic/substr
0259003367520,025900336752,heuristic/substr
0259003367140,025900336714,heuristic/substr
0259003367380,025900336738,heuristic/substr
0259002006190,025900200619,heuristic/substr
0259002006020,025900200602,heuristic/substr
0259002474780,025900247478,heuristic/substr
0259002263740,025900226374,heuristic/substr
0259002005960,025900200596,heuristic/substr
0259002954000,025900295400,heuristic/substr
0259002872900,025900287290,heuristic/substr
0259002873060,025900287306,heuristic/substr
0259004533810,025900453381,heuristic/substr
0259004053660,025900405366,heuristic/substr
0259004268350,025900426835,heuristic/substr
0259004268280,025900426828,heuristic/substr
0259002296410,025900229641,heuristic/substr
0259002296340,025900229634,heuristic/substr
0259002296030,025900229603,heuristic/substr
0259002295970,025900229597,heuristic/substr
0259003277290,025900327729,heuristic/substr
0259002295800,025900229580,heuristic/substr
0259002295590,025900229559,heuristic/substr
0259004254320,025900425432,heuristic/substr
0259004267810,025900426781,heuristic/substr
0259002295280,025900229528,heuristic/substr
0259002296270,025900229627,heuristic/substr
0259003298770,025900329877,heuristic/substr
0259003298600,025900329860,heuristic/substr
0259003298530,025900329853,heuristic/substr
0259003299140,025900329914,heuristic/substr
0259003298910,025900329891,heuristic/substr
0259002963530,025900296353,heuristic/substr
0259003793150,025900379315,heuristic/substr
0259003298390,025900329839,heuristic/substr
0259003298840,025900329884,heuristic/substr
0259005254530,025900525453,heuristic/substr
0259002873510,025900287351,heuristic/substr
0259002788090,025900278809,heuristic/substr
0259003298220,025900329822,heuristic/substr
8165180125300,816518012530,heuristic/substr
8165180125920,816518012592,heuristic/substr
8165180126390,816518012639,heuristic/substr
8165180121890,816518012189,heuristic/substr
8165180119840,816518011984,heuristic/substr
8165180134070,816518013407,heuristic/substr
8165180125540,816518012554,heuristic/substr
8165180120040,816518012004,heuristic/substr
8165180100790,816518010079,heuristic/substr
8165180120420,816518012042,heuristic/substr
8165180120280,816518012028,heuristic/substr
8165180116250,816518011625,heuristic/substr
8165180120800,816518012080,heuristic/substr
8165180101850,816518010185,heuristic/substr
8165180100620,816518010062,heuristic/substr
8165180101300,816518010130,heuristic/substr
8165180101230,816518010123,heuristic/substr
8165180164840,816518016484,heuristic/substr
8165180165140,816518016514,heuristic/substr
8165180164220,816518016422,heuristic/substr
8165180164390,816518016439,heuristic/substr
8165180164460,816518016446,heuristic/substr
8165180164600,816518016460,heuristic/substr
1958937737250,195893773725,heuristic/substr
6951817002300,695181700230,heuristic/substr
6951817002780,695181700278,heuristic/substr
6951817002540,695181700254,heuristic/substr
7624465222000,762446522200,heuristic/substr
8414775011055,8414775011055,heuristic/substr
8414775012786,8414775012786,heuristic/substr
8414775014049,8414775014049,heuristic/substr
8414775011420,8414775011420,heuristic/substr
8414775013530,8414775013530,heuristic/substr
0717372263080,071737226308,heuristic/substr
0717372212040,071737221204,heuristic/substr
0717372263150,071737226315,heuristic/substr
0717372242050,071737224205,heuristic/substr
0717372263220,071737226322,heuristic/substr
0717372261310,071737226131,heuristic/substr
0717372261000,071737226100,heuristic/substr
7386072829480,738607282948,heuristic/substr
7965594672020,796559467202,heuristic/substr
7965594672400,796559467240,heuristic/substr
7386072830130,738607283013,heuristic/substr
7965594669080,796559466908,heuristic/substr
7965594671100,796559467110,heuristic/substr
7965594671030,796559467103,heuristic/substr
7965594671960,796559467196,heuristic/substr
0731000350810,073100035081,heuristic/substr
0731000221590,073100022159,heuristic/substr
0731000908990,073100090899,heuristic/substr
0731000167830,073100016783,heuristic/substr
0731000190810,073100019081,heuristic/substr
6930674723180,693067472318,heuristic/substr
6930674723320,693067472332,heuristic/substr
6930674723010,693067472301,heuristic/substr
8587650040670,858765004067,heuristic/substr
8171270204590,817127020459,heuristic/substr
8587650017210,858765001721,heuristic/substr
8171270225070,817127022507,heuristic/substr
8587650017520,858765001752,heuristic/substr
8171270206190,817127020619,heuristic/substr
8171270289740,817127028974,heuristic/substr
8171270282640,817127028264,heuristic/substr
8171270282570,817127028257,heuristic/substr
8171270282400,817127028240,heuristic/substr
8171270282330,817127028233,heuristic/substr
8171270282260,817127028226,heuristic/substr
8171270282190,817127028219,heuristic/substr
8171270282020,817127028202,heuristic/substr
8171270293460,817127029346,heuristic/substr
8171270293220,817127029322,heuristic/substr
8171270293150,817127029315,heuristic/substr
8171270292230,817127029223,heuristic/substr
8171270292160,817127029216,heuristic/substr
8171270208930,817127020893,heuristic/substr
8171270203810,817127020381,heuristic/substr
8587650094820,858765009482,heuristic/substr
8587650095050,858765009505,heuristic/substr
8587650094990,858765009499,heuristic/substr
8171270208620,817127020862,heuristic/substr
8587650009600,858765000960,heuristic/substr
8587650009530,858765000953,heuristic/substr
8587650009390,858765000939,heuristic/substr
8171270219370,817127021937,heuristic/substr
8587650086760,858765008676,heuristic/substr
8587650068180,858765006818,heuristic/substr
8587650058800,858765005880,heuristic/substr
8587650058280,858765005828,heuristic/substr
8587650090930,858765009093,heuristic/substr
8587650058420,858765005842,heuristic/substr
8587650067880,858765006788,heuristic/substr
8587650068320,858765006832,heuristic/substr
8587650058590,858765005859,heuristic/substr
8171270263070,817127026307,heuristic/substr
8587650047220,858765004722,heuristic/substr
8587650073340,858765007334,heuristic/substr
8587650046470,858765004647,heuristic/substr
8587650059340,858765005934,heuristic/substr
8587650059410,858765005941,heuristic/substr
8587650067640,858765006764,heuristic/substr
8587650058350,858765005835,heuristic/substr
8587650047390,858765004739,heuristic/substr
8587650016530,858765001653,heuristic/substr
8587650088980,858765008898,heuristic/substr
8587650089800,858765008980,heuristic/substr
8171270295440,817127029544,heuristic/substr
8171270238870,817127023887,heuristic/substr
8587650073111,8587650073111,heuristic/substr
8171270274410,817127027441,heuristic/substr
8171270295060,817127029506,heuristic/substr
8171270208000,817127020800,heuristic/substr
8171270215310,817127021531,heuristic/substr
8140570014110,814057001411,heuristic/substr
8140570029130,814057002913,heuristic/substr
8140570021110,814057002111,heuristic/substr
8140570010150,814057001015,heuristic/substr
8140573017190,814057301719,heuristic/substr
8140574007190,814057400719,heuristic/substr
8140570027220,814057002722,heuristic/substr
8140570025170,814057002517,heuristic/substr
8140570023190,814057002319,heuristic/substr
8140570012130,814057001213,heuristic/substr
8445040007730,844504000773,heuristic/substr
8445040014730,844504001473,heuristic/substr
8445040014970,844504001497,heuristic/substr
6814670035840,681467003584,heuristic/substr
6814670032560,681467003256,heuristic/substr
6814670035220,681467003522,heuristic/substr
6814670031950,681467003195,heuristic/substr
6814670036140,681467003614,heuristic/substr
6814670032870,681467003287,heuristic/substr
8445040014800,844504001480,heuristic/substr
8445040028450,844504002845,heuristic/substr
8445040028760,844504002876,heuristic/substr
8445040014660,844504001466,heuristic/substr
8445040027770,844504002777,heuristic/substr
6814670035530,681467003553,heuristic/substr
6814670032250,681467003225,heuristic/substr
8600014733530,860001473353,heuristic/substr
0905001002940,090500100294,heuristic/substr
0905001002560,090500100256,heuristic/substr
0905001003000,090500100300,heuristic/substr
0905001002700,090500100270,heuristic/substr
0905001002630,090500100263,heuristic/substr
0905001002870,090500100287,heuristic/substr
0905001002490,090500100249,heuristic/substr
0744600050730,074460005073,heuristic/substr
6499643210130,649964321013,heuristic/substr
6499643209480,649964320948,heuristic/substr
6499643209310,649964320931,heuristic/substr
6499643209240,649964320924,heuristic/substr
6499643214190,649964321419,heuristic/substr
6499643210510,649964321051,heuristic/substr
6499643210440,649964321044,heuristic/substr
6499643210370,649964321037,heuristic/substr
7651051703610,765105170361,heuristic/substr
7651051703300,765105170330,heuristic/substr
7651051703470,765105170347,heuristic/substr
8400452007640,840045200764,heuristic/substr
8400452076640,840045207664,heuristic/substr
8400452008870,840045200887,heuristic/substr
8400452007020,840045200702,heuristic/substr
8400452077250,840045207725,heuristic/substr
8400452013030,840045201303,heuristic/substr
8400452011810,840045201181,heuristic/substr
8400452010060,840045201006,heuristic/substr
8400452009480,840045200948,heuristic/substr
8400452008250,840045200825,heuristic/substr
8400452011290,840045201129,heuristic/substr
8400452081110,840045208111,heuristic/substr
8400452080500,840045208050,heuristic/substr
8400452084180,840045208418,heuristic/substr
8400452083570,840045208357,heuristic/substr
8400452082340,840045208234,heuristic/substr
8400452007330,840045200733,heuristic/substr
8400452076330,840045207633,heuristic/substr
8400452008560,840045200856,heuristic/substr
8400452006720,840045200672,heuristic/substr
8400452076950,840045207695,heuristic/substr
8400452012730,840045201273,heuristic/substr
8400452009790,840045200979,heuristic/substr
8400452009170,840045200917,heuristic/substr
8400452007950,840045200795,heuristic/substr
8400452010990,840045201099,heuristic/substr
5010891013008,5010891013008,heuristic/substr
6160434440930,616043444093,heuristic/substr
6160434441090,616043444109,heuristic/substr
8166670109370,816667010937,heuristic/substr
8166670109510,816667010951,heuristic/substr
8166670109130,816667010913,heuristic/substr
6116401161070,611640116107,heuristic/substr
6116401021000,611640102100,heuristic/substr
6116401001060,611640100106,heuristic/substr
6116401041040,611640104104,heuristic/substr
6116401099870,611640109987,heuristic/substr
6116401111020,611640111102,heuristic/substr
6116401081020,611640108102,heuristic/substr
6851416940370,685141694037,heuristic/substr
6851416940510,685141694051,heuristic/substr
6851416940440,685141694044,heuristic/substr
6851416940060,685141694006,heuristic/substr
6851416940680,685141694068,heuristic/substr
8126150091210,812615009121,heuristic/substr
8141010260630,814101026063,heuristic/substr
8126150034880,812615003488,heuristic/substr
7624468110070,762446811007,heuristic/substr
0701955942020,070195594202,heuristic/substr
0701955941960,070195594196,heuristic/substr
0701955992380,070195599238,heuristic/substr
7624468210060,762446821006,heuristic/substr
0701955944000,070195594400,heuristic/substr
0701955943010,070195594301,heuristic/substr
0701955917680,070195591768,heuristic/substr
0701955991390,070195599139,heuristic/substr
6499649927870,649964992787,heuristic/substr
6851419750370,685141975037,heuristic/substr
6851419750060,685141975006,heuristic/substr
6851419750440,685141975044,heuristic/substr
6851419750130,685141975013,heuristic/substr
6851419750510,685141975051,heuristic/substr
6851419750200,685141975020,heuristic/substr
6851413504450,685141350445,heuristic/substr
6851413500320,685141350032,heuristic/substr
6851413501550,685141350155,heuristic/substr
6851413501930,685141350193,heuristic/substr
6196829968620,619682996862,heuristic/substr
6196829994120,619682999412,heuristic/substr
6196829969230,619682996923,heuristic/substr
7161651794980,716165179498,heuristic/substr
7161651775620,716165177562,heuristic/substr
7161651774010,716165177401,heuristic/substr
7161651736700,716165173670,heuristic/substr
7161652514770,716165251477,heuristic/substr
7161652516990,716165251699,heuristic/substr
7161652506850,716165250685,heuristic/substr
7161651791840,716165179184,heuristic/substr
7161651792070,716165179207,heuristic/substr
7161651741890,716165174189,heuristic/substr
7161651749120,716165174912,heuristic/substr
7161651775860,716165177586,heuristic/substr
7161652024620,716165202462,heuristic/substr
7161652021100,716165202110,heuristic/substr
7161652019600,716165201960,heuristic/substr
7161652524500,716165252450,heuristic/substr
7161652524430,716165252443,heuristic/substr
7161652502720,716165250272,heuristic/substr
7161652555810,716165255581,heuristic/substr
7161651579770,716165157977,heuristic/substr
7161651761380,716165176138,heuristic/substr
7161652504560,716165250456,heuristic/substr
7161651554780,716165155478,heuristic/substr
7161652526720,716165252672,heuristic/substr
7161652547990,716165254799,heuristic/substr
7161652506920,716165250692,heuristic/substr
7161651558050,716165155805,heuristic/substr
7161652002530,716165200253,heuristic/substr
7161652556350,716165255635,heuristic/substr
7161652556280,716165255628,heuristic/substr
7161652573180,716165257318,heuristic/substr
7161652530130,716165253013,heuristic/substr
7161652520610,716165252061,heuristic/substr
7161651761140,716165176114,heuristic/substr
7161652520540,716165252054,heuristic/substr
7161651771280,716165177128,heuristic/substr
7161651549690,716165154969,heuristic/substr
7161651799240,716165179924,heuristic/substr
7161652024170,716165202417,heuristic/substr
7161651742400,716165174240,heuristic/substr
7161651784390,716165178439,heuristic/substr
7161651773260,716165177326,heuristic/substr
7161651742260,716165174226,heuristic/substr
7161651792210,716165179221,heuristic/substr
7161652533650,716165253365,heuristic/substr
7161651773880,716165177388,heuristic/substr
7161651714540,716165171454,heuristic/substr
7161651773640,716165177364,heuristic/substr
7161651740280,716165174028,heuristic/substr
7161652023940,716165202394,heuristic/substr
7161652033460,716165203346,heuristic/substr
7161652020040,716165202004,heuristic/substr
7161651745850,716165174585,heuristic/substr
7161652019910,716165201991,heuristic/substr
7161652533890,716165253389,heuristic/substr
7161652503260,716165250326,heuristic/substr
7161652503190,716165250319,heuristic/substr
7161652005500,716165200550,heuristic/substr
7161652010450,716165201045,heuristic/substr
7161651797020,716165179702,heuristic/substr
7161652504630,716165250463,heuristic/substr
7161652811530,716165281153,heuristic/substr
7161652516060,716165251606,heuristic/substr
7161652538150,716165253815,heuristic/substr
7161651527980,716165152798,heuristic/substr
7161651533680,716165153368,heuristic/substr
7161651528110,716165152811,heuristic/substr
0873937352380,087393735238,heuristic/substr
0873932465290,087393246529,heuristic/substr
6486582000160,648658200016,heuristic/substr
6486580331710,648658033171,heuristic/substr
0333005181660,033300518166,heuristic/substr
0333005183400,033300518340,heuristic/substr
8126150068160,812615006816,heuristic/substr
8126150068090,812615006809,heuristic/substr
0110004050850,011000405085,heuristic/substr
5252001112210,525200111221,heuristic/substr
5252001995570,525200199557,heuristic/substr
0818197808710,081819780871,heuristic/substr
8025077744420,802507774442,heuristic/substr
8025011122260,802501112226,heuristic/substr
8025011057230,802501105723,heuristic/substr
6858679537460,685867953746,heuristic/substr
6858679536540,685867953654,heuristic/substr
6858679536780,685867953678,heuristic/substr
6858679536920,685867953692,heuristic/substr
8414775013387,8414775013387,heuristic/substr
8414775011307,8414775011307,heuristic/substr
8404391011100,840439101110,heuristic/substr
8404391010800,840439101080,heuristic/substr
8404391010110,840439101011,heuristic/substr
8404391010590,840439101059,heuristic/substr
0259003008900,025900300890,heuristic/substr
0259003059250,025900305925,heuristic/substr
0259003059490,025900305949,heuristic/substr
0259003059180,025900305918,heuristic/substr
0259003008830,025900300883,heuristic/substr
0259003459210,025900345921,heuristic/substr
0259003458770,025900345877,heuristic/substr
0702355014120,070235501412,heuristic/substr
0702355012690,070235501269,heuristic/substr
0702355061410,070235506141,heuristic/substr
0702355107350,070235510735,heuristic/substr
0702355015590,070235501559,heuristic/substr
0702351301240,070235130124,heuristic/substr
0702355065850,070235506585,heuristic/substr
0702353000150,070235300015,heuristic/substr
0702355066150,070235506615,heuristic/substr
0702355065780,070235506578,heuristic/substr
0702353000530,070235300053,heuristic/substr
0702353000460,070235300046,heuristic/substr
4213110000000,421311,heuristic/substr
6196829932050,619682993205,heuristic/substr
6196829932360,619682993236,heuristic/substr
0282001817010,028200181701,heuristic/substr
0282001787010,028200178701,heuristic/substr
0282001786020,028200178602,heuristic/substr
0282001793020,028200179302,heuristic/substr
0282001792030,028200179203,heuristic/substr
1850920300400,185092030040,heuristic/substr
1850920008140,185092000814,heuristic/substr
1850920300640,185092030064,heuristic/substr
1850920008450,185092000845,heuristic/substr
1850920300570,185092030057,heuristic/substr
1850920008210,185092000821,heuristic/substr
1850920008380,185092000838,heuristic/substr
6196830013670,619683001367,heuristic/substr
6196830013050,619683001305,heuristic/substr
6196830014280,619683001428,heuristic/substr
6196830012750,619683001275,heuristic/substr
6196830014590,619683001459,heuristic/substr
6196830015100,619683001510,heuristic/substr
6196830013360,619683001336,heuristic/substr
6196830012440,619683001244,heuristic/substr
6196830013980,619683001398,heuristic/substr
0272003480770,027200348077,heuristic/substr
0272008467260,027200846726,heuristic/substr
0272008466580,027200846658,heuristic/substr
0272002059360,027200205936,heuristic/substr
0272002095760,027200209576,heuristic/substr
0272002059670,027200205967,heuristic/substr
0272002095140,027200209514,heuristic/substr
0272002059050,027200205905,heuristic/substr
0272002095450,027200209545,heuristic/substr
0272003480910,027200348091,heuristic/substr
0272008466960,027200846696,heuristic/substr
0272008466270,027200846627,heuristic/substr
0272003473080,027200347308,heuristic/substr
0272003473390,027200347339,heuristic/substr
0272003472470,027200347247,heuristic/substr
0272003472780,027200347278,heuristic/substr
0272003474520,027200347452,heuristic/substr
0272003473910,027200347391,heuristic/substr
0272003480390,027200348039,heuristic/substr
0272003476980,027200347698,heuristic/substr
0272003480150,027200348015,heuristic/substr
0272003473600,027200347360,heuristic/substr
8532020021180,853202002118,heuristic/substr
8532020020950,853202002095,heuristic/substr
8532020020710,853202002071,heuristic/substr
8532020020570,853202002057,heuristic/substr
8532020020190,853202002019,heuristic/substr
8532020021560,853202002156,heuristic/substr
8532020020330,853202002033,heuristic/substr
8532020021320,853202002132,heuristic/substr
0259004430470,025900443047,heuristic/substr
0259004441360,025900444136,heuristic/substr
0259004430160,025900443016,heuristic/substr
0259004430540,025900443054,heuristic/substr
0259004430300,025900443030,heuristic/substr
0259004431080,025900443108,heuristic/substr
0259004441430,025900444143,heuristic/substr
0259004441670,025900444167,heuristic/substr
0259004430780,025900443078,heuristic/substr
0259002438140,025900243814,heuristic/substr
0259002437530,025900243753,heuristic/substr
0259002437150,025900243715,heuristic/substr
8550220052940,855022005294,heuristic/substr
8550220053930,855022005393,heuristic/substr
8550220053000,855022005300,heuristic/substr
8550220053310,855022005331,heuristic/substr
8550220053240,855022005324,heuristic/substr
8550220053480,855022005348,heuristic/substr
8550220052320,855022005232,heuristic/substr
8550220053860,855022005386,heuristic/substr
8550220052490,855022005249,heuristic/substr
8550220052700,855022005270,heuristic/substr
8550220052630,855022005263,heuristic/substr
8550220052870,855022005287,heuristic/substr
8550220051710,855022005171,heuristic/substr
8550220058500,855022005850,heuristic/substr
8550220051880,855022005188,heuristic/substr
8550220057060,855022005706,heuristic/substr
8550220052010,855022005201,heuristic/substr
8550220052250,855022005225,heuristic/substr
8949450010440,894945001044,heuristic/substr
8949450010510,894945001051,heuristic/substr
8949450010680,894945001068,heuristic/substr
8180590291140,818059029114,heuristic/substr
8180590285680,818059028568,heuristic/substr
8180590285510,818059028551,heuristic/substr
0864009016590,086400901659,heuristic/substr
0864009016420,086400901642,heuristic/substr
0864009044900,086400904490,heuristic/substr
0864009044760,086400904476,heuristic/substr
0864009017650,086400901765,heuristic/substr
0864009017580,086400901758,heuristic/substr
0771701263350,077170126335,heuristic/substr
0771701263590,077170126359,heuristic/substr
0864009010620,086400901062,heuristic/substr
0864009010550,086400901055,heuristic/substr
0864009010480,086400901048,heuristic/substr
0864009043390,086400904339,heuristic/substr
0864009043150,086400904315,heuristic/substr
0864009049570,086400904957,heuristic/substr
0864009049710,086400904971,heuristic/substr
0864009049190,086400904919,heuristic/substr
0771701224500,077170122450,heuristic/substr
0771701226890,077170122689,heuristic/substr
0771701227020,077170122702,heuristic/substr
0771701224360,077170122436,heuristic/substr
0864009049330,086400904933,heuristic/substr
8171270246790,817127024679,heuristic/substr
8171270246620,817127024662,heuristic/substr
8171270246550,817127024655,heuristic/substr
8171270246480,817127024648,heuristic/substr
8171270246310,817127024631,heuristic/substr
8171270246240,817127024624,heuristic/substr
8171270244950,817127024495,heuristic/substr
8171270244880,817127024488,heuristic/substr
8171270244710,817127024471,heuristic/substr
8171270244640,817127024464,heuristic/substr
8171270244570,817127024457,heuristic/substr
8171270244400,817127024440,heuristic/substr
0123001391370,012300139137,heuristic/substr
0123001921320,012300192132,heuristic/substr
8159700204590,815970020459,heuristic/substr
8159700204350,815970020435,heuristic/substr
8159700204970,815970020497,heuristic/substr
8159700204730,815970020473,heuristic/substr
8159700205340,815970020534,heuristic/substr
0261000162390,026100016239,heuristic/substr
0261000163830,026100016383,heuristic/substr
0261000162600,026100016260,heuristic/substr
0261008657520,026100865752,heuristic/substr
0261008657450,026100865745,heuristic/substr
0261008058570,026100805857,heuristic/substr
0261000167270,026100016727,heuristic/substr
0261000168190,026100016819,heuristic/substr
0261000168950,026100016895,heuristic/substr
0261000166040,026100016604,heuristic/substr
0261000166350,026100016635,heuristic/substr
8424261424720,842426142472,heuristic/substr
8424261424410,842426142441,heuristic/substr
8424261420210,842426142021,heuristic/substr
8424261425020,842426142502,heuristic/substr
8424261419320,842426141932,heuristic/substr
8424261419010,842426141901,heuristic/substr
7999532093000,799953209300,heuristic/substr
8500081182580,850008118258,heuristic/substr
8500081182410,850008118241,heuristic/substr
8500081182650,850008118265,heuristic/substr
8500081184870,850008118487,heuristic/substr
8500081182720,850008118272,heuristic/substr
8500081182960,850008118296,heuristic/substr
8500081184940,850008118494,heuristic/substr
8500081185000,850008118500,heuristic/substr
8500081182890,850008118289,heuristic/substr
8500081186470,850008118647,heuristic/substr
8500081186300,850008118630,heuristic/substr
8500081186090,850008118609,heuristic/substr
8500081186230,850008118623,heuristic/substr
8500081186160,850008118616,heuristic/substr
8188920190510,818892019051,heuristic/substr
8188920190750,818892019075,heuristic/substr
8188920190130,818892019013,heuristic/substr
8188920190370,818892019037,heuristic/substr
8188920189930,818892018993,heuristic/substr
8188920189790,818892018979,heuristic/substr
8879690091890,887969009189,heuristic/substr
8879690090660,887969009066,heuristic/substr
8879690114410,887969011441,heuristic/substr
8879690090280,887969009028,heuristic/substr
8879690114270,887969011427,heuristic/substr
8879690112430,887969011243,heuristic/substr
8879690091270,887969009127,heuristic/substr
8879690108020,887969010802,heuristic/substr
8879690099670,887969009967,heuristic/substr
8879690099430,887969009943,heuristic/substr
8879690100000,887969010000,heuristic/substr
8879690099050,887969009905,heuristic/substr
8879690108400,887969010840,heuristic/substr
8879690099810,887969009981,heuristic/substr
8879690099290,887969009929,heuristic/substr
8879690100480,887969010048,heuristic/substr
8879690098680,887969009868,heuristic/substr
8879690100240,887969010024,heuristic/substr
8879690098820,887969009882,heuristic/substr
0110000100050,011000010005,heuristic/substr
0110000100290,011000010029,heuristic/substr
0110000100430,011000010043,heuristic/substr
0110000100670,011000010067,heuristic/substr
0110000106090,011000010609,heuristic/substr
0110000100500,011000010050,heuristic/substr
0110000106160,011000010616,heuristic/substr
0110000100120,011000010012,heuristic/substr
0110000100360,011000010036,heuristic/substr
0906003019660,090600301966,heuristic/substr
0906003019730,090600301973,heuristic/substr
0906000100280,090600010028,heuristic/substr
0906003019590,090600301959,heuristic/substr
0906003019350,090600301935,heuristic/substr
8579950039870,857995003987,heuristic/substr
8579950038950,857995003895,heuristic/substr
8579950039560,857995003956,heuristic/substr
8579950039320,857995003932,heuristic/substr
0282003015120,028200301512,heuristic/substr
0282003014130,028200301413,heuristic/substr
0905001000340,090500100034,heuristic/substr
0905001000030,090500100003,heuristic/substr
0905001000410,090500100041,heuristic/substr
0905001000650,090500100065,heuristic/substr
0905001100330,090500110033,heuristic/substr
0905001000100,090500100010,heuristic/substr
0905001000580,090500100058,heuristic/substr
0905001000270,090500100027,heuristic/substr
0282005807190,028200580719,heuristic/substr
0282001424050,028200142405,heuristic/substr
0282001972070,028200197207,heuristic/substr
0282001613070,028200161307,heuristic/substr
0282003185100,028200318510,heuristic/substr
0282003199130,028200319913,heuristic/substr
0282005788150,028200578815,heuristic/substr
0282001954010,028200195401,heuristic/substr
0282001964080,028200196408,heuristic/substr
0282005872130,028200587213,heuristic/substr
0282005873120,028200587312,heuristic/substr
0282006005160,028200600516,heuristic/substr
0282003242140,028200324214,heuristic/substr
0282003243130,028200324313,heuristic/substr
0282005858130,028200585813,heuristic/substr
0282005859120,028200585912,heuristic/substr
0282005849150,028200584915,heuristic/substr
0282005850110,028200585011,heuristic/substr
0282003229130,028200322913,heuristic/substr
0282006001100,028200600110,heuristic/substr
0282001365030,028200136503,heuristic/substr
0282006000110,028200600011,heuristic/substr
5274325225090,527432522509,heuristic/substr
0282005991170,028200599117,heuristic/substr
0282005992160,028200599216,heuristic/substr
0282005697140,028200569714,heuristic/substr
0282005779170,028200577917,heuristic/substr
0282003228140,028200322814,heuristic/substr
0282003306110,028200330611,heuristic/substr
0282005722190,028200572219,heuristic/substr
0282006100100,028200610010,heuristic/substr
0282003313110,028200331311,heuristic/substr
0282006031110,028200603111,heuristic/substr
0282006032100,028200603210,heuristic/substr
0282006033190,028200603319,heuristic/substr
0282005496170,028200549617,heuristic/substr
0282005805110,028200580511,heuristic/substr
0282006034180,028200603418,heuristic/substr
0282005847170,028200584717,heuristic/substr
0282005848160,028200584816,heuristic/substr
0282005723180,028200572318,heuristic/substr
0282006052140,028200605214,heuristic/substr
0282001949090,028200194909,heuristic/substr
0282003324170,028200332417,heuristic/substr
0282003325160,028200332516,heuristic/substr
0282005870150,028200587015,heuristic/substr
0282005846180,028200584618,heuristic/substr
0282005989120,028200598912,heuristic/substr
0282005726150,028200572615,heuristic/substr
0282001948000,028200194800,heuristic/substr
0282005845190,028200584519,heuristic/substr
0282003348170,028200334817,heuristic/substr
0282003349160,028200334916,heuristic/substr
0282005731290,028200573129,heuristic/substr
0282006083140,028200608314,heuristic/substr
0282005987140,028200598714,heuristic/substr
0282005731170,028200573117,heuristic/substr
0282006009120,028200600912,heuristic/substr
0282006002190,028200600219,heuristic/substr
0433001093010,043300109301,heuristic/substr
0433001091890,043300109189,heuristic/substr
0433001092710,043300109271,heuristic/substr
0433001092190,043300109219,heuristic/substr
0433001873610,043300187361,heuristic/substr
0433001873300,043300187330,heuristic/substr
0433001871560,043300187156,heuristic/substr
0433001871870,043300187187,heuristic/substr
0433001874840,043300187484,heuristic/substr
0433001874220,043300187422,heuristic/substr
0433000451800,043300045180,heuristic/substr
0433001874530,043300187453,heuristic/substr
0433001875760,043300187576,heuristic/substr
0433001875450,043300187545,heuristic/substr
0433001872170,043300187217,heuristic/substr
0433001090040,043300109004,heuristic/substr
0433001090970,043300109097,heuristic/substr
0433001091580,043300109158,heuristic/substr
0433001090350,043300109035,heuristic/substr
0433001876680,043300187668,heuristic/substr
0433001876370,043300187637,heuristic/substr
0433001875140,043300187514,heuristic/substr
0433001876060,043300187606,heuristic/substr
0769401970010,076940197001,heuristic/substr
7429788459470,742978845947,heuristic/substr
7429788470640,742978847064,heuristic/substr
6582387349090,658238734909,heuristic/substr
6582387355620,658238735562,heuristic/substr
6582387349610,658238734961,heuristic/substr
7429788455340,742978845534,heuristic/substr
6582387349230,658238734923,heuristic/substr
7429788459610,742978845961,heuristic/substr
7429788466610,742978846661,heuristic/substr
6582387350050,658238735005,heuristic/substr
7495653268720,749565326872,heuristic/substr
6582387357220,658238735722,heuristic/substr
6582387348480,658238734848,heuristic/substr
7429788470260,742978847026,heuristic/substr
7429788455100,742978845510,heuristic/substr
7429788453980,742978845398,heuristic/substr
7429788464490,742978846449,heuristic/substr
7429788466230,742978846623,heuristic/substr
7429788454800,742978845480,heuristic/substr
6582387348620,658238734862,heuristic/substr
6582387356160,658238735616,heuristic/substr
7429788461730,742978846173,heuristic/substr
6601119336820,660111933682,heuristic/substr
7429788466850,742978846685,heuristic/substr
6166639649330,616663964933,heuristic/substr
7429788462030,742978846203,heuristic/substr
6601119337290,660111933729,heuristic/substr
6582387350290,658238735029,heuristic/substr
7429788461660,742978846166,heuristic/substr
6166639649020,616663964902,heuristic/substr
6582387348000,658238734800,heuristic/substr
7429788461800,742978846180,heuristic/substr
7429788466470,742978846647,heuristic/substr
7429788462100,742978846210,heuristic/substr
8101598602770,810159860277,heuristic/substr
6582387347870,658238734787,heuristic/substr
7695779211930,769577921193,heuristic/substr
8101598614890,810159861489,heuristic/substr
8101598615400,810159861540,heuristic/substr
8101598613350,810159861335,heuristic/substr
7695779210180,769577921018,heuristic/substr
8101598603070,810159860307,heuristic/substr
7695779217420,769577921742,heuristic/substr
7695779211860,769577921186,heuristic/substr
8101598618230,810159861823,heuristic/substr
8101598627830,810159862783,heuristic/substr
8101598632300,810159863230,heuristic/substr
7695778380330,769577838033,heuristic/substr
7695779213910,769577921391,heuristic/substr
8101598634520,810159863452,heuristic/substr
8101598615190,810159861519,heuristic/substr
8101598615710,810159861571,heuristic/substr
8101598613590,810159861359,heuristic/substr
8101598625780,810159862578,heuristic/substr
7624464902570,762446490257,heuristic/substr
7624464922510,762446492251,heuristic/substr
7624464916500,762446491650,heuristic/substr
7624464936540,762446493654,heuristic/substr
7624464801040,762446480104,heuristic/substr
7624464040010,762446404001,heuristic/substr
7624464240090,762446424009,heuristic/substr
7624464502060,762446450206,heuristic/substr
7624464540060,762446454006,heuristic/substr
7624464440070,762446444007,heuristic/substr
7624464340080,762446434008,heuristic/substr
7624464140000,762446414000,heuristic/substr
7624464302080,762446430208,heuristic/substr
7624464202090,762446420209,heuristic/substr
7624464002010,762446400201,heuristic/substr
7624464102000,762446410200,heuristic/substr
7624464402070,762446440207,heuristic/substr
0947812825020,094781282502,heuristic/substr
8500591900360,850059190036,heuristic/substr
8600103262750,860010326275,heuristic/substr
8600103262680,860010326268,heuristic/substr
8600103262990,860010326299,heuristic/substr
8500591900290,850059190029,heuristic/substr
8600103262820,860010326282,heuristic/substr
8500591904630,850059190463,heuristic/substr
8500591904490,850059190449,heuristic/substr
8600093483560,860009348356,heuristic/substr
8600093483490,860009348349,heuristic/substr
8600093483700,860009348370,heuristic/substr
8600093483630,860009348363,heuristic/substr
0421000263820,042100026382,heuristic/substr
0769401970870,076940197087,heuristic/substr
0769401970940,076940197094,heuristic/substr
0769401970180,076940197018,heuristic/substr
0769401970700,076940197070,heuristic/substr
0769401970490,076940197049,heuristic/substr
0769401970560,076940197056,heuristic/substr
0769401970250,076940197025,heuristic/substr
0769401970320,076940197032,heuristic/substr
0769401972090,076940197209,heuristic/substr
0769401972540,076940197254,heuristic/substr
0282003139110,028200313911,heuristic/substr
0282003140170,028200314017,heuristic/substr
0282003156180,028200315618,heuristic/substr
0282003155190,028200315519,heuristic/substr
0282006074160,028200607416,heuristic/substr
0282006077130,028200607713,heuristic/substr
0282006075150,028200607515,heuristic/substr
6845140101220,684514010122,heuristic/substr
6845140101840,684514010184,heuristic/substr
6845140101390,684514010139,heuristic/substr
6845140101600,684514010160,heuristic/substr
6845140101460,684514010146,heuristic/substr
6845140101150,684514010115,heuristic/substr
6845140101530,684514010153,heuristic/substr
6845140101770,684514010177,heuristic/substr
6845140102760,684514010276,heuristic/substr
6845140103370,684514010337,heuristic/substr
6845140102830,684514010283,heuristic/substr
6845140103130,684514010313,heuristic/substr
6845140102900,684514010290,heuristic/substr
6845140102690,684514010269,heuristic/substr
6845140103060,684514010306,heuristic/substr
6845140103200,684514010320,heuristic/substr
7834956075330,783495607533,heuristic/substr
0702355060420,070235506042,heuristic/substr
0702355060110,070235506011,heuristic/substr
0702355060280,070235506028,heuristic/substr
0702355060350,070235506035,heuristic/substr
0702355060040,070235506004,heuristic/substr
0905001001880,090500100188,heuristic/substr
0905001001950,090500100195,heuristic/substr
0905001001710,090500100171,heuristic/substr
0905001005600,090500100560,heuristic/substr
0905001005530,090500100553,heuristic/substr
0905001100020,090500110002,heuristic/substr
0905001100190,090500110019,heuristic/substr
0905001002010,090500100201,heuristic/substr
0905001002180,090500100218,heuristic/substr
0272003367460,027200336746,heuristic/substr
0272001923350,027200192335,heuristic/substr
4296510000000,429651,heuristic/substr
0422341800000,04223418,heuristic/substr
0422371900000,04223719,heuristic/substr
4223610000000,422361,heuristic/substr
7610734259910,761073425991,heuristic/substr
7610734263940,761073426394,heuristic/substr
0419854536030,041985453603,heuristic/substr
0587329345750,058732934575,heuristic/substr
0261000043730,026100004373,heuristic/substr
0261000051720,026100005172,heuristic/substr
0261000053700,026100005370,heuristic/substr
0261000042740,026100004274,heuristic/substr
8404391061600,840439106160,heuristic/substr
8404391062210,840439106221,heuristic/substr
8404391061390,840439106139,heuristic/substr
8404391061910,840439106191,heuristic/substr
7521294504010,752129450401,heuristic/substr
7521294502030,752129450203,heuristic/substr
0123001145230,012300114523,heuristic/substr
0123001771390,012300177139,heuristic/substr
0123001144930,012300114493,heuristic/substr
0123001143320,012300114332,heuristic/substr
0123005028560,012300502856,heuristic/substr
0123001143010,012300114301,heuristic/substr
0123001541300,012300154130,heuristic/substr
0123005028870,012300502887,heuristic/substr
8223102401870,822310240187,heuristic/substr
8223102401250,822310240125,heuristic/substr
8223102401010,822310240101,heuristic/substr
8223102401700,822310240170,heuristic/substr
8223102401560,822310240156,heuristic/substr
8323102401860,832310240186,heuristic/substr
8323102401240,832310240124,heuristic/substr
5123091601200,512309160120,heuristic/substr
8323102401000,832310240100,heuristic/substr
8323102401790,832310240179,heuristic/substr
8323102401550,832310240155,heuristic/substr
8199130149870,819913014987,heuristic/substr
8199130151990,819913015199,heuristic/substr
8199130151510,819913015151,heuristic/substr
1084004820296,10840048202960,heuristic/substr
7157868975900,715786897590,heuristic/substr
7157869950670,715786995067,heuristic/substr
6457811429850,645781142985,heuristic/substr
6457814383850,645781438385,heuristic/substr
6457812129610,645781212961,heuristic/substr
6457811295040,645781129504,heuristic/substr
6457814349980,645781434998,heuristic/substr
6457810716360,645781071636,heuristic/substr
6457811261760,645781126176,heuristic/substr
6457810620920,645781062092,heuristic/substr
6767375182640,676737518264,heuristic/substr
6767378997900,676737899790,heuristic/substr
6767375658000,676737565800,heuristic/substr
6767376549170,676737654917,heuristic/substr
6457812780730,645781278073,heuristic/substr
6554571061970,655457106197,heuristic/substr
6767375287060,676737528706,heuristic/substr
6457810311110,645781031111,heuristic/substr
6457811835510,645781183551,heuristic/substr
6457814499160,645781449916,heuristic/substr
6767377306420,676737730642,heuristic/substr
6554571727410,655457172741,heuristic/substr
6767375940840,676737594084,heuristic/substr
6767377352890,676737735289,heuristic/substr
6767377096310,676737709631,heuristic/substr
6767377997620,676737799762,heuristic/substr
6767379992300,676737999230,heuristic/substr
7161652002150,716165200215,heuristic/substr
0771701198630,077170119863,heuristic/substr
0771701198490,077170119849,heuristic/substr
0771701198870,077170119887,heuristic/substr
0771701200050,077170120005,heuristic/substr
0771701199860,077170119986,heuristic/substr
0771701189890,077170118989,heuristic/substr
8646130000000,864613,heuristic/substr
0771701103650,077170110365,heuristic/substr
0864009013070,086400901307,heuristic/substr
0864009013140,086400901314,heuristic/substr
0864000018850,086400001885,heuristic/substr
0864009010310,086400901031,heuristic/substr
0790831590040,079083159004,heuristic/substr
0790831595090,079083159509,heuristic/substr
0790831572460,079083157246,heuristic/substr
0864008019800,086400801980,heuristic/substr
0790831272490,079083127249,heuristic/substr
0764527003000,076452700300,heuristic/substr
0717374403530,071737440353,heuristic/substr
0317002321700,031700232170,heuristic/substr
0317002321870,031700232187,heuristic/substr
0317002320640,031700232064,heuristic/substr
0317002320880,031700232088,heuristic/substr
0317002338250,031700233825,heuristic/substr
0317002320570,031700232057,heuristic/substr
7624465010070,762446501007,heuristic/substr
8424261621280,842426162128,heuristic/substr
8424261621800,842426162180,heuristic/substr
8424261621590,842426162159,heuristic/substr
8424261622410,842426162241,heuristic/substr
8424261622100,842426162210,heuristic/substr
0731000302530,073100030253,heuristic/substr
0731000302770,073100030277,heuristic/substr
0731000302600,073100030260,heuristic/substr
8116730100010,811673010001,heuristic/substr
8116730100250,811673010025,heuristic/substr
8116730100180,811673010018,heuristic/substr
8164500103420,816450010342,heuristic/substr
7194990055870,719499005587,heuristic/substr
7194990080450,719499008045,heuristic/substr
7194990080210,719499008021,heuristic/substr
7194990053410,719499005341,heuristic/substr
7194990050130,719499005013,heuristic/substr
7194990050440,719499005044,heuristic/substr
7194990052350,719499005235,heuristic/substr
7194990052040,719499005204,heuristic/substr
7194990051430,719499005143,heuristic/substr
7194990051120,719499005112,heuristic/substr
7194990050510,719499005051,heuristic/substr
7194990051740,719499005174,heuristic/substr
7194990055250,719499005525,heuristic/substr
7194990056170,719499005617,heuristic/substr
7194990054020,719499005402,heuristic/substr
7194990055560,719499005556,heuristic/substr
7194990059520,719499005952,heuristic/substr
7194990052800,719499005280,heuristic/substr
7194990053100,719499005310,heuristic/substr
7194990053720,719499005372,heuristic/substr
7194990056240,719499005624,heuristic/substr
7194990062560,719499006256,heuristic/substr
8194660113890,819466011389,heuristic/substr
8194660114260,819466011426,heuristic/substr
8194660113960,819466011396,heuristic/substr
8194660114710,819466011471,heuristic/substr
8194660114640,819466011464,heuristic/substr
8194660114190,819466011419,heuristic/substr
8194660114020,819466011402,heuristic/substr
8194660114400,819466011440,heuristic/substr
0333004545010,033300454501,heuristic/substr
0333004540060,033300454006,heuristic/substr
7897810002620,789781000262,heuristic/substr
0333004200180,033300420018,heuristic/substr
0333003445050,033300344505,heuristic/substr
7897819276510,789781927651,heuristic/substr
0333003445120,033300344512,heuristic/substr
6196829941720,619682994172,heuristic/substr
6196829950490,619682995049,heuristic/substr
6196829941410,619682994141,heuristic/substr
8171270210670,817127021067,heuristic/substr
8171270210500,817127021050,heuristic/substr
8171270210430,817127021043,heuristic/substr
8171270252180,817127025218,heuristic/substr
8171270250960,817127025096,heuristic/substr
8171270249900,817127024990,heuristic/substr
8171270252250,817127025225,heuristic/substr
8171270251020,817127025102,heuristic/substr
8171270250030,817127025003,heuristic/substr
8171270210360,817127021036,heuristic/substr
8171270297800,817127029780,heuristic/substr
8171270297590,817127029759,heuristic/substr
8171270297970,817127029797,heuristic/substr
8171270297730,817127029773,heuristic/substr
8171270297660,817127029766,heuristic/substr
8171270297420,817127029742,heuristic/substr
8171270247610,817127024761,heuristic/substr
8171270247780,817127024778,heuristic/substr
8171270247540,817127024754,heuristic/substr
8171270247470,817127024747,heuristic/substr
0702350096040,070235009604,heuristic/substr
0702350095980,070235009598,heuristic/substr
0717378119550,071737811955,heuristic/substr
0717378118320,071737811832,heuristic/substr
8171270269490,817127026949,heuristic/substr
8171270269180,817127026918,heuristic/substr
8171270271750,817127027175,heuristic/substr
8171270272360,817127027236,heuristic/substr
0317002348080,031700234808,heuristic/substr
0317000094440,031700009444,heuristic/substr
0317002354300,031700235430,heuristic/substr
0317002354850,031700235485,heuristic/substr
0317000096970,031700009697,heuristic/substr
0317002353860,031700235386,heuristic/substr
0317002321560,031700232156,heuristic/substr
0317002354160,031700235416,heuristic/substr
0317002354230,031700235423,heuristic/substr
0317002353930,031700235393,heuristic/substr
8424261651290,842426165129,heuristic/substr
8424261563320,842426156332,heuristic/substr
8424261630570,842426163057,heuristic/substr
8424261620050,842426162005,heuristic/substr
8424261751730,842426175173,heuristic/substr
8424261748480,842426174848,heuristic/substr
8424261750500,842426175050,heuristic/substr
8424261704990,842426170499,heuristic/substr
8424261705500,842426170550,heuristic/substr
8424261707030,842426170703,heuristic/substr
8424261707340,842426170734,heuristic/substr
8424261706730,842426170673,heuristic/substr
8424261708570,842426170857,heuristic/substr
8424261706420,842426170642,heuristic/substr
8424261708260,842426170826,heuristic/substr
8424261707650,842426170765,heuristic/substr
8424261706110,842426170611,heuristic/substr
8424261798500,842426179850,heuristic/substr
8424261707960,842426170796,heuristic/substr
8424261705810,842426170581,heuristic/substr
8424261705290,842426170529,heuristic/substr
8188920138440,818892013844,heuristic/substr
8424261463710,842426146371,heuristic/substr
8126320111830,812632011183,heuristic/substr
8424261830930,842426183093,heuristic/substr
8424261833070,842426183307,heuristic/substr
8424261831230,842426183123,heuristic/substr
8424261832770,842426183277,heuristic/substr
8424261832150,842426183215,heuristic/substr
8188920165240,818892016524,heuristic/substr
8188920160360,818892016036,heuristic/substr
8424261488010,842426148801,heuristic/substr
8424261579570,842426157957,heuristic/substr
8424261539660,842426153966,heuristic/substr
8424261746020,842426174602,heuristic/substr
8424261745410,842426174541,heuristic/substr
8424261437380,842426143738,heuristic/substr
8188920166160,818892016616,heuristic/substr
8123190101400,812319010140,heuristic/substr
8123190108670,812319010867,heuristic/substr
8123190104780,812319010478,heuristic/substr
8123190103860,812319010386,heuristic/substr
8123190105600,812319010560,heuristic/substr
8123190105080,812319010508,heuristic/substr
8188920166850,818892016685,heuristic/substr
8123190104160,812319010416,heuristic/substr
8188920165550,818892016555,heuristic/substr
8123190108050,812319010805,heuristic/substr
8188920142540,818892014254,heuristic/substr
8123190172860,812319017286,heuristic/substr
8123190172550,812319017255,heuristic/substr
8424261676110,842426167611,heuristic/substr
8123190187190,812319018719,heuristic/substr
8424261815940,842426181594,heuristic/substr
8424261817470,842426181747,heuristic/substr
8424261815010,842426181501,heuristic/substr
8424261818080,842426181808,heuristic/substr
8424261817780,842426181778,heuristic/substr
8424261818390,842426181839,heuristic/substr
8424261644670,842426164467,heuristic/substr
8424261645280,842426164528,heuristic/substr
8424261644980,842426164498,heuristic/substr
8424261609330,842426160933,heuristic/substr
8424261609190,842426160919,heuristic/substr
8424261608890,842426160889,heuristic/substr
8424261608720,842426160872,heuristic/substr
8424261609020,842426160902,heuristic/substr
8424261609570,842426160957,heuristic/substr
8424261608960,842426160896,heuristic/substr
8424261608650,842426160865,heuristic/substr
8188920188250,818892018825,heuristic/substr
8188920187950,818892018795,heuristic/substr
8424261554960,842426155496,heuristic/substr
8424261553420,842426155342,heuristic/substr
8424261554030,842426155403,heuristic/substr
8424261553730,842426155373,heuristic/substr
8424261554340,842426155434,heuristic/substr
8424261554650,842426155465,heuristic/substr
8424261457700,842426145770,heuristic/substr
8424261639270,842426163927,heuristic/substr
8188920193960,818892019396,heuristic/substr
8424261515730,842426151573,heuristic/substr
8188920185280,818892018528,heuristic/substr
8424261653340,842426165334,heuristic/substr
8424261655180,842426165518,heuristic/substr
8424261655490,842426165549,heuristic/substr
8424261655700,842426165570,heuristic/substr
8424261654880,842426165488,heuristic/substr
8424261654570,842426165457,heuristic/substr
8424261654260,842426165426,heuristic/substr
8424261653960,842426165396,heuristic/substr
8424261653650,842426165365,heuristic/substr
8424261653030,842426165303,heuristic/substr
8424261652730,842426165273,heuristic/substr
8424261720590,842426172059,heuristic/substr
8424261714580,842426171458,heuristic/substr
8424261652110,842426165211,heuristic/substr
8424261652420,842426165242,heuristic/substr
8424261643750,842426164375,heuristic/substr
8424261443080,842426144308,heuristic/substr
8424261637430,842426163743,heuristic/substr
8188920146360,818892014636,heuristic/substr
8188920145750,818892014575,heuristic/substr
8424261626300,842426162630,heuristic/substr
8424261572090,842426157209,heuristic/substr
8424261572300,842426157230,heuristic/substr
8424261539040,842426153904,heuristic/substr
8424261572610,842426157261,heuristic/substr
8424261671610,842426167161,heuristic/substr
8424261671090,842426167109,heuristic/substr
8424261810820,842426181082,heuristic/substr
8424261671300,842426167130,heuristic/substr
8424261670790,842426167079,heuristic/substr
8424261811120,842426181112,heuristic/substr
8424261670170,842426167017,heuristic/substr
8424261668360,842426166836,heuristic/substr
8424261669800,842426166980,heuristic/substr
8424261669590,842426166959,heuristic/substr
8424261669280,842426166928,heuristic/substr
8424261668980,842426166898,heuristic/substr
8424261668670,842426166867,heuristic/substr
8188920109660,818892010966,heuristic/substr
8123190189480,812319018948,heuristic/substr
8424261651810,842426165181,heuristic/substr
8424261651500,842426165150,heuristic/substr
8424261640780,842426164078,heuristic/substr
8123190189620,812319018962,heuristic/substr
8424261676420,842426167642,heuristic/substr
4291710000000,429171,heuristic/substr
0421000104800,042100010480,heuristic/substr
4200710000000,420071,heuristic/substr
0421000205400,042100020540,heuristic/substr
0421000254080,042100025408,heuristic/substr
0421000205710,042100020571,heuristic/substr
4255310000000,425531,heuristic/substr
0421000122170,042100012217,heuristic/substr
4254410000000,425441,heuristic/substr
0420051400000,04200514,heuristic/substr
0428871600000,04288716,heuristic/substr
4287210000000,428721,heuristic/substr
0420671200000,04206712,heuristic/substr
4291110000000,429111,heuristic/substr
4289910000000,428991,heuristic/substr
4287410000000,428741,heuristic/substr
0421000112650,042100011265,heuristic/substr
0421000112340,042100011234,heuristic/substr
0421000113260,042100011326,heuristic/substr
6097920105580,609792010558,heuristic/substr
6097920106190,609792010619,heuristic/substr
6097920106020,609792010602,heuristic/substr
6097920105960,609792010596,heuristic/substr
6097920105890,609792010589,heuristic/substr
6097920105720,609792010572,heuristic/substr
6097920105650,609792010565,heuristic/substr
6097920093470,609792009347,heuristic/substr
6097920093850,609792009385,heuristic/substr
6097920093920,609792009392,heuristic/substr
6097920093540,609792009354,heuristic/substr
6097920093610,609792009361,heuristic/substr
6097920093780,609792009378,heuristic/substr
0402320327520,040232032752,heuristic/substr
0949227334430,094922733443,heuristic/substr
8559060074750,855906007475,heuristic/substr
8559060074990,855906007499,heuristic/substr
8559060070310,855906007031,heuristic/substr
8559060075360,855906007536,heuristic/substr
0408356407500,040835640750,heuristic/substr
0408356406820,040835640682,heuristic/substr
0408356405830,040835640583,heuristic/substr
8188920117580,818892011758,heuristic/substr
7531821365090,753182136509,heuristic/substr
7531821365160,753182136516,heuristic/substr
7673214241740,767321424174,heuristic/substr
6196830005200,619683000520,heuristic/substr
0317002348220,031700234822,heuristic/substr
0317002389810,031700238981,heuristic/substr
0317002352320,031700235232,heuristic/substr
0317002324150,031700232415,heuristic/substr
0317002333370,031700233337,heuristic/substr
0317002333200,031700233320,heuristic/substr
0317002324460,031700232446,heuristic/substr
0317002323780,031700232378,heuristic/substr
0317002323920,031700232392,heuristic/substr
0317002324390,031700232439,heuristic/substr
0317004203170,031700420317,heuristic/substr
0317004202700,031700420270,heuristic/substr
0317004202490,031700420249,heuristic/substr
0317004202560,031700420256,heuristic/substr
0317002366110,031700236611,heuristic/substr
0317002368400,031700236840,heuristic/substr
0317002366280,031700236628,heuristic/substr
0317002368640,031700236864,heuristic/substr
0317002366800,031700236680,heuristic/substr
0317002368570,031700236857,heuristic/substr
0317002362150,031700236215,heuristic/substr
0317002362770,031700236277,heuristic/substr
0317002362390,031700236239,heuristic/substr
0317002362220,031700236222,heuristic/substr
0317002362460,031700236246,heuristic/substr
0317002348600,031700234860,heuristic/substr
0317002362080,031700236208,heuristic/substr
0317002383250,031700238325,heuristic/substr
0317002347230,031700234723,heuristic/substr
0317002337880,031700233788,heuristic/substr
0317002332070,031700233207,heuristic/substr
0317002362840,031700236284,heuristic/substr
0317002361850,031700236185,heuristic/substr
0317002362600,031700236260,heuristic/substr
0317002386460,031700238646,heuristic/substr
0317002365670,031700236567,heuristic/substr
0317002362530,031700236253,heuristic/substr
0317002374100,031700237410,heuristic/substr
0317002392090,031700239209,heuristic/substr
0317002390700,031700239070,heuristic/substr
0317002392780,031700239278,heuristic/substr
0317002392540,031700239254,heuristic/substr
0317002390490,031700239049,heuristic/substr
0317002374270,031700237427,heuristic/substr
0317002387380,031700238738,heuristic/substr
0317002386840,031700238684,heuristic/substr
0317002387830,031700238783,heuristic/substr
0317002365500,031700236550,heuristic/substr
0317002389290,031700238929,heuristic/substr
0317002389360,031700238936,heuristic/substr
0317002376320,031700237632,heuristic/substr
0317002380420,031700238042,heuristic/substr
0317002391860,031700239186,heuristic/substr
0317002390560,031700239056,heuristic/substr
0317002380660,031700238066,heuristic/substr
0317002383320,031700238332,heuristic/substr
0317002386770,031700238677,heuristic/substr
0317002389050,031700238905,heuristic/substr
0317002390250,031700239025,heuristic/substr
0317002387520,031700238752,heuristic/substr
0317002348770,031700234877,heuristic/substr
0317002387140,031700238714,heuristic/substr
0317002348530,031700234853,heuristic/substr
0317002383490,031700238349,heuristic/substr
0317002348840,031700234884,heuristic/substr
0317002334670,031700233467,heuristic/substr
0317002364820,031700236482,heuristic/substr
0317002322550,031700232255,heuristic/substr
0317002364510,031700236451,heuristic/substr
0317002379770,031700237977,heuristic/substr
0317002379220,031700237922,heuristic/substr
0317002393910,031700239391,heuristic/substr
0317002380110,031700238011,heuristic/substr
0317002380280,031700238028,heuristic/substr
0317002391000,031700239100,heuristic/substr
0317002380040,031700238004,heuristic/substr
0317002394140,031700239414,heuristic/substr
0317002379840,031700237984,heuristic/substr
0317002389500,031700238950,heuristic/substr
0317002390870,031700239087,heuristic/substr
0317002379150,031700237915,heuristic/substr
0317002379460,031700237946,heuristic/substr
0317002379390,031700237939,heuristic/substr
0317002393770,031700239377,heuristic/substr
0317002379910,031700237991,heuristic/substr
0317002379530,031700237953,heuristic/substr
0317002380350,031700238035,heuristic/substr
0317002379600,031700237960,heuristic/substr
0771701022230,077170102223,heuristic/substr
0771701024070,077170102407,heuristic/substr
0771702606260,077170260626,heuristic/substr
0771702605100,077170260510,heuristic/substr
0771702606400,077170260640,heuristic/substr
2081950002485,20819500024850,heuristic/substr
7618475493280,761847549328,heuristic/substr
0160276417820,016027641782,heuristic/substr
7618475488640,761847548864,heuristic/substr
0160276417750,016027641775,heuristic/substr
7501227867250,750122786725,heuristic/substr
0771701254440,077170125444,heuristic/substr
8401586083340,840158608334,heuristic/substr
8401586082730,840158608273,heuristic/substr
8401586086930,840158608693,heuristic/substr
8401586086310,840158608631,heuristic/substr
8401586085700,840158608570,heuristic/substr
8401586085180,840158608518,heuristic/substr
8401586097820,840158609782,heuristic/substr
8401586097200,840158609720,heuristic/substr
8401586098120,840158609812,heuristic/substr
8401586084570,840158608457,heuristic/substr
8401586083960,840158608396,heuristic/substr
8401586092940,840158609294,heuristic/substr
8401586125600,840158612560,heuristic/substr
8401586124160,840158612416,heuristic/substr
8401586126210,840158612621,heuristic/substr
8401586124780,840158612478,heuristic/substr
8401586125910,840158612591,heuristic/substr
8401586124470,840158612447,heuristic/substr
0906000014220,090600001422,heuristic/substr
8141010243970,814101024397,heuristic/substr
8141010243730,814101024373,heuristic/substr
8141010243800,814101024380,heuristic/substr
8141010244100,814101024410,heuristic/substr
8141010243660,814101024366,heuristic/substr
8141010244030,814101024403,heuristic/substr
8141010243590,814101024359,heuristic/substr
8124740111500,812474011150,heuristic/substr
8124740160940,812474016094,heuristic/substr
8124740166120,812474016612,heuristic/substr
8124740167280,812474016728,heuristic/substr
8124740105420,812474010542,heuristic/substr
8124740117470,812474011747,heuristic/substr
8124740161000,812474016100,heuristic/substr
8124740122250,812474012225,heuristic/substr
8124740105350,812474010535,heuristic/substr
8124740117300,812474011730,heuristic/substr
8124740103130,812474010313,heuristic/substr
8124740160490,812474016049,heuristic/substr
8124740159980,812474015998,heuristic/substr
8124740161240,812474016124,heuristic/substr
8124740125770,812474012577,heuristic/substr
8124740111430,812474011143,heuristic/substr
8124740102760,812474010276,heuristic/substr
8124740113650,812474011365,heuristic/substr
8495230054330,849523005433,heuristic/substr
8124740105280,812474010528,heuristic/substr
8124740121330,812474012133,heuristic/substr
8124740121950,812474012195,heuristic/substr
8124740125390,812474012539,heuristic/substr
8124740166430,812474016643,heuristic/substr
8124740105110,812474010511,heuristic/substr
8124740117160,812474011716,heuristic/substr
8495230059900,849523005990,heuristic/substr
8124740111360,812474011136,heuristic/substr
8495230058150,849523005815,heuristic/substr
8124740117090,812474011709,heuristic/substr
8495230059830,849523005983,heuristic/substr
8124740116930,812474011693,heuristic/substr
8495230059760,849523005976,heuristic/substr
8124740165820,812474016582,heuristic/substr
8124740116860,812474011686,heuristic/substr
8124740165750,812474016575,heuristic/substr
8124740166670,812474016667,heuristic/substr
8124740166740,812474016674,heuristic/substr
8124740116790,812474011679,heuristic/substr
8124740102070,812474010207,heuristic/substr
8124740105590,812474010559,heuristic/substr
8124740160870,812474016087,heuristic/substr
8124740165680,812474016568,heuristic/substr
8495230079250,849523007925,heuristic/substr
8124740166500,812474016650,heuristic/substr
8124740167040,812474016704,heuristic/substr
8124740160700,812474016070,heuristic/substr
8124740121880,812474012188,heuristic/substr
8124740160320,812474016032,heuristic/substr
8124740124540,812474012454,heuristic/substr
8495230054190,849523005419,heuristic/substr
8124740104980,812474010498,heuristic/substr
8495230054640,849523005464,heuristic/substr
8124740166050,812474016605,heuristic/substr
8124740166980,812474016698,heuristic/substr
8124740118770,812474011877,heuristic/substr
8124740122870,812474012287,heuristic/substr
8124740119140,812474011914,heuristic/substr
8124740107020,812474010702,heuristic/substr
8124740118840,812474011884,heuristic/substr
8124740124920,812474012492,heuristic/substr
8124740122630,812474012263,heuristic/substr
8124740104500,812474010450,heuristic/substr
8124740103990,812474010399,heuristic/substr
8124740116550,812474011655,heuristic/substr
8124740160180,812474016018,heuristic/substr
8124740116480,812474011648,heuristic/substr
8124740123790,812474012379,heuristic/substr
8124740122010,812474012201,heuristic/substr
8124740121400,812474012140,heuristic/substr
8124740122320,812474012232,heuristic/substr
8124740160560,812474016056,heuristic/substr
8124740158990,812474015899,heuristic/substr
8124740160250,812474016025,heuristic/substr
8124740166810,812474016681,heuristic/substr
8495230054020,849523005402,heuristic/substr
8124740104810,812474010481,heuristic/substr
8124740104740,812474010474,heuristic/substr
8124740116310,812474011631,heuristic/substr
8124740116000,812474011600,heuristic/substr
8124740167110,812474016711,heuristic/substr
8124740104430,812474010443,heuristic/substr
8124740104360,812474010436,heuristic/substr
8124740160010,812474016001,heuristic/substr
8495230053340,849523005334,heuristic/substr
8124740104120,812474010412,heuristic/substr
8124740104050,812474010405,heuristic/substr
8495230053270,849523005327,heuristic/substr
8124740103820,812474010382,heuristic/substr
8124740161170,812474016117,heuristic/substr
8495230066380,849523006638,heuristic/substr
8124740124160,812474012416,heuristic/substr
7224700107080,722470010708,heuristic/substr
0744600050590,074460005059,heuristic/substr
6196826212210,619682621221,heuristic/substr
6196820102850,619682010285,heuristic/substr
6196820208640,619682020864,heuristic/substr
6196820016580,619682001658,heuristic/substr
6196826214050,619682621405,heuristic/substr
6196820054580,619682005458,heuristic/substr
6196820211200,619682021120,heuristic/substr
6196820104450,619682010445,heuristic/substr
6196820103600,619682010360,heuristic/substr
6196820102470,619682010247,heuristic/substr
6196829934410,619682993441,heuristic/substr
6196820098760,619682009876,heuristic/substr
6196820102090,619682010209,heuristic/substr
6196820201610,619682020161,heuristic/substr
6196820103220,619682010322,heuristic/substr
6196820210450,619682021045,heuristic/substr
6196820101240,619682010124,heuristic/substr
6196820099680,619682009968,heuristic/substr
6196820099060,619682009906,heuristic/substr
6196820015660,619682001566,heuristic/substr
6196825873360,619682587336,heuristic/substr
6196825874110,619682587411,heuristic/substr
6196825873500,619682587350,heuristic/substr
6196825873980,619682587398,heuristic/substr
6196825873740,619682587374,heuristic/substr
6196825874350,619682587435,heuristic/substr
8165180188910,816518018891,heuristic/substr
8165180172830,816518017283,heuristic/substr
8165180191330,816518019133,heuristic/substr
8165180188460,816518018846,heuristic/substr
8165180172690,816518017269,heuristic/substr
8165180171390,816518017139,heuristic/substr
8165180190960,816518019096,heuristic/substr
8165180172450,816518017245,heuristic/substr
8165180172210,816518017221,heuristic/substr
8165180190720,816518019072,heuristic/substr
8165180182350,816518018235,heuristic/substr
6974828617563,6974828617563,heuristic/substr
6974828617600,6974828617600,heuristic/substr
6974828617617,6974828617617,heuristic/substr
6974828617648,6974828617648,heuristic/substr
6974828617549,6974828617549,heuristic/substr
6974828617624,6974828617624,heuristic/substr
6974828617631,6974828617631,heuristic/substr
6974828617594,6974828617594,heuristic/substr
6974828617587,6974828617587,heuristic/substr
6974828617969,6974828617969,heuristic/substr
6974828617884,6974828617884,heuristic/substr
0110001261570,011000126157,heuristic/substr
1968529047300,196852904730,heuristic/substr
1968521708760,196852170876,heuristic/substr
1968527265780,196852726578,heuristic/substr
1968529921880,196852992188,heuristic/substr
8197210106900,819721010690,heuristic/substr
8197210106830,819721010683,heuristic/substr
8197210106760,819721010676,heuristic/substr
8197210121750,819721012175,heuristic/substr
8197210106690,819721010669,heuristic/substr
8197210106520,819721010652,heuristic/substr
8197210108670,819721010867,heuristic/substr
8197210108430,819721010843,heuristic/substr
7120385527330,712038552733,heuristic/substr
7161651777840,716165177784,heuristic/substr
7161651773020,716165177302,heuristic/substr
7161651778070,716165177807,heuristic/substr
7161651778210,716165177821,heuristic/substr
7161651788660,716165178866,heuristic/substr
7161651556450,716165155645,heuristic/substr
7161651799000,716165179900,heuristic/substr
7161651789030,716165178903,heuristic/substr
7161651789270,716165178927,heuristic/substr
8022840044730,802284004473,heuristic/substr
8022840046640,802284004664,heuristic/substr
8022840044110,802284004411,heuristic/substr
8022840046020,802284004602,heuristic/substr
8022840045650,802284004565,heuristic/substr
8022840045340,802284004534,heuristic/substr
8022840047250,802284004725,heuristic/substr
8022840045030,802284004503,heuristic/substr
8022840046950,802284004695,heuristic/substr
8022840044420,802284004442,heuristic/substr
8022840046330,802284004633,heuristic/substr
8022840050290,802284005029,heuristic/substr
8022840004130,802284000413,heuristic/substr
8022840005360,802284000536,heuristic/substr
8022840051420,802284005142,heuristic/substr
8022840051110,802284005111,heuristic/substr
8022840005050,802284000505,heuristic/substr
8022840050500,802284005050,heuristic/substr
8022840004440,802284000444,heuristic/substr
8022840050810,802284005081,heuristic/substr
8022840004750,802284000475,heuristic/substr
0110002830890,011000283089,heuristic/substr
0110002880840,011000288084,heuristic/substr
0110002901000,011000290100,heuristic/substr
0110002911070,011000291107,heuristic/substr
0110002850830,011000285083,heuristic/substr
0110002941080,011000294108,heuristic/substr
0110002860800,011000286080,heuristic/substr
0110002931010,011000293101,heuristic/substr
0110002820820,011000282082,heuristic/substr
0110002870870,011000287087,heuristic/substr
6466950080770,646695008077,heuristic/substr
0272003568360,027200356836,heuristic/substr
7516670976660,751667097666,heuristic/substr
7516670977030,751667097703,heuristic/substr
7516670977890,751667097789,heuristic/substr
8171270265980,817127026598,heuristic/substr
8171270266280,817127026628,heuristic/substr
8171270266110,817127026611,heuristic/substr
8171270266040,817127026604,heuristic/substr
8171270271370,817127027137,heuristic/substr
8171270271200,817127027120,heuristic/substr
0716105057040,071610505704,heuristic/substr
0716104989520,071610498952,heuristic/substr
0716105031200,071610503120,heuristic/substr
0716104958830,071610495883,heuristic/substr
0716103413020,071610341302,heuristic/substr
0716103416920,071610341692,heuristic/substr
0716103412890,071610341289,heuristic/substr
0716103412650,071610341265,heuristic/substr
0716103405410,071610340541,heuristic/substr
0716103405030,071610340503,heuristic/substr
0716103405270,071610340527,heuristic/substr
0716104964220,071610496422,heuristic/substr
0716104951040,071610495104,heuristic/substr
0716104961490,071610496149,heuristic/substr
0716105050560,071610505056,heuristic/substr
0716104963470,071610496347,heuristic/substr
0716105023900,071610502390,heuristic/substr
0716103402370,071610340237,heuristic/substr
0716104965070,071610496507,heuristic/substr
0716103401830,071610340183,heuristic/substr
0716104987850,071610498785,heuristic/substr
0216105023450,021610502345,heuristic/substr
0716103416090,071610341609,heuristic/substr
0716104408900,071610440890,heuristic/substr
0716103414940,071610341494,heuristic/substr
0716105056670,071610505667,heuristic/substr
0716103403290,071610340329,heuristic/substr
0716103407630,071610340763,heuristic/substr
0716104965830,071610496583,heuristic/substr
0716104952650,071610495265,heuristic/substr
0716103407490,071610340749,heuristic/substr
0716103402130,071610340213,heuristic/substr
0716105800910,071610580091,heuristic/substr
0716103407560,071610340756,heuristic/substr
0716103411660,071610341166,heuristic/substr
0716103414700,071610341470,heuristic/substr
0716103411800,071610341180,heuristic/substr
0716103415000,071610341500,heuristic/substr
0716103411730,071610341173,heuristic/substr
0716103410810,071610341081,heuristic/substr
0716103412410,071610341241,heuristic/substr
0716103411590,071610341159,heuristic/substr
0716103412270,071610341227,heuristic/substr
0716103412100,071610341210,heuristic/substr
0716103416780,071610341678,heuristic/substr
0716103412340,071610341234,heuristic/substr
0716103413330,071610341333,heuristic/substr
0716103412030,071610341203,heuristic/substr
0716103411970,071610341197,heuristic/substr
7516673137040,751667313704,heuristic/substr
7516670742610,751667074261,heuristic/substr
7516670469470,751667046947,heuristic/substr
7516670742230,751667074223,heuristic/substr
7516670675840,751667067584,heuristic/substr
7516670906290,751667090629,heuristic/substr
7516670675460,751667067546,heuristic/substr
7516672900290,751667290029,heuristic/substr
7516670906670,751667090667,heuristic/substr
7516670743460,751667074346,heuristic/substr
6851414290350,685141429035,heuristic/substr
6851414290590,685141429059,heuristic/substr
6851414290280,685141429028,heuristic/substr
8744110025530,874411002553,heuristic/substr
8744110025910,874411002591,heuristic/substr
8744110025770,874411002577,heuristic/substr
0395178118470,039517811847,heuristic/substr
4218610000000,421861,heuristic/substr
0421611700000,04216117,heuristic/substr
8579080007440,857908000744,heuristic/substr
8579080007370,857908000737,heuristic/substr
8579080007990,857908000799,heuristic/substr
8579080008050,857908000805,heuristic/substr
8579080007510,857908000751,heuristic/substr
8579080007680,857908000768,heuristic/substr
8101792201360,810179220136,heuristic/substr
8101792201290,810179220129,heuristic/substr
8101792201120,810179220112,heuristic/substr
8101792201050,810179220105,heuristic/substr
8101792200990,810179220099,heuristic/substr
8101792200820,810179220082,heuristic/substr
8101792200750,810179220075,heuristic/substr
7516671834370,751667183437,heuristic/substr
0906003926050,090600392605,heuristic/substr
0906003926670,090600392667,heuristic/substr
0906003926740,090600392674,heuristic/substr
0906003927040,090600392704,heuristic/substr
0906003926290,090600392629,heuristic/substr
0906003926810,090600392681,heuristic/substr
0421000250950,042100025095,heuristic/substr
0421000262380,042100026238,heuristic/substr
0421000249750,042100024975,heuristic/substr
0421000250330,042100025033,heuristic/substr
0421000250640,042100025064,heuristic/substr
0421000250020,042100025002,heuristic/substr
0731000272150,073100027215,heuristic/substr
0731000126480,073100012648,heuristic/substr
0731000126310,073100012631,heuristic/substr
0731000303900,073100030390,heuristic/substr
0731000300310,073100030031,heuristic/substr
0731000300860,073100030086,heuristic/substr
0731000303690,073100030369,heuristic/substr
0731000296220,073100029622,heuristic/substr
8101469702310,810146970231,heuristic/substr
8101469702240,810146970224,heuristic/substr
8101469702000,810146970200,heuristic/substr
8101469701940,810146970194,heuristic/substr
8101469701870,810146970187,heuristic/substr
8101469701700,810146970170,heuristic/substr
8101469701560,810146970156,heuristic/substr
8101469701490,810146970149,heuristic/substr
8101469702170,810146970217,heuristic/substr
8101469701320,810146970132,heuristic/substr
8101469701250,810146970125,heuristic/substr
8101469701630,810146970163,heuristic/substr
8126150027260,812615002726,heuristic/substr
8126150027880,812615002788,heuristic/substr
8126150027020,812615002702,heuristic/substr
8126150067310,812615006731,heuristic/substr
8126150027570,812615002757,heuristic/substr
8126150067480,812615006748,heuristic/substr
8126150027710,812615002771,heuristic/substr
8126150027190,812615002719,heuristic/substr
8126150027330,812615002733,heuristic/substr
8126150067170,812615006717,heuristic/substr
8126150081550,812615008155,heuristic/substr
8126150067000,812615006700,heuristic/substr
8126150067620,812615006762,heuristic/substr
8126150067550,812615006755,heuristic/substr
8126150075780,812615007578,heuristic/substr
8126150077760,812615007776,heuristic/substr
8126150076080,812615007608,heuristic/substr
8126150075920,812615007592,heuristic/substr
8126150027640,812615002764,heuristic/substr
8126150027400,812615002740,heuristic/substr
8126150010400,812615001040,heuristic/substr
8126150010570,812615001057,heuristic/substr
8126150067240,812615006724,heuristic/substr
8906181782983,8906181782983,heuristic/substr
8906181782952,8906181782952,heuristic/substr
8906181784222,8906181784222,heuristic/substr
8906181782976,8906181782976,heuristic/substr
8906181782945,8906181782945,heuristic/substr
8906181783095,8906181783095,heuristic/substr
8906181784215,8906181784215,heuristic/substr
8126150032730,812615003273,heuristic/substr
6554572908100,655457290810,heuristic/substr
6767379711370,676737971137,heuristic/substr
6554573908930,655457390893,heuristic/substr
6767379553730,676737955373,heuristic/substr
8445040046410,844504004641,heuristic/substr
8445040046100,844504004610,heuristic/substr
8445040046030,844504004603,heuristic/substr
8445040046340,844504004634,heuristic/substr
8445040046270,844504004627,heuristic/substr
8744110007260,874411000726,heuristic/substr
8744110007330,874411000733,heuristic/substr
0395178219520,039517821952,heuristic/substr
8744110006960,874411000696,heuristic/substr
8744110018770,874411001877,heuristic/substr
1850920020780,185092002078,heuristic/substr
1850920020610,185092002061,heuristic/substr
1850920020540,185092002054,heuristic/substr
1850920020920,185092002092,heuristic/substr
0333002705380,033300270538,heuristic/substr
8594770019000,859477001900,heuristic/substr
8594770018700,859477001870,heuristic/substr
8594770018490,859477001849,heuristic/substr
8594770017260,859477001726,heuristic/substr
8594770017570,859477001757,heuristic/substr
8594770017880,859477001788,heuristic/substr
8594770016960,859477001696,heuristic/substr
0272002070460,027200207046,heuristic/substr
0272002070600,027200207060,heuristic/substr
0272002070220,027200207022,heuristic/substr
0272002070080,027200207008,heuristic/substr
0123008441850,012300844185,heuristic/substr
0123007081350,012300708135,heuristic/substr
0123007071380,012300707138,heuristic/substr
0123003451010,012300345101,heuristic/substr
0123003452310,012300345231,heuristic/substr
0123003453160,012300345316,heuristic/substr
0123003449680,012300344968,heuristic/substr
0123003450260,012300345026,heuristic/substr
0123003452930,012300345293,heuristic/substr
0123008442390,012300844239,heuristic/substr
0123008439280,012300843928,heuristic/substr
0123008439590,012300843959,heuristic/substr
0123008442840,012300844284,heuristic/substr
0123008443690,012300844369,heuristic/substr
0123008443900,012300844390,heuristic/substr
0123008443140,012300844314,heuristic/substr
0123008440170,012300844017,heuristic/substr
0123008441540,012300844154,heuristic/substr
0123001021310,012300102131,heuristic/substr
0123003674550,012300367455,heuristic/substr
0123001199000,012300119900,heuristic/substr
0123001198180,012300119818,heuristic/substr
0123001087510,012300108751,heuristic/substr
0123005026720,012300502672,heuristic/substr
0123005025970,012300502597,heuristic/substr
0123005025660,012300502566,heuristic/substr
0123001041350,012300104135,heuristic/substr
0123005097560,012300509756,heuristic/substr
0123003674860,012300367486,heuristic/substr
0123009116030,012300911603,heuristic/substr
0123009116340,012300911634,heuristic/substr
0123009116650,012300911665,heuristic/substr
0123001198700,012300119870,heuristic/substr
0123009117260,012300911726,heuristic/substr
0123001199310,012300119931,heuristic/substr
0123001198490,012300119849,heuristic/substr
0123001087820,012300108782,heuristic/substr
0123001057980,012300105798,heuristic/substr
0123001057670,012300105767,heuristic/substr
0123001081190,012300108119,heuristic/substr
0123001088120,012300108812,heuristic/substr
0333005180430,033300518043,heuristic/substr
0717374394940,071737439494,heuristic/substr
0717374394560,071737439456,heuristic/substr
0717374394700,071737439470,heuristic/substr
0717374394320,071737439432,heuristic/substr
7610734259530,761073425953,heuristic/substr
7610734285340,761073428534,heuristic/substr
7610734262190,761073426219,heuristic/substr
7610734262400,761073426240,heuristic/substr
0717374385410,071737438541,heuristic/substr
0717379811770,071737981177,heuristic/substr
8500232138910,850023213891,heuristic/substr
8500232138600,850023213860,heuristic/substr
8500232130440,850023213044,heuristic/substr
0333002705140,033300270514,heuristic/substr
0333002705210,033300270521,heuristic/substr
8507300003020,850730000302,heuristic/substr
1961772258550,196177225855,heuristic/substr
1961772258240,196177225824,heuristic/substr
8507300001350,850730000135,heuristic/substr
8879820942850,887982094285,heuristic/substr
8879820939810,887982093981,heuristic/substr
6717340049870,671734004987,heuristic/substr
1085754501206,10857545012060,heuristic/substr
6717340047890,671734004789,heuristic/substr
8197210122430,819721012243,heuristic/substr
8197210103310,819721010331,heuristic/substr
8197210104160,819721010416,heuristic/substr
8197210120210,819721012021,heuristic/substr
8197210104090,819721010409,heuristic/substr
8197210119630,819721011963,heuristic/substr
8197210103860,819721010386,heuristic/substr
8197210119320,819721011932,heuristic/substr
8197210103790,819721010379,heuristic/substr
8197210103620,819721010362,heuristic/substr
8197210103550,819721010355,heuristic/substr
8197210119940,819721011994,heuristic/substr
8197210120520,819721012052,heuristic/substr
8197210117890,819721011789,heuristic/substr
8197210123660,819721012366,heuristic/substr
8197210123350,819721012335,heuristic/substr
8197210124270,819721012427,heuristic/substr
8197210124580,819721012458,heuristic/substr
8197210123970,819721012397,heuristic/substr
6890769359200,689076935920,heuristic/substr
6890769357220,689076935722,heuristic/substr
6196829994050,619682999405,heuristic/substr
6064000145000,6064000145,heuristic/substr
8472440014200,847244001420,heuristic/substr
0701375148550,070137514855,heuristic/substr
0701378392550,070137839255,heuristic/substr
0701378399580,070137839958,heuristic/substr
0701375111680,070137511168,heuristic/substr
0701375001930,070137500193,heuristic/substr
0701375133770,070137513377,heuristic/substr
0701375155930,070137515593,heuristic/substr
0701375156300,070137515630,heuristic/substr
0701375000560,070137500056,heuristic/substr
0701375137280,070137513728,heuristic/substr
0701378331540,070137833154,heuristic/substr
0701378314570,070137831457,heuristic/substr
0701378346560,070137834656,heuristic/substr
0701378343590,070137834359,heuristic/substr
0701375152960,070137515296,heuristic/substr
0701375149230,070137514923,heuristic/substr
0701375148790,070137514879,heuristic/substr
0701378323550,070137832355,heuristic/substr
0701375149160,070137514916,heuristic/substr
0701378320580,070137832058,heuristic/substr
0701375148930,070137514893,heuristic/substr
0701378242510,070137824251,heuristic/substr
0701375142440,070137514244,heuristic/substr
0701375142370,070137514237,heuristic/substr
0701378241520,070137824152,heuristic/substr
0701375126530,070137512653,heuristic/substr
0701375127830,070137512783,heuristic/substr
0701375127760,070137512776,heuristic/substr
0701375142200,070137514220,heuristic/substr
0701375142130,070137514213,heuristic/substr
0701378095550,070137809555,heuristic/substr
0701378096540,070137809654,heuristic/substr
7023385763620,702338576362,heuristic/substr
7588905129730,758890512973,heuristic/substr
7023385763550,702338576355,heuristic/substr
6135270062420,613527006242,heuristic/substr
7023385763480,702338576348,heuristic/substr
6135271964240,613527196424,heuristic/substr
8101349266390,810134926639,heuristic/substr
8101349281760,810134928176,heuristic/substr
0514973156100,051497315610,heuristic/substr
8101349237200,810134923720,heuristic/substr
0514972217440,051497221744,heuristic/substr
0514970369590,051497036959,heuristic/substr
0514972438830,051497243883,heuristic/substr
0514973155350,051497315535,heuristic/substr
8101349218180,810134921818,heuristic/substr
0514972217820,051497221782,heuristic/substr
0514970667340,051497066734,heuristic/substr
0514972438070,051497243807,heuristic/substr
0514973156030,051497315603,heuristic/substr
0514970116420,051497011642,heuristic/substr
0514972438690,051497243869,heuristic/substr
8171270212410,817127021241,heuristic/substr
8171270212100,817127021210,heuristic/substr
1085754500948,10857545009480,heuristic/substr
0701955963360,070195596336,heuristic/substr
0701955961690,070195596169,heuristic/substr
0701955966020,070195596602,heuristic/substr
8171270280110,817127028011,heuristic/substr
8171270280350,817127028035,heuristic/substr
8171270280280,817127028028,heuristic/substr
8171270279840,817127027984,heuristic/substr
8171270283940,817127028394,heuristic/substr
8171270279770,817127027977,heuristic/substr
8171270283870,817127028387,heuristic/substr
8171270283700,817127028370,heuristic/substr
8171270279530,817127027953,heuristic/substr
8101792204710,810179220471,heuristic/substr
8101792204640,810179220464,heuristic/substr
8101792204570,810179220457,heuristic/substr
8171270273590,817127027359,heuristic/substr
8171270273420,817127027342,heuristic/substr
8171270275330,817127027533,heuristic/substr
8171270270450,817127027045,heuristic/substr
8171270273350,817127027335,heuristic/substr
8171270270380,817127027038,heuristic/substr
8171270275020,817127027502,heuristic/substr
8171270270140,817127027014,heuristic/substr
8171270270210,817127027021,heuristic/substr
8171270272050,817127027205,heuristic/substr
8171270272670,817127027267,heuristic/substr
0760130006650,076013000665,heuristic/substr
6533412414430,653341241443,heuristic/substr
0760130000610,076013000061,heuristic/substr
0760130000540,076013000054,heuristic/substr
0351060571460,035106057146,heuristic/substr
0351060571150,035106057115,heuristic/substr
0351060571770,035106057177,heuristic/substr
8101349220680,810134922068,heuristic/substr
6196820041610,619682004161,heuristic/substr
6196820041090,619682004109,heuristic/substr
6196820040170,619682004017,heuristic/substr
0716103416850,071610341685,heuristic/substr
0716102996100,071610299610,heuristic/substr
0716103406950,071610340695,heuristic/substr
0716103404800,071610340480,heuristic/substr
0716103401760,071610340176,heuristic/substr
0716103406640,071610340664,heuristic/substr
0716103409160,071610340916,heuristic/substr
0716103409090,071610340909,heuristic/substr
0716103413640,071610341364,heuristic/substr
0716103413710,071610341371,heuristic/substr
0716103028080,071610302808,heuristic/substr
0716103023720,071610302372,heuristic/substr
0716102995800,071610299580,heuristic/substr
0716103022730,071610302273,heuristic/substr
0716103027300,071610302730,heuristic/substr
0716103404420,071610340442,heuristic/substr
0716103403050,071610340305,heuristic/substr
0716103408480,071610340848,heuristic/substr
0716103402820,071610340282,heuristic/substr
0716103405650,071610340565,heuristic/substr
0716103417600,071610341760,heuristic/substr
0716103409920,071610340992,heuristic/substr
0716103416230,071610341623,heuristic/substr
0716103417460,071610341746,heuristic/substr
0716103410980,071610341098,heuristic/substr
0716103407180,071610340718,heuristic/substr
0716103408000,071610340800,heuristic/substr
0716103415480,071610341548,heuristic/substr
0716103415170,071610341517,heuristic/substr
0716103410360,071610341036,heuristic/substr
0716103417390,071610341739,heuristic/substr
0716103415860,071610341586,heuristic/substr
0716103402680,071610340268,heuristic/substr
0716103401690,071610340169,heuristic/substr
0716103404730,071610340473,heuristic/substr
0716103404660,071610340466,heuristic/substr
0716103413570,071610341357,heuristic/substr
0716103030890,071610303089,heuristic/substr
0716103027780,071610302778,heuristic/substr
0282001090020,028200109002,heuristic/substr
0282006041180,028200604118,heuristic/substr
0282003284100,028200328410,heuristic/substr
0282003285190,028200328519,heuristic/substr
0479952004420,047995200442,heuristic/substr
0479952004110,047995200411,heuristic/substr
0479958560210,047995856021,heuristic/substr
0479952000150,047995200015,heuristic/substr
0479952003050,047995200305,heuristic/substr
0479958560450,047995856045,heuristic/substr
8445040030020,844504003002,heuristic/substr
8445040029510,844504002951,heuristic/substr
8445040029990,844504002999,heuristic/substr
8445040029750,844504002975,heuristic/substr
8445040029820,844504002982,heuristic/substr
8445040029680,844504002968,heuristic/substr
0479951001000,047995100100,heuristic/substr
0479951001310,047995100131,heuristic/substr
0479951009330,047995100933,heuristic/substr
0479951009400,047995100940,heuristic/substr
0479951009020,047995100902,heuristic/substr
0479951009260,047995100926,heuristic/substr
7175190008400,717519000840,heuristic/substr
7175190111050,717519011105,heuristic/substr
7175190010520,717519001052,heuristic/substr
7175190111430,717519011143,heuristic/substr
7175190010760,717519001076,heuristic/substr
7175190010450,717519001045,heuristic/substr
7175190111120,717519011112,heuristic/substr
7175191117060,717519111706,heuristic/substr
7175190088220,717519008822,heuristic/substr
7175190008640,717519000864,heuristic/substr
6291100730629,6291100730629,heuristic/substr
6291100731176,6291100731176,heuristic/substr
6291100731060,6291100731060,heuristic/substr
6291100731497,6291100731497,heuristic/substr
6291108166970,6291108166970,heuristic/substr
6291108166956,6291108166956,heuristic/substr
6291108166895,6291108166895,heuristic/substr
6291108160756,6291108160756,heuristic/substr
6291108164815,6291108164815,heuristic/substr
6291108166857,6291108166857,heuristic/substr
6291108161456,6291108161456,heuristic/substr
6291108166833,6291108166833,heuristic/substr
6291108160633,6291108160633,heuristic/substr
6291108164884,6291108164884,heuristic/substr
6291108166819,6291108166819,heuristic/substr
6291108162156,6291108162156,heuristic/substr
6291108160794,6291108160794,heuristic/substr
6291108166796,6291108166796,heuristic/substr
6291108166772,6291108166772,heuristic/substr
6291108166758,6291108166758,heuristic/substr
6291108167724,6291108167724,heuristic/substr
6291108167892,6291108167892,heuristic/substr
6291108161524,6291108161524,heuristic/substr
6291108166734,6291108166734,heuristic/substr
6291108164952,6291108164952,heuristic/substr
6291109092926,6291109092926,heuristic/substr
6291108160510,6291108160510,heuristic/substr
6291108166710,6291108166710,heuristic/substr
6291108166697,6291108166697,heuristic/substr
6291108166673,6291108166673,heuristic/substr
6291108166635,6291108166635,heuristic/substr
6291108164396,6291108164396,heuristic/substr
6291108167380,6291108167380,heuristic/substr
6291108166659,6291108166659,heuristic/substr
6291108166611,6291108166611,heuristic/substr
6291109092919,6291109092919,heuristic/substr
6291109092902,6291109092902,heuristic/substr
6291108164464,6291108164464,heuristic/substr
6291108164600,6291108164600,heuristic/substr
6291108166505,6291108166505,heuristic/substr
6291108160558,6291108160558,heuristic/substr
6291108166482,6291108166482,heuristic/substr
6291108166444,6291108166444,heuristic/substr
6291108166468,6291108166468,heuristic/substr
6291108162224,6291108162224,heuristic/substr
6291108164747,6291108164747,heuristic/substr
6291108160602,6291108160602,heuristic/substr
6291108166345,6291108166345,heuristic/substr
6291100736768,6291100736768,heuristic/substr
6291100737314,6291100737314,heuristic/substr
6291100731794,6291100731794,heuristic/substr
6291108160220,6291108160220,heuristic/substr
6291108161364,6291108161364,heuristic/substr
6291108164808,6291108164808,heuristic/substr
6291108160282,6291108160282,heuristic/substr
6291108162071,6291108162071,heuristic/substr
6291108160251,6291108160251,heuristic/substr
6291108164877,6291108164877,heuristic/substr
6291109097471,6291109097471,heuristic/substr
6291108162422,6291108162422,heuristic/substr
6291108162149,6291108162149,heuristic/substr
6291108160435,6291108160435,heuristic/substr
6291108160015,6291108160015,heuristic/substr
6291108161586,6291108161586,heuristic/substr
6291108160312,6291108160312,heuristic/substr
6291108167700,6291108167700,heuristic/substr
6291108167915,6291108167915,heuristic/substr
6291108160374,6291108160374,heuristic/substr
6291108161517,6291108161517,heuristic/substr
6291108161067,6291108161067,heuristic/substr
6291108165850,6291108165850,heuristic/substr
6291108160046,6291108160046,heuristic/substr
6291108161203,6291108161203,heuristic/substr
6291108161302,6291108161302,heuristic/substr
6291108161937,6291108161937,heuristic/substr
6291108160404,6291108160404,heuristic/substr
6291108164730,6291108164730,heuristic/substr
6291108162491,6291108162491,heuristic/substr
6291108161654,6291108161654,heuristic/substr
6291109097549,6291109097549,heuristic/substr
6291108161180,6291108161180,heuristic/substr
6291109092889,6291109092889,heuristic/substr
6291109092872,6291109092872,heuristic/substr
6291108164457,6291108164457,heuristic/substr
6291108161791,6291108161791,heuristic/substr
6291109097402,6291109097402,heuristic/substr
6291108164587,6291108164587,heuristic/substr
6291108161869,6291108161869,heuristic/substr
6291108161722,6291108161722,heuristic/substr
6291108160077,6291108160077,heuristic/substr
6291108162354,6291108162354,heuristic/substr
6291108164389,6291108164389,heuristic/substr
6291108160138,6291108160138,heuristic/substr
6291108160169,6291108160169,heuristic/substr
6291108164105,6291108164105,heuristic/substr
6291100732487,6291100732487,heuristic/substr
7175190008570,717519000857,heuristic/substr
7175191954090,717519195409,heuristic/substr
7175191952250,717519195225,heuristic/substr
7175191954470,717519195447,heuristic/substr
7175190008710,717519000871,heuristic/substr
7175190013110,717519001311,heuristic/substr
8020841284850,802084128485,heuristic/substr
8020841346080,802084134608,heuristic/substr
8020841278600,802084127860,heuristic/substr
8020841545520,802084154552,heuristic/substr
8020841284920,802084128492,heuristic/substr
8681655765302,8681655765302,heuristic/substr
8681511382742,8681511382742,heuristic/substr
8681655765104,8681655765104,heuristic/substr
8681511382872,8681511382872,heuristic/substr
8681511382582,8681511382582,heuristic/substr
8681511382452,8681511382452,heuristic/substr
8681511382551,8681511382551,heuristic/substr
8681655717530,8681655717530,heuristic/substr
8681655765067,8681655765067,heuristic/substr
8681511382421,8681511382421,heuristic/substr
8681655740330,8681655740330,heuristic/substr
8681655717882,8681655717882,heuristic/substr
8681511382308,8681511382308,heuristic/substr
8681511382315,8681511382315,heuristic/substr
8681655766057,8681655766057,heuristic/substr
8681655765449,8681655765449,heuristic/substr
8681655717905,8681655717905,heuristic/substr
8681655765036,8681655765036,heuristic/substr
8681511382049,8681511382049,heuristic/substr
8681655765029,8681655765029,heuristic/substr
8681655765098,8681655765098,heuristic/substr
8681511385880,8681511385880,heuristic/substr
8681511382841,8681511382841,heuristic/substr
8681511382766,8681511382766,heuristic/substr
8681655765265,8681655765265,heuristic/substr
8681511389710,8681511389710,heuristic/substr
8681655735282,8681655735282,heuristic/substr
8681511389291,8681511389291,heuristic/substr
8681511388942,8681511388942,heuristic/substr
8681511388911,8681511388911,heuristic/substr
8681655705117,8681655705117,heuristic/substr
8681511388805,8681511388805,heuristic/substr
8681511388775,8681511388775,heuristic/substr
8681511388720,8681511388720,heuristic/substr
8681655726952,8681655726952,heuristic/substr
8681655701041,8681655701041,heuristic/substr
8681511388607,8681511388607,heuristic/substr
8681655735091,8681655735091,heuristic/substr
8681511388904,8681511388904,heuristic/substr
8681511389598,8681511389598,heuristic/substr
8681511389949,8681511389949,heuristic/substr
8681655735114,8681655735114,heuristic/substr
7092153842250,709215384225,heuristic/substr
0280520201280,028052020128,heuristic/substr
7424887831040,742488783104,heuristic/substr
7092154852290,709215485229,heuristic/substr
7092152139900,709215213990,heuristic/substr
7092154018920,709215401892,heuristic/substr
7092156153360,709215615336,heuristic/substr
7092154021340,709215402134,heuristic/substr
7092152021160,709215202116,heuristic/substr
7092152018670,709215201867,heuristic/substr
7092153021370,709215302137,heuristic/substr
7092153021510,709215302151,heuristic/substr
6851419131140,685141913114,heuristic/substr
6851419130080,685141913008,heuristic/substr
6851419130390,685141913039,heuristic/substr
6851419131900,685141913190,heuristic/substr
6851419131520,685141913152,heuristic/substr
6851419131210,685141913121,heuristic/substr
6851419130460,685141913046,heuristic/substr
6851419130770,685141913077,heuristic/substr
8560780083690,,unmatched
8560780082840,,unmatched
8560780081230,,unmatched
8560780085430,,unmatched
8560780085360,,unmatched
8560780085290,,unmatched
8560780085120,,unmatched
8560780085050,,unmatched
7847620448770,,unmatched
7847620442730,,unmatched
7847620440750,,unmatched
2231000000000,,unmatched
8660007025000,,unmatched
8660007247000,,unmatched
1064900000000,,unmatched
1058100000000,,unmatched
7847620735560,,unmatched
7847620735320,,unmatched
7847620776770,,unmatched
7847620969750,,unmatched
7847620778750,,unmatched
7847620777760,,unmatched
7847620775780,,unmatched
7847620799780,,unmatched
7847620748810,,unmatched
0161650086830,,unmatched
0161651501150,,unmatched
7161651743250,,unmatched
0161650065970,,unmatched
0161650091160,,unmatched
8500486163700,,unmatched
8500486163320,,unmatched
8500486163560,,unmatched
8500486163630,,unmatched
8500486163490,,unmatched
8587650051560,,unmatched
8587650051180,,unmatched
8587650039230,,unmatched
8587650054390,,unmatched
8587650039300,,unmatched
8141010252640,,unmatched
8141010252950,,unmatched
7127559974280,,unmatched
7127559974110,,unmatched
7127559973980,,unmatched
7127559974040,,unmatched
7127559978790,,unmatched
7127559978550,,unmatched
7127559974420,,unmatched
0317002337710,,unmatched
3170001013600,,unmatched
3170090915700,,unmatched
3170090103800,,unmatched
0317002356520,,unmatched
0317002363380,,unmatched
0317002374340,,unmatched
0317002365980,,unmatched
3170000963500,,unmatched
3170090933100,,unmatched
3170090919500,,unmatched
3170090138000,,unmatched
3170000388600,,unmatched
3170090936200,,unmatched
3170090150200,,unmatched
3170090139700,,unmatched
3170000384800,,unmatched
3170090918800,,unmatched
3170000386200,,unmatched
3170000941300,,unmatched
3170090938600,,unmatched
3170090136600,,unmatched
3170090916400,,unmatched
3170090140300,,unmatched
3170000385500,,unmatched
3170090191500,,unmatched
3170090937900,,unmatched
0317000101430,,unmatched
3170090917100,,unmatched
3170090141000,,unmatched
3170000383100,,unmatched
3170090932400,,unmatched
3170090135900,,unmatched
3170090137300,,unmatched
3170090920100,,unmatched
3170090944700,,unmatched
3170000973400,,unmatched
3170090037600,,unmatched
3170000377000,,unmatched
3170000347300,,unmatched
3170000333600,,unmatched
3170000337400,,unmatched
3170090870900,,unmatched
3170090032100,,unmatched
3170000300800,,unmatched
3170000149300,,unmatched
0317002386390,,unmatched
0317002386150,,unmatched
0317002386220,,unmatched
0317002386080,,unmatched
0317002381960,,unmatched
0317002381890,,unmatched
0317002381720,,unmatched
0317002381650,,unmatched
0317002367100,,unmatched
3170090108300,,unmatched
0317002370140,,unmatched
0317002359350,,unmatched
0317002330850,,unmatched
0317002383700,,unmatched
0317002375020,,unmatched
0317002337640,,unmatched
3170090130400,,unmatched
0317002340750,,unmatched
0317002376630,,unmatched
0317002355080,,unmatched
0317002359970,,unmatched
3170000940600,,unmatched
0317002355530,,unmatched
3170090155700,,unmatched
0317002342040,,unmatched
3170000976500,,unmatched
3170090098700,,unmatched
0317002374410,,unmatched
0317002340820,,unmatched
3170090188500,,unmatched
3170090099400,,unmatched
3170000964200,,unmatched
0317002375570,,unmatched
0317002365740,,unmatched
0317002372120,,unmatched
0317002364200,,unmatched
0317002384000,,unmatched
0317002339480,,unmatched
0317002330540,,unmatched
0317002331460,,unmatched
0317002368710,,unmatched
0317002322930,,unmatched
3170000972700,,unmatched
0317002324530,,unmatched
9050010031700,,unmatched
1230011213000,,unmatched
1230026656700,,unmatched
1230070313000,,unmatched
1230070413700,,unmatched
1230015913500,,unmatched
1230011913900,,unmatched
7089265660120,,unmatched
8472440026630,,unmatched
8472440026560,,unmatched
8472440026180,,unmatched
6499643190030,,unmatched
6499643190100,,unmatched
6499643190340,,unmatched
6499643190410,,unmatched
6499643190270,,unmatched
8472440026010,,unmatched
8472440025950,,unmatched
7023511122200,,unmatched
7023511123900,,unmatched
7023511121500,,unmatched
7023550580900,,unmatched
3170090939300,,unmatched
3170090940900,,unmatched
3170090942300,,unmatched
8492050153300,,unmatched
8492050153230,,unmatched
8492050079910,,unmatched
8492050079840,,unmatched
8492050013570,,unmatched
8492050013400,,unmatched
8492050005890,,unmatched
8492050005720,,unmatched
8492050017770,,unmatched
8492050006190,,unmatched
8492050017390,,unmatched
8492050017460,,unmatched
8492050026990,,unmatched
8492050027050,,unmatched
8492050216520,,unmatched
8492050215910,,unmatched
8492050006020,,unmatched
8492050057130,,unmatched
8492050017150,,unmatched
8492050056830,,unmatched
7516672212210,,unmatched
7516672211840,,unmatched
7516672213060,,unmatched
7516672212690,,unmatched
2820017440600,,unmatched
2820019830300,,unmatched
2820017350800,,unmatched
2820017780300,,unmatched
2820019580700,,unmatched
2820017430700,,unmatched
2820019590600,,unmatched
2820017320100,,unmatched
2820017740700,,unmatched
2820017340900,,unmatched
2820017390400,,unmatched
2820017330000,,unmatched
2820017720900,,unmatched
2820017310200,,unmatched
8649930000000,,unmatched
8493490022410,,unmatched
8493490021800,,unmatched
8493490021970,,unmatched
8493490023020,,unmatched
8493490022720,,unmatched
8493490022100,,unmatched
8493490023330,,unmatched
8493490022270,,unmatched
0906003013240,,unmatched
9060030111900,,unmatched
0906003010960,,unmatched
9060030136200,,unmatched
9060030110200,,unmatched
9060030137900,,unmatched
9060030114000,,unmatched
8500087993720,,unmatched
8500087994190,,unmatched
8500087996930,,unmatched
8500087994330,,unmatched
8500087993650,,unmatched
8500087993960,,unmatched
8500087997300,,unmatched
7624467212380,,unmatched
7624467202310,,unmatched
7624467232010,,unmatched
7624467232320,,unmatched
7624467072320,,unmatched
7624467045520,,unmatched
7624467062350,,unmatched
7624467043850,,unmatched
7624467022370,,unmatched
7624467032030,,unmatched
7624467242080,,unmatched
7624467202000,,unmatched
7624467302090,,unmatched
4220510000000,,unmatched
4210000204100,,unmatched
0261000029730,,unmatched
6196825725470,,unmatched
6196829967490,,unmatched
6196820304670,,unmatched
6196825775280,,unmatched
3510600477500,,unmatched
1659,,unmatched
7051057246690,,unmatched
0514970892760,,unmatched
8799820032990,,unmatched
8799820032440,,unmatched
8799820033290,,unmatched
8799820041420,,unmatched
8799820033050,,unmatched
8799820032510,,unmatched
3330051830200,,unmatched
3330061130000,,unmatched
3330051826500,,unmatched
3330061127000,,unmatched
1007717026010,,unmatched
7717010370100,,unmatched
0771704603160,,unmatched
8640032002300,,unmatched
7717011022800,,unmatched
1850512330800,,unmatched
1850512320900,,unmatched
1850512400800,,unmatched
6894900009140,,unmatched
6894900011020,,unmatched
6894900008530,,unmatched
6894900010100,,unmatched
6894900009450,,unmatched
6894900013480,,unmatched
6894900008840,,unmatched
6894900010410,,unmatched
6894900009830,,unmatched
6894900013790,,unmatched
2086000467160,,unmatched
2086000467163,,unmatched
2086000467161,,unmatched
1086000467169,,unmatched
1086000487807,,unmatched
1086000487800,,unmatched
6894900025120,,unmatched
6894900023690,,unmatched
6894900024510,,unmatched
6894900023070,,unmatched
6894900025740,,unmatched
6894900024200,,unmatched
6894900025430,,unmatched
6894900023900,,unmatched
6894900024820,,unmatched
6894900023380,,unmatched
7999530341170,,unmatched
4210000296600,,unmatched
4210000779400,,unmatched
8472440024720,,unmatched
8472440024890,,unmatched
7645256204500,,unmatched
7645256203800,,unmatched
0717374388860,,unmatched
0717374388620,,unmatched
0717374388480,,unmatched
0717374389090,,unmatched
7173745132800,,unmatched
7173745114400,,unmatched
7173745129800,,unmatched
7173745123600,,unmatched
7173745135900,,unmatched
7173745111300,,unmatched
8424261489550,,unmatched
8424261489860,,unmatched
8424261493720,,unmatched
8126150010260,,unmatched
8126150025280,,unmatched
8126150025800,,unmatched
8126150025040,,unmatched
8126150025590,,unmatched
8126150025730,,unmatched
8126150010330,,unmatched
8126150025970,,unmatched
8126150025350,,unmatched
8126150025110,,unmatched
8126150025420,,unmatched
8126150025660,,unmatched
8141010250660,,unmatched
8141010251340,,unmatched
8141010250420,,unmatched
8141010251410,,unmatched
8141010251270,,unmatched
8141010250730,,unmatched
0333005182270,,unmatched
3330061122500,,unmatched
7999530342230,,unmatched
7999532122010,,unmatched
7999530201100,,unmatched
7999530011190,,unmatched
7999533019740,,unmatched
7999533099250,,unmatched
3330063617400,,unmatched
3330063590000,,unmatched
3330063583200,,unmatched
0259002409120,,unmatched
2590020531700,,unmatched
2590027723900,,unmatched
2590028088800,,unmatched
0259002874670,,unmatched
2590035920100,,unmatched
0259003420430,,unmatched
0259003400490,,unmatched
0259002871390,,unmatched
0259003097250,,unmatched
0259004053590,,unmatched
0259003036310,,unmatched
2590028245500,,unmatched
0259002771610,,unmatched
0259003258620,,unmatched
0259003258480,,unmatched
0259003258310,,unmatched
0259003258240,,unmatched
0259003258170,,unmatched
0259004259440,,unmatched
0259004207890,,unmatched
0259002405540,,unmatched
0259002405850,,unmatched
0259002405470,,unmatched
0259002406910,,unmatched
0259002405780,,unmatched
0259002405610,,unmatched
0259003208500,,unmatched
2590028604000,,unmatched
0259003201260,,unmatched
0259002809700,,unmatched
0259002808400,,unmatched
2590028271400,,unmatched
2590028991100,,unmatched
2590028983600,,unmatched
2590028279000,,unmatched
2590028281300,,unmatched
2590028320900,,unmatched
0259002832780,,unmatched
0259003592180,,unmatched
0259003592250,,unmatched
2590035901000,,unmatched
0259003593240,,unmatched
0259003593480,,unmatched
0259003593000,,unmatched
0259003593170,,unmatched
0259003593310,,unmatched
0259003421040,,unmatched
0259002856920,,unmatched
0259002767510,,unmatched
0259003420980,,unmatched
0259003400940,,unmatched
2590028733700,,unmatched
2590028674300,,unmatched
2590029700800,,unmatched
2590022602200,,unmatched
2590028251600,,unmatched
2590022701200,,unmatched
0259002270050,,unmatched
2590028156400,,unmatched
2590029704600,,unmatched
2590023705900,,unmatched
2590029702200,,unmatched
2590028734400,,unmatched
2590023714100,,unmatched
2590029701500,,unmatched
2590029632200,,unmatched
2590028530200,,unmatched
2590022610700,,unmatched
2590029430400,,unmatched
0259002976710,,unmatched
0259002252540,,unmatched
0259002252610,,unmatched
0259003421110,,unmatched
0259002974110,,unmatched
0259002252850,,unmatched
0259002976880,,unmatched
0259002252920,,unmatched
0259004360250,,unmatched
0259002006260,,unmatched
0259002006330,,unmatched
0259003700460,,unmatched
2590027899100,,unmatched
0259002992790,,unmatched
2590042688000,,unmatched
2590029633900,,unmatched
0259004268590,,unmatched
0259004268660,,unmatched
2590029423600,,unmatched
0259002870540,,unmatched
2590029425000,,unmatched
2590032763700,,unmatched
0259003097320,,unmatched
0259003401310,,unmatched
2590029424300,,unmatched
0259003376670,,unmatched
0259004459280,,unmatched
0259004268970,,unmatched
0259002974420,,unmatched
2590029634600,,unmatched
2590029421200,,unmatched
0259004352570,,unmatched
0259004268420,,unmatched
0259004259820,,unmatched
0259004352880,,unmatched
0259003206690,,unmatched
0259004268110,,unmatched
2590029422900,,unmatched
0259003300190,,unmatched
2590029420500,,unmatched
0259003036480,,unmatched
0259004301150,,unmatched
0259003300330,,unmatched
0259004265380,,unmatched
0259002937890,,unmatched
7624465227810,,unmatched
7624465222860,,unmatched
6080118351700,,unmatched
6080118351940,,unmatched
6080118351560,,unmatched
6080118351630,,unmatched
6080118352000,,unmatched
6080118351870,,unmatched
0717372292000,,unmatched
0717372262780,,unmatched
0717372232080,,unmatched
0717372262850,,unmatched
7173722600100,,unmatched
0717372272060,,unmatched
7173722604900,,unmatched
7173722602500,,unmatched
7173722617900,,unmatched
0717372252020,,unmatched
0717372262920,,unmatched
7173722615500,,unmatched
7173722619300,,unmatched
7386072829930,,unmatched
7310003209700,,unmatched
7310003217200,,unmatched
0731000344040,,unmatched
7310003168700,,unmatched
7310003213400,,unmatched
7310003167000,,unmatched
7310003170000,,unmatched
7310003172400,,unmatched
7310003212700,,unmatched
7310002604100,,unmatched
7310002602700,,unmatched
0731000302840,,unmatched
0731000317930,,unmatched
0731000317860,,unmatched
7310001478900,,unmatched
7310002362000,,unmatched
7310001185600,,unmatched
0731000486920,,unmatched
7310001093400,,unmatched
7310001095800,,unmatched
7310001099600,,unmatched
0731000608230,,unmatched
7310001105400,,unmatched
7310001906700,,unmatched
7310001097200,,unmatched
7310001101600,,unmatched
7310002214200,,unmatched
7310001285300,,unmatched
7310001103000,,unmatched
7310001480200,,unmatched
0731000386550,,unmatched
0731000486470,,unmatched
0731000299050,,unmatched
7310001194800,,unmatched
7310001195500,,unmatched
7137579332090,,unmatched
8171270298960,,unmatched
8587650084780,,unmatched
8587650085220,,unmatched
8171270298890,,unmatched
8587650085460,,unmatched
8587650085390,,unmatched
8171270230850,,unmatched
8171270234360,,unmatched
8171270234290,,unmatched
8171270234120,,unmatched
8171270234050,,unmatched
8171270230610,,unmatched
8171270233750,,unmatched
8171270233820,,unmatched
8171270233680,,unmatched
8171270233510,,unmatched
8171270231080,,unmatched
8171270235660,,unmatched
8171270235970,,unmatched
8171270235730,,unmatched
8171270235800,,unmatched
8171270230920,,unmatched
8171270235590,,unmatched
8171270205890,,unmatched
8587650009460,,unmatched
8587650087060,,unmatched
8587650091090,,unmatched
8587650074020,,unmatched
8587650073410,,unmatched
8587650068010,,unmatched
8587650071500,,unmatched
8587650067950,,unmatched
8587650091160,,unmatched
8587650073960,,unmatched
8587650067710,,unmatched
8587650068250,,unmatched
8587650048380,,unmatched
8587650089040,,unmatched
8587650090170,,unmatched
8587650058208,,unmatched
8587650013630,,unmatched
8587650013490,,unmatched
8587650013250,,unmatched
8587650012950,,unmatched
8587650012880,,unmatched
8587650012710,,unmatched
1081712702000,,unmatched
8587650012570,,unmatched
8140574008180,,unmatched
8140575017130,,unmatched
8140572007150,,unmatched
8140570013120,,unmatched
8140573007120,,unmatched
8472440023110,,unmatched
7137579336050,,unmatched
8445040007970,,unmatched
9999991000000,,unmatched
8500070871110,,unmatched
9999990600000,,unmatched
9999990800000,,unmatched
9999990700000,,unmatched
9999990900000,,unmatched
9999991500000,,unmatched
8500070870500,,unmatched
9999990500000,,unmatched
9999990400000,,unmatched
8500074370910,,unmatched
9999990300000,,unmatched
9780201000009,,unmatched
8500074371210,,unmatched
9999999991150,,unmatched
9999999999930,,unmatched
9999999991080,,unmatched
9999999999790,,unmatched
9999999999860,,unmatched
9999999999550,,unmatched
9999999999480,,unmatched
9999999999310,,unmatched
9999999999123,,unmatched
9999999999170,,unmatched
9999999999240,,unmatched
8500074371520,,unmatched
9999991400000,,unmatched
9999991300000,,unmatched
9999002200000,,unmatched
9999002700000,,unmatched
9999002400000,,unmatched
8500070877910,,unmatched
9999002100000,,unmatched
9999002000000,,unmatched
8500074371830,,unmatched
8500074377250,,unmatched
8500074377630,,unmatched
8500074377010,,unmatched
8500074379230,,unmatched
8500074377490,,unmatched
8500074377180,,unmatched
8500074376950,,unmatched
8500074377560,,unmatched
8500074379470,,unmatched
8500074377320,,unmatched
0282003025190,,unmatched
1230012613700,,unmatched
1230012913800,,unmatched
1230012413300,,unmatched
1230012213900,,unmatched
1230012513000,,unmatched
1230012013500,,unmatched
8472440022980,,unmatched
2590028593700,,unmatched
8174580259250,,unmatched
8174580261130,,unmatched
8174580259010,,unmatched
8174580259700,,unmatched
8174580259630,,unmatched
8174580259560,,unmatched
6499643254170,,unmatched
6499643255300,,unmatched
6499643254620,,unmatched
6499643254310,,unmatched
6499643254790,,unmatched
6499643254860,,unmatched
6499643254480,,unmatched
6499643254000,,unmatched
6499643254240,,unmatched
6499643254930,,unmatched
6499643255230,,unmatched
6499643255470,,unmatched
6499643255090,,unmatched
6499643255160,,unmatched
6499643254550,,unmatched
7935731672480,,unmatched
7935731672860,,unmatched
7935731672620,,unmatched
8472440022740,,unmatched
0701375121100,,unmatched
1081843301040,,unmatched
1081843301042,,unmatched
1081843301041,,unmatched
1081843301043,,unmatched
1081843301039,,unmatched
2820060031800,,unmatched
1081843301047,,unmatched
7322410000000,,unmatched
7310000221200,,unmatched
8404391650060,,unmatched
8404391624700,,unmatched
8404391619920,,unmatched
8404391622960,,unmatched
8404391623260,,unmatched
8404391625000,,unmatched
8404391620290,,unmatched
8404391623570,,unmatched
8404391618790,,unmatched
8404391624180,,unmatched
8404391619300,,unmatched
8404391618480,,unmatched
6851418502350,,unmatched
6851418500370,,unmatched
6851418501500,,unmatched
6851418503580,,unmatched
7310001065100,,unmatched
7310000247200,,unmatched
0731000356160,,unmatched
0731000627660,,unmatched
7310001128300,,unmatched
7310001181800,,unmatched
7310001184900,,unmatched
7310001188700,,unmatched
7310001066800,,unmatched
8126150034260,,unmatched
8141010260870,,unmatched
8126150034710,,unmatched
8126150034190,,unmatched
8126150034640,,unmatched
8126150034330,,unmatched
7019559520900,,unmatched
7019559022800,,unmatched
7624468310050,,unmatched
7624468115880,,unmatched
7624468315860,,unmatched
7019559133100,,unmatched
7019559161400,,unmatched
0701955917510,,unmatched
7019559945000,,unmatched
7019559947400,,unmatched
7624468215870,,unmatched
7325010000000,,unmatched
9999999999620,,unmatched
6196820312590,,unmatched
6196820312800,,unmatched
6196820313720,,unmatched
6196820312280,,unmatched
8739382343000,,unmatched
8739323523300,,unmatched
8739324615400,,unmatched
8739398523700,,unmatched
8739324626000,,unmatched
7859394658840,,unmatched
7859394660030,,unmatched
7859394659450,,unmatched
7859394659830,,unmatched
7859394659070,,unmatched
7859394659690,,unmatched
7859394660270,,unmatched
7859394658460,,unmatched
7859394658080,,unmatched
7859394658220,,unmatched
7859394657780,,unmatched
7859394658600,,unmatched
7859394657610,,unmatched
7859394657090,,unmatched
7859394656620,,unmatched
7859394656930,,unmatched
7859394656480,,unmatched
7859394657300,,unmatched
7859394656170,,unmatched
7859394655940,,unmatched
7859394656790,,unmatched
3330061112600,,unmatched
3330061110200,,unmatched
8526713213000,,unmatched
8526526526690,,unmatched
8526415154180,,unmatched
8526249856410,,unmatched
8526432121170,,unmatched
8526463413400,,unmatched
8526418945440,,unmatched
8526023111650,,unmatched
8526415156470,,unmatched
8526794613120,,unmatched
8526416434180,,unmatched
8526424325230,,unmatched
1100049208500,,unmatched
1100010412400,,unmatched
1100010413100,,unmatched
1100010409400,,unmatched
1100049508600,,unmatched
1100010407000,,unmatched
1100049408900,,unmatched
1100010408700,,unmatched
1100010406300,,unmatched
1100049308200,,unmatched
6805694854100,,unmatched
6507282734000,,unmatched
6507282736460,,unmatched
6507282733940,,unmatched
6507282735230,,unmatched
6507282733700,,unmatched
6507282733630,,unmatched
6507282733870,,unmatched
6833324951350,,unmatched
6833324957220,,unmatched
6833324956230,,unmatched
6833324956850,,unmatched
6833324951110,,unmatched
6833324956090,,unmatched
6833324950980,,unmatched
6833324950740,,unmatched
6833324950500,,unmatched
6833324950360,,unmatched
6833324957080,,unmatched
6833324955860,,unmatched
6833324956470,,unmatched
6833324950120,,unmatched
6833324956610,,unmatched
6833324949920,,unmatched
6833324961490,,unmatched
6833324961250,,unmatched
6833324961010,,unmatched
6833324960880,,unmatched
6833324977950,,unmatched
6833324960400,,unmatched
6833324961630,,unmatched
6833324960260,,unmatched
6833324959820,,unmatched
6833324960020,,unmatched
6833324938720,,unmatched
6833324939950,,unmatched
6833324940150,,unmatched
6833324934380,,unmatched
6833324943980,,unmatched
6833324942820,,unmatched
6833324940390,,unmatched
6833324953260,,unmatched
6833324934520,,unmatched
6833324938410,,unmatched
6833324934450,,unmatched
6833324935680,,unmatched
6833324943740,,unmatched
6833324938650,,unmatched
6833324935750,,unmatched
6833324944110,,unmatched
6833324944350,,unmatched
6833324944590,,unmatched
6833324938580,,unmatched
6833324943050,,unmatched
6833324954010,,unmatched
6833324935510,,unmatched
6833324941520,,unmatched
2590028896900,,unmatched
2590030087600,,unmatched
2590030586400,,unmatched
2590028897600,,unmatched
2590030587100,,unmatched
2590028898300,,unmatched
7137579335060,,unmatched
8526750728710,,unmatched
7023550578600,,unmatched
7023550579300,,unmatched
0702351085120,,unmatched
7023550577900,,unmatched
7023511129100,,unmatched
7023511128400,,unmatched
7023550136800,,unmatched
6729358014120,,unmatched
8686745130620,,unmatched
8686745130930,,unmatched
8686745130790,,unmatched
8686745130170,,unmatched
8686745130480,,unmatched
8686745130240,,unmatched
8686745130550,,unmatched
8686745130000,,unmatched
8686745130310,,unmatched
4210000728200,,unmatched
4210000126600,,unmatched
8472440004300,,unmatched
7502539167490,,unmatched
7502539166260,,unmatched
7502539167180,,unmatched
7502539166880,,unmatched
7502539166570,,unmatched
2820017910400,,unmatched
2820018150300,,unmatched
2820017840400,,unmatched
2720001851200,,unmatched
2720001867300,,unmatched
2720073145900,,unmatched
2720073152700,,unmatched
4330006518800,,unmatched
2720001859800,,unmatched
2720001865900,,unmatched
2720001854300,,unmatched
2720001862800,,unmatched
0259003540150,,unmatched
0259002438070,,unmatched
2590048818500,,unmatched
2590048817800,,unmatched
2590048819200,,unmatched
0259002436160,,unmatched
0259004430920,,unmatched
0259003540220,,unmatched
0259005288980,,unmatched
0259003540390,,unmatched
6020242477770,,unmatched
6020242477840,,unmatched
6423807922140,,unmatched
7921059757710,,unmatched
8949450018600,,unmatched
8949450018460,,unmatched
8949450013960,,unmatched
8949450014330,,unmatched
8949450018530,,unmatched
8949450014020,,unmatched
8949450014400,,unmatched
8949450014710,,unmatched
8949450014880,,unmatched
8949450013720,,unmatched
8949450014190,,unmatched
8949450013890,,unmatched
8949450014260,,unmatched
8949450018390,,unmatched
8640000196000,,unmatched
0317002358500,,unmatched
2610080670000,,unmatched
2610080668700,,unmatched
2610001644400,,unmatched
2610001641300,,unmatched
2610001629100,,unmatched
2610001635200,,unmatched
0261000163210,,unmatched
2610080656400,,unmatched
2610080657100,,unmatched
2610080660100,,unmatched
2610080661800,,unmatched
2610080576500,,unmatched
2610080572700,,unmatched
2610080583300,,unmatched
2610080580200,,unmatched
2610086571400,,unmatched
2610080578900,,unmatched
2610080575800,,unmatched
2610080577200,,unmatched
2610080573400,,unmatched
2610080579600,,unmatched
2610086572100,,unmatched
6100741057180,,unmatched
6100741057700,,unmatched
6100741056260,,unmatched
6100741055960,,unmatched
6100741056880,,unmatched
6100741055650,,unmatched
6100741056570,,unmatched
3330051814200,,unmatched
3330061107200,,unmatched
0602728154807,,unmatched
0602728154814,,unmatched
0602728154760,,unmatched
0602728154753,,unmatched
0602728154784,,unmatched
0602728154777,,unmatched
8879690089080,,unmatched
8879690105670,,unmatched
8879690088470,,unmatched
8879690110830,,unmatched
8598562441640,,unmatched
8598562441400,,unmatched
8598562441330,,unmatched
8598562441710,,unmatched
8598562441570,,unmatched
8598562442010,,unmatched
8598562441880,,unmatched
8598562441950,,unmatched
8598562345230,,unmatched
8598562445600,,unmatched
8598562345470,,unmatched
8598562345300,,unmatched
8598562345850,,unmatched
8598562343180,,unmatched
8598562340350,,unmatched
4210000774900,,unmatched
1230016013100,,unmatched
1230015513700,,unmatched
2602097703370,,unmatched
2602097703750,,unmatched
2602097703680,,unmatched
2602097703510,,unmatched
2602097703200,,unmatched
2602097703440,,unmatched
2040005168600,,unmatched
4330005208900,,unmatched
2040005268300,,unmatched
2040005358100,,unmatched
2040005038200,,unmatched
4330005108200,,unmatched
8472440004780,,unmatched
7717026200200,,unmatched
0282003007130,,unmatched
2820030091100,,unmatched
2820030081200,,unmatched
2820030171000,,unmatched
8472440005770,,unmatched
0261008065330,,unmatched
2610080153800,,unmatched
2610080874200,,unmatched
2610080655700,,unmatched
2610080130900,,unmatched
2610080128600,,unmatched
2610080127900,,unmatched
2610080884100,,unmatched
2610080155200,,unmatched
0282005764150,,unmatched
0282001265040,,unmatched
2820015650100,,unmatched
2820015680800,,unmatched
2820014220700,,unmatched
2820014230600,,unmatched
2820019520300,,unmatched
2820019530200,,unmatched
2820013030300,,unmatched
2820019440400,,unmatched
2820019430500,,unmatched
2820014850600,,unmatched
2820014810000,,unmatched
2820014780600,,unmatched
2820014770700,,unmatched
0282001368000,,unmatched
2820013690900,,unmatched
2820013580300,,unmatched
2820013620600,,unmatched
2820013570400,,unmatched
2820013630500,,unmatched
2820031771100,,unmatched
0282005868100,,unmatched
0282005994140,,unmatched
0282005767120,,unmatched
0282001359020,,unmatched
0282005842120,,unmatched
0282006015130,,unmatched
2820013230700,,unmatched
2820013610700,,unmatched
2820013640400,,unmatched
0282006014140,,unmatched
0282005993150,,unmatched
0282005998100,,unmatched
0282005997110,,unmatched
2820013780700,,unmatched
2820014710300,,unmatched
2820014010400,,unmatched
2820014650200,,unmatched
2820014370900,,unmatched
2820013840800,,unmatched
2820013770800,,unmatched
2820013760900,,unmatched
2820019420600,,unmatched
2820012640500,,unmatched
2820019350600,,unmatched
2820013860600,,unmatched
2820019620000,,unmatched
2820019610100,,unmatched
2820019650700,,unmatched
2820019630900,,unmatched
0282005774120,,unmatched
2820060061500,,unmatched
2820060071400,,unmatched
2820060081300,,unmatched
1850512548700,,unmatched
6166639649710,,unmatched
7624464903940,,unmatched
7624464902640,,unmatched
7624464912470,,unmatched
7624464933710,,unmatched
7624464923980,,unmatched
7624464003550,,unmatched
7624464203530,,unmatched
7624464403510,,unmatched
7624464103540,,unmatched
7624464922680,,unmatched
6177624380660,,unmatched
6177624380590,,unmatched
0716105287340,,unmatched
0716105287270,,unmatched
0716105287100,,unmatched
4210000772500,,unmatched
4210000717600,,unmatched
0421000085790,,unmatched
8888614112300,,unmatched
8888614121900,,unmatched
8888614121070,,unmatched
8888614120150,,unmatched
8888614120220,,unmatched
8888614121210,,unmatched
8888614120600,,unmatched
8888613022000,,unmatched
8888613060000,,unmatched
8888613060480,,unmatched
8888613021010,,unmatched
8888613010050,,unmatched
8888613020400,,unmatched
8888613060240,,unmatched
8888614160060,,unmatched
8888614160370,,unmatched
8888614160200,,unmatched
8888613020570,,unmatched
8888613060170,,unmatched
8888613020640,,unmatched
8888613021630,,unmatched
8888613020020,,unmatched
8888614109980,,unmatched
0769401970630,,unmatched
3330063254100,,unmatched
7624464043220,,unmatched
7624464243200,,unmatched
7624464143210,,unmatched
2820030981500,,unmatched
2820030991400,,unmatched
2820031031600,,unmatched
2820031041500,,unmatched
2820031001900,,unmatched
2820031021700,,unmatched
2820060721800,,unmatched
2720001118600,,unmatched
2720001120900,,unmatched
2720001119300,,unmatched
2720001126100,,unmatched
2720001114800,,unmatched
4223410000000,,unmatched
4223710000000,,unmatched
8472440019010,,unmatched
2720000531400,,unmatched
2720036610100,,unmatched
7173798202000,,unmatched
1085402900856,,unmatched
1085402900875,,unmatched
1085402900869,,unmatched
1085402900848,,unmatched
1085001898704,,unmatched
1085001898703,,unmatched
1085402900873,,unmatched
1085001898705,,unmatched
5085402900804,,unmatched
3330061412700,,unmatched
3330061416500,,unmatched
3330061418900,,unmatched
3330061415800,,unmatched
3330061417200,,unmatched
3330061693000,,unmatched
0333006143010,,unmatched
3330061694700,,unmatched
3330061676300,,unmatched
3330061688600,,unmatched
3330061668800,,unmatched
3330061677000,,unmatched
3330061413400,,unmatched
3330061414100,,unmatched
3330061411000,,unmatched
3330061692300,,unmatched
3330061691600,,unmatched
1940400009050,,unmatched
1940400007140,,unmatched
1940400008510,,unmatched
1940400007520,,unmatched
1940400007380,,unmatched
1940400006840,,unmatched
1940400008750,,unmatched
1940400008440,,unmatched
1940400008990,,unmatched
1940400006770,,unmatched
1940400007210,,unmatched
1940400007690,,unmatched
1940400006910,,unmatched
1940400008820,,unmatched
1940400007450,,unmatched
1940400008680,,unmatched
1940400007070,,unmatched
1940400017590,,unmatched
1940400018890,,unmatched
1940400018580,,unmatched
1940400016810,,unmatched
1940400015820,,unmatched
1940400014830,,unmatched
1940400013840,,unmatched
1940400018650,,unmatched
0383747040000,,unmatched
8199130117400,,unmatched
1081991301519,,unmatched
1081991301498,,unmatched
1084004821903,,unmatched
1081991301142,,unmatched
1081991301174,,unmatched
1084004821744,,unmatched
8400482173560,,unmatched
8400482173490,,unmatched
8199130151750,,unmatched
8199130124400,,unmatched
8199130113990,,unmatched
8199130113820,,unmatched
8199130114050,,unmatched
8199130124710,,unmatched
8199130125940,,unmatched
8199130114290,,unmatched
8199130126860,,unmatched
8400482029630,,unmatched
8199130113750,,unmatched
8199130114120,,unmatched
8199130152120,,unmatched
8199130151200,,unmatched
1084004821904,,unmatched
1081991301259,,unmatched
1081991301515,,unmatched
8199130154340,,unmatched
8199130115800,,unmatched
1084004821929,,unmatched
6515361235980,,unmatched
6515361235810,,unmatched
6515361235670,,unmatched
6515361235740,,unmatched
6515361235500,,unmatched
6515361235430,,unmatched
0161650052860,,unmatched
7446000508000,,unmatched
8640010941300,,unmatched
8640080128700,,unmatched
0771701018750,,unmatched
1007717025032,,unmatched
1007717025028,,unmatched
0864003100170,,unmatched
0790836464670,,unmatched
8640011196600,,unmatched
0771701078770,,unmatched
7908315955400,,unmatched
7908350000000,,unmatched
8640011198000,,unmatched
0864001039780,,unmatched
7908312955700,,unmatched
7908312500900,,unmatched
7908312950200,,unmatched
7717077179500,,unmatched
7645270056000,,unmatched
0764523619450,,unmatched
0717374403390,,unmatched
7161091245800,,unmatched
7161091271700,,unmatched
9433830331900,,unmatched
9733830331970,,unmatched
9833830331960,,unmatched
9133830331930,,unmatched
9333830331910,,unmatched
9233830331920,,unmatched
9533830331990,,unmatched
9633830331980,,unmatched
3170001037200,,unmatched
3170001038900,,unmatched
3170001039600,,unmatched
3170001040200,,unmatched
3170001036500,,unmatched
9556006060537,,unmatched
8472440051380,,unmatched
7137579331000,,unmatched
7310002196100,,unmatched
7310002197800,,unmatched
7310002199200,,unmatched
7310002198500,,unmatched
7310002194700,,unmatched
7310002195400,,unmatched
0333005181040,,unmatched
3330061104100,,unmatched
9518190034800,,unmatched
9518190038600,,unmatched
9518190036200,,unmatched
7194990060650,,unmatched
4223210000000,,unmatched
7645230450800,,unmatched
0764523045150,,unmatched
6574795153530,,unmatched
6574796176510,,unmatched
6574796094270,,unmatched
6574797338490,,unmatched
6574799303160,,unmatched
3170000341100,,unmatched
0317000082700,,unmatched
3170000129500,,unmatched
0317002321010,,unmatched
0317002321250,,unmatched
0317000101980,,unmatched
0317000105870,,unmatched
0317002321630,,unmatched
0317002322310,,unmatched
0317002322000,,unmatched
0317002321940,,unmatched
0317002354090,,unmatched
0317002322170,,unmatched
8188920157560,,unmatched
8424261564240,,unmatched
8424261444520,,unmatched
8424261563940,,unmatched
8424261566080,,unmatched
8424261447590,,unmatched
8424261649790,,unmatched
8188920130970,,unmatched
8424261463400,,unmatched
8424261565160,,unmatched
8424261464010,,unmatched
8424261564550,,unmatched
8424261464630,,unmatched
8424261564860,,unmatched
8424261464940,,unmatched
8424261464320,,unmatched
8424261566390,,unmatched
8424261465240,,unmatched
8424261585580,,unmatched
8123190154970,,unmatched
8188920138130,,unmatched
8424261533310,,unmatched
8424261528220,,unmatched
8424261532700,,unmatched
8424261533000,,unmatched
8123190137900,,unmatched
8188920113140,,unmatched
8188920124650,,unmatched
8188920131100,,unmatched
8424261442470,,unmatched
8188920160670,,unmatched
8188920183750,,unmatched
8188920184050,,unmatched
8188920186720,,unmatched
8424261442780,,unmatched
8424261539970,,unmatched
8424261540550,,unmatched
8188920187020,,unmatched
8424261466610,,unmatched
8424261472550,,unmatched
8188920173470,,unmatched
8424261466300,,unmatched
8188920152680,,unmatched
8188920152060,,unmatched
8188920155890,,unmatched
8188920152820,,unmatched
8188920151450,,unmatched
8188920147800,,unmatched
8188920152370,,unmatched
8188920151760,,unmatched
8424261562400,,unmatched
8424261562190,,unmatched
8424261561580,,unmatched
8424261561890,,unmatched
8123190188700,,unmatched
8188920132020,,unmatched
8424261532180,,unmatched
8188920198600,,unmatched
8188920182520,,unmatched
8188920100270,,unmatched
8188920124340,,unmatched
8123190172240,,unmatched
8123190103240,,unmatched
8123190102010,,unmatched
8123190100580,,unmatched
8123190102320,,unmatched
8123190102630,,unmatched
8123190105390,,unmatched
8123190102940,,unmatched
8123190100270,,unmatched
8123190103550,,unmatched
8188920142850,,unmatched
8123190100890,,unmatched
8188920132880,,unmatched
8188920192110,,unmatched
8123190101190,,unmatched
8123190104470,,unmatched
8188920100580,,unmatched
8188920106380,,unmatched
8188920102010,,unmatched
8188920124960,,unmatched
8188920107820,,unmatched
8123190188490,,unmatched
8123190156880,,unmatched
8123190138200,,unmatched
8123190155270,,unmatched
8123190189170,,unmatched
8123190182690,,unmatched
8188920105600,,unmatched
8188920101710,,unmatched
8188920101400,,unmatched
8123190137070,,unmatched
8188920101190,,unmatched
8424261609400,,unmatched
8188920100890,,unmatched
8188920105910,,unmatched
8188920131720,,unmatched
8188920182830,,unmatched
8188920186410,,unmatched
8424261445440,,unmatched
8424261445750,,unmatched
8424261552290,,unmatched
8188920183130,,unmatched
8424261451760,,unmatched
8424261452060,,unmatched
8424261452680,,unmatched
8424261446360,,unmatched
8424261446050,,unmatched
8424261439740,,unmatched
8424261446670,,unmatched
8424261446980,,unmatched
8424261439430,,unmatched
8188920184670,,unmatched
8424261440320,,unmatched
8424261440010,,unmatched
8424261451450,,unmatched
8424261476130,,unmatched
8424261462890,,unmatched
8424261475900,,unmatched
8188920111470,,unmatched
8188920164010,,unmatched
8424261461660,,unmatched
8188920192730,,unmatched
8188920193340,,unmatched
8188920193650,,unmatched
8188920193030,,unmatched
8188920192420,,unmatched
8424261503920,,unmatched
8424261639580,,unmatched
8188920139290,,unmatched
8188920139670,,unmatched
8188920138820,,unmatched
8188920170950,,unmatched
8188920162890,,unmatched
8188920198080,,unmatched
8424261504220,,unmatched
8188920139810,,unmatched
8188920144380,,unmatched
8188920171250,,unmatched
8188920144070,,unmatched
8424261504840,,unmatched
8188920162650,,unmatched
8188920163710,,unmatched
8188920163020,,unmatched
8188920197780,,unmatched
8188920143770,,unmatched
8424261504530,,unmatched
8188920184360,,unmatched
8424261429220,,unmatched
8188920132570,,unmatched
8188920145440,,unmatched
8424261428090,,unmatched
8188920194260,,unmatched
8424261442160,,unmatched
8188920194570,,unmatched
8188920157180,,unmatched
8424261428610,,unmatched
8424261472930,,unmatched
8188920153050,,unmatched
8188920146050,,unmatched
8188920189480,,unmatched
8424261476370,,unmatched
8188920147280,,unmatched
8188920173160,,unmatched
8188920172860,,unmatched
8188920146670,,unmatched
8424261476750,,unmatched
8424261432710,,unmatched
8424261431890,,unmatched
8188920146980,,unmatched
8424261432400,,unmatched
8424261432190,,unmatched
8424261637740,,unmatched
8424261462580,,unmatched
8424261428300,,unmatched
8188920194880,,unmatched
8424261428920,,unmatched
8188920156020,,unmatched
8188920185590,,unmatched
8188920185800,,unmatched
8424261540860,,unmatched
8424261538430,,unmatched
8424261538740,,unmatched
8424261541160,,unmatched
8424261539350,,unmatched
8424261449330,,unmatched
8424261449640,,unmatched
8424261563630,,unmatched
8424261445130,,unmatched
8424261444830,,unmatched
8188920144690,,unmatched
8188920131410,,unmatched
8424261437830,,unmatched
8424261449880,,unmatched
8424261450080,,unmatched
8424261447110,,unmatched
8424261438060,,unmatched
8424261447350,,unmatched
8188920144900,,unmatched
8188920145200,,unmatched
8424261563010,,unmatched
8424261463190,,unmatched
8424261457180,,unmatched
8123190115050,,unmatched
8188920127310,,unmatched
8424261457320,,unmatched
8188920195010,,unmatched
8424261571170,,unmatched
0421000112960,,unmatched
0421000223150,,unmatched
0421000228340,,unmatched
4299110000000,,unmatched
0421000255450,,unmatched
0421000255140,,unmatched
0425441800000,,unmatched
0421000228650,,unmatched
4200510000000,,unmatched
0421000221310,,unmatched
4288710000000,,unmatched
0421000240120,,unmatched
0421000240430,,unmatched
0421000253470,,unmatched
0421000168330,,unmatched
0428721200000,,unmatched
0421000111420,,unmatched
0421000112030,,unmatched
0421000252480,,unmatched
0421000252170,,unmatched
0421000115860,,unmatched
0421000116160,,unmatched
0421000224900,,unmatched
4206710000000,,unmatched
0421000255760,,unmatched
0421000262900,,unmatched
0421000263200,,unmatched
0421000263510,,unmatched
7019559728900,,unmatched
8424261452370,,unmatched
9492205698600,,unmatched
8559060070170,,unmatched
6499649927700,,unmatched
8188920116970,,unmatched
8188920118400,,unmatched
8188920118190,,unmatched
8188920117890,,unmatched
8188920124030,,unmatched
8188920118710,,unmatched
8188920117270,,unmatched
8123190180540,,unmatched
8123190119180,,unmatched
7895025320580,,unmatched
7895025320720,,unmatched
7895025320650,,unmatched
7673214231600,,unmatched
7673214141750,,unmatched
7673214131610,,unmatched
7673214431680,,unmatched
7673214421540,,unmatched
7013700519300,,unmatched
0317000095670,,unmatched
3170000950500,,unmatched
3170000949900,,unmatched
3170000936900,,unmatched
3170000951200,,unmatched
3170000952900,,unmatched
3170000974100,,unmatched
3170000130100,,unmatched
3170000117200,,unmatched
3170090837200,,unmatched
0317002350410,,unmatched
3170090133500,,unmatched
3170023481500,,unmatched
3170000987100,,unmatched
3170000983300,,unmatched
0317002337400,,unmatched
0317004202870,,unmatched
0317004203790,,unmatched
0317002325900,,unmatched
0317004203000,,unmatched
0317004202630,,unmatched
0317002351710,,unmatched
0317004202940,,unmatched
0317002352010,,unmatched
3170042005800,,unmatched
0317000098020,,unmatched
0317000092600,,unmatched
0317000036330,,unmatched
0317000036190,,unmatched
0317002372050,,unmatched
0317002369320,,unmatched
0317002327290,,unmatched
0317002354470,,unmatched
0317002327360,,unmatched
0317002328040,,unmatched
0317002327980,,unmatched
0317002326200,,unmatched
0317002355460,,unmatched
0317002326060,,unmatched
0317002326130,,unmatched
3170023347400,,unmatched
0317002331840,,unmatched
0317002354540,,unmatched
0317002366420,,unmatched
0317002383180,,unmatched
0317002386600,,unmatched
0317002372430,,unmatched
0317002326370,,unmatched
3170000989500,,unmatched
3170000986400,,unmatched
3170000984000,,unmatched
3170000968000,,unmatched
3170090132800,,unmatched
3170000988800,,unmatched
3170000985700,,unmatched
0317002361300,,unmatched
0317002330610,,unmatched
0317002334500,,unmatched
0317002353240,,unmatched
0317002373800,,unmatched
3170023516400,,unmatched
0317002353310,,unmatched
0317002341360,,unmatched
0317002360000,,unmatched
0317002323610,,unmatched
0317002339310,,unmatched
0317002333680,,unmatched
0317002333440,,unmatched
0317002333820,,unmatched
0317002334050,,unmatched
0317002334120,,unmatched
0317002333510,,unmatched
0317002333750,,unmatched
0317002334360,,unmatched
0317002333990,,unmatched
0317002334290,,unmatched
7717026066400,,unmatched
0771702602370,,unmatched
8472440018190,,unmatched
8472440018020,,unmatched
0081950002468,,unmatched
2081950002486,,unmatched
2081950002621,,unmatched
2081950002620,,unmatched
7864588200000,,unmatched
7864571400000,,unmatched
7864577600000,,unmatched
7864572100000,,unmatched
7864589900000,,unmatched
7861883100000,,unmatched
7864573800000,,unmatched
7864580600000,,unmatched
7864501100000,,unmatched
6451898350760,,unmatched
6451898351060,,unmatched
6451898350830,,unmatched
6451898350690,,unmatched
8606680000080,,unmatched
7618475491130,,unmatched
6609893797280,,unmatched
6609893797730,,unmatched
6609893797110,,unmatched
6609893797970,,unmatched
6609893797800,,unmatched
6609893797590,,unmatched
6609893797420,,unmatched
7501227866710,,unmatched
7618475488710,,unmatched
6609893797350,,unmatched
6609893797660,,unmatched
0906000014150,,unmatched
9060000146000,,unmatched
0906000014460,,unmatched
9060030143000,,unmatched
9060030191100,,unmatched
0906000014080,,unmatched
9060030189800,,unmatched
9060030138600,,unmatched
9060030139300,,unmatched
9060030190400,,unmatched
7089266411460,,unmatched
7089266303480,,unmatched
7089266413440,,unmatched
7089266415420,,unmatched
7089266302180,,unmatched
7717010891100,,unmatched
7719131523070,,unmatched
7717026022000,,unmatched
8124740124230,,unmatched
8124740105730,,unmatched
8495230036990,,unmatched
8495230048630,,unmatched
8495230048490,,unmatched
8495230048560,,unmatched
8495230036440,,unmatched
8124740101460,,unmatched
1007446015139,,unmatched
1007446015136,,unmatched
1007446015140,,unmatched
1007446015138,,unmatched
8748630049140,,unmatched
6196829963740,,unmatched
6196820016270,,unmatched
6196820101620,,unmatched
6196826213820,,unmatched
6196820055710,,unmatched
6196820053350,,unmatched
6196829931750,,unmatched
6196826214430,,unmatched
6196829930830,,unmatched
6196826212830,,unmatched
6196826213440,,unmatched
6196820208020,,unmatched
6196826211080,,unmatched
6196820206800,,unmatched
6196820100560,,unmatched
6196826214290,,unmatched
6196829933800,,unmatched
6196829934100,,unmatched
6196829992690,,unmatched
6196820100870,,unmatched
6196820206040,,unmatched
6196820209870,,unmatched
6196820099990,,unmatched
6196825619470,,unmatched
6196820702650,,unmatched
6196820700500,,unmatched
6196829930520,,unmatched
6196820701730,,unmatched
6196820701420,,unmatched
6196820105440,,unmatched
6196826212070,,unmatched
6196820701110,,unmatched
6196820105130,,unmatched
6196820100250,,unmatched
6196826212450,,unmatched
6196820207410,,unmatched
8165180139950,,unmatched
8165180173060,,unmatched
8165180191190,,unmatched
8165180172380,,unmatched
8472440008430,,unmatched
8472440008360,,unmatched
8472440021370,,unmatched
1100012611900,,unmatched
8526750727030,,unmatched
8526750717510,,unmatched
8526750726730,,unmatched
8526750726800,,unmatched
8526750725290,,unmatched
8526750726420,,unmatched
8526750723830,,unmatched
8526750724440,,unmatched
8526750725670,,unmatched
2720035674400,,unmatched
2720035677500,,unmatched
6445362861270,,unmatched
6445362270210,,unmatched
6445362274270,,unmatched
6445362483230,,unmatched
6445362276250,,unmatched
6445362264200,,unmatched
6445362260240,,unmatched
6445362277240,,unmatched
6445362265290,,unmatched
6445362263210,,unmatched
6445362280280,,unmatched
6445362261230,,unmatched
6445362268260,,unmatched
6445362266280,,unmatched
6445362271200,,unmatched
6445362272290,,unmatched
6445362262220,,unmatched
6445362267270,,unmatched
6445362269250,,unmatched
8472440012530,,unmatched
8472440012460,,unmatched
1230084413000,,unmatched
1230084513700,,unmatched
1230022080400,,unmatched
1230084013200,,unmatched
1230015813800,,unmatched
1230084213600,,unmatched
1230023284500,,unmatched
1230083913600,,unmatched
1230022083500,,unmatched
1230084113900,,unmatched
7161049828000,,unmatched
0716104955620,,unmatched
7161050241300,,unmatched
7161050137900,,unmatched
0716104979170,,unmatched
7161050238300,,unmatched
7161050216100,,unmatched
0716104958070,,unmatched
7161050451600,,unmatched
7161050452300,,unmatched
0716104960400,,unmatched
7161049942300,,unmatched
7161049938600,,unmatched
7161050154600,,unmatched
0716104960020,,unmatched
0716105018740,,unmatched
7161050183600,,unmatched
0716105013480,,unmatched
7161050372400,,unmatched
7161050375500,,unmatched
7161049934800,,unmatched
0716104958450,,unmatched
7161049822800,,unmatched
0716105044480,,unmatched
7161050231400,,unmatched
7161050161400,,unmatched
0716105043010,,unmatched
0716104955240,,unmatched
0716104951280,,unmatched
0716105024060,,unmatched
0716105015600,,unmatched
0716104962620,,unmatched
0716104963090,,unmatched
0716104963850,,unmatched
7161049946100,,unmatched
7161049954600,,unmatched
0716105014230,,unmatched
0716104957220,,unmatched
0716104974980,,unmatched
7161050135500,,unmatched
7161049781800,,unmatched
7161049950800,,unmatched
7161049855600,,unmatched
0716104946260,,unmatched
0716104946640,,unmatched
0716104974740,,unmatched
0716104975970,,unmatched
0716104956470,,unmatched
0716104956850,,unmatched
0716104957600,,unmatched
0716104956090,,unmatched
0716103402440,,unmatched
0716104959200,,unmatched
0716104959680,,unmatched
0716104947010,,unmatched
0716104948620,,unmatched
0716103403740,,unmatched
0716103401450,,unmatched
0716105057420,,unmatched
0716105800530,,unmatched
0716103400150,,unmatched
0716104961870,,unmatched
0716104966200,,unmatched
0716103400460,,unmatched
0716103400390,,unmatched
0716105800600,,unmatched
0716104961010,,unmatched
0716103403500,,unmatched
0716104960640,,unmatched
0716103401900,,unmatched
0716104967050,,unmatched
0716104952270,,unmatched
0716105801380,,unmatched
0716105801070,,unmatched
0716103402200,,unmatched
0716104954700,,unmatched
0716104954180,,unmatched
0716104955000,,unmatched
0716104954490,,unmatched
0716104953880,,unmatched
0716104953570,,unmatched
0417146001260,,unmatched
6851414290110,,unmatched
6851414290420,,unmatched
6851414290660,,unmatched
7841184000096,,unmatched
7841184000126,,unmatched
7841184000119,,unmatched
7841184000140,,unmatched
7310000260100,,unmatched
4210000176100,,unmatched
4216110000000,,unmatched
4210000136500,,unmatched
6025817436750,,unmatched
6025817436510,,unmatched
6025817436370,,unmatched
6025817436990,,unmatched
6025817435900,,unmatched
6025817435760,,unmatched
6025817435520,,unmatched
6025817435380,,unmatched
6025817435140,,unmatched
6025817434910,,unmatched
6025817434770,,unmatched
6025817434530,,unmatched
7019535403500,,unmatched
7173701163800,,unmatched
7173701159100,,unmatched
7173701169000,,unmatched
7173701165200,,unmatched
7173701167600,,unmatched
7173701155300,,unmatched
8536130030700,,unmatched
8536130030940,,unmatched
8536130030870,,unmatched
0421000262070,,unmatched
0421000261770,,unmatched
0421000256060,,unmatched
0421000256680,,unmatched
0421000256370,,unmatched
8472440017580,,unmatched
8472440004540,,unmatched
0731000364390,,unmatched
7310002597600,,unmatched
7310003055000,,unmatched
7310001089700,,unmatched
7310001477200,,unmatched
7310004593600,,unmatched
0731000410440,,unmatched
0731000671670,,unmatched
7310002595200,,unmatched
7310004545500,,unmatched
7310003283700,,unmatched
0731000304200,,unmatched
0731000372070,,unmatched
7310002589100,,unmatched
0731000344350,,unmatched
0731000418600,,unmatched
4210001192000,,unmatched
0731000355310,,unmatched
0731000334070,,unmatched
0731000646780,,unmatched
0731000403130,,unmatched
7310001461100,,unmatched
0731000369960,,unmatched
0731000646610,,unmatched
0731000562220,,unmatched
0731000460180,,unmatched
0731000547780,,unmatched
0731000368970,,unmatched
7310002254800,,unmatched
8126150076770,,unmatched
8126150076390,,unmatched
8126150078060,,unmatched
8126150076220,,unmatched
8126150075850,,unmatched
8126150076460,,unmatched
8126150080320,,unmatched
8126150076600,,unmatched
8126150076530,,unmatched
8126150076150,,unmatched
8126150080010,,unmatched
8126150027950,,unmatched
8126150055050,,unmatched
8126150055120,,unmatched
8126150055500,,unmatched
8126150055290,,unmatched
8472440169740,,unmatched
8744110007020,,unmatched
8744110013580,,unmatched
0395178183650,,unmatched
8744110007190,,unmatched
8744110006720,,unmatched
8744110006890,,unmatched
6071222890010,,unmatched
6071222890320,,unmatched
6071222891310,,unmatched
1081262402009,,unmatched
1081262402007,,unmatched
1081262402008,,unmatched
3330061055600,,unmatched
3330063225100,,unmatched
8166670124980,,unmatched
8166670125110,,unmatched
8166670124740,,unmatched
7325610000000,,unmatched
7310000255700,,unmatched
6927691867450,,unmatched
6177624344880,,unmatched
6927691867760,,unmatched
6927691867830,,unmatched
6927691867520,,unmatched
6927691867690,,unmatched
8126150035250,,unmatched
8126150035180,,unmatched
8126150035320,,unmatched
8126150035560,,unmatched
8126150035490,,unmatched
8126150035630,,unmatched
4330002108500,,unmatched
4330002908100,,unmatched
4330002048400,,unmatched
4330002058300,,unmatched
4330002068200,,unmatched
7173701128700,,unmatched
7173701149200,,unmatched
7173701151500,,unmatched
7173701136200,,unmatched
7173701132400,,unmatched
7173701172000,,unmatched
7173701178200,,unmatched
7173701187400,,unmatched
7173701181200,,unmatched
7173701184300,,unmatched
7173701175100,,unmatched
7173701147800,,unmatched
2720003251800,,unmatched
2720001117900,,unmatched
2720001164300,,unmatched
2720001163600,,unmatched
2720001116200,,unmatched
2720003250100,,unmatched
4210000466300,,unmatched
6163668282970,,unmatched
6163668282590,,unmatched
6163668282730,,unmatched
6163668282660,,unmatched
6163668282420,,unmatched
6163668282280,,unmatched
6163668282350,,unmatched
1230032791600,,unmatched
1230030289000,,unmatched
1230026571300,,unmatched
1230010113400,,unmatched
1230021513800,,unmatched
1230035692300,,unmatched
1230035101000,,unmatched
1230035100300,,unmatched
1230034079300,,unmatched
1230019313900,,unmatched
1230034084700,,unmatched
1230019413600,,unmatched
1230010313800,,unmatched
1230050282500,,unmatched
1230050279500,,unmatched
1230019740300,,unmatched
1230019941400,,unmatched
0123005027020,,unmatched
1230050273300,,unmatched
1230010713600,,unmatched
1230026013800,,unmatched
1230025913200,,unmatched
1230035695400,,unmatched
7455580918330,,unmatched
7455580916420,,unmatched
7455588111100,,unmatched
7455580917030,,unmatched
7455595939850,,unmatched
7455580919490,,unmatched
7455580912220,,unmatched
7455580919180,,unmatched
7455580918570,,unmatched
7455581094770,,unmatched
7455586962740,,unmatched
7455590486760,,unmatched
7455595119100,,unmatched
7455586964100,,unmatched
7455586963970,,unmatched
7455586962670,,unmatched
7455580918260,,unmatched
7455586964030,,unmatched
7455588564700,,unmatched
7681143367660,,unmatched
7681143367970,,unmatched
7681143368030,,unmatched
7681143368100,,unmatched
7681143368340,,unmatched
7681143367730,,unmatched
7681143368270,,unmatched
7681143367800,,unmatched
3330061100300,,unmatched
4210000306200,,unmatched
7173798115300,,unmatched
0717379810920,,unmatched
7173798107800,,unmatched
2720036607100,,unmatched
2720000504800,,unmatched
2720036601900,,unmatched
2720036604000,,unmatched
7173798110800,,unmatched
2720010405500,,unmatched
2720010487100,,unmatched
7320710000000,,unmatched
7310000202100,,unmatched
7321910000000,,unmatched
3330063536800,,unmatched
7610734228150,,unmatched
7362116985820,,unmatched
7362116984830,,unmatched
7362116983840,,unmatched
7362116982850,,unmatched
6107088839680,,unmatched
1085754501202,,unmatched
1085754501207,,unmatched
1085754501209,,unmatched
1085754501205,,unmatched
1085754501204,,unmatched
1085754501208,,unmatched
1085754501203,,unmatched
1085754501201,,unmatched
1085754501200,,unmatched
7013700510000,,unmatched
6890769355240,,unmatched
9492260345600,,unmatched
6890769366200,,unmatched
9492260347000,,unmatched
6890769364220,,unmatched
1085606400014,,unmatched
1085606400015,,unmatched
8472440014510,,unmatched
8472440014370,,unmatched
7137579333080,,unmatched
8879690050750,,unmatched
8540550045710,,unmatched
8540550043420,,unmatched
8540550043350,,unmatched
8879690052970,,unmatched
8879690053030,,unmatched
8879690072390,,unmatched
8879690072220,,unmatched
8596540020030,,unmatched
8879690057850,,unmatched
8596540025530,,unmatched
8879690052800,,unmatched
8596540020100,,unmatched
8879690057780,,unmatched
8879690058080,,unmatched
8541000032830,,unmatched
8596540020960,,unmatched
8596540020720,,unmatched
8596540020890,,unmatched
8596540020650,,unmatched
8580990034910,,unmatched
8879690052730,,unmatched
4210000364200,,unmatched
7013751045100,,unmatched
7013751064200,,unmatched
7013751043700,,unmatched
7013751065900,,unmatched
7013750529700,,unmatched
7013752529500,,unmatched
7013750525900,,unmatched
7013752525700,,unmatched
0701375145410,,unmatched
0701372104670,,unmatched
0701378048570,,unmatched
7013750023000,,unmatched
7013700523000,,unmatched
0701375109320,,unmatched
0701378270540,,unmatched
7013751247900,,unmatched
0701372103680,,unmatched
0701372104430,,unmatched
0701372103820,,unmatched
0701375103760,,unmatched
7013751019200,,unmatched
7013751018500,,unmatched
0701378105510,,unmatched
7013700518600,,unmatched
0701378047580,,unmatched
0701378269580,,unmatched
0701378093570,,unmatched
0701375145270,,unmatched
7013700538400,,unmatched
7013750038400,,unmatched
7013751122900,,unmatched
7013751117500,,unmatched
7013751121200,,unmatched
7013751127400,,unmatched
0701378097530,,unmatched
7013751129800,,unmatched
7013757118600,,unmatched
0701375133840,,unmatched
7013751061100,,unmatched
0701375150810,,unmatched
7013750042100,,unmatched
7013700542100,,unmatched
7013750018600,,unmatched
7013700588900,,unmatched
7013700503200,,unmatched
7013750003200,,unmatched
7013750010000,,unmatched
0701378313580,,unmatched
0701375142820,,unmatched
0701375142750,,unmatched
0701378248550,,unmatched
0701378247560,,unmatched
0701378220590,,unmatched
0701375142060,,unmatched
0701375124930,,unmatched
0701375124860,,unmatched
0701375153950,,unmatched
0701375113970,,unmatched
0701375113730,,unmatched
0701375125160,,unmatched
0701375125090,,unmatched
0701375135200,,unmatched
0701378094560,,unmatched
0701375142990,,unmatched
0701375133390,,unmatched
0701378266510,,unmatched
0701378263540,,unmatched
0701375135130,,unmatched
0701378104520,,unmatched
0701378103530,,unmatched
7013750088900,,unmatched
0701378328500,,unmatched
0701378329590,,unmatched
0514970116350,,unmatched
8472440013900,,unmatched
1085754500873,,unmatched
1085754500874,,unmatched
1085754500876,,unmatched
1085754500872,,unmatched
1085754500875,,unmatched
1085754500871,,unmatched
1085754500870,,unmatched
1085754500877,,unmatched
1085754500947,,unmatched
1085754500945,,unmatched
1085754501131,,unmatched
1085754501130,,unmatched
7215350120150,,unmatched
7215350121450,,unmatched
7215350125960,,unmatched
7215350125720,,unmatched
7215350125580,,unmatched
7215350125650,,unmatched
7215350121690,,unmatched
7215350125410,,unmatched
7215350121520,,unmatched
7215350125890,,unmatched
7215350129850,,unmatched
7215350129160,,unmatched
7215350129540,,unmatched
7215350129300,,unmatched
7215350129230,,unmatched
7215350129920,,unmatched
7215350129780,,unmatched
7215350129610,,unmatched
7215350129090,,unmatched
7215350129470,,unmatched
3510600677900,,unmatched
2820030371400,,unmatched
2820030401800,,unmatched
2820030541100,,unmatched
2820030481000,,unmatched
2820030451300,,unmatched
2820030531200,,unmatched
2820030391200,,unmatched
2820030511400,,unmatched
2820030421600,,unmatched
2820030441400,,unmatched
2820030431500,,unmatched
2820030461200,,unmatched
2820030361500,,unmatched
2820030501500,,unmatched
7161030196200,,unmatched
7161030190000,,unmatched
0716103402750,,unmatched
0716103403120,,unmatched
0716103408790,,unmatched
0716103404590,,unmatched
0716103024020,,unmatched
0716103024330,,unmatched
0716103024640,,unmatched
0716103026240,,unmatched
0716103018180,,unmatched
7161030199300,,unmatched
7161030201300,,unmatched
7161030153500,,unmatched
0716103026000,,unmatched
1084985500311,,unmatched
1084985500314,,unmatched
1084985500313,,unmatched
1084985500312,,unmatched
7161030193100,,unmatched
0716103023410,,unmatched
7161030187000,,unmatched
7161030204400,,unmatched
7161030184900,,unmatched
0716103023030,,unmatched
6851415730730,,unmatched
6851415730040,,unmatched
6851415730110,,unmatched
6851415730800,,unmatched
6851415731030,,unmatched
6851415730350,,unmatched
0701375110210,,unmatched
0701375109180,,unmatched
2820017236500,,unmatched
0282006040190,,unmatched
2820017240200,,unmatched
2820017280800,,unmatched
2820017270900,,unmatched
2820017290700,,unmatched
2820017226600,,unmatched
2820017190000,,unmatched
2820017250100,,unmatched
2820017300300,,unmatched
0282006061120,,unmatched
2820017090300,,unmatched
7161075285600,,unmatched
0716107560450,,unmatched
7161075287000,,unmatched
0716107606460,,unmatched
6890764946870,,unmatched
6890764950800,,unmatched
6890764960870,,unmatched
4799585519200,,unmatched
4799585534500,,unmatched
4799585533800,,unmatched
4799585531400,,unmatched
4799585515400,,unmatched
4799585532100,,unmatched
4799585517800,,unmatched
4799585535200,,unmatched
4799585518500,,unmatched
6174013140960,,unmatched
2824110000710,,unmatched
6174013141330,,unmatched
2824110000880,,unmatched
2824110000950,,unmatched
6174013141190,,unmatched
6291100731169,,unmatched
7175191006870,,unmatched
7175191013010,,unmatched
6253503318118,,unmatched
6291100732616,,unmatched
6291100731282,,unmatched
6291100731893,,unmatched
6291100731077,,unmatched
6291100731183,,unmatched
6291100732500,,unmatched
6291100731206,,unmatched
6291100732975,,unmatched
6291100732890,,unmatched
6291100731107,,unmatched
6291100732913,,unmatched
6291100731145,,unmatched
6291100731275,,unmatched
6291100731121,,unmatched
6291100736478,,unmatched
6291100731411,,unmatched
6291100733156,,unmatched
6291100731251,,unmatched
6291100732821,,unmatched
6291100736430,,unmatched
6291100731312,,unmatched
6291100736331,,unmatched
6291100732937,,unmatched
6291100731756,,unmatched
6291100731916,,unmatched
6291100731213,,unmatched
6291100736317,,unmatched
6291100736416,,unmatched
6291100731800,,unmatched
6291100731053,,unmatched
6291100733750,,unmatched
6291100732906,,unmatched
6291100731336,,unmatched
6291100731091,,unmatched
6291100731084,,unmatched
6291108160596,,unmatched
6291100731848,,unmatched
6291100732425,,unmatched
6291108166871,,unmatched
6291100733002,,unmatched
6291100733255,,unmatched
6291100737352,,unmatched
6291108165782,,unmatched
6291108160763,,unmatched
6291108160640,,unmatched
6291108165805,,unmatched
6291108166376,,unmatched
6291100736843,,unmatched
6291100736720,,unmatched
6291100736805,,unmatched
6291100737390,,unmatched
6291100730599,,unmatched
6291108162002,,unmatched
6291100731190,,unmatched
6291100737338,,unmatched
6291100731299,,unmatched
6291100732395,,unmatched
6291100732524,,unmatched
6291100732456,,unmatched
6291100732333,,unmatched
6291100731015,,unmatched
6291100732357,,unmatched
6291100731039,,unmatched
6291100731046,,unmatched
6291100733736,,unmatched
6291100732340,,unmatched
6291100731022,,unmatched
6291100732371,,unmatched
6291100733071,,unmatched
6291100732364,,unmatched
7175190112800,,unmatched
7175191006320,,unmatched
7175191007310,,unmatched
7175191952490,,unmatched
7175191952010,,unmatched
7175190013280,,unmatched
6972136454238,,unmatched
6972136454139,,unmatched
6972136454276,,unmatched
6972136454221,,unmatched
6972136454290,,unmatched
6972136454191,,unmatched
6972136454122,,unmatched
6972136454153,,unmatched
6972136455556,,unmatched
6972136454184,,unmatched
6972136454177,,unmatched
6972136454160,,unmatched
6972136455822,,unmatched
6972136455334,,unmatched
6972136455815,,unmatched
6972136455310,,unmatched
6972136455402,,unmatched
6972136455891,,unmatched
6972136455884,,unmatched
6972136455907,,unmatched
6972136455280,,unmatched
6972136455419,,unmatched
6972136455846,,unmatched
6972136455297,,unmatched
6972136455396,,unmatched
6972136455303,,unmatched
6972136455273,,unmatched
6972136455723,,unmatched
6972136455679,,unmatched
6972136454474,,unmatched
6972136455709,,unmatched
6972136455716,,unmatched
6972136454399,,unmatched
6972136455655,,unmatched
6972136454436,,unmatched
6972136454351,,unmatched
6972136454412,,unmatched
6972136455693,,unmatched
6972136455662,,unmatched
6972136455686,,unmatched
6972136454450,,unmatched
1938350037490,,unmatched
1938350028100,,unmatched
1938350037630,,unmatched
1938350027800,,unmatched
1938350028340,,unmatched
1938350027660,,unmatched
1938350027590,,unmatched
1938350037700,,unmatched
1938350028270,,unmatched
1938350028030,,unmatched
1938350038000,,unmatched
1938350027730,,unmatched
1938350037250,,unmatched
1938350037940,,unmatched
1938350027350,,unmatched
1938350027970,,unmatched
1938350038310,,unmatched
1938350037320,,unmatched
1938350027420,,unmatched
1938350038240,,unmatched
0259003791860,,unmatched
8587650012640,,unmatched
8188920156710,,unmatched
8188920139050,,unmatched
8188920139430,,unmatched
8188920135470,,unmatched
8188920135540,,unmatched
8445040032000,,unmatched
8445040061260,,unmatched
0259003258000,,unmatched
