Rank,SKU,Description,Category,Total_Quantity_Sold,Total_Transactions,Avg_Weekly_Quantity,Recent_Weekly_Avg_(90d),Avg_Price,Recent_Avg_Price_(90d),Min_Price,Max_Price,Avg_Cost,Margin_$,Margin_%,Quantity_Trend,Quantity_Trend_%,Price_Trend,Price_Trend_%,First_Sale,Last_Sale,Days_Since_Last_Sale,Weeks_Active,Units_$0-$1,Units_$1-$2,Units_$2-$3,Units_$3-$5,Units_$5-$10,Units_$10-$20,Units_$20-$50,Units_$50-$100,Units_$100-$200,Units_$200-$500,Units_$500+
1,026100805734,NEWPORT MENTHOL 100 BOX 10CT,CIGARETTE,32832.0,1725,1262.77,2140.0,88.73,89.6,86.89,90.49,87.31,1.42,1.6,Up,8.2,Stable,0.2,2025-03-10,2025-09-05,0,26,0,0,0,0,0,0,0,1725,0,0,0
2,026100805758,NEWPORT MENTHOL BOX 10CT,CIGARETTE,21455.0,1950,825.19,1260.08,88.73,89.61,86.89,90.49,87.3,1.42,1.6,Up,6.4,Stable,0.2,2025-03-10,2025-09-05,0,26,0,0,0,0,0,0,0,1950,0,0,0
3,HS,T-SHIRT HARLEM SHORT SLEVE 1CT,GLOVES & T SHIRTS,13636.0,466,524.46,621.17,3.25,3.25,2.85,3.25,2.74,0.51,15.6,Stable,0.3,Stable,0.0,2025-03-10,2025-09-03,3,26,0,0,3,463,0,0,0,0,0,0,0
4,BP,BLUNT POWER AF 1.5OZ 1CT,AIR FRESHENER,13177.0,510,506.81,496.17,2.69,2.69,2.69,2.69,2.23,0.46,17.1,Stable,-1.2,Stable,0.0,2025-03-10,2025-09-05,1,26,0,0,510,0,0,0,0,0,0,0,0
5,094922733443,GRABBA LEAF CIGAR WRAPS 25PK,LT-TAX PAID,10728.0,812,412.62,450.92,29.89,29.9,25.00,29.99,25.0,4.89,16.4,Stable,-1.5,Stable,0.0,2025-03-10,2025-09-05,0,26,0,0,0,0,0,0,812,0,0,0,0
6,028200138408,MARL GOLD BOX 10CT,CIGARETTE,10670.0,1421,410.38,558.5,81.7,82.58,77.97,83.39,78.11,3.58,4.4,Stable,3.6,Stable,0.2,2025-03-10,2025-09-05,0,26,0,0,0,0,0,0,0,1421,0,0,0
7,N16,NESTLE WATER 16.9 OZ 40CT,DRINKS,5913.0,358,227.42,276.33,5.96,5.93,0.00,5.99,4.21,1.74,29.3,Stable,1.9,Stable,-0.0,2025-03-10,2025-09-05,1,26,1,0,0,0,357,0,0,0,0,0,0
8,028200135704,MARL RED KING BOX 10CT,CIGARETTE,5459.0,1012,209.96,286.42,81.68,82.57,77.97,83.39,78.52,3.15,3.9,Stable,4.3,Stable,0.2,2025-03-10,2025-09-05,0,26,0,0,0,0,0,0,0,1012,0,0,0
9,CHIPS,LAYS/CHEETOS/DORITOS,FOOD,4204.0,48,182.78,156.42,1.4,1.41,1.39,1.49,1.3,0.09,6.8,Stable,-0.9,Stable,0.1,2025-03-10,2025-09-02,4,23,0,48,0,0,0,0,0,0,0,0,0
10,025900359508,SS LEAF 3/2.49 10CT ORIGINAL,CIGARS,4103.0,1191,157.81,158.42,20.28,20.62,18.30,20.99,14.51,5.77,28.5,Stable,-1.1,Stable,0.3,2025-03-10,2025-09-05,1,26,0,0,0,0,0,836,355,0,0,0,0
11,685141913039,24/7 RED 100 BOX 10CT,CIGARETTE,3393.0,996,130.5,122.08,28.89,28.99,27.15,29.29,27.16,1.73,6.0,Stable,-2.2,Stable,0.1,2025-03-10,2025-09-05,1,26,0,0,0,0,0,0,996,0,0,0,0
12,685141913152,24/7 MENTHOL 100 BOX 10CT,CIGARETTE,3376.0,1222,129.85,124.33,28.89,28.99,27.99,29.29,27.26,1.64,5.7,Stable,-0.9,Stable,0.1,2025-03-10,2025-09-05,0,26,0,0,0,0,0,0,1222,0,0,0,0
13,025900287337,SS 2/$1.19 30/2CT - SWEETS,CIGARS,3171.0,1322,121.96,127.17,25.99,25.99,24.99,25.99,20.05,5.94,22.9,Stable,-0.5,Stable,0.0,2025-03-10,2025-09-02,4,26,0,0,0,0,0,0,1322,0,0,0,0
14,070137005186,BLK & MLD 25CT PT REGULAR ,CIGARS,3132.0,953,120.46,121.17,28.16,28.39,26.50,28.39,20.55,7.61,27.0,Stable,-1.3,Stable,0.2,2025-03-10,2025-09-05,1,26,0,0,0,0,0,0,953,0,0,0,0
15,855906007031,GRABBA  WH LEAF NATURAL10PK,LT-TAX PAID,3123.0,849,120.12,134.17,26.92,26.93,22.75,26.99,22.0,4.92,18.3,Stable,1.3,Stable,0.0,2025-03-10,2025-09-05,1,26,0,0,0,0,0,0,849,0,0,0,0
16,070137514916,BLK & MLD 1.19 25CT PT SWEET,CIGARS,3115.0,948,119.81,120.58,22.95,23.3,21.99,23.49,18.13,4.82,21.0,Stable,-1.0,Stable,0.2,2025-03-10,2025-09-05,1,26,0,0,0,0,0,0,948,0,0,0,0
17,025900359515,SS LEAF 3/2.49 10CT HONEY,CIGARS,3038.0,1042,116.85,121.33,20.28,20.61,18.99,20.99,14.51,5.77,28.5,Stable,-1.0,Stable,0.2,2025-03-10,2025-09-05,1,26,0,0,0,0,0,737,305,0,0,0,0
18,025900325718,SS BLK 2/1.49 15/2CT SMOOTH,CIGARS,3030.0,726,159.47,97.83,16.49,16.49,16.49,16.49,12.6,3.89,23.6,Stable,-2.6,Stable,0.0,2025-03-10,2025-09-04,1,19,0,0,0,0,0,726,0,0,0,0,0
19,619682010322,EZ ROLL .49C 25CT FLAVOR LESS,BLUNT WRAP,2920.0,934,112.31,116.42,6.99,6.99,6.99,6.99,6.21,0.78,11.2,Stable,-0.6,Stable,-0.0,2025-03-10,2025-09-05,1,26,0,0,0,0,934,0,0,0,0,0,0
20,025900359553,SS LEAF 3/2.49 10CT IRISH CRM,CIGARS,2829.0,1011,108.81,109.75,20.27,20.59,18.30,20.99,14.8,5.46,27.0,Stable,-1.1,Stable,0.2,2025-03-10,2025-09-05,1,26,0,0,0,0,0,729,282,0,0,0,0
21,K16,KIRKLAND 16.9 OZ 40CT,WATER,2765.0,176,106.35,144.58,5.93,5.89,0.00,5.99,3.99,1.94,32.8,Stable,1.8,Stable,-0.0,2025-03-11,2025-09-05,1,26,1,0,0,2,173,0,0,0,0,0,0
22,028200146502,MARL GOLD 100 BOX 10CT,CIGARETTE,2453.0,575,94.35,133.67,81.63,82.48,77.97,83.39,78.53,3.1,3.8,Stable,4.6,Stable,0.2,2025-03-10,2025-09-05,1,26,0,0,0,0,0,0,0,575,0,0,0
23,026100805789,NEWPORT MENTHOL SOFT 10CT,CIGARETTE,2431.0,899,93.5,106.42,87.94,88.08,85.49,90.49,86.23,1.71,1.9,Stable,1.0,Stable,0.0,2025-03-10,2025-09-05,0,26,0,0,0,0,0,0,0,899,0,0,0
24,TROLLI,TROLLI PEG BAGS 5OZ MIX  1CT,CANDYS,2348.0,140,90.31,81.92,1.83,1.79,1.59,1.89,1.37,0.46,25.3,Stable,-3.2,Stable,-0.3,2025-03-10,2025-09-03,2,26,0,140,0,0,0,0,0,0,0,0,0
25,026100805772,NEWPORT MENTHOL SOFT 100 10CT,CIGARETTE,2331.0,869,89.65,103.25,87.94,88.12,85.49,90.49,86.2,1.74,2.0,Stable,1.0,Stable,0.0,2025-03-10,2025-09-05,0,26,0,0,0,0,0,0,0,869,0,0,0
26,HARIBO,HARIBO GUMMY 5 OZ PEG BAG,CANDYS,2267.0,140,87.19,67.33,1.61,1.55,1.45,1.69,1.21,0.4,24.9,Stable,-3.7,Stable,-0.3,2025-03-11,2025-09-01,5,26,0,140,0,0,0,0,0,0,0,0,0
27,ARIZONA,ARIZONA CAN 24OZ 24CT,DRINKS,2240.0,384,86.15,108.58,14.99,14.99,14.99,14.99,13.99,1.0,6.7,Stable,2.6,Stable,0.0,2025-03-11,2025-09-05,1,26,0,0,0,0,0,384,0,0,0,0,0
28,070137515296,BLK & MLD 1.39 25CT PT JAZZ,CIGARS,2221.0,687,85.42,90.25,24.99,24.99,24.99,24.99,16.5,8.49,34.0,Stable,-0.3,Stable,-0.0,2025-03-10,2025-09-04,1,26,0,0,0,0,0,0,687,0,0,0,0
29,685141913008,24/7 RED KING BOX 10CT,CIGARETTE,2208.0,687,84.92,76.33,28.91,28.99,27.99,29.29,27.27,1.64,5.7,Stable,-0.7,Stable,0.1,2025-03-10,2025-09-05,1,26,0,0,0,0,0,0,687,0,0,0,0
30,028200136305,MARL RED 100 BOX 10CT,CIGARETTE,2140.0,395,82.31,125.0,81.62,82.47,77.97,83.39,78.54,3.08,3.8,Up,6.6,Stable,0.2,2025-03-11,2025-09-05,1,26,0,0,0,0,0,0,0,395,0,0,0
31,B6,BAG 1/6 BLACK GA WHSL ,SHOPPING BAGS,2101.0,827,80.81,87.17,7.08,6.9,0.00,11.99,5.01,2.07,29.3,Stable,-0.2,Stable,-0.3,2025-03-10,2025-09-05,0,26,334,0,0,0,14,479,0,0,0,0,0
32,025900336875,SS BLK 2/1.49 30/2CT SMOOTH,CIGARS,2081.0,786,104.05,96.92,32.59,32.59,32.59,32.59,23.37,9.22,28.3,Stable,4.0,Stable,0.0,2025-04-05,2025-09-05,0,20,0,0,0,0,0,0,786,0,0,0,0
33,860010326268,LIL LEAF 3/$2.99 10/3CT ORIGNL,LT-TAX-COLLECTED,2060.0,847,79.23,83.0,19.98,19.98,17.50,19.99,15.0,4.98,24.9,Stable,-1.3,Stable,0.0,2025-03-10,2025-09-05,1,26,0,0,0,0,0,847,0,0,0,0,0
34,SUNGLASS,SUNGLASS ASSORTED 1CT,NOVELTY ITEMS,2059.0,26,114.39,69.5,2.99,2.99,2.99,2.99,1.5,1.49,49.8,Stable,-3.9,Stable,0.0,2025-03-20,2025-09-01,5,18,0,0,26,0,0,0,0,0,0,0,0
35,GEEK25,GEEK BAR 25000 PUFFS DISP 5CT,ELECTRONIC CIG,2033.0,420,145.21,0.08,53.24,68.0,41.00,68.00,48.75,4.49,8.4,Down,-14.5,Stable,1.4,2025-03-10,2025-06-26,71,14,0,0,0,0,0,0,1,419,0,0,0
36,10819913012591,JUUL CLASSIC MENTHL 5% 4PK 8CT,ECIG - PODS,2015.0,246,77.5,96.33,104.7,106.31,99.52,108.69,97.19,7.52,7.2,Stable,-0.0,Stable,0.2,2025-03-10,2025-09-04,1,26,0,0,0,0,0,0,0,2,244,0,0
37,025900329839,SS 2/$1.19 30/2CT - DIAMOND,CIGARS,2010.0,935,80.4,77.5,25.99,25.99,24.99,25.99,20.05,5.94,22.9,Stable,-0.7,Stable,0.0,2025-03-10,2025-08-30,6,25,0,0,0,0,0,0,935,0,0,0,0
38,TANK,TANK TOP T-SHIRT BLK/WHT 1CT,GLOVES & T SHIRTS,1981.0,74,79.24,72.42,2.25,2.25,2.25,2.25,1.19,1.06,47.3,Stable,-2.2,Stable,0.0,2025-03-15,2025-09-02,3,25,0,0,74,0,0,0,0,0,0,0,0
39,842426170734,GT WOODS 2/1.39 15/2CT RUSS CR,CIGAR GA,1929.0,828,74.19,82.33,16.49,16.48,15.35,16.49,14.81,1.68,10.2,Stable,0.6,Stable,-0.0,2025-03-10,2025-09-05,1,26,0,0,0,0,0,828,0,0,0,0,0
40,LIFESAVERS,LIFESAVERS GUMMIES/HC PEG 7OZ,CANDYS,1823.0,133,70.12,71.33,2.28,2.27,2.10,2.29,1.81,0.46,20.4,Stable,-1.7,Stable,-0.0,2025-03-11,2025-09-03,2,26,0,0,133,0,0,0,0,0,0,0,0
41,860010326275,LIL LEAF 3/$2.99 10/3CT RUS CR,LT-TAX-COLLECTED,1803.0,862,69.35,72.67,19.98,19.98,17.50,19.99,15.0,4.98,24.9,Stable,-1.0,Stable,0.0,2025-03-10,2025-09-05,1,26,0,0,0,0,0,862,0,0,0,0,0
42,PBE,PRINGLES BIG 1CT,FOOD,1781.0,124,68.5,77.92,2.77,2.79,0.00,2.79,2.19,0.58,20.9,Stable,0.5,Stable,0.1,2025-03-14,2025-08-31,5,26,1,0,123,0,0,0,0,0,0,0,0
43,428721,GRIZZLY LC WINTERGREEN 5CT,T7 SMOKELESS GA,1778.0,527,68.38,72.5,25.55,26.08,24.69,26.49,24.36,1.19,4.6,Stable,-0.5,Stable,0.3,2025-03-10,2025-09-05,1,26,0,0,0,0,0,0,527,0,0,0,0
44,090500100041,MAVERICK MENTHOL 100 BOX 10CT,CIGARETTE,1726.0,884,66.38,69.75,64.43,65.13,62.59,65.29,62.37,2.06,3.2,Stable,-0.0,Stable,0.2,2025-03-10,2025-09-05,0,26,0,0,0,0,0,0,0,884,0,0,0
45,A16,AQUA FINA 16.9 OZ 32CT,WATER,1693.0,106,89.11,61.25,6.99,6.99,6.99,6.99,4.95,2.04,29.2,Stable,4.1,Stable,0.0,2025-03-12,2025-07-30,38,19,0,0,0,0,106,0,0,0,0,0,0
46,619682010407,TRUE BLUNT .49C 25CT OGK KUSH,BLUNT WRAP,1677.0,705,64.5,66.0,6.99,6.99,6.99,6.99,6.2,0.79,11.2,Stable,-1.3,Stable,-0.0,2025-03-10,2025-09-05,0,26,0,0,0,0,705,0,0,0,0,0,0
47,071610302808,BACKWOODS 5PK 8/5CT RUSS CREAM,CIGAR GA,1667.0,847,64.12,59.25,37.63,37.99,36.40,37.99,30.07,7.56,20.1,Stable,-2.4,Stable,0.1,2025-03-10,2025-09-05,1,26,0,0,0,0,0,0,847,0,0,0,0
48,685141913077,24/7 GOLD 100 BOX 10CT,CIGARETTE,1625.0,440,62.5,69.17,28.92,28.99,27.99,29.29,27.71,1.21,4.2,Stable,1.2,Stable,0.1,2025-03-10,2025-09-05,1,26,0,0,0,0,0,0,440,0,0,0,0
49,742488783104,420 GRABBA CRUSH DARK 15CT,LT-TAX PAID,1578.0,874,60.69,69.5,24.99,24.99,24.99,24.99,21.09,3.9,15.6,Stable,0.7,Stable,-0.0,2025-03-11,2025-09-05,0,26,0,0,0,0,0,0,874,0,0,0,0
50,031700237991,GAME 2/1.29 30/2CT DIAMOND,CIGARS,1576.0,828,60.62,61.25,27.99,27.99,27.00,27.99,21.81,6.17,22.1,Stable,-1.0,Stable,0.0,2025-03-10,2025-09-05,1,26,0,0,0,0,0,0,828,0,0,0,0
51,10628504926137,VIVA ZEN 12CT EXTRA STRENGTH,VITAMINS,1574.0,392,60.54,60.75,47.53,47.33,0.00,52.50,44.16,3.38,7.1,Stable,-0.2,Stable,-0.0,2025-03-10,2025-09-05,1,26,3,0,0,0,0,0,381,8,0,0,0
52,10819913011426,JUUL VIRG TOBACCO 5% 4PK 8CT,ECIG - PODS,1571.0,217,60.42,73.17,104.67,106.24,99.52,108.69,97.19,7.49,7.2,Stable,-0.7,Stable,0.2,2025-03-10,2025-09-04,2,26,0,0,0,0,0,0,0,2,215,0,0
53,685141913121,24/7 MENTHOL KING BOX 10CT,CIGARETTE,1559.0,684,59.96,58.83,28.9,28.99,27.99,29.29,27.25,1.65,5.7,Stable,-0.7,Stable,0.1,2025-03-10,2025-09-05,1,26,0,0,0,0,0,0,684,0,0,0,0
54,B8,BAG 1/8 HDPE BLACK 18M,SHOPPING BAGS,1534.0,524,59.0,59.42,11.06,10.92,0.00,13.99,6.5,4.56,41.2,Stable,-1.4,Stable,-0.1,2025-03-10,2025-09-05,0,26,109,0,0,0,2,413,0,0,0,0,0
55,619682621221,EZ ROLL .49C 25CT WET MANGO,BLUNT WRAP,1521.0,634,58.5,59.67,6.99,6.99,6.99,6.99,6.2,0.79,11.2,Stable,-0.9,Stable,-0.0,2025-03-10,2025-09-05,1,26,0,0,0,0,634,0,0,0,0,0,0
56,AXE,AXE BODY SPRAY 1CT,COSMETICS & BEAUTY,1495.0,123,57.5,51.5,2.19,2.19,2.19,2.19,1.64,0.55,25.2,Stable,-1.7,Stable,0.0,2025-03-10,2025-09-03,3,26,0,0,123,0,0,0,0,0,0,0,0
57,RAZ25K,RAZ 25000 PUFFS DISP 5CT,ELECTRONIC CIG,1474.0,316,77.58,21.0,50.15,52.85,48.00,57.50,45.71,4.44,8.9,Down,-7.3,Stable,0.5,2025-03-10,2025-07-15,53,19,0,0,0,0,0,0,212,104,0,0,0
58,025900359522,SS LEAF 3/2.49 10CT SWEET AROM,CIGAR GA,1439.0,634,55.35,59.42,20.28,20.59,19.99,20.99,14.87,5.41,26.7,Stable,-0.4,Stable,0.2,2025-03-10,2025-09-05,1,26,0,0,0,0,0,449,185,0,0,0,0
59,942411010158,KADO BAR NI40K - ALL FLVRS,ELECTRONIC CIG,1432.0,260,59.67,26.17,45.36,46.97,42.50,54.00,40.17,5.19,11.4,Stable,-4.2,Stable,0.7,2025-03-10,2025-09-02,4,24,0,0,0,0,0,0,241,19,0,0,0
60,073100010897,COPENHAGEN FC SNUFF 5CT,T7 SMOKELESS GA,1407.0,372,54.12,52.83,29.24,29.54,27.80,29.89,28.24,1.0,3.4,Stable,-0.9,Stable,0.2,2025-03-10,2025-09-05,1,26,0,0,0,0,0,0,372,0,0,0,0
61,070137514879,BLK & MLD 1.19 25CT PT CASINO,CIGARS,1371.0,603,52.73,56.08,22.99,23.33,22.49,23.49,17.62,5.37,23.4,Stable,0.1,Stable,0.2,2025-03-10,2025-09-04,2,26,0,0,0,0,0,0,603,0,0,0,0
62,BLUNTTUBE,BLUNT P/ TUBE  STICK 7PC 1CT,AIR FRESHENER,1370.0,36,68.5,36.17,2.3,2.33,2.29,2.39,1.86,0.44,19.1,Stable,-1.8,Stable,0.2,2025-03-22,2025-09-02,4,20,0,0,36,0,0,0,0,0,0,0,0
63,070137500186,BLK & MLD 10/5PK PT REGULAR,CIGARS,1349.0,745,51.88,55.33,56.25,56.68,53.50,56.69,41.1,15.15,26.9,Stable,-0.5,Stable,0.1,2025-03-10,2025-09-05,0,26,0,0,0,0,0,0,0,745,0,0,0
64,041443110925,PEANUT BOILED 6LBS 8OZ JUMBO ,FOOD,1346.0,143,51.77,81.92,7.97,7.96,6.65,7.99,6.5,1.47,18.4,Up,8.3,Stable,-0.0,2025-03-15,2025-09-02,3,26,0,0,0,0,143,0,0,0,0,0,0
65,TROPICAL ,TROPICAL FANTASY 24OZ 24CT,DRINKS,1321.0,203,50.81,54.08,15.98,15.97,13.79,15.99,13.84,2.14,13.4,Stable,0.3,Stable,-0.0,2025-03-11,2025-09-04,2,26,0,0,0,0,0,203,0,0,0,0,0
66,070137005230,BLK & MLD 25CT PT WINE ,CIGARS,1317.0,578,50.65,58.0,28.16,28.39,27.29,28.39,20.76,7.41,26.3,Stable,0.7,Stable,0.1,2025-03-10,2025-09-05,1,26,0,0,0,0,0,0,578,0,0,0,0
67,SHISHAX1,SHISHA 40K PUFFS DISP 1CT,ELECTRONIC CIG,1307.0,140,62.24,56.58,8.08,7.86,7.00,8.50,6.5,1.58,19.6,Stable,-2.7,Stable,-0.4,2025-04-17,2025-09-02,3,21,0,0,0,0,140,0,0,0,0,0,0
68,810125436772,GEEK BAR 15000 PUFFS DISP 5CT,ELECTRONIC CIG,1289.0,298,75.82,10.92,44.67,53.35,41.00,57.50,38.88,5.79,13.0,Stable,-3.1,Stable,1.9,2025-03-10,2025-07-02,65,17,0,0,0,0,0,0,272,26,0,0,0
69,685141913046,24/7 GOLD KING BOX 10CT,CIGARETTE,1282.0,384,49.31,51.08,28.9,28.99,27.99,29.29,27.29,1.61,5.6,Stable,0.2,Stable,0.1,2025-03-11,2025-09-05,1,26,0,0,0,0,0,0,384,0,0,0,0
70,031700237946,GAME 2/1.29 30/2CT GREEN SWTS,CIGARS,1277.0,748,49.12,50.33,27.99,27.99,27.99,27.99,21.85,6.14,21.9,Stable,-0.5,Stable,-0.0,2025-03-10,2025-09-05,1,26,0,0,0,0,0,0,748,0,0,0,0
71,N&L,N&L ALL FLAVOURS 24CT,CANDYS,1254.0,239,48.23,46.67,6.99,6.99,6.99,6.99,6.0,0.99,14.2,Stable,-2.8,Stable,0.0,2025-03-10,2025-09-03,2,26,0,0,0,0,239,0,0,0,0,0,0
72,WFS,WELCHS FRUIT SNACKS BAG 1CT,CANDYS,1231.0,103,47.35,50.75,1.94,1.89,1.89,1.99,1.49,0.45,23.3,Stable,-0.2,Stable,-0.3,2025-03-10,2025-09-03,2,26,0,103,0,0,0,0,0,0,0,0,0
73,819721012366,BLUNTVILLE 1.29 25CT TRPLE VAN,CIGARS,1225.0,706,47.12,52.33,22.99,22.99,22.99,22.99,16.25,6.74,29.3,Stable,0.4,Stable,-0.0,2025-03-10,2025-09-05,1,26,0,0,0,0,0,0,706,0,0,0,0
74,073100014611,COPENHAGEN LC 5CT,T7 SMOKELESS GA,1211.0,294,46.58,47.33,29.24,29.54,27.15,29.89,28.25,0.99,3.4,Stable,0.1,Stable,0.2,2025-03-10,2025-09-05,1,26,0,0,0,0,0,0,294,0,0,0,0
75,028200195203,MARL SB BLACK BOX 10CT,CIGARETTE,1151.0,410,44.27,52.17,81.75,82.62,79.39,83.39,74.55,7.2,8.8,Stable,1.4,Stable,0.2,2025-03-10,2025-09-05,1,26,0,0,0,0,0,0,0,410,0,0,0
76,751667046947,DJARUM 10/12PK BLACK ,CIGARS,1120.0,201,43.08,20.08,55.71,55.73,40.60,55.99,39.55,16.16,29.0,Down,-12.7,Stable,0.0,2025-03-11,2025-09-05,1,26,0,0,0,0,0,0,4,197,0,0,0
77,769577921186,LOOSE LEAF 2/2.99 20CT CKIS CR,LT-TAX-COLLECTED,1100.0,545,50.0,53.25,34.98,34.99,31.00,34.99,26.6,8.38,24.0,Stable,-1.9,Stable,0.0,2025-03-10,2025-09-05,1,22,0,0,0,0,0,0,545,0,0,0,0
78,C20,COKE PRODUCTS 20OZ 24CT,DRINKS,1075.0,287,41.35,42.25,31.99,31.99,31.99,31.99,29.93,2.06,6.4,Stable,-0.7,Stable,-0.0,2025-03-11,2025-09-05,1,26,0,0,0,0,0,0,287,0,0,0,0
79,028200317711,MARL NXT BOX 10CT,CIGARETTE,1072.0,516,41.23,41.83,81.65,82.58,79.39,83.39,75.05,6.6,8.1,Stable,-0.1,Stable,0.2,2025-03-10,2025-09-05,0,26,0,0,0,0,0,0,0,516,0,0,0
80,810051807257,AMOS PEELERZ PEG BAG 6OZ,CANDYS,1022.0,68,44.43,60.08,2.37,2.36,0.00,2.59,2.02,0.36,15.0,Stable,4.5,Stable,0.2,2025-03-20,2025-09-02,3,23,1,0,67,0,0,0,0,0,0,0,0
81,070137513728,BLK & MLD 10/5PK FT SWEETS,CIGARS,1004.0,478,43.65,51.42,27.84,26.76,22.99,29.49,19.34,8.5,30.5,Stable,3.9,Stable,-1.2,2025-03-11,2025-09-05,1,23,0,0,0,0,0,0,478,0,0,0,0
82,028200147707,MARL SILVER BOX 10CT,CIGARETTE,1002.0,428,38.54,43.58,81.65,82.49,79.39,83.39,78.5,3.15,3.9,Stable,1.3,Stable,0.2,2025-03-11,2025-09-05,1,26,0,0,0,0,0,0,0,428,0,0,0
83,820103507127,K-SHOT 12CT - REGULAR,NOVELTY ITEMS,986.0,243,37.92,39.33,81.94,81.03,0.00,87.00,77.33,4.62,5.6,Stable,0.3,Stable,-0.0,2025-03-10,2025-09-04,1,26,2,0,0,0,0,0,0,241,0,0,0
84,725414671065,WONDER VITA PILLS 10/4CT,KRATOM,983.0,38,70.21,23.58,88.47,87.8,85.00,92.50,81.51,6.96,7.9,Stable,2.1,Stable,-0.2,2025-03-12,2025-08-13,23,14,0,0,0,0,0,0,0,38,0,0,0
85,025900297695,SS BLK 2/1.49 15/2CT WINE,CIGARS,982.0,512,37.77,41.5,16.49,16.49,16.49,16.49,12.49,4.0,24.3,Stable,-1.4,Stable,-0.0,2025-03-10,2025-09-05,1,26,0,0,0,0,0,512,0,0,0,0,0
86,HDST1,H/S SHOTS 12CT,VITAMINS,964.0,488,37.08,37.67,28.23,28.24,26.00,31.00,24.0,4.23,15.0,Stable,-0.7,Stable,0.0,2025-03-10,2025-09-05,1,26,0,0,0,0,0,0,488,0,0,0,0
87,609249903426,ZYN 6MG WINTERGREEN 5CT,NICOTINE POUCHES,963.0,254,45.86,26.08,21.35,21.43,19.89,21.99,19.85,1.49,7.0,Stable,-3.5,Stable,0.0,2025-03-11,2025-09-05,1,21,0,0,0,0,0,2,252,0,0,0,0
88,619682010360,EZ ROLL .49C 25CT SOUR APLE,BLUNT WRAP,955.0,456,36.73,32.92,6.99,6.99,6.99,6.99,6.21,0.78,11.2,Stable,-2.2,Stable,0.0,2025-03-10,2025-09-05,1,26,0,0,0,0,456,0,0,0,0,0,0
89,AB16,AQUA BREEZE 16.9OZ 24CT,DRINKS,951.0,38,59.44,39.08,3.49,3.49,3.49,3.49,2.59,0.9,25.8,Stable,0.5,Stable,-0.0,2025-03-10,2025-09-02,4,16,0,0,0,38,0,0,0,0,0,0,0
90,5287000553100,COCONARA 20CT HOOKAH CHARCOAL,NOVELTY ITEMS,948.0,128,37.92,35.0,2.48,2.49,1.85,2.49,1.59,0.89,35.8,Stable,0.3,Stable,0.0,2025-03-10,2025-09-05,1,25,0,1,127,0,0,0,0,0,0,0,0
91,850059190036,LIL LEAF 3/$2.99 10/3CT WT RUM,LT-TAX-COLLECTED,943.0,472,36.27,38.83,19.97,19.98,17.50,19.99,15.0,4.97,24.9,Stable,-1.9,Stable,0.0,2025-03-10,2025-09-05,1,26,0,0,0,0,0,472,0,0,0,0,0
92,10855553008228,LGT NEON GAS LIGHTERS 50CT,LIGHTERS,943.0,480,36.27,40.83,4.49,4.49,3.50,4.49,2.9,1.59,35.4,Stable,0.6,Stable,0.0,2025-03-10,2025-09-05,1,26,0,0,0,480,0,0,0,0,0,0,0
93,070137515630,BLK & MLD 25CT WT SWEETS,CIGARS,940.0,437,36.15,37.42,31.21,31.59,29.89,31.59,19.39,11.82,37.9,Stable,-0.8,Stable,0.2,2025-03-10,2025-09-05,1,26,0,0,0,0,0,0,437,0,0,0,0
94,9555755800036,VITA RYL HONEY 12CT,VITAMINS,929.0,406,35.73,35.5,5.09,4.95,0.00,6.00,2.49,2.6,51.0,Stable,-1.8,Stable,-0.3,2025-03-10,2025-09-05,1,26,2,0,1,31,372,0,0,0,0,0,0
95,025900336776,SS BLK 2/1.49 15/2CT COCOA,CIGARS,922.0,498,35.46,38.0,16.49,16.49,16.49,16.49,12.6,3.89,23.6,Stable,-0.2,Stable,-0.0,2025-03-10,2025-09-05,0,26,0,0,0,0,0,498,0,0,0,0,0
96,R8,RED BULL 8.4OZ 24CT,DRINKS,913.0,314,35.12,35.0,40.77,40.98,0.00,40.99,35.85,4.92,12.1,Stable,-0.8,Stable,0.1,2025-03-10,2025-09-04,1,26,1,0,0,0,0,0,313,0,0,0,0
97,031700238011,GAME 2/1.29 30/2CT SILVER,CIGARS,907.0,584,34.88,38.42,27.99,27.99,27.99,27.99,21.87,6.12,21.9,Stable,0.3,Stable,-0.0,2025-03-11,2025-09-05,1,26,0,0,0,0,0,0,584,0,0,0,0
98,842426170499,GT WOODS 2/1.39 15/2CT VANILLA,CIGAR GA,882.0,493,33.92,38.25,16.49,16.49,15.35,16.49,14.81,1.68,10.2,Stable,0.2,Stable,-0.0,2025-03-11,2025-09-04,2,26,0,0,0,0,0,493,0,0,0,0,0
99,CG,GALLON WATER 6CT,WATER,875.0,227,33.65,38.08,8.75,8.77,0.00,8.99,6.95,1.8,20.6,Stable,0.4,Stable,0.0,2025-03-10,2025-09-04,1,26,6,0,0,0,221,0,0,0,0,0,0
100,850059190029,LIL LEAF 3/$2.99 10/3CT DARK,LT-TAX-COLLECTED,870.0,408,37.83,38.83,19.98,19.99,18.60,19.99,15.0,4.98,24.9,Stable,1.1,Stable,0.0,2025-03-10,2025-09-05,1,23,0,0,0,0,0,408,0,0,0,0,0
101,732412270473,KADO BAR RIZ 25K 5CT,ELECTRONIC CIG,858.0,136,50.47,22.33,32.0,33.38,29.00,37.50,27.97,4.03,12.6,Down,-7.2,Stable,0.9,2025-04-16,2025-08-12,25,17,0,0,0,0,0,0,136,0,0,0,0
102,FROOTIES,FROOTIES ASSORTED FLVRS 360PCS,CANDYS,849.0,95,32.65,36.5,7.57,7.49,2.49,7.79,6.21,1.36,17.9,Stable,-1.0,Stable,-0.2,2025-03-12,2025-09-02,4,26,0,0,1,0,94,0,0,0,0,0,0
103,719499005044,HIGH HEMP WRAPS 25CT ORIGINAL,BLUNT WRAP,847.0,203,32.58,12.92,11.97,11.98,10.50,11.99,8.5,3.47,29.0,Down,-11.6,Stable,0.0,2025-03-11,2025-09-05,1,26,0,0,0,0,0,203,0,0,0,0,0
104,070330644809,LGT BIC BIG 50+3   53 CT,LIGHTERS,825.0,339,31.73,16.17,49.64,50.38,44.50,51.99,43.01,6.63,13.4,Down,-11.4,Stable,0.2,2025-03-10,2025-09-05,1,26,0,0,0,0,0,0,292,47,0,0,0
105,MARUCUPS,MARUCHAN CUPS ALL FLAVORS 12CT,FOOD,823.5,266,31.67,32.83,8.14,8.37,2.00,8.99,6.14,1.99,24.5,Stable,-0.2,Stable,0.5,2025-03-10,2025-09-04,1,26,0,0,1,1,264,0,0,0,0,0,0
106,070137515593,BLK & MLD 5/4 10/5PK PT JAZZ ,CIGARS,822.0,349,31.62,34.83,45.24,45.59,34.80,45.59,32.96,12.28,27.1,Stable,-0.2,Stable,0.1,2025-03-10,2025-09-05,1,26,0,0,0,0,0,0,349,0,0,0,0
107,031700237700,WO 2/1.19 30/2CT SILVER,CIGARS,821.0,552,31.58,32.25,25.99,25.99,25.99,25.99,19.89,6.1,23.5,Stable,-0.8,Stable,-0.0,2025-03-10,2025-09-05,1,26,0,0,0,0,0,0,552,0,0,0,0
108,P20,PEPSI PRODUCTS 20OZ 24CT,DRINKS,814.0,242,31.31,33.75,31.86,31.99,6.67,31.99,29.8,2.06,6.5,Stable,-0.3,Stable,0.1,2025-03-10,2025-09-05,1,26,0,0,0,0,1,0,241,0,0,0,0
109,850042370476,GALAXY GAS 0.6L N20 1CT,MISC,813.0,47,62.54,0.0,14.05,14.05,13.49,15.00,12.1,1.94,13.8,Down,-5.4,Stable,0.0,2025-03-12,2025-06-02,96,13,0,0,0,0,0,47,0,0,0,0,0
110,012300193139,CAMEL CRUSH MENTHOL BOX 10CT,CIGARETTE,813.0,541,31.27,32.83,84.93,85.89,83.19,86.79,82.48,2.45,2.9,Stable,-0.3,Stable,0.2,2025-03-10,2025-09-05,0,26,0,0,0,0,0,0,0,541,0,0,0
111,819721012427,BLUNTVILLE 1.29 25CT PINK DIVA,CIGARS,792.0,526,30.46,31.92,22.99,22.99,22.99,22.99,16.25,6.74,29.3,Stable,-0.4,Stable,-0.0,2025-03-10,2025-09-05,1,26,0,0,0,0,0,0,526,0,0,0,0
112,031700238035,GAME 2/1.29 30/2CT BLACK SWEET,CIGARS,791.0,501,30.42,31.5,27.99,27.99,27.99,27.99,21.81,6.18,22.1,Stable,-0.6,Stable,-0.0,2025-03-10,2025-09-05,1,26,0,0,0,0,0,0,501,0,0,0,0
113,031700237953,GAME 2/1.29 30/2CT BLUE,CIGARS,790.0,555,30.38,32.5,27.99,27.99,27.99,27.99,21.86,6.13,21.9,Stable,-0.1,Stable,-0.0,2025-03-11,2025-09-05,0,26,0,0,0,0,0,0,555,0,0,0,0
114,PBD,PEAK BLUE DEF DIESEL FLUID 2.5,AUTOMOTIVE,774.0,133,29.77,35.08,12.87,12.77,0.00,12.99,10.18,2.7,21.0,Stable,1.8,Stable,-0.1,2025-03-10,2025-09-02,3,26,1,0,0,0,0,132,0,0,0,0,0
115,SONG,"SONG OF SUDAN 19"" 30CT",INCENSE,758.0,92,29.15,37.92,3.79,3.79,3.79,3.79,2.65,1.14,30.1,Stable,0.8,Stable,-0.0,2025-03-11,2025-08-31,5,26,0,0,0,92,0,0,0,0,0,0,0
116,AH36,AIRHEADS ALL FLAVORS 36CT,CANDYS,751.0,209,28.88,25.08,8.49,8.49,8.49,8.49,6.84,1.65,19.4,Stable,-3.1,Stable,0.0,2025-03-10,2025-09-04,1,26,0,0,0,0,209,0,0,0,0,0,0
117,842426179850,GT WOODS 2/1.39 15/2CT CRM PCH,CIGAR GA,751.0,387,32.65,30.08,16.49,16.49,16.49,16.49,14.84,1.65,10.0,Stable,-3.1,Stable,-0.0,2025-03-31,2025-09-05,1,23,0,0,0,0,0,387,0,0,0,0,0
118,070137824152,BLK & MLD .99 25CT PT REGULAR,CIGARS,750.0,50,150.0,0.0,22.69,22.69,22.69,22.69,19.16,3.53,15.5,Down,-16.7,Stable,0.0,2025-05-06,2025-06-02,95,5,0,0,0,0,0,0,50,0,0,0,0
119,PAP2,PAPER BAG NO 02 500CT,SHOPPING BAGS,746.0,247,28.69,49.67,7.98,7.97,5.00,7.99,4.0,3.98,49.8,Up,9.1,Stable,-0.0,2025-03-10,2025-09-03,2,26,0,0,0,0,247,0,0,0,0,0,0
120,676979855974,INDICA SANDWICH BAG 150CT,KITCHEN & TOILET,742.0,85,29.68,39.42,1.59,1.59,1.59,1.59,0.69,0.9,56.8,Stable,3.1,Stable,0.0,2025-03-10,2025-09-02,4,25,0,85,0,0,0,0,0,0,0,0,0
121,031700237748,WO 2/1.19 30/2CT GREEN SWEETS,CIGARS,737.0,524,28.35,32.17,25.99,25.99,25.99,25.99,20.21,5.78,22.2,Stable,0.1,Stable,-0.0,2025-03-10,2025-09-04,1,26,0,0,0,0,0,0,524,0,0,0,0
122,028200195302,MARL SB BLACK 100 BOX 10CT,CIGARETTE,735.0,343,28.27,33.58,81.83,82.67,79.39,83.39,74.6,7.23,8.8,Stable,1.8,Stable,0.2,2025-03-10,2025-09-05,1,26,0,0,0,0,0,0,0,343,0,0,0
123,810051809633,AMOS 4D  GUMMY PEG BAG 6OZ,CANDYS,734.0,59,31.91,29.0,2.39,2.39,2.39,2.39,2.0,0.39,16.3,Stable,-0.8,Stable,0.0,2025-03-19,2025-09-02,3,23,0,0,59,0,0,0,0,0,0,0,0
124,842426170529,GT WOODS 2/1.39 15/2CT BANANA,CIGAR GA,730.0,418,28.08,29.92,16.49,16.49,15.35,16.49,14.81,1.68,10.2,Stable,0.1,Stable,0.0,2025-03-10,2025-09-04,1,26,0,0,0,0,0,418,0,0,0,0,0
125,025900359560,SS LEAF 3/2.49 10CT DARK STOUT,CIGARS,726.0,357,27.92,26.58,20.23,20.55,19.99,20.99,14.49,5.74,28.4,Stable,-1.9,Stable,0.2,2025-03-10,2025-09-04,2,26,0,0,0,0,0,272,85,0,0,0,0
126,010700517227,JOLLY RANCHER PEG BAG 1CT,CANDYS,726.0,67,30.25,22.67,2.68,2.69,2.29,2.69,1.86,0.82,30.6,Stable,-2.0,Stable,0.1,2025-03-10,2025-09-03,2,24,0,0,67,0,0,0,0,0,0,0,0
127,031700238677,GAME LEAF 2/1.49 15/2CT DARK,CIGARS,722.0,292,55.54,19.08,16.99,16.99,16.99,16.99,12.26,4.73,27.8,Up,8.1,Stable,0.0,2025-03-10,2025-06-24,74,13,0,0,0,0,0,292,0,0,0,0,0
128,SP1L680,SPACE GAS 1L N20 1CT,MISC,715.0,50,34.05,47.33,14.78,14.56,13.50,16.99,12.69,2.1,14.2,Up,8.7,Stable,-0.6,2025-03-15,2025-09-02,3,21,0,0,0,0,0,50,0,0,0,0,0
129,025900325725,SS BLK 2/1.49 15/2CT CHERRY,CIGARS,714.0,409,27.46,27.0,16.49,16.49,16.49,16.49,12.6,3.89,23.6,Stable,-2.6,Stable,-0.0,2025-03-10,2025-09-05,1,26,0,0,0,0,0,409,0,0,0,0,0
130,609249900425,ZYN 6MG COOL MINT 5CT,NICOTINE POUCHES,713.0,244,28.52,27.0,21.36,21.42,19.89,21.49,20.2,1.15,5.4,Stable,-1.9,Stable,0.0,2025-03-11,2025-09-05,1,25,0,0,0,0,0,1,243,0,0,0,0
131,609249902429,ZYN 6MG SPEARMINT 5CT,NICOTINE POUCHES,711.0,211,37.42,16.17,21.34,21.45,19.89,21.99,19.59,1.75,8.2,Down,-6.2,Stable,0.0,2025-03-11,2025-09-05,1,19,0,0,0,0,0,2,209,0,0,0,0
132,860010326299,LIL LEAF 3/$2.99 10/3CT MANGO,LT-TAX-COLLECTED,708.0,439,27.23,25.5,19.99,19.99,18.60,19.99,15.0,4.99,25.0,Stable,-1.6,Stable,0.0,2025-03-10,2025-09-05,1,26,0,0,0,0,0,439,0,0,0,0,0
133,R12,RED BULL 12OZ 24CT,DRINKS,704.0,245,27.08,29.08,56.82,56.94,53.00,56.99,51.78,5.04,8.9,Stable,0.3,Stable,0.1,2025-03-10,2025-09-05,1,26,0,0,0,0,0,0,0,245,0,0,0
134,850730000302,BOB M CLASSIC KS PAPERS 50CT,CIG ROLLING PAPER,698.0,572,26.85,29.83,29.94,29.99,0.00,29.99,24.36,5.58,18.6,Stable,0.3,Stable,0.0,2025-03-10,2025-09-05,1,26,1,0,0,0,0,0,571,0,0,0,0
135,090500100171,KOOL MENTHOL BOX 10CT,CIGARETTE,684.0,431,26.31,29.5,83.4,84.29,80.89,84.49,80.76,2.64,3.2,Stable,0.5,Stable,0.2,2025-03-10,2025-09-05,0,26,0,0,0,0,0,0,0,431,0,0,0
136,025900325732,SS BLK 2/1.49 15/2CT GRAPE,CIGARS,678.0,394,26.08,26.42,16.49,16.49,16.49,16.49,12.6,3.89,23.6,Stable,-0.9,Stable,-0.0,2025-03-10,2025-09-05,1,26,0,0,0,0,0,394,0,0,0,0,0
137,071610341197,DM 2/1.29 30/2CT BERRY FUSION,CIGARS,671.0,465,25.81,27.83,29.99,29.99,29.25,29.99,23.4,6.59,22.0,Stable,-0.1,Stable,0.0,2025-03-10,2025-09-05,1,26,0,0,0,0,0,0,465,0,0,0,0
138,B10,BAG 1/10  BLACK SMALL,SHOPPING BAGS,667.0,298,25.65,30.0,11.27,11.35,0.00,13.99,6.5,4.77,42.3,Stable,1.2,Stable,0.1,2025-03-10,2025-09-05,0,26,58,0,0,0,0,240,0,0,0,0,0
139,012300197403,CAMEL CRUSH REG BOX 10CT,CIGARETTE,661.0,406,25.42,26.0,84.95,85.85,83.19,86.79,82.46,2.49,2.9,Stable,-0.6,Stable,0.2,2025-03-10,2025-09-05,1,26,0,0,0,0,0,0,0,406,0,0,0
140,646117716016,PLOOX 15000 PUFFS DISP 5CT,ELECTRONIC CIG,651.0,101,27.12,28.67,32.96,33.2,31.00,35.00,26.25,6.71,20.3,Stable,0.8,Stable,0.2,2025-03-10,2025-08-27,9,24,0,0,0,0,0,0,101,0,0,0,0
141,090500100195,KOOL MENTHOL 100 BOX 10CT,CIGARETTE,641.0,462,24.65,27.17,83.31,84.32,80.89,84.49,80.72,2.59,3.1,Stable,0.1,Stable,0.2,2025-03-10,2025-09-05,0,26,0,0,0,0,0,0,0,462,0,0,0
142,031700238028,GAME 2/1.29 30/2CT RED SWEETS,CIGARS,640.0,422,24.62,27.83,27.99,27.99,27.99,27.99,21.8,6.19,22.1,Stable,0.9,Stable,-0.0,2025-03-10,2025-09-05,1,26,0,0,0,0,0,0,422,0,0,0,0
143,860010326282,LIL LEAF 3/$2.99 10/3CT COG/HN,LT-TAX-COLLECTED,638.0,379,25.52,27.17,19.98,19.98,17.99,19.99,15.0,4.98,24.9,Stable,-0.8,Stable,0.0,2025-03-10,2025-09-05,1,25,0,0,0,0,0,379,0,0,0,0,0
144,012300194136,CAMEL CRUSH MENTHOL SILVER BOX,CIGARETTE,632.0,434,24.31,28.67,85.06,85.94,83.19,86.79,82.6,2.46,2.9,Stable,1.3,Stable,0.2,2025-03-11,2025-09-05,0,26,0,0,0,0,0,0,0,434,0,0,0
145,SHISHAX2,SHISHA 60K PUFFS DISP 1CT,ELECTRONIC CIG,631.0,103,33.21,23.75,11.37,11.56,10.50,12.50,9.0,2.37,20.8,Down,-7.5,Stable,0.6,2025-04-24,2025-09-05,1,19,0,0,0,0,0,103,0,0,0,0,0
146,067238891190,DOVE SOAP BAR 100/135G  1CT,COSMETICS & BEAUTY,630.0,80,26.25,19.17,1.19,1.19,1.19,1.19,0.84,0.35,29.1,Stable,-2.4,Stable,0.0,2025-03-10,2025-08-28,8,24,0,80,0,0,0,0,0,0,0,0,0
147,KANG2000,KANGVAPE 2000 10CT,ELECTRONIC CIG,626.0,179,26.08,22.0,38.19,40.03,36.00,45.00,32.99,5.2,13.6,Stable,-0.6,Stable,0.6,2025-03-11,2025-09-05,1,24,0,0,0,0,0,0,179,0,0,0,0
148,609249907424,ZYN 6MG CITRUS 5CT,NICOTINE POUCHES,624.0,214,24.0,21.25,21.35,21.44,19.89,21.99,20.09,1.26,5.9,Stable,-4.5,Stable,0.0,2025-03-11,2025-09-05,1,26,0,0,0,0,0,3,211,0,0,0,0
149,791126256524,DOZO PERKS TABLETS 10/3CT,KRATOM,621.0,156,25.88,26.33,101.57,102.43,0.00,115.00,85.0,16.57,16.3,Stable,-1.4,Stable,0.3,2025-03-19,2025-09-05,1,24,1,0,0,0,0,0,0,42,113,0,0
150,070158000054,KRAZY GLUE 1CT,HOUSEHOLD GOODS,618.0,79,24.72,25.33,1.19,1.19,1.19,1.19,0.69,0.5,42.0,Stable,-0.1,Stable,0.0,2025-03-11,2025-09-05,1,25,0,79,0,0,0,0,0,0,0,0,0
151,028200195401,MARL MENTHOL BLACK BOX 10CT,CIGARETTE,614.0,373,23.62,24.08,84.87,86.07,81.99,87.09,75.06,9.81,11.6,Stable,-0.1,Stable,0.2,2025-03-10,2025-09-05,1,26,0,0,0,0,0,0,0,373,0,0,0
152,609249901422,ZYN 6MG PEPPERMINT 5CT,NICOTINE POUCHES,606.0,218,27.55,18.58,21.37,21.45,20.39,21.99,19.66,1.7,8.0,Stable,-2.6,Stable,0.0,2025-03-10,2025-09-03,2,22,0,0,0,0,0,0,218,0,0,0,0
153,025900359546,SS LEAF 3/2.49 10CT PCH BRND,CIGARS,605.0,309,26.3,24.42,20.28,20.57,19.99,20.99,14.33,5.95,29.3,Stable,-3.1,Stable,0.3,2025-04-02,2025-09-05,1,23,0,0,0,0,0,220,89,0,0,0,0
154,425441,GRIZZLY POUCH WINTERGREEN 5CT,T7 SMOKELESS GA,603.0,215,23.19,24.83,25.59,26.08,24.69,26.49,24.4,1.2,4.7,Stable,-1.1,Stable,0.3,2025-03-12,2025-09-05,1,26,0,0,0,0,0,0,215,0,0,0,0
155,850059190449,LIL LEAF 3/$2.99 10/3CT DK RED,LT-TAX-COLLECTED,602.0,326,31.68,27.08,19.98,19.99,18.60,19.99,15.0,4.98,24.9,Stable,-2.8,Stable,0.0,2025-03-10,2025-09-05,1,19,0,0,0,0,0,326,0,0,0,0,0
156,BOWLNOODLES,BOWL NOODLES NONGSHIM FLAVORS,FOOD,602.0,172,23.15,21.25,14.96,15.07,8.75,15.99,12.73,2.23,14.9,Stable,-1.7,Stable,0.1,2025-03-10,2025-09-03,3,26,0,0,0,0,1,171,0,0,0,0,0
157,071610341210,DM 2/1.29 30/2CT HONEY FUSION,CIGARS,600.0,434,23.08,25.92,29.99,29.99,29.99,29.99,23.4,6.59,22.0,Stable,0.1,Stable,-0.0,2025-03-10,2025-09-05,1,26,0,0,0,0,0,0,434,0,0,0,0
158,070137525257,BLK & MLD 25CT WT REGULAR,CIGARS,599.0,320,23.04,25.33,31.45,31.89,29.89,31.89,22.56,8.89,28.3,Stable,-0.6,Stable,0.2,2025-03-10,2025-09-05,1,26,0,0,0,0,0,0,320,0,0,0,0
159,090600392674,CROWNS MENTHOL 100 BOX 10CT,CIGARETTE,594.0,187,22.85,21.75,33.38,33.83,31.72,33.99,31.44,1.94,5.8,Stable,-0.4,Stable,0.2,2025-03-11,2025-09-04,2,26,0,0,0,0,0,0,187,0,0,0,0
160,GTX,CASTROL GTX MOTOR OIL ALL 6CT,AUTOMOTIVE,592.0,263,22.77,19.75,27.98,27.99,25.50,27.99,22.9,5.08,18.2,Stable,-1.9,Stable,0.0,2025-03-10,2025-09-05,0,26,0,0,0,0,0,0,263,0,0,0,0
161,842426165273,GT 4/1.19 4KS 15/4CT DIAMOND,CIGAR GA,592.0,340,22.77,27.75,12.02,12.06,11.25,12.99,10.54,1.49,12.4,Stable,-0.5,Stable,0.1,2025-03-10,2025-09-04,1,26,0,0,0,0,0,340,0,0,0,0,0
162,025900325749,SS BLK 2/1.49 15/2CT BERRY,CIGARS,585.0,334,22.5,25.75,16.49,16.49,16.49,16.49,12.64,3.85,23.3,Stable,-0.3,Stable,-0.0,2025-03-10,2025-09-05,1,26,0,0,0,0,0,334,0,0,0,0,0
163,070137525295,BLK & MLD 25CT WT WINE,CIGARS,579.0,327,22.27,24.5,31.44,31.89,29.89,31.89,22.73,8.7,27.7,Stable,0.1,Stable,0.2,2025-03-10,2025-09-04,1,26,0,0,0,0,0,0,327,0,0,0,0
164,679523790295,WONDER VITA PILLS 40CT,KRATOM,577.0,26,44.38,8.75,93.21,91.12,87.50,95.00,85.46,7.75,8.3,Stable,-3.2,Stable,-0.3,2025-03-10,2025-08-13,23,13,0,0,0,0,0,0,0,26,0,0,0
165,F20,FAYGO BOTTLE 20OZ 24CT,DRINKS,574.0,128,22.08,20.17,16.99,16.99,16.99,16.99,15.09,1.9,11.2,Stable,-1.0,Stable,-0.0,2025-03-10,2025-09-04,2,26,0,0,0,0,0,128,0,0,0,0,0
166,842426170826,GT WOODS 2/1.39 15/2CT HNY BRY,CIGAR GA,574.0,365,22.08,23.58,16.49,16.48,15.35,16.49,14.81,1.68,10.2,Stable,-0.1,Stable,-0.0,2025-03-11,2025-09-04,1,26,0,0,0,0,0,365,0,0,0,0,0
167,685141913114,24/7 SILVER 100 BOX 10CT,CIGARETTE,570.0,155,21.92,20.83,28.9,28.99,27.99,29.29,27.55,1.35,4.7,Stable,0.1,Stable,0.1,2025-03-11,2025-09-05,1,26,0,0,0,0,0,0,155,0,0,0,0
168,678578421451,CARD BOSS REVOLUTION $5,PHONE CARDS,562.0,41,29.58,21.83,4.6,4.6,4.60,4.60,4.4,0.2,4.3,Stable,1.1,Stable,0.0,2025-03-11,2025-09-04,2,19,0,0,0,41,0,0,0,0,0,0,0
169,850015847998,ROYAL KRATOM GOLD 75CT 1CT,VITAMINS,562.0,83,22.48,22.5,3.03,3.05,0.00,3.49,2.86,0.17,5.5,Stable,0.0,Stable,0.1,2025-03-19,2025-09-03,3,25,3,0,26,54,0,0,0,0,0,0,0
170,858765005828,SHOW 5/$1 15/5CT SWEET,CIGARS,558.0,376,21.46,22.67,10.69,10.69,9.79,10.69,7.5,3.19,29.8,Stable,0.0,Stable,0.0,2025-03-10,2025-09-05,1,26,0,0,0,0,1,375,0,0,0,0,0
171,BD1,BODY OIL SERENA 1CT,NOVELTY ITEMS,556.0,25,34.75,23.58,0.99,0.99,0.99,0.99,0.75,0.24,24.2,Stable,2.8,Stable,0.0,2025-03-11,2025-09-02,4,16,25,0,0,0,0,0,0,0,0,0,0
172,751667090629,DJARUM 10/12PK IVORY / VANILLA,CIGARS,550.0,82,21.15,4.58,55.64,55.99,40.60,55.99,39.56,16.08,28.9,Down,-15.7,Stable,0.1,2025-03-15,2025-09-01,5,26,0,0,0,0,0,0,2,80,0,0,0
173,842426165488,GT 4/1.19 4KS 15/4CT SWT DEL ,CIGAR GA,548.0,390,21.08,23.33,12.05,12.12,11.99,12.99,10.56,1.49,12.4,Stable,0.6,Stable,0.1,2025-03-10,2025-09-05,1,26,0,0,0,0,0,390,0,0,0,0,0
174,070137500230,BLK & MLD 10/5PK PT WINE ,CIGARS,547.0,355,21.04,23.08,56.28,56.67,53.50,56.69,41.1,15.18,27.0,Stable,0.6,Stable,0.1,2025-03-10,2025-09-05,0,26,0,0,0,0,0,0,0,355,0,0,0
175,868894112069,PARTY CUPS 16OZ 16CT,HOUSEHOLD GOODS,546.0,74,24.82,35.0,1.39,1.39,1.39,1.39,0.88,0.51,36.6,Stable,3.7,Stable,-0.0,2025-03-13,2025-08-31,6,22,0,74,0,0,0,0,0,0,0,0,0
176,025900296353,SS 2/$1.19 30/2CT - GREEN,CIGAR GA,538.0,367,20.69,23.0,25.99,25.99,25.99,25.99,20.66,5.33,20.5,Stable,0.3,Stable,-0.0,2025-03-10,2025-09-05,1,26,0,0,0,0,0,0,367,0,0,0,0
177,SPK8,SOUR PATCH KIDS PEG 8OZ,CANDYS,534.0,57,23.22,15.17,2.49,2.49,2.49,2.49,1.97,0.52,21.0,Stable,-1.3,Stable,-0.0,2025-03-11,2025-09-04,2,23,0,0,57,0,0,0,0,0,0,0,0
178,031700237694,WO 2/1.19 30/2CT RED SWEETS,CIGARS,525.0,367,20.19,18.17,25.99,25.99,24.99,25.99,19.89,6.1,23.5,Stable,-1.4,Stable,0.0,2025-03-10,2025-09-05,1,26,0,0,0,0,0,0,367,0,0,0,0
179,CANLINER55,CAN LINER 38X60 55GL 100/150CT,SHOPPING BAGS,523.0,227,20.12,21.58,19.29,19.21,0.00,19.99,10.58,8.7,45.1,Stable,0.6,Stable,0.0,2025-03-10,2025-09-04,2,26,8,0,0,0,0,219,0,0,0,0,0
180,070137511229,BLK & MLD 25CT WT JAZZ ,CIGAR GA,514.0,267,19.77,23.0,31.54,31.89,29.89,31.89,22.56,8.98,28.5,Stable,0.6,Stable,0.2,2025-03-11,2025-09-05,1,26,0,0,0,0,0,0,267,0,0,0,0
181,761073426219,BUGLER ORIGINAL  0.65OZ 6CT,LT-TAX-COLLECTED,510.0,135,19.62,8.75,27.25,27.84,20.90,27.99,19.46,7.78,28.6,Down,-7.8,Stable,0.2,2025-03-10,2025-09-05,1,26,0,0,0,0,0,0,135,0,0,0,0
182,6976110756868,FRUTTI BAR 25000 PUFFS 5CT,ELECTRONIC CIG,509.0,82,26.79,30.0,55.01,61.37,42.50,72.50,43.14,11.87,21.6,Up,14.1,Stable,2.3,2025-03-10,2025-09-05,1,19,0,0,0,0,0,0,30,52,0,0,0
183,031700237717,WO 2/1.19 30/2CT WHITE GRAPE,CIGARS,503.0,357,19.35,20.08,25.99,25.99,25.99,25.99,20.26,5.73,22.1,Stable,-0.3,Stable,-0.0,2025-03-11,2025-09-05,1,26,0,0,0,0,0,0,357,0,0,0,0
184,679523786540,WONDER RD VITA PILLS 10/4CT,KRATOM,488.0,18,44.36,23.42,136.5,137.45,132.00,140.00,126.53,9.97,7.3,Stable,-2.5,Stable,0.4,2025-03-28,2025-08-14,23,11,0,0,0,0,0,0,0,0,18,0,0
185,028200196200,MARL 72 GREEN BOX 10CT,CIGARETTE,487.0,389,18.73,21.0,85.0,86.14,81.99,87.09,81.51,3.49,4.1,Stable,1.0,Stable,0.2,2025-03-11,2025-09-05,0,26,0,0,0,0,0,0,0,389,0,0,0
186,073100014772,COPENHAGEN POUCHES 5CT,T7 SMOKELESS GA,486.0,99,18.69,22.5,29.1,29.39,27.80,29.89,28.23,0.87,3.0,Stable,1.9,Stable,0.2,2025-03-10,2025-09-05,1,26,0,0,0,0,0,0,99,0,0,0,0
187,070137831457,BLK & MLD 10/5PK $2.99 FT REG,CIGAR GA,470.0,279,18.08,21.75,22.52,22.14,21.49,22.99,18.99,3.53,15.7,Stable,1.2,Stable,-0.3,2025-03-10,2025-09-05,1,26,0,0,0,0,0,0,279,0,0,0,0
188,212223248521,EARTH KRATOM CAPSULES 65CT,CBD/HEMP,469.0,67,18.04,12.5,4.46,4.51,4.10,4.75,4.07,0.39,8.7,Stable,-2.8,Stable,0.0,2025-03-10,2025-09-02,3,26,0,0,0,67,0,0,0,0,0,0,0
189,842426170642,GT WOODS 2/1.39 15/2CT NATURAL,CIGAR GA,466.0,297,17.92,18.58,16.49,16.48,15.35,16.49,14.81,1.68,10.2,Stable,-1.2,Stable,-0.0,2025-03-10,2025-09-04,2,26,0,0,0,0,0,297,0,0,0,0,0
190,422407090239,KADO BAR SNAP 25K - ALL FLVRS,ELECTRONIC CIG,465.0,140,23.25,17.5,42.43,44.51,39.50,52.50,37.78,4.65,11.0,Stable,4.0,Stable,0.4,2025-03-10,2025-08-30,7,20,0,0,0,0,0,0,138,2,0,0,0
191,035000511072,COLGATE TOOTH PASTE 2.5OZ 1CT,HOUSEHOLD GOODS,463.0,72,17.81,19.25,1.29,1.29,1.29,1.29,0.85,0.44,34.3,Stable,-1.4,Stable,0.0,2025-03-10,2025-09-03,2,26,0,72,0,0,0,0,0,0,0,0,0
192,012300107136,CAMEL BLUE  BOX  10CT,CIGARETTE,458.0,299,17.62,19.33,85.06,85.92,83.19,86.79,82.59,2.47,2.9,Stable,0.7,Stable,0.2,2025-03-11,2025-09-04,2,26,0,0,0,0,0,0,0,299,0,0,0
193,679417891695,KADO BAR 5000 5CT - ALL FLVRS,ELECTRONIC CIG,457.0,144,18.28,6.25,26.7,26.5,25.00,27.50,23.99,2.71,10.1,Down,-9.2,Stable,-0.1,2025-03-10,2025-08-28,8,25,0,0,0,0,0,0,144,0,0,0,0
194,810159863230,LOOSE LEAF 20/2CT CHIEF KEEF,LT-TAX-COLLECTED,457.0,206,41.55,35.83,34.99,34.99,34.99,34.99,27.44,7.55,21.6,Stable,-4.5,Stable,0.0,2025-06-07,2025-09-05,1,11,0,0,0,0,0,0,206,0,0,0,0
195,GC2,GAS CAN 2 GALLON 1 CT,AUTOMOTIVE,447.0,124,17.19,20.92,11.49,11.49,11.49,11.49,7.55,3.94,34.3,Stable,1.7,Stable,0.0,2025-03-10,2025-09-02,3,26,0,0,0,0,0,124,0,0,0,0,0
196,678578421468,CARD BOSS REVOLUTION $10,PHONE CARDS,446.0,39,24.78,21.08,9.0,9.0,9.00,9.00,8.8,0.2,2.2,Stable,3.5,Stable,0.0,2025-03-11,2025-09-01,5,18,0,0,0,0,39,0,0,0,0,0,0
197,810159862783,LOOSE LEAF 20/2CT CKIES CINN,LT-TAX-COLLECTED,446.0,233,37.17,20.17,34.99,34.99,34.99,34.99,26.6,8.39,24.0,Stable,-3.5,Stable,0.0,2025-04-07,2025-09-03,3,12,0,0,0,0,0,0,233,0,0,0,0
198,312547427951,LISTERING MOUTWASH 3.2OZ 1CT,MEDICINE,445.0,66,18.54,20.08,1.79,1.79,1.79,1.79,0.95,0.84,46.7,Stable,2.6,Stable,0.0,2025-03-13,2025-09-04,2,24,0,66,0,0,0,0,0,0,0,0,0
199,619682010247,EZ ROLL .49C 25CT PURPLE HAZE,BLUNT WRAP,443.0,241,17.04,17.92,6.99,6.99,6.99,6.99,6.05,0.94,13.4,Stable,-1.0,Stable,-0.0,2025-03-10,2025-09-05,1,26,0,0,0,0,241,0,0,0,0,0,0
200,FOG30K,FOGGER 30000 PUFFS 5CT/BX,ELECTRONIC CIG,442.0,96,21.05,12.42,49.12,51.22,46.00,55.00,44.06,5.06,10.3,Stable,-3.1,Stable,0.6,2025-03-12,2025-08-09,27,21,0,0,0,0,0,0,64,32,0,0,0
201,025900329853,SS 2/$1.19 30/2CT - SILVER,CIGARS,441.0,284,16.96,19.17,25.99,25.98,25.20,25.99,20.05,5.94,22.8,Stable,-1.4,Stable,-0.0,2025-03-10,2025-09-02,3,26,0,0,0,0,0,0,284,0,0,0,0
202,090500100065,MAVERICK MENTHOL BOX 10CT,CIGARETTE,438.0,340,16.85,17.83,64.41,65.1,62.59,65.29,62.35,2.05,3.2,Stable,0.1,Stable,0.2,2025-03-10,2025-09-03,3,26,0,0,0,0,0,0,0,340,0,0,0
203,071610340565,BACKWOODS 5PK 8/5CT BANANA,CIGAR GA,437.0,324,16.81,17.92,37.65,37.99,36.99,37.99,29.93,7.72,20.5,Stable,-0.2,Stable,0.1,2025-03-10,2025-09-04,1,26,0,0,0,0,0,0,324,0,0,0,0
204,751667126663,TAJMAHAL BIDIS 10/20 200 CT,CIGARETTE,434.0,135,16.69,19.33,49.56,49.57,42.50,49.99,39.69,9.87,19.9,Stable,0.5,Stable,0.0,2025-03-10,2025-09-05,1,26,0,0,0,0,0,0,135,0,0,0,0
205,6971824063257,FOGGER 30K PUFFS POD 5CT/BX,ELECTRONIC CIG,432.0,78,20.57,4.42,34.68,35.93,33.50,40.00,31.93,2.75,7.9,Down,-6.8,Stable,0.5,2025-03-12,2025-08-10,27,21,0,0,0,0,0,0,78,0,0,0,0
206,031700238042,GAME LEAF 2/1.49 15/2CT WT RUS,CIGARS,431.0,224,43.1,0.0,16.99,16.99,16.99,16.99,12.24,4.75,28.0,Up,8.0,Stable,0.0,2025-03-10,2025-06-07,90,10,0,0,0,0,0,224,0,0,0,0,0
207,047995855192,AMERICAN SPIRIT YELLOW 10CT,CIGARETTE,424.0,306,16.31,17.33,90.86,91.71,89.09,92.69,88.48,2.38,2.6,Stable,0.0,Stable,0.2,2025-03-11,2025-09-05,1,26,0,0,0,0,0,0,0,306,0,0,0
208,028200140104,MARL MENTHOL GOLD BOX 10CT,CIGARETTE,421.0,311,16.19,17.42,84.92,86.08,81.99,87.09,81.57,3.35,3.9,Stable,0.7,Stable,0.2,2025-03-11,2025-09-05,1,26,0,0,0,0,0,0,0,311,0,0,0
209,850059190463,LIL LEAF 3/$2.99 10/3CT DK WHT,LT-TAX-COLLECTED,417.0,245,27.8,3.33,19.98,19.99,18.60,19.99,15.0,4.98,24.9,Stable,-2.3,Stable,0.0,2025-03-10,2025-09-05,1,15,0,0,0,0,0,245,0,0,0,0,0
210,738607282948,SLAPWOODS 10/5PK RUSSIAN CRM,LT-TAX PAID,415.0,199,17.29,17.5,39.99,39.99,39.99,39.99,29.64,10.35,25.9,Stable,-2.6,Stable,0.0,2025-03-10,2025-09-05,1,24,0,0,0,0,0,0,199,0,0,0,0
211,D16,DASANI WATER 16.9OZ 24CT,WATER,415.0,51,21.84,23.08,6.99,6.99,6.99,6.99,6.0,0.99,14.2,Stable,-0.9,Stable,0.0,2025-03-11,2025-09-04,2,19,0,0,0,0,51,0,0,0,0,0,0
212,028200196408,MARL MENTHOL BLACK 100 BX 10CT,CIGARETTE,415.0,269,15.96,17.58,84.98,86.12,81.99,87.09,75.06,9.92,11.7,Stable,0.6,Stable,0.2,2025-03-10,2025-09-04,1,26,0,0,0,0,0,0,0,269,0,0,0
213,609249903419,ZYN 3MG WINTERGREEN 5CT,NICOTINE POUCHES,415.0,126,17.29,19.17,21.3,21.41,19.89,21.49,19.96,1.34,6.3,Stable,-1.0,Stable,0.1,2025-03-11,2025-09-03,2,24,0,0,0,0,0,2,124,0,0,0,0
214,761720071045,ARGO CORN STARCH 16OZ CAN 1CT,FOOD,415.0,48,19.76,13.92,2.44,2.49,0.00,2.49,2.0,0.44,17.9,Stable,-1.8,Stable,0.1,2025-03-10,2025-09-03,3,21,1,0,47,0,0,0,0,0,0,0,0
215,073100025891,COPENHAGEN LC WINTERGREEN 5CT,T7 SMOKELESS GA,410.0,181,15.77,17.33,25.39,25.65,24.79,25.99,24.26,1.13,4.5,Stable,-1.6,Stable,0.2,2025-03-10,2025-09-05,1,26,0,0,0,0,0,0,181,0,0,0,0
216,8001841804873,ALWAYS MAXI PADS 8CT,HOUSEHOLD GOODS,409.0,92,17.04,19.25,2.05,2.09,1.99,2.29,1.4,0.64,31.4,Stable,2.1,Stable,0.5,2025-03-11,2025-09-02,4,24,0,75,17,0,0,0,0,0,0,0,0
217,043300187606,LUCKY STRIKE ACTIVATE BLU 10CT,CIGARETTE,408.0,206,15.69,16.58,65.16,65.67,61.19,66.19,62.43,2.73,4.2,Stable,0.3,Stable,0.1,2025-03-11,2025-09-04,2,26,0,0,0,0,0,0,0,206,0,0,0
218,827854007463,AJAX DISH LIQUID 12.6OZ 1CT,CLEANING PRODUCTS,406.0,63,16.92,16.58,1.89,1.89,1.89,1.89,1.14,0.75,39.5,Stable,0.4,Stable,0.0,2025-03-10,2025-09-03,2,24,0,63,0,0,0,0,0,0,0,0,0
219,FC,FAYGO CAN 12OZ 24CT,DRINKS,406.0,58,17.65,17.5,9.08,9.14,8.99,9.49,7.69,1.39,15.3,Stable,0.8,Stable,0.2,2025-03-22,2025-09-02,3,23,0,0,0,0,58,0,0,0,0,0,0
220,716165177364,RAW CLSC KING SIZE SLIM 50CT ,CIG ROLLING PAPER,403.0,346,15.5,15.42,29.44,29.0,0.00,29.99,20.76,8.69,29.5,Stable,-1.2,Stable,-0.2,2025-03-10,2025-09-05,1,26,2,0,0,0,0,0,344,0,0,0,0
221,850070153492,EAT OHMS  TABLETS 6/4CT,KRATOM,402.0,65,17.48,25.92,69.37,65.4,63.00,82.50,60.46,8.91,12.8,Up,9.1,Stable,-0.8,2025-03-19,2025-09-03,3,23,0,0,0,0,0,0,0,65,0,0,0
222,609249902412,ZYN 3MG SPEARMINT 5CT,NICOTINE POUCHES,401.0,133,15.42,15.17,21.33,21.39,19.89,21.99,19.77,1.57,7.3,Stable,-2.3,Stable,0.0,2025-03-10,2025-09-02,4,26,0,0,0,0,0,1,132,0,0,0,0
223,070128950419,LUX BATH SOAP 80GM 1CT,CLEANING PRODUCTS,401.0,2,200.5,24.0,0.49,0.49,0.49,0.49,0.26,0.23,46.9,Up,87.3,Stable,0.0,2025-03-21,2025-08-18,19,2,2,0,0,0,0,0,0,0,0,0,0
224,JBPKG25,JBP PIPES G25K ASSORTED,JBR,401.0,8,57.29,0.5,46.72,46.26,46.25,47.50,46.72,0.0,0.0,Down,-17.3,Stable,-0.6,2025-03-16,2025-07-31,36,7,0,0,0,0,0,0,8,0,0,0,0
225,073010314092,TAMPAX SUPER 10CT,COSMETICS & BEAUTY,400.0,80,16.67,18.42,3.29,3.29,3.29,3.29,2.49,0.8,24.3,Stable,2.3,Stable,0.0,2025-03-12,2025-09-03,3,24,0,0,0,80,0,0,0,0,0,0,0
226,RAZ9K,RAZ 9000 PUFFS DISP 5CT,ELECTRONIC CIG,400.0,152,18.18,11.75,43.2,44.54,41.00,47.50,38.02,5.18,12.0,Stable,-3.4,Stable,0.4,2025-03-11,2025-08-07,30,22,0,0,0,0,0,0,152,0,0,0,0
227,799953039327,STOKER'S RED SUPREME $1.99 3OZ,LT-TAX PAID,398.0,199,15.31,12.75,18.98,18.99,17.99,18.99,16.94,2.04,10.8,Stable,-3.6,Stable,0.0,2025-03-10,2025-09-02,3,26,0,0,0,0,0,199,0,0,0,0,0
228,028200142207,MARL SB GOLD BOX  10CT,CIGARETTE,398.0,264,15.31,16.75,81.67,82.56,79.39,83.39,78.52,3.16,3.9,Stable,-0.1,Stable,0.2,2025-03-11,2025-09-05,1,26,0,0,0,0,0,0,0,264,0,0,0
229,LR,GROCERY L/ ROSES 36CT BX,NOVELTY ITEMS,397.0,135,15.27,15.5,2.97,2.97,1.99,2.99,0.85,2.12,71.4,Stable,-1.2,Stable,-0.0,2025-03-10,2025-09-04,2,26,0,1,134,0,0,0,0,0,0,0,0
230,751667074346,DJARUM 10/12PK BALI HAI ,CIGARS,396.0,177,15.23,8.0,55.9,55.99,40.60,55.99,39.71,16.19,29.0,Down,-10.3,Stable,0.0,2025-03-10,2025-09-03,3,26,0,0,0,0,0,0,1,176,0,0,0
231,GC1,GAS CAN 1 GALLON 1 CT,AUTOMOTIVE,396.0,99,15.23,18.25,9.49,9.49,9.49,9.49,6.16,3.33,35.1,Stable,1.7,Stable,0.0,2025-03-10,2025-09-02,3,26,0,0,0,0,99,0,0,0,0,0,0
232,708926563219,WILDHORSE MENTHOL GREEN 100 BX,CIGARETTE,393.0,182,15.12,12.42,40.99,40.99,40.75,40.99,39.13,1.85,4.5,Stable,-3.0,Stable,0.0,2025-03-10,2025-09-04,2,26,0,0,0,0,0,0,182,0,0,0,0
233,716165177128,RAW CONES CLSC 1 1/4CT 32/6PK,CIG ROLLING PAPER,389.0,319,14.96,16.75,36.28,36.61,35.99,38.99,27.48,8.8,24.3,Stable,1.1,Stable,0.2,2025-03-10,2025-09-05,1,26,0,0,0,0,0,0,319,0,0,0,0
234,769577921742,LOOSE LEAF 2/2.99 20CT EMRL DR,LT-TAX-COLLECTED,388.0,270,14.92,11.67,34.98,34.99,31.00,34.99,26.6,8.38,23.9,Stable,-4.8,Stable,0.0,2025-03-10,2025-09-02,4,26,0,0,0,0,0,0,270,0,0,0,0
235,G28,GATORADE 28OZ 15CT,DRINKS,386.0,85,14.85,20.08,24.99,24.99,24.99,24.99,23.2,1.79,7.2,Stable,2.7,Stable,-0.0,2025-03-12,2025-09-05,1,26,0,0,0,0,0,0,85,0,0,0,0
236,10609465149322,VIVA ZEN 12CT REGULAR SHOT,VITAMINS,384.0,138,14.77,16.25,30.18,30.63,0.00,35.00,27.1,3.08,10.2,Stable,0.1,Stable,0.1,2025-03-10,2025-09-05,1,26,1,0,0,0,0,0,137,0,0,0,0
237,G20,GATORADE 20OZ BOTTLE 24CT,DRINKS,383.0,110,14.73,20.58,27.99,27.99,27.99,27.99,26.4,1.59,5.7,Stable,2.7,Stable,-0.0,2025-03-11,2025-09-05,1,26,0,0,0,0,0,0,110,0,0,0,0
238,855553008160,NEON BUTANE 7X 10.14OZ 1CT ,LIGHTERS,383.0,49,16.65,12.33,1.79,1.79,1.79,1.79,1.1,0.69,38.5,Stable,0.9,Stable,0.0,2025-03-10,2025-09-05,1,23,0,49,0,0,0,0,0,0,0,0,0
239,751667067584,DJARUM 10/12PK SPECIAL,CIGARS,382.0,85,15.92,6.33,55.49,55.7,40.60,55.99,39.63,15.86,28.6,Down,-13.3,Stable,0.3,2025-03-11,2025-09-03,3,24,0,0,0,0,0,0,3,82,0,0,0
240,6970313642737,RYL CLSC 35K PUFFS 5CT,ELECTRONIC CIG,381.0,69,54.43,31.75,64.62,64.62,60.00,70.00,51.64,12.98,20.1,Down,-17.8,Stable,2.4,2025-07-24,2025-09-01,5,7,0,0,0,0,0,0,0,69,0,0,0
241,048794991005,7 DAYS CROISSANT 6CT,FOOD,379.0,144,14.58,12.0,8.49,8.49,8.49,8.49,7.02,1.47,17.3,Stable,-4.0,Stable,0.0,2025-03-10,2025-09-02,4,26,0,0,0,0,144,0,0,0,0,0,0
242,769577921018,LOOSE LEAF 2/2.99 20CT PRPL DR,LT-TAX-COLLECTED,377.0,302,14.5,12.42,34.99,34.99,34.99,34.99,26.6,8.39,24.0,Stable,-2.5,Stable,-0.0,2025-03-10,2025-09-03,3,26,0,0,0,0,0,0,302,0,0,0,0
243,751667067546,DJARUM 10/12PK RUBY/BLK CHERRY,CIGARS,377.0,76,15.08,4.92,55.61,55.99,40.60,55.99,39.78,15.83,28.5,Down,-14.7,Stable,0.1,2025-03-11,2025-09-05,1,25,0,0,0,0,0,0,2,74,0,0,0
244,070137005384,BLK & MLD 25CT PT MILD/SELECT ,CIGAR GA,374.0,215,14.38,15.42,28.17,28.39,27.29,28.39,24.58,3.59,12.7,Stable,-0.0,Stable,0.1,2025-03-10,2025-09-03,2,26,0,0,0,0,0,0,215,0,0,0,0
245,026100805765,NEWPORT MENTHOL GOLD BOX 10CT,CIGARETTE,371.0,297,14.27,15.0,88.65,89.63,86.89,90.49,87.06,1.6,1.8,Stable,0.1,Stable,0.2,2025-03-11,2025-09-05,1,26,0,0,0,0,0,0,0,297,0,0,0
246,073010214095,TAMPAX REGULAR 10CT,COSMETICS & BEAUTY,371.0,72,14.84,15.42,3.29,3.29,3.29,3.29,2.16,1.13,34.4,Stable,0.5,Stable,0.0,2025-03-12,2025-09-03,3,25,0,0,0,72,0,0,0,0,0,0,0
247,025900240806,SS MINI 3PK 15/3CT RED SWEETS,CIGARS,369.0,293,14.19,13.75,21.11,22.31,19.99,23.79,15.1,6.01,28.5,Stable,-1.4,Stable,0.9,2025-03-11,2025-09-04,1,26,0,0,0,0,0,207,86,0,0,0,0
248,073390009243,AIRHEADS PEG BAG 1CT,CANDYS,368.0,47,15.33,10.33,2.25,2.2,2.19,2.29,1.71,0.54,24.0,Stable,-4.0,Stable,-0.2,2025-03-15,2025-09-02,3,24,0,0,47,0,0,0,0,0,0,0,0
249,842426167079,GT 3/1.29 HD 15/3CT PURE SLVR,CIGAR GA,365.0,228,14.04,13.33,13.53,13.58,12.19,14.49,11.92,1.61,11.9,Stable,-2.1,Stable,0.1,2025-03-11,2025-09-05,1,26,0,0,0,0,0,228,0,0,0,0,0
250,071610341234,DM 2/1.29 30/2CT GOLD FUSION,CIGARS,364.0,268,14.0,14.25,29.99,29.99,29.99,29.99,23.4,6.59,22.0,Stable,-0.6,Stable,-0.0,2025-03-10,2025-09-03,3,26,0,0,0,0,0,0,268,0,0,0,0
251,681467003287,SENECA MENTHOL 100 BOX 10CT,CIGARETTE,364.0,184,14.0,14.25,31.61,32.04,30.99,33.59,30.12,1.49,4.7,Stable,-0.7,Stable,0.2,2025-03-12,2025-09-05,0,26,0,0,0,0,0,0,184,0,0,0,0
252,079200731427,NERDS PEG BAGS 5OZ 1CT,CANDYS,364.0,44,19.16,11.67,2.48,2.39,2.09,2.59,1.87,0.61,24.5,Stable,-1.4,Stable,-0.6,2025-03-15,2025-09-03,2,19,0,0,44,0,0,0,0,0,0,0,0
253,787269093218,UP LEEF ROSE BLEND 12GM BOTTLE,LT-TAX PAID,360.0,36,17.14,15.5,1.99,1.99,1.99,1.99,1.25,0.74,37.2,Stable,-0.2,Stable,0.0,2025-03-11,2025-08-30,7,21,0,36,0,0,0,0,0,0,0,0,0
254,028200147806,MARL SILVER 100 BOX 10CT,CIGARETTE,359.0,218,13.81,15.33,81.74,82.58,79.39,83.39,78.56,3.17,3.9,Stable,1.1,Stable,0.2,2025-03-10,2025-09-04,2,26,0,0,0,0,0,0,0,218,0,0,0
255,823325345669,VITA HS HONEY 12CT,VITAMINS,357.0,212,13.73,18.42,9.11,9.06,0.00,10.00,5.2,3.91,42.9,Stable,3.5,Stable,-0.0,2025-03-10,2025-09-05,1,26,2,0,0,0,207,3,0,0,0,0,0
256,028200136107,MARL MENTHOL BOX 10CT,CIGARETTE,357.0,262,13.73,15.25,84.92,86.02,81.99,87.09,81.53,3.39,4.0,Stable,0.7,Stable,0.2,2025-03-10,2025-09-05,1,26,0,0,0,0,0,0,0,262,0,0,0
257,TAKIS20,TAKIS FUEGO 4 OZ 20CT 1 CASE,FOOD,357.0,156,13.73,11.17,34.99,34.99,34.99,34.99,31.62,3.37,9.6,Stable,-4.1,Stable,-0.0,2025-03-11,2025-09-02,3,26,0,0,0,0,0,0,156,0,0,0,0
258,908193728810,EARTH KRATOM CAPSULES 150CT,CBD/HEMP,354.0,56,14.75,10.08,7.77,7.78,7.50,8.00,7.0,0.77,9.9,Stable,-2.4,Stable,0.1,2025-03-10,2025-08-17,20,24,0,0,0,0,56,0,0,0,0,0,0
259,022600642039,TROJAN MAGNUM 6/3CT BLACK,CONDOMS,351.0,259,13.5,14.17,8.51,8.53,8.49,8.99,7.7,0.81,9.6,Stable,-0.7,Stable,0.1,2025-03-10,2025-09-05,1,26,0,0,0,0,259,0,0,0,0,0,0
260,810159863452,LOOSE LEAF 2/2.99 20CT CKI CIN,LT-TAX-COLLECTED,349.0,161,43.62,18.92,34.99,34.99,34.99,34.99,26.6,8.39,24.0,Up,7.8,Stable,0.0,2025-04-17,2025-06-30,68,8,0,0,0,0,0,0,161,0,0,0,0
261,028200196309,MARL 72 RED BOX 10CT,CIGARETTE,347.0,265,13.35,15.08,81.75,82.61,79.39,83.39,78.54,3.21,3.9,Stable,0.8,Stable,0.2,2025-03-11,2025-09-04,1,26,0,0,0,0,0,0,0,265,0,0,0
262,043300187187,LUCKY STRIKE MENTHOL 100 BOX ,CIGARETTE,344.0,265,13.23,14.67,65.21,65.67,61.19,66.19,62.35,2.86,4.4,Stable,0.5,Stable,0.1,2025-03-10,2025-09-04,2,26,0,0,0,0,0,0,0,265,0,0,0
263,071610340848,BACKWOODS 5PK 8/5CT VANILLA,CIGARS,342.0,267,13.15,11.08,37.6,37.99,36.99,37.99,29.71,7.89,21.0,Stable,-2.9,Stable,0.1,2025-03-10,2025-09-04,1,26,0,0,0,0,0,0,267,0,0,0,0
264,850015847554,ROYAL KRATOM GOLD 150CT 1CT,VITAMINS,340.0,73,13.08,15.33,5.92,6.03,0.00,6.49,5.26,0.66,11.2,Stable,1.0,Stable,0.1,2025-03-14,2025-09-04,1,26,1,0,0,0,72,0,0,0,0,0,0
265,011000010029,MONTEGO RED 100 BOX 10CT,CIGARETTE,338.0,96,13.0,15.92,40.3,40.69,39.69,40.69,39.19,1.11,2.8,Stable,2.1,Stable,0.1,2025-03-12,2025-09-05,1,26,0,0,0,0,0,0,96,0,0,0,0
266,6976791280935,KOZED PEEELABLE GUMMY 2.7OZ,CANDYS,336.0,22,30.55,28.0,1.68,1.68,1.49,1.69,1.02,0.66,39.6,Down,-7.0,Stable,0.1,2025-06-10,2025-08-25,11,11,0,22,0,0,0,0,0,0,0,0,0
267,022000285942,SKITTLES 5.7OZ PEG BAG 1CT,CANDYS,334.0,43,19.65,6.58,2.39,2.39,2.39,2.39,1.82,0.57,23.9,Down,-8.1,Stable,-0.0,2025-03-11,2025-09-03,2,17,0,0,43,0,0,0,0,0,0,0,0
268,817458027080,WILDHEMP WRAP 4/99 20CT NATURL,BLUNT WRAP,331.0,93,12.73,11.0,12.14,11.97,0.00,12.99,9.5,2.64,21.8,Stable,-4.3,Stable,0.3,2025-03-11,2025-09-04,1,26,5,0,0,0,0,88,0,0,0,0,0
269,842426170765,GT WOODS 2/1.39 15/2CT GLD HNY,CIGAR GA,330.0,210,12.69,13.67,16.49,16.49,16.49,16.49,14.81,1.68,10.2,Stable,-0.1,Stable,-0.0,2025-03-11,2025-09-05,1,26,0,0,0,0,0,210,0,0,0,0,0
270,011000010005,MONTEGO RED KING BOX 10CT,CIGARETTE,330.0,90,12.69,14.08,40.26,40.69,39.69,40.69,39.2,1.05,2.6,Stable,0.8,Stable,0.1,2025-03-10,2025-09-05,1,26,0,0,0,0,0,0,90,0,0,0,0
271,C12,CELSIUS LF ALL FLVRS 12OZ 12CT,DRINKS,329.0,78,12.65,16.5,22.99,22.99,22.99,22.99,19.45,3.54,15.4,Stable,1.7,Stable,-0.0,2025-03-14,2025-09-05,1,26,0,0,0,0,0,0,78,0,0,0,0
272,634418523525,ALBANESE GUMMY 7OZ PEG 1CT,CANDYS,329.0,33,16.45,13.33,2.49,2.49,2.49,2.49,1.96,0.53,21.3,Stable,-2.8,Stable,0.0,2025-03-19,2025-09-01,5,20,0,0,33,0,0,0,0,0,0,0,0
273,025900249618,SS LEAF 3/2.49 10CT DARK LEAF,CIGARS,326.0,134,54.33,27.17,20.99,20.99,20.99,20.99,15.25,5.74,27.3,Down,-23.0,Stable,-0.0,2025-07-28,2025-09-05,1,6,0,0,0,0,0,0,134,0,0,0,0
274,073100025952,COPENHAGEN LC STRAIGHT 5CT,T7 SMOKELESS GA,324.0,154,12.46,16.0,25.47,25.69,24.79,25.99,24.36,1.11,4.4,Stable,2.5,Stable,0.2,2025-03-11,2025-08-31,5,26,0,0,0,0,0,0,154,0,0,0,0
275,842426170550,GT WOODS 2/1.39 15/2CT SW AROM,CIGAR GA,323.0,210,12.42,13.0,16.49,16.49,16.49,16.49,14.81,1.68,10.2,Stable,-0.6,Stable,-0.0,2025-03-11,2025-09-05,1,26,0,0,0,0,0,210,0,0,0,0,0
276,642125393072,U PASS 3OZ 6CT.,MEDICINE,321.0,245,12.35,11.67,24.16,24.58,0.00,26.99,20.13,4.03,16.7,Stable,-1.5,Stable,0.3,2025-03-10,2025-09-04,1,26,1,0,0,0,0,0,244,0,0,0,0
277,810159861489,LOOSE LEAF 2/2.99 20CT SWT ARM,LT-TAX-COLLECTED,321.0,253,12.84,12.75,34.99,34.99,34.99,34.99,26.6,8.39,24.0,Stable,-1.2,Stable,0.0,2025-03-10,2025-08-25,12,25,0,0,0,0,0,0,253,0,0,0,0
278,071610341739,BACKWOODS 5PK 8/5CT BANANA FST,CIGAR GA,320.0,222,12.8,8.92,38.57,38.99,36.99,38.99,35.11,3.46,9.0,Down,-5.6,Stable,0.1,2025-03-17,2025-09-05,1,25,0,0,0,0,0,0,222,0,0,0,0
279,041333415017,DURACELL AA 4PK 1CT,BATTERY,319.0,67,13.87,15.83,4.04,4.08,3.99,4.49,2.68,1.36,33.7,Stable,1.9,Stable,0.3,2025-03-11,2025-09-05,1,23,0,0,0,67,0,0,0,0,0,0,0
280,619682009876,EZ ROLL .49C 25CT JAMAICAN RUM,BLUNT WRAP,319.0,167,13.29,12.5,6.99,6.99,6.99,6.99,6.15,0.84,12.0,Stable,-3.0,Stable,-0.0,2025-03-10,2025-09-03,2,24,0,0,0,0,167,0,0,0,0,0,0
281,810159861540,LOOSE LEAF 2/2.99 20CT RUSS CR,LT-TAX-COLLECTED,317.0,216,21.13,16.33,34.99,34.99,34.99,34.99,26.6,8.39,24.0,Stable,-3.7,Stable,0.0,2025-04-15,2025-09-05,1,15,0,0,0,0,0,0,216,0,0,0,0
282,031700239834,GAME LEAF 3/2.19 10/3CT W RUSS,CIGARS,316.0,178,52.67,26.33,16.99,16.99,16.99,16.99,12.5,4.49,26.4,Down,-14.3,Stable,-0.0,2025-07-28,2025-09-05,1,6,0,0,0,0,0,178,0,0,0,0,0
283,022600228882,TROJAN MAGNUM 6/3CT BARESKIN,CONDOMS,315.0,245,12.12,13.92,13.99,13.99,13.99,13.99,11.25,2.74,19.6,Stable,0.5,Stable,-0.0,2025-03-10,2025-09-05,1,26,0,0,0,0,0,245,0,0,0,0,0
284,609249904423,ZYN 6MG COFEE 5CT,NICOTINE POUCHES,314.0,132,12.08,9.33,21.3,21.39,19.89,21.49,20.26,1.04,4.9,Stable,-4.2,Stable,0.0,2025-03-12,2025-09-05,1,26,0,0,0,0,0,4,128,0,0,0,0
285,070137505259,BLK & MLD 10/5PK WT REGULAR ,CIGARS,314.0,235,12.08,14.25,63.04,63.73,59.01,63.79,45.63,17.41,27.6,Stable,0.4,Stable,0.2,2025-03-10,2025-09-04,1,26,0,0,0,0,0,0,0,235,0,0,0
286,FB,FOCO COCO JUICE 17.6OZ 24CT,DRINKS,314.0,236,12.08,13.42,29.99,29.99,29.99,29.99,25.5,4.49,15.0,Stable,0.5,Stable,-0.0,2025-03-11,2025-09-05,1,26,0,0,0,0,0,0,236,0,0,0,0
287,016000144248,CHEX MIX SNACK MIX 3.75/4.5 OZ,FOOD,313.0,36,15.65,7.0,2.57,2.69,2.49,2.69,1.98,0.59,22.9,Down,-6.8,Stable,0.6,2025-03-13,2025-09-01,4,20,0,0,36,0,0,0,0,0,0,0,0
288,070137500384,BLK & MLD 10/5PK PT SELECT/MLD,CIGAR GA,312.0,218,12.0,12.25,56.24,56.69,54.59,56.69,49.16,7.08,12.6,Stable,-1.0,Stable,0.1,2025-03-10,2025-09-05,0,26,0,0,0,0,0,0,0,218,0,0,0
289,SPB5,SOUR PUNCH BITES PEG 5OZ 1CT,CANDYS,311.0,37,15.55,8.17,1.6,1.49,1.49,1.69,1.17,0.43,27.0,Down,-5.8,Stable,-0.9,2025-03-11,2025-09-03,2,20,0,37,0,0,0,0,0,0,0,0,0
290,031700239773,GAME LEAF 3/2.19 10/3CT DARK,CIGARS,310.0,144,51.67,25.83,16.99,16.99,16.99,16.99,12.5,4.49,26.4,Down,-20.6,Stable,0.0,2025-07-28,2025-09-05,1,6,0,0,0,0,0,144,0,0,0,0,0
291,071610495883,DM 3/$1.99 PALMA  20/3CT,CIGARS,306.0,137,13.91,14.42,31.99,31.99,31.99,31.99,24.0,7.99,25.0,Stable,3.9,Stable,0.0,2025-03-11,2025-09-02,3,22,0,0,0,0,0,0,137,0,0,0,0
292,FP,FP  LEMONHEAD ALL FLV 24CT,CANDYS,305.0,142,11.73,12.75,7.49,7.49,7.49,7.49,6.0,1.49,19.9,Stable,-0.1,Stable,-0.0,2025-03-10,2025-09-04,2,26,0,0,0,0,142,0,0,0,0,0,0
293,070137511212,BLK & MLD 25CT PT JAZZ ,CIGARS,305.0,99,12.2,10.58,28.1,28.39,27.29,28.39,20.54,7.56,26.9,Stable,-3.0,Stable,0.2,2025-03-11,2025-09-05,1,25,0,0,0,0,0,0,99,0,0,0,0
294,025900247478,SS BLK $0.79 20/1CT - SMOOTH,CIGARS,305.0,135,11.73,15.33,12.43,12.49,11.99,12.49,9.1,3.33,26.8,Stable,0.9,Stable,0.1,2025-03-10,2025-09-04,1,26,0,0,0,0,0,135,0,0,0,0,0
295,070330644793,LGT BIC MINI 50 + 3,LIGHTERS,303.0,258,11.65,11.67,40.78,41.67,39.99,44.99,36.27,4.52,11.1,Stable,-0.5,Stable,0.4,2025-03-10,2025-09-05,1,26,0,0,0,0,0,0,258,0,0,0,0
296,042100024975,COUGAR LC WINTERGREEN 5CT,T7 SMOKELESS GA,301.0,114,12.04,13.17,15.7,16.01,14.99,16.49,14.63,1.07,6.8,Stable,-1.2,Stable,0.4,2025-03-18,2025-09-05,1,25,0,0,0,0,0,114,0,0,0,0,0
297,071610340473,BACKWOODS 3PK 10/3CT RUSS CRM,CIGARS,301.0,240,11.58,10.42,30.85,31.49,29.79,31.49,23.7,7.16,23.2,Stable,-1.7,Stable,0.3,2025-03-11,2025-09-05,1,26,0,0,0,0,0,0,240,0,0,0,0
298,842426165334,GT 4/1.19 4KS 15/4CT GREEN SWT,CIGAR GA,300.0,228,11.54,12.33,12.06,12.12,11.99,12.99,10.51,1.55,12.8,Stable,-0.3,Stable,0.1,2025-03-10,2025-09-05,1,26,0,0,0,0,0,228,0,0,0,0,0
299,842426167130,GT 3/1.29 HD 15/3CT RUS CRM,CIGAR GA,300.0,211,11.54,11.58,13.53,13.6,12.19,14.49,11.98,1.56,11.5,Stable,-0.9,Stable,0.1,2025-03-11,2025-09-05,1,26,0,0,0,0,0,211,0,0,0,0,0
300,842426170581,GT WOODS 2/1.39 15/2CT CLASSIC,CIGAR GA,295.0,183,11.35,12.75,16.48,16.48,15.35,16.49,14.81,1.67,10.2,Stable,-0.8,Stable,-0.0,2025-03-10,2025-09-01,5,26,0,0,0,0,0,183,0,0,0,0,0
301,025900525453,SS 2/$1.19 30/2CT - COOKIE CRM,CIGARS,294.0,138,13.36,6.5,25.98,25.99,25.39,25.99,20.05,5.93,22.8,Down,-7.6,Stable,0.0,2025-04-01,2025-08-27,9,22,0,0,0,0,0,0,138,0,0,0,0
302,031700236840,GAME MINI 3/1.29 15/3CT DIAMND,CIGARS,294.0,217,14.7,8.08,15.29,15.29,15.29,15.29,10.88,4.41,28.8,Stable,-0.7,Stable,0.0,2025-03-10,2025-09-05,1,20,0,0,0,0,0,217,0,0,0,0,0
303,037900991480,RONSON BUTANE FUEL 5.73OZ,LIGHTERS,292.0,66,12.17,13.58,3.03,3.07,2.99,3.19,2.47,0.56,18.6,Stable,-1.5,Stable,0.3,2025-03-13,2025-09-05,1,24,0,0,53,13,0,0,0,0,0,0,0
304,858103003653,PREGNANCY TEST  1CT,MEDICINE,291.0,45,13.23,13.83,1.09,1.09,0.99,1.09,0.7,0.39,35.6,Stable,3.6,Stable,0.0,2025-03-15,2025-09-05,1,22,1,44,0,0,0,0,0,0,0,0,0
305,025900336882,SS BLK 2/1.49 30/2CT CHERRY,CIGARS,291.0,206,12.65,13.08,32.59,32.59,32.59,32.59,23.4,9.19,28.2,Stable,0.9,Stable,-0.0,2025-04-05,2025-09-03,3,23,0,0,0,0,0,0,206,0,0,0,0
306,028200196507,MARL 72 GOLD BOX 10CT,CIGARETTE,291.0,221,11.19,12.33,81.72,82.69,79.39,83.39,78.49,3.23,4.0,Stable,0.4,Stable,0.2,2025-03-10,2025-09-05,1,26,0,0,0,0,0,0,0,221,0,0,0
307,070137505297,BLK & MLD 10/5PK WT WINE ,CIGAR GA,291.0,206,11.19,11.5,62.73,63.75,59.79,63.79,53.95,8.78,14.0,Stable,-0.8,Stable,0.2,2025-03-10,2025-09-05,0,26,0,0,0,0,0,0,0,206,0,0,0
308,090500100287,SALEM MENTHOL GOLD 100 BX 10CT,CIGARETTE,289.0,215,11.12,12.5,96.1,97.5,92.09,97.79,93.42,2.68,2.8,Stable,1.2,Stable,0.2,2025-03-11,2025-09-05,0,26,0,0,0,0,0,0,0,215,0,0,0
309,722831505935,BLACK BAR 30K PUFFS 5CT,ELECTRONIC CIG,287.0,33,95.67,23.92,75.3,75.3,70.00,77.50,62.5,12.8,17.0,Down,-55.4,Stable,-2.6,2025-08-21,2025-09-02,3,3,0,0,0,0,0,0,0,33,0,0,0
310,037900991442,RONSON BUTANE FUEL 2.67OZ,LIGHTERS,286.0,57,13.0,10.67,2.41,2.44,2.39,2.49,1.94,0.47,19.6,Stable,-1.4,Stable,0.2,2025-03-12,2025-09-05,1,22,0,0,57,0,0,0,0,0,0,0,0
311,C2L,COKE 2LTR 8CT CASE,DRINKS,286.0,84,11.44,11.17,19.99,19.99,19.99,19.99,18.99,1.0,5.0,Stable,0.1,Stable,-0.0,2025-03-12,2025-09-04,2,25,0,0,0,0,0,84,0,0,0,0,0
312,609249901415,ZYN 3MG PEPPERMINT 5CT,NICOTINE POUCHES,285.0,129,10.96,10.67,21.32,21.36,19.89,21.99,19.47,1.85,8.7,Stable,-1.3,Stable,0.0,2025-03-10,2025-09-03,2,26,0,0,0,0,0,1,128,0,0,0,0
313,M16,MONSTER ENERGY 16OZ 24CT,DRINKS,284.0,116,10.92,12.5,41.99,41.99,41.99,41.99,38.69,3.3,7.9,Stable,1.8,Stable,-0.0,2025-03-10,2025-09-05,1,26,0,0,0,0,0,0,116,0,0,0,0
314,071610499508,DM 3PK 20/3CT PALMA BLUE,CIGARS,284.0,201,10.92,13.42,42.28,42.49,41.69,42.49,32.68,9.6,22.7,Stable,1.9,Stable,0.1,2025-03-11,2025-09-05,1,26,0,0,0,0,0,0,201,0,0,0,0
315,041333215013,DURACELL AA 2PK 1CT,BATTERY,284.0,62,12.35,11.17,2.33,2.37,2.29,2.69,1.52,0.81,34.7,Stable,-1.1,Stable,0.4,2025-03-11,2025-09-04,1,23,0,0,62,0,0,0,0,0,0,0,0
316,PAP4,PAPER BAG NO 04 500CT,SHOPPING BAGS,283.0,179,10.88,12.58,9.99,9.99,9.99,9.99,4.99,5.0,50.1,Stable,-0.1,Stable,0.0,2025-03-10,2025-09-05,0,26,0,0,0,0,179,0,0,0,0,0,0
317,047995855185,AMERICAN SPIRIT BLUE 10CT,CIGARETTE,283.0,228,10.88,12.33,90.96,91.9,89.09,92.69,88.45,2.51,2.8,Stable,1.4,Stable,0.2,2025-03-11,2025-09-04,2,26,0,0,0,0,0,0,0,228,0,0,0
318,043300187156,LUCKY STRIKE MENTHOL BOX 10CT,CIGARETTE,283.0,222,10.88,12.67,65.21,65.67,64.19,66.19,62.29,2.92,4.5,Stable,0.8,Stable,0.1,2025-03-11,2025-09-04,2,26,0,0,0,0,0,0,0,222,0,0,0
319,10840048219043,JUUL 5% 6/4CT 23.99 CLSC MENTH,ECIG - PODS,283.0,30,17.69,4.25,69.64,71.66,66.00,74.99,61.8,7.84,11.3,Down,-10.3,Stable,0.4,2025-03-13,2025-09-02,3,16,0,0,0,0,0,0,0,30,0,0,0
320,OKF16,OKF ALOE DRINK 16.9OZ 20CT.,DRINKS,282.0,103,11.28,13.92,23.99,23.99,23.99,23.99,19.5,4.49,18.7,Stable,2.7,Stable,0.0,2025-03-12,2025-09-04,2,25,0,0,0,0,0,0,103,0,0,0,0
321,691835653853,FANCY GRINDER ASSORTED 1CT,NOVELTY ITEMS,281.0,38,15.61,14.0,4.65,4.64,3.75,4.99,3.74,0.91,19.5,Stable,-2.9,Stable,0.1,2025-04-09,2025-09-03,2,18,0,0,0,38,0,0,0,0,0,0,0
322,048014009916,RIPS PEG BAG 4OZ 1CT,CANDYS,279.0,23,17.44,6.75,1.89,1.89,1.89,1.89,1.4,0.49,26.1,Down,-6.4,Stable,0.0,2025-03-13,2025-09-03,2,16,0,23,0,0,0,0,0,0,0,0,0
323,RAP12,RAPTURE KRATOM SELTZER 12OZ,NOVELTY ITEMS,279.0,20,19.93,16.17,3.87,3.86,3.50,3.99,3.06,0.81,21.0,Stable,-4.0,Stable,-0.1,2025-03-24,2025-08-24,12,14,0,0,0,20,0,0,0,0,0,0,0
324,028200178404,PARLIAMENT WHITE KING BOX 10CT,CIGARETTE,277.0,185,10.65,11.08,96.17,97.37,93.39,98.49,93.53,2.64,2.7,Stable,-1.0,Stable,0.2,2025-03-10,2025-09-04,1,26,0,0,0,0,0,0,0,185,0,0,0
325,842426170703,GT WOODS 2/1.39 15/2CT SILVER,CIGAR GA,276.0,175,10.62,12.0,16.48,16.48,15.35,16.49,14.81,1.67,10.2,Stable,-0.4,Stable,-0.0,2025-03-11,2025-09-05,1,26,0,0,0,0,0,175,0,0,0,0,0
326,079200074593,SWEETTARTS CHEWY 5OZ PEG,CANDYS,276.0,29,13.14,12.67,2.58,2.59,2.39,2.59,2.09,0.49,19.0,Stable,1.7,Stable,0.0,2025-03-20,2025-09-03,3,21,0,0,29,0,0,0,0,0,0,0,0
327,043300109189,LUCKY STRIKE RED BOX 10CT,CIGARETTE,276.0,208,10.62,11.58,65.17,65.65,64.19,66.19,62.03,3.14,4.8,Stable,0.0,Stable,0.1,2025-03-13,2025-09-04,2,26,0,0,0,0,0,0,0,208,0,0,0
328,090500100201,KOOL BLUE BOX 10CT,CIGARETTE,274.0,220,10.54,10.75,83.34,84.35,80.89,84.49,81.13,2.21,2.7,Stable,-0.2,Stable,0.2,2025-03-11,2025-09-05,0,26,0,0,0,0,0,0,0,220,0,0,0
329,071610301931,BACKWOODS 5PK 8/5CT SWT AROM,CIGARS,273.0,206,10.5,12.17,37.67,37.99,36.99,37.99,26.53,11.14,29.6,Stable,-0.2,Stable,0.1,2025-03-10,2025-09-03,2,26,0,0,0,0,0,0,206,0,0,0,0
330,649964992787,RED HERRING GRABBA CRUSH 15CT,LT-TAX PAID,273.0,208,10.5,12.0,24.99,24.99,24.99,24.99,20.77,4.22,16.9,Stable,0.1,Stable,-0.0,2025-03-10,2025-09-03,2,26,0,0,0,0,0,0,208,0,0,0,0
331,619682010124,EZ ROLL .49C 25CT BLUEBERRY,BLUNT WRAP,270.0,146,10.38,8.75,6.99,6.99,6.99,6.99,6.14,0.85,12.2,Stable,-1.7,Stable,-0.0,2025-03-10,2025-09-05,0,26,0,0,0,0,146,0,0,0,0,0,0
332,037900991428,RONSON BUTANE FUEL 1.48OZ 1CT,LIGHTERS,266.0,52,15.65,9.33,1.99,1.99,1.99,1.99,1.52,0.47,23.6,Stable,0.2,Stable,0.0,2025-03-12,2025-09-02,4,17,0,52,0,0,0,0,0,0,0,0,0
333,609249900418,ZYN 3MG COOL MINT 5CT,NICOTINE POUCHES,265.0,99,11.52,11.17,21.31,21.36,19.89,21.49,19.84,1.47,6.9,Stable,-2.6,Stable,0.0,2025-03-19,2025-09-04,1,23,0,0,0,0,0,1,98,0,0,0,0
334,04288716,GRIZZLY LC STRAIGHT 5CT,T7 SMOKELESS GA,263.0,103,10.12,9.0,25.55,26.08,24.69,26.49,24.39,1.15,4.5,Stable,-1.5,Stable,0.3,2025-03-10,2025-09-05,1,26,0,0,0,0,0,0,103,0,0,0,0
335,6976110755878,JUICY BAR 25000 PUFFS PRO 5CT,ELECTRONIC CIG,262.0,33,32.75,21.83,44.92,44.92,39.50,47.50,38.72,6.21,13.8,Down,-9.6,Stable,-0.4,2025-07-13,2025-09-03,3,8,0,0,0,0,0,0,33,0,0,0,0
336,090500100249,SALEM MENTHOL KING BOX 10CT,CIGARETTE,258.0,200,9.92,10.08,95.85,97.38,92.09,97.79,93.07,2.77,2.9,Stable,-0.9,Stable,0.2,2025-03-10,2025-09-04,2,26,0,0,0,0,0,0,0,200,0,0,0
337,700598111965,REMARKABLE KRATOM 8OZ 1CT,VITAMINS,256.0,48,12.19,12.08,12.39,12.1,0.00,13.99,10.74,1.65,13.3,Stable,1.2,Stable,-0.1,2025-03-17,2025-09-03,2,21,1,0,0,0,0,47,0,0,0,0,0
338,026100806700,NEWPORT SMOOTH SELECT BOX 10CT,CIGARETTE,255.0,212,9.81,10.42,88.69,89.69,86.89,90.49,87.21,1.48,1.7,Stable,0.1,Stable,0.2,2025-03-10,2025-09-03,2,26,0,0,0,0,0,0,0,212,0,0,0
339,043300109271,LUCKY STRIKE RED 100 BOX 10CT,CIGARETTE,253.0,211,9.73,10.58,65.24,65.76,64.19,66.19,62.09,3.15,4.8,Stable,0.3,Stable,0.1,2025-03-11,2025-09-03,2,26,0,0,0,0,0,0,0,211,0,0,0
340,028200334817,MARL BLACK GOLD BOX 10CT,CIGARETTE,252.0,146,9.69,10.08,81.73,82.64,79.39,83.39,74.32,7.4,9.1,Stable,0.3,Stable,0.2,2025-03-10,2025-09-05,1,26,0,0,0,0,0,0,0,146,0,0,0
341,097339000054,VALENTINA SALSA RED 12OZ,FOOD,250.0,43,11.9,13.25,1.49,1.49,1.49,1.49,1.02,0.47,31.5,Stable,2.1,Stable,0.0,2025-03-18,2025-09-04,2,21,0,43,0,0,0,0,0,0,0,0,0
342,025900240790,SS MINI 3PK 15/3CT DIAMOND,CIGARS,250.0,182,9.62,10.08,20.95,22.1,19.99,23.79,14.47,6.48,30.9,Stable,-1.0,Stable,0.9,2025-03-10,2025-09-03,2,26,0,0,0,0,0,136,46,0,0,0,0
343,025900359539,SS LEAF 3/2.49 10CT COGNAC,CIGARS,248.0,142,9.54,8.58,20.19,20.53,19.99,20.99,14.37,5.82,28.8,Stable,-3.2,Stable,0.2,2025-03-11,2025-09-04,1,26,0,0,0,0,0,113,29,0,0,0,0
344,796559467110,SLAPWOODS 10/5PK NATURAL,LT-TAX PAID,248.0,122,13.78,8.17,39.99,39.99,39.99,39.99,29.43,10.56,26.4,Down,-7.8,Stable,0.0,2025-03-10,2025-09-04,2,18,0,0,0,0,0,0,122,0,0,0,0
345,10840048202960,JUUL CLASSIC MENTHL 3% 4PK 8CT,ECIG - PODS,247.0,74,11.23,12.5,103.55,104.99,100.64,108.69,97.48,6.08,5.9,Stable,2.8,Stable,0.3,2025-03-13,2025-08-24,12,22,0,0,0,0,0,0,0,0,74,0,0
346,036600814013,CHAPSTICK MOISTURIZER 1CT,MEDICINE,247.0,32,13.72,11.75,1.69,1.69,1.69,1.69,1.25,0.44,26.0,Stable,-0.5,Stable,0.0,2025-03-20,2025-08-24,13,18,0,32,0,0,0,0,0,0,0,0,0
347,766679205749,MODUS SMAX TABLETS 10/4CT,KRATOM,245.0,40,27.22,20.42,148.26,148.26,135.00,155.00,130.5,17.76,12.0,Stable,1.1,Stable,-0.1,2025-06-17,2025-09-04,1,9,0,0,0,0,0,0,0,0,40,0,0
348,609249906427,ZYN 6MG CINNAMON 5CT,NICOTINE POUCHES,244.0,106,9.76,8.25,21.37,21.4,20.39,21.99,19.9,1.46,6.8,Stable,-4.1,Stable,0.0,2025-03-10,2025-09-01,4,25,0,0,0,0,0,0,106,0,0,0,0
349,609249907417,ZYN 3MG CITRUS 5CT,NICOTINE POUCHES,241.0,92,10.04,10.33,21.28,21.38,19.89,21.49,20.04,1.24,5.8,Stable,0.2,Stable,0.1,2025-03-11,2025-09-04,1,24,0,0,0,0,0,3,89,0,0,0,0
350,POWER32,POWERADE 28OZ 15CT,DRINKS,239.0,71,9.56,11.0,22.99,22.99,22.99,22.99,19.81,3.18,13.8,Stable,0.9,Stable,0.0,2025-03-13,2025-08-29,8,25,0,0,0,0,0,0,71,0,0,0,0
351,026100806687,NEWPORT SMOOTH SELECT 100,CIGARETTE,238.0,201,9.15,10.33,88.73,89.7,86.89,90.49,87.19,1.55,1.7,Stable,1.4,Stable,0.2,2025-03-11,2025-09-03,2,26,0,0,0,0,0,0,0,201,0,0,0
352,J24,JARRITOS 12.5/16.9 OZ 24 CT,DRINKS,238.0,127,9.15,9.5,27.99,27.99,27.99,27.99,24.31,3.68,13.1,Stable,-0.5,Stable,-0.0,2025-03-11,2025-09-04,1,26,0,0,0,0,0,0,127,0,0,0,0
353,609249923226,ZYN 6MG MENTHOL 5CT,NICOTINE POUCHES,238.0,102,9.52,5.83,21.36,21.46,19.89,21.99,20.02,1.34,6.3,Down,-8.1,Stable,0.1,2025-03-11,2025-08-30,7,25,0,0,0,0,0,3,99,0,0,0,0
354,840352516312,FLYING H 3GM 5CT STONER BLEND,ECIG - DISP D8,237.0,76,9.12,9.25,33.62,34.03,32.00,37.50,30.0,3.62,10.8,Stable,0.0,Stable,0.2,2025-03-10,2025-09-05,1,26,0,0,0,0,0,0,76,0,0,0,0
355,025900287344,SS 2/$1.19 30/2CT - GRAPE,CIGARS,237.0,192,10.3,8.83,25.99,25.99,25.99,25.99,20.05,5.94,22.9,Stable,0.8,Stable,-0.0,2025-03-10,2025-08-13,23,23,0,0,0,0,0,0,192,0,0,0,0
356,769577921193,LOOSE LEAF 2/2.99 20CT YLW DRM,LT-TAX-COLLECTED,236.0,176,9.08,6.67,34.97,34.99,31.00,34.99,26.6,8.37,23.9,Stable,-4.8,Stable,0.0,2025-03-10,2025-09-03,2,26,0,0,0,0,0,0,176,0,0,0,0
357,628504926123,VIVA ZEN 12CT ULTIMATE,VITAMINS,236.0,115,9.44,10.67,93.02,93.24,91.50,103.00,88.5,4.52,4.9,Stable,1.7,Stable,0.0,2025-03-10,2025-09-04,1,25,0,0,0,0,0,0,0,108,7,0,0
358,070137839958,BLK & MLD NICE PR 25CT PT REG,CIGARS,235.0,10,39.17,14.58,24.39,24.39,24.39,24.39,18.34,6.05,24.8,Down,-15.7,Stable,0.0,2025-05-14,2025-08-22,15,6,0,0,0,0,0,0,10,0,0,0,0
359,CL,CURAD GLOVES 1CT,HOUSEHOLD GOODS,234.0,105,9.0,6.67,6.73,6.71,0.00,6.99,4.44,2.29,34.0,Stable,-3.0,Stable,-0.0,2025-03-10,2025-09-04,2,26,3,0,0,2,100,0,0,0,0,0,0
360,840158609782,FRE 15MG POUCH 5CT WINTERGRN,NICOTINE POUCHES,234.0,33,13.0,12.0,20.17,20.22,18.99,20.49,19.01,1.16,5.8,Stable,1.3,Stable,0.1,2025-04-03,2025-09-03,3,18,0,0,0,0,0,16,17,0,0,0,0
361,872451257827,BLUE RISE 8OZ BOTTLE 1CT,VITAMINS,233.0,42,10.59,12.42,19.94,19.67,19.50,21.00,18.47,1.47,7.4,Stable,2.9,Stable,-0.4,2025-03-17,2025-09-04,1,22,0,0,0,0,0,25,17,0,0,0,0
362,090500100270,SALEM MENTHOL GOLD BOX 10CT,CIGARETTE,233.0,176,8.96,9.92,95.98,97.38,92.09,97.79,93.02,2.97,3.1,Stable,-0.5,Stable,0.2,2025-03-11,2025-09-02,4,26,0,0,0,0,0,0,0,176,0,0,0
363,022600646037,TROJAN MAGNUM 6/3CT THIN BLK,CONDOMS,232.0,200,8.92,10.08,11.99,11.99,11.99,11.99,9.19,2.8,23.3,Stable,-0.2,Stable,-0.0,2025-03-10,2025-09-05,1,26,0,0,0,0,0,200,0,0,0,0,0
364,073100030369,COPENHAGEN LC MINT 5CT,T7 SMOKELESS GA,232.0,118,8.92,10.92,25.44,25.7,24.79,25.99,24.21,1.23,4.8,Stable,1.8,Stable,0.2,2025-03-10,2025-09-05,1,26,0,0,0,0,0,0,118,0,0,0,0
365,757528046682,TAKIS 5.5OZ CAN 1CT,FOOD,231.0,40,10.5,8.5,2.49,2.49,2.49,2.49,1.93,0.56,22.5,Stable,-0.3,Stable,-0.0,2025-03-21,2025-09-03,2,22,0,0,40,0,0,0,0,0,0,0,0
366,018505123360,SQUEEGEES FOR WINDOWS 1CT,MISC,229.0,28,14.31,6.42,2.29,2.29,2.29,2.29,0.79,1.5,65.5,Down,-7.5,Stable,0.0,2025-03-11,2025-08-25,12,16,0,0,28,0,0,0,0,0,0,0,0
367,700598115697,OPMS SILVER 144G/240CT GRN MD,VITAMINS,227.0,33,11.95,7.75,14.58,14.46,12.75,16.50,12.44,2.13,14.6,Stable,-0.2,Stable,-0.5,2025-03-15,2025-09-03,3,19,0,0,0,0,0,33,0,0,0,0,0
368,HL,T-SHIRT HARLEM LONG SLEEVE 1CT,NOVELTY ITEMS,226.0,11,22.6,4.08,3.99,3.99,3.99,3.99,3.0,0.99,24.8,Down,-17.9,Stable,0.0,2025-03-14,2025-08-19,17,10,0,0,0,11,0,0,0,0,0,0,0
369,619682010209,EZ ROLL .49C 25CT GA PEACH,BLUNT WRAP,225.0,137,8.65,7.67,6.99,6.99,6.99,6.99,6.13,0.86,12.4,Stable,-2.0,Stable,-0.0,2025-03-11,2025-08-31,6,26,0,0,0,0,137,0,0,0,0,0,0
370,842426166959,GT 3/1.29 HD 15/3CT GRN SWT ,CIGAR GA,225.0,149,8.65,7.83,13.51,13.58,12.19,14.49,11.92,1.59,11.8,Stable,-1.9,Stable,0.1,2025-03-10,2025-09-05,1,26,0,0,0,0,0,149,0,0,0,0,0
371,769577838033,LOOSE LEAF 2/2.99 20CT AMBR DR,LT-TAX-COLLECTED,224.0,188,8.96,7.0,34.99,34.99,34.99,34.99,26.6,8.39,24.0,Stable,-3.3,Stable,0.0,2025-03-11,2025-09-04,2,25,0,0,0,0,0,0,188,0,0,0,0
372,842426170611,GT WOODS 2/1.39 15/2CT DIAMOND,CIGAR GA,223.0,166,8.58,9.33,16.49,16.49,16.49,16.49,14.81,1.68,10.2,Stable,0.0,Stable,-0.0,2025-03-10,2025-09-05,1,26,0,0,0,0,0,166,0,0,0,0,0
373,028200132307,MARL MENTHOL SMOOTH BOX 10CT,CIGARETTE,222.0,178,8.54,8.33,84.84,86.06,81.99,87.09,81.42,3.42,4.0,Stable,0.1,Stable,0.2,2025-03-10,2025-09-05,1,26,0,0,0,0,0,0,0,178,0,0,0
374,025900240530,SS MINI 3/1.29 15/3CT GREEN,CIGARS,222.0,120,8.54,8.67,15.49,15.49,15.49,15.49,10.97,4.52,29.2,Stable,-0.7,Stable,0.0,2025-03-10,2025-09-04,1,26,0,0,0,0,0,120,0,0,0,0,0
375,719410700126,5-HOUR ENERGY XS 12CT- BERRY,VITAMINS,221.0,185,8.5,8.17,21.99,21.99,21.99,21.99,21.28,0.71,3.2,Stable,-1.7,Stable,-0.0,2025-03-10,2025-09-03,2,26,0,0,0,0,0,0,185,0,0,0,0
376,SHISHA60K,SHISHA 60K PUFFS DISP 5CT,ELECTRONIC CIG,221.0,66,13.0,8.83,53.13,53.21,52.00,60.00,43.84,9.29,17.5,Stable,-3.4,Stable,-0.0,2025-04-26,2025-09-05,0,17,0,0,0,0,0,0,0,66,0,0,0
377,30819913011581,JUUL BASIC KIT 8CT,ELECTRONIC CIG,220.0,61,10.0,15.08,70.1,68.8,64.00,71.92,56.88,13.22,18.9,Up,13.2,Stable,-0.2,2025-03-12,2025-09-04,2,22,0,0,0,0,0,0,0,61,0,0,0
378,8901030670565,DOVE SPRAY 150ML 5OZ 1CT,COSMETICS & BEAUTY,220.0,24,15.71,16.25,2.64,2.65,2.59,2.99,2.09,0.55,21.0,Up,8.4,Stable,0.8,2025-04-03,2025-09-03,3,14,0,0,24,0,0,0,0,0,0,0,0
379,60014399,VASELINE BLUE SEAL 50ML 1CT,MEDICINE,220.0,42,10.48,10.75,1.19,1.19,1.19,1.19,0.79,0.4,34.0,Stable,3.3,Stable,0.0,2025-03-10,2025-09-05,1,21,0,42,0,0,0,0,0,0,0,0,0
380,070137824251,BLK & MLD .99 25CT PT WINE,CIGARS,220.0,20,55.0,0.0,22.69,22.69,22.69,22.69,16.29,6.4,28.2,Down,-69.8,Stable,-0.0,2025-05-07,2025-05-29,100,4,0,0,0,0,0,0,20,0,0,0,0
381,609249920423,ZYN 6MG CHILL 5CT,NICOTINE POUCHES,220.0,55,11.58,6.08,21.32,21.37,19.89,21.49,20.43,0.89,4.2,Down,-8.0,Stable,0.1,2025-03-11,2025-09-04,1,19,0,0,0,0,0,2,53,0,0,0,0
382,766679206142,HEAT EIGHTIES TABS JAR 10CT,KRATOM,218.0,10,36.33,18.17,37.2,37.2,34.50,37.50,34.5,2.7,7.3,Up,9.3,Stable,-0.1,2025-07-31,2025-09-03,3,6,0,0,0,0,0,0,10,0,0,0,0
383,034856125235,SOUR JACKS PEG BAG 5OZ 1CT,CANDYS,217.0,26,12.06,5.25,1.82,1.73,1.69,1.89,1.31,0.5,27.7,Stable,1.9,Stable,-0.6,2025-03-15,2025-08-13,24,18,0,26,0,0,0,0,0,0,0,0,0
384,F12,FRAPPUCINNO 13.7OZ 12CT,DRINKS,217.0,74,8.35,6.75,40.99,40.99,40.99,40.99,38.7,2.29,5.6,Stable,-3.3,Stable,-0.0,2025-03-10,2025-09-04,1,26,0,0,0,0,0,0,74,0,0,0,0
385,766679205398,HEAT EIGHTIES TABLETS 10/3CT,KRATOM,217.0,40,18.08,18.08,130.44,130.44,122.50,140.00,109.82,20.61,15.8,Stable,2.1,Stable,0.3,2025-06-17,2025-09-03,2,12,0,0,0,0,0,0,0,0,40,0,0
386,JUMEX16,JUMEX CAN 16OZ 12CT,DRINKS,216.0,82,8.31,9.42,17.69,17.69,17.69,17.69,15.45,2.24,12.6,Stable,0.8,Stable,0.0,2025-03-14,2025-09-05,1,26,0,0,0,0,0,82,0,0,0,0,0
387,041333224015,DURACELL AAA 2PK 1CT,BATTERY,216.0,40,10.8,9.0,2.36,2.43,2.29,2.69,1.52,0.84,35.6,Stable,0.7,Stable,0.6,2025-03-10,2025-09-02,4,20,0,0,40,0,0,0,0,0,0,0,0
388,SPK,SOUR PATCH KIDS PEG 5OZ,CANDYS,216.0,33,10.29,8.08,1.39,1.39,1.39,1.39,0.8,0.59,42.4,Stable,0.6,Stable,-0.0,2025-03-10,2025-09-04,2,21,0,33,0,0,0,0,0,0,0,0,0
389,858765009093,SHOW 5/$1 15/5CT SILVER ZERO,CIGARS,216.0,163,8.31,8.75,10.69,10.69,10.69,10.69,7.5,3.19,29.8,Stable,-0.7,Stable,-0.0,2025-03-10,2025-09-04,1,26,0,0,0,0,0,163,0,0,0,0,0
390,025900336912,SS BLK 2/1.49 30/2CT WINE,CIGARS,215.0,152,11.94,7.83,32.59,32.59,32.59,32.59,23.4,9.19,28.2,Stable,-0.0,Stable,0.0,2025-04-05,2025-09-04,2,18,0,0,0,0,0,0,152,0,0,0,0
391,5010123703509,LISTERINE MOUTHWASH 250ML 1CT,MEDICINE,213.0,51,9.26,8.08,3.97,3.95,2.99,3.99,1.96,2.01,50.6,Stable,-0.8,Stable,-0.3,2025-03-12,2025-09-02,3,23,0,0,1,50,0,0,0,0,0,0,0
392,026100806571,NEWPORT NON MNTH RED 100 BOX,CIGARETTE,213.0,159,8.19,9.33,79.89,80.77,78.19,81.79,77.47,2.42,3.0,Stable,0.5,Stable,0.2,2025-03-13,2025-09-04,2,26,0,0,0,0,0,0,0,159,0,0,0
393,817127029544,SHOW 5/$1 15/5CT GREEN SWEET,CIGARS,212.0,170,8.15,8.33,10.69,10.69,10.69,10.69,7.5,3.19,29.8,Stable,-1.3,Stable,-0.0,2025-03-11,2025-09-05,1,26,0,0,0,0,0,170,0,0,0,0,0
394,769577921391,LOOSE LEAF 2/2.99 20CT RUBY DR,LT-TAX-COLLECTED,210.0,162,11.05,7.5,34.99,34.99,34.99,34.99,26.6,8.39,24.0,Stable,-4.0,Stable,0.0,2025-03-10,2025-09-04,2,19,0,0,0,0,0,0,162,0,0,0,0
395,HDST3,H/S EXTRA STRENGTH SHOTS 12CT,VITAMINS,210.0,100,8.4,9.25,29.62,29.92,0.00,33.99,27.0,2.62,8.8,Stable,-0.0,Stable,0.1,2025-03-10,2025-09-02,3,25,1,0,0,0,0,0,99,0,0,0,0
396,SKU-CTKK-10IPC,CELLTEKK CTD USB IPHONE 10CT,CELLUAR ACCESSORIES,210.0,147,8.08,8.25,14.87,14.96,0.00,14.99,10.64,4.23,28.5,Stable,-1.0,Stable,0.1,2025-03-11,2025-09-03,2,26,1,0,0,0,0,146,0,0,0,0,0
397,071610301849,BACKWOODS 5PK 8/5CT HONEY,CIGARS,210.0,176,8.08,7.42,37.63,37.99,36.99,37.99,29.78,7.84,20.8,Stable,-1.9,Stable,0.1,2025-03-10,2025-09-05,1,26,0,0,0,0,0,0,176,0,0,0,0
398,ZIPLOCK,ZIPLOCK/JEWELRY BAGS MIX 1 CT,NOVELTY ITEMS,209.0,51,9.5,10.83,2.38,2.39,1.75,2.39,1.63,0.75,31.5,Stable,4.7,Stable,0.0,2025-03-10,2025-09-05,1,22,0,1,50,0,0,0,0,0,0,0,0
399,070195596602,BIG DUKE CHEW $ 1.99 3OZ 12CT,LT-TAX PAID,209.0,105,8.04,10.08,19.93,19.92,17.69,19.99,17.19,2.74,13.8,Stable,0.7,Stable,-0.0,2025-03-11,2025-09-04,1,26,0,0,0,0,0,105,0,0,0,0,0
400,815556020361,TYLENOL EXTRA STRENGTH 25/2CT,MEDICINE,208.0,196,8.67,11.0,9.17,9.27,8.99,10.99,6.84,2.33,25.4,Stable,2.3,Stable,0.5,2025-03-26,2025-09-05,1,24,0,0,0,0,178,18,0,0,0,0,0
401,10819913011747,JUUL VIRG TOBACCO 3% 4PK 8CT,ECIG - PODS,207.0,60,8.62,8.75,104.05,105.79,100.64,108.69,96.96,7.09,6.8,Stable,3.3,Stable,0.2,2025-03-11,2025-09-03,3,24,0,0,0,0,0,0,0,0,60,0,0
402,840158608396,FRE 12MG POUCH 5CT MINT,NICOTINE POUCHES,206.0,36,8.96,9.75,20.03,20.2,18.99,20.49,18.42,1.61,8.1,Stable,2.5,Stable,0.1,2025-03-12,2025-09-04,2,23,0,0,0,0,0,19,17,0,0,0,0
403,4015400259459,ALWAYS MAXI PADS 9CT,HOUSEHOLD GOODS,205.0,52,11.39,4.42,1.99,1.99,1.99,1.99,1.49,0.5,24.9,Stable,-2.5,Stable,0.0,2025-03-10,2025-08-31,5,18,0,52,0,0,0,0,0,0,0,0,0
404,814057002517,SHIELD MENTHOL GREEN 100 BOX,CIGARETTE,205.0,59,8.91,6.5,42.79,42.79,42.79,42.79,41.25,1.54,3.6,Stable,-3.3,Stable,0.0,2025-03-10,2025-09-04,1,23,0,0,0,0,0,0,59,0,0,0,0
405,700598109481,REMARKABLE KRATOM 3OZ 1CT,VITAMINS,204.0,41,10.2,7.58,5.03,4.98,0.00,5.50,4.21,0.82,16.4,Stable,-3.2,Stable,-0.3,2025-03-12,2025-09-03,2,20,1,0,0,11,29,0,0,0,0,0,0
406,850008118296,NATTY HEMP 4/99 15/4CT NATURAL,BLUNT WRAP,204.0,128,7.85,7.75,7.92,7.98,0.00,7.99,7.0,0.92,11.6,Stable,-2.0,Stable,0.0,2025-03-10,2025-09-02,3,26,1,0,0,0,127,0,0,0,0,0,0
407,046500017933,GLADE AIR FRESHNER SPRAY 1CT,HOUSEHOLD GOODS,204.0,30,10.74,9.42,2.43,2.46,2.39,2.59,1.91,0.52,21.4,Stable,-0.3,Stable,0.3,2025-03-10,2025-09-05,1,19,0,0,30,0,0,0,0,0,0,0,0
408,849205023465,VUSE MENTHOL 5.0% 5/4CT,ECIG - PODS,204.0,145,7.85,7.42,104.22,104.5,103.99,106.99,101.28,2.94,2.8,Stable,-1.5,Stable,0.1,2025-03-10,2025-09-05,1,26,0,0,0,0,0,0,0,0,145,0,0
409,2085,THERMAL 2.1/4 BY 85' 50CT,STATIONARY,204.0,159,7.85,8.08,19.99,19.99,19.99,19.99,9.01,10.98,54.9,Stable,-1.1,Stable,-0.0,2025-03-10,2025-09-05,1,26,0,0,0,0,0,159,0,0,0,0,0
410,5287000553117,COCONARA 60CT HOOKAH CHARCOAL,NOVELTY ITEMS,204.0,42,9.71,7.08,4.97,4.99,4.19,4.99,3.65,1.32,26.6,Stable,-2.2,Stable,0.2,2025-03-24,2025-09-04,1,21,0,0,0,42,0,0,0,0,0,0,0
411,842426170796,GT WOODS 2/1.39 15/2CT COGNAC,CIGAR GA,203.0,128,7.81,7.42,16.49,16.49,16.49,16.49,14.81,1.68,10.2,Stable,-1.1,Stable,-0.0,2025-03-11,2025-09-02,4,26,0,0,0,0,0,128,0,0,0,0,0
412,634418524508,ALBANESE GUMMY 3.5OZ PEG 1CT,CANDYS,202.0,15,16.83,7.08,1.32,1.39,1.29,1.39,0.99,0.33,25.2,Stable,-1.4,Stable,0.8,2025-03-13,2025-09-03,2,12,0,15,0,0,0,0,0,0,0,0,0
413,022600020158,TROJAN MAGNUM 6/3CT XL LUBRCTD,CONDOMS,202.0,173,7.77,8.33,10.99,10.99,10.99,10.99,7.88,3.11,28.3,Stable,-0.3,Stable,0.0,2025-03-10,2025-09-05,1,26,0,0,0,0,0,173,0,0,0,0,0
414,071610341166,DM 2/1.29 30/2CT SILVER FUSION,CIGARS,201.0,159,7.73,7.0,29.99,29.99,29.99,29.99,23.4,6.59,22.0,Stable,-1.5,Stable,-0.0,2025-03-13,2025-09-01,5,26,0,0,0,0,0,0,159,0,0,0,0
415,090500100256,SALEM MENTHOL 100 BOX 10CT,CIGARETTE,201.0,158,7.73,9.5,96.14,97.46,92.09,97.79,93.44,2.69,2.8,Stable,2.3,Stable,0.2,2025-03-10,2025-09-05,0,26,0,0,0,0,0,0,0,158,0,0,0
416,079100003259,9 LIVES CAT FOOD 5.5OZ,FOOD,201.0,29,12.56,5.75,1.09,1.09,1.09,1.09,0.73,0.36,33.0,Stable,0.3,Stable,0.0,2025-03-13,2025-08-25,12,16,0,29,0,0,0,0,0,0,0,0,0
417,026200464718,D+S SUNFLOWER SEEDS 5.25OZ,FOOD,201.0,27,11.17,5.92,1.89,1.89,1.89,1.89,1.49,0.4,21.3,Stable,-2.7,Stable,0.0,2025-03-11,2025-08-28,9,18,0,27,0,0,0,0,0,0,0,0,0
418,3230,THERMAL PAPER 31/8' X 230 50CT,STATIONARY,201.0,181,7.73,8.5,39.99,39.99,39.99,39.99,28.09,11.9,29.8,Stable,0.4,Stable,-0.0,2025-03-10,2025-09-04,2,26,0,0,0,0,0,0,181,0,0,0,0
419,10850066311025,GEEK THC 8.3GM THCP 5CT,ECIG - DISP D8,200.0,53,10.53,4.0,75.12,75.53,73.50,80.00,67.45,7.68,10.2,Down,-5.0,Stable,0.0,2025-03-12,2025-08-09,27,19,0,0,0,0,0,0,0,53,0,0,0
420,041333424019,DURACELL AAA 4PK 1CT,BATTERY,200.0,43,8.7,8.42,4.05,4.1,3.99,4.49,2.68,1.37,33.9,Stable,-1.9,Stable,0.3,2025-03-11,2025-09-02,4,23,0,0,0,43,0,0,0,0,0,0,0
421,090500100003,MAVERICK RED 100 BOX 10CT,CIGARETTE,200.0,152,7.69,9.33,64.5,65.11,62.59,65.29,62.57,1.93,3.0,Stable,1.9,Stable,0.2,2025-03-10,2025-09-04,1,26,0,0,0,0,0,0,0,152,0,0,0
422,9557558328212,VITA RYL HONEY 24CT,VITAMINS,199.0,110,8.29,9.5,10.47,10.54,9.00,11.99,6.54,3.93,37.6,Stable,0.2,Stable,-0.0,2025-03-10,2025-09-03,2,24,0,0,0,0,8,102,0,0,0,0,0
423,118505122063,DETOX CHAMP 473ML 1CT,VITAMINS,199.0,44,8.65,6.75,3.99,3.99,3.99,3.99,3.35,0.64,16.0,Stable,-4.3,Stable,-0.0,2025-03-10,2025-09-04,2,23,0,0,0,44,0,0,0,0,0,0,0
424,RR10,RED ROCK GINGERALE 10OZ 24CT.,DRINKS,198.0,161,7.62,7.58,22.99,22.99,22.99,22.99,19.49,3.5,15.2,Stable,-1.6,Stable,-0.0,2025-03-10,2025-09-01,5,26,0,0,0,0,0,0,161,0,0,0,0
425,643375878777,OPMS 8ML SHOT 50CT - BLACK,VITAMINS,198.0,123,7.92,7.08,416.14,410.91,0.00,460.00,396.63,19.52,4.7,Stable,-1.5,Stable,-0.1,2025-03-11,2025-09-04,1,25,2,0,0,0,0,0,0,0,0,121,0
426,761152069597,FLYING H PREROLL SIGNAT 10/2CT,CBD/HEMP,197.0,37,13.13,10.33,29.43,29.69,25.00,35.00,25.0,4.43,15.1,Stable,0.1,Stable,0.2,2025-05-02,2025-09-05,1,15,0,0,0,0,0,0,37,0,0,0,0
427,093314360182,KING BUTANE FUEL 9.8OZ 1 CT,LIGHTERS,197.0,31,10.37,7.0,2.29,2.29,2.29,2.29,1.55,0.74,32.3,Stable,-1.5,Stable,0.0,2025-03-13,2025-09-05,1,19,0,0,31,0,0,0,0,0,0,0,0
428,643375878784,OPMS 8ML SHOT 50CT - GOLD,VITAMINS,197.0,125,7.58,7.17,413.84,411.48,0.00,460.00,395.12,18.72,4.5,Stable,-0.4,Stable,0.1,2025-03-10,2025-09-04,1,26,3,0,0,0,0,0,0,0,0,122,0
429,027200018659,PALL MALL MENTHOL 100 BOX 10CT,CIGARETTE,196.0,158,7.54,8.58,78.58,79.49,76.69,80.29,75.82,2.77,3.5,Stable,0.9,Stable,0.2,2025-03-11,2025-09-05,0,26,0,0,0,0,0,0,0,158,0,0,0
430,071610341203,DM 2/1.29 30/2CT BLUE DREAM,CIGARS,195.0,157,7.5,6.42,29.99,29.99,29.99,29.99,23.4,6.59,22.0,Stable,-2.6,Stable,-0.0,2025-03-11,2025-09-03,2,26,0,0,0,0,0,0,157,0,0,0,0
431,1000,"NOVA JUMBO TISSUE 2PLY 9"" 12CT",HOUSEHOLD GOODS,194.0,107,7.46,9.75,27.66,27.38,0.00,27.99,20.98,6.68,24.2,Stable,2.1,Stable,-0.2,2025-03-11,2025-09-03,2,26,1,0,0,0,0,0,106,0,0,0,0
432,851681008102,HI-CHEW PEG BAG 1CT,CANDYS,193.0,28,11.35,3.17,2.49,2.49,2.49,2.49,1.88,0.61,24.6,Down,-9.0,Stable,-0.0,2025-03-18,2025-08-12,24,17,0,0,28,0,0,0,0,0,0,0,0
433,CRH1000,BEER RING FOR CAN 1000CT,MISC,193.0,32,9.65,1.67,36.58,36.59,28.99,36.99,27.0,9.58,26.2,Down,-8.5,Stable,-0.1,2025-03-12,2025-09-05,1,20,0,0,0,0,0,0,32,0,0,0,0
434,073100010996,SKOAL LC STRAIGHT 5CT,T7 SMOKELESS GA,193.0,94,7.42,8.42,30.0,30.41,28.99,30.79,28.79,1.2,4.0,Stable,0.8,Stable,0.3,2025-03-13,2025-09-03,2,26,0,0,0,0,0,0,94,0,0,0,0
435,047995855154,AMERICAN SPIRIT GREEN 10CT,CIGARETTE,193.0,161,7.42,8.83,95.85,96.74,93.99,97.59,93.12,2.73,2.8,Stable,1.2,Stable,0.2,2025-03-14,2025-09-05,1,26,0,0,0,0,0,0,0,161,0,0,0
436,VSINGLE,VITA PILLS SINGLE 24CT,VITAMINS,193.0,107,7.42,7.17,16.08,15.97,14.00,17.99,12.15,3.93,24.4,Stable,-1.8,Stable,-0.0,2025-03-12,2025-09-02,4,26,0,0,0,0,0,107,0,0,0,0,0
437,026100806564,NEWPORT NON MNTH RED BOX 10CT,CIGARETTE,193.0,149,7.42,9.17,80.1,80.98,78.19,81.79,77.56,2.54,3.2,Stable,2.5,Stable,0.2,2025-03-11,2025-09-05,0,26,0,0,0,0,0,0,0,149,0,0,0
438,840158609720,FRE 15MG POUCH 5CT MINT,NICOTINE POUCHES,191.0,29,10.61,11.0,20.02,20.11,18.99,20.49,18.66,1.36,6.8,Up,8.1,Stable,0.1,2025-03-12,2025-09-02,4,18,0,0,0,0,0,18,11,0,0,0,0
439,031700238981,GARCIA VEGA 2/1.49 30/2CT GRN,CIGARS,189.0,115,7.56,6.67,17.99,17.99,17.99,17.99,12.54,5.45,30.3,Stable,-0.5,Stable,-0.0,2025-03-10,2025-09-03,3,25,0,0,0,0,0,115,0,0,0,0,0
440,028200310415,L&M MENTHOL 100 BOX 10CT,CIGARETTE,188.0,168,7.23,8.0,80.7,81.54,78.39,82.39,77.8,2.9,3.6,Stable,0.3,Stable,0.2,2025-03-10,2025-09-05,0,26,0,0,0,0,0,0,0,168,0,0,0
441,071610341227,DM 2/1.29 30/2CT IRISH FUSION,CIGARS,187.0,158,7.19,7.58,29.99,29.99,29.99,29.99,23.4,6.59,22.0,Stable,-0.9,Stable,-0.0,2025-03-10,2025-09-01,5,26,0,0,0,0,0,0,158,0,0,0,0
442,WELCHS ,WELCHS JUICE 16OZ 12CT,DRINKS,187.0,65,8.13,8.58,18.99,18.99,18.99,18.99,16.09,2.9,15.3,Stable,0.5,Stable,0.0,2025-03-15,2025-09-05,1,23,0,0,0,0,0,65,0,0,0,0,0
443,609249914422,ZYN 6MG SMOOTH 5CT,NICOTINE POUCHES,187.0,55,10.39,5.33,21.41,21.46,19.89,21.49,20.47,0.93,4.4,Down,-13.8,Stable,0.1,2025-05-01,2025-09-01,5,18,0,0,0,0,0,1,54,0,0,0,0
444,033300616930,KAYAK LC WINTERGREN TOWER 10CT,T7 SMOKELESS GA,186.0,98,7.75,8.33,23.99,23.99,23.99,23.99,22.53,1.46,6.1,Stable,1.6,Stable,0.0,2025-03-10,2025-09-02,3,24,0,0,0,0,0,0,98,0,0,0,0
445,589764138773,K-SHOT 12CT - BLACK,NOVELTY ITEMS,186.0,57,7.15,7.42,89.32,89.52,86.00,96.00,79.58,9.74,10.9,Stable,-0.8,Stable,-0.0,2025-03-11,2025-09-03,2,26,0,0,0,0,0,0,0,57,0,0,0
446,840158608457,FRE 12MG POUCH 5CT WINTERGREEN,NICOTINE POUCHES,186.0,40,8.86,8.25,20.05,20.24,18.99,20.49,18.48,1.57,7.8,Stable,3.7,Stable,0.2,2025-03-12,2025-09-04,2,21,0,0,0,0,0,19,21,0,0,0,0
447,070137512479,BLK & MLD 25CT WT CASINO ,CIGAR GA,185.0,65,7.12,7.25,31.41,31.89,24.70,31.89,26.97,4.44,14.1,Stable,0.0,Stable,0.3,2025-03-11,2025-09-04,2,26,0,0,0,0,0,0,65,0,0,0,0
448,022600957058,TROJAN 6/3CT BARESKIN SENSTIV,CONDOMS,184.0,156,7.08,7.0,13.99,13.99,13.99,13.99,11.25,2.74,19.6,Stable,-0.6,Stable,0.0,2025-03-11,2025-09-05,1,26,0,0,0,0,0,156,0,0,0,0,0
449,079083159509,JOB GOLD 1.5 1 1/2 PAPER 50CT,CIG ROLLING PAPER,184.0,183,7.08,7.5,81.99,81.99,81.99,81.99,73.9,8.09,9.9,Stable,-0.4,Stable,-0.0,2025-03-11,2025-09-03,3,26,0,0,0,0,0,0,0,183,0,0,0
450,04223418,KODIAK WINTERGREEN 5CT,T7 SMOKELESS GA,183.0,57,7.96,4.33,31.12,31.59,30.49,31.89,30.05,1.07,3.4,Down,-5.4,Stable,0.2,2025-03-12,2025-09-05,1,23,0,0,0,0,0,0,57,0,0,0,0
451,076940197056,LD DARK GREEN 100 BOX 10CT,CIGARETTE,183.0,76,7.04,8.5,30.46,30.99,28.99,30.99,29.23,1.23,4.0,Stable,2.1,Stable,0.3,2025-03-10,2025-09-03,2,26,0,0,0,0,0,0,76,0,0,0,0
452,043300109004,LUCKY STRIKE GOLD BOX 10CT,CIGARETTE,182.0,149,7.0,7.92,65.22,65.7,61.19,66.19,62.45,2.77,4.2,Stable,1.3,Stable,0.1,2025-03-11,2025-09-03,2,26,0,0,0,0,0,0,0,149,0,0,0
453,8944,MYLAR BAGS LASER 3.5G 50CT,NOVELTY ITEMS,182.0,39,8.27,5.75,4.77,4.9,3.49,4.99,2.15,2.62,55.0,Stable,-4.4,Stable,0.6,2025-03-10,2025-09-04,1,22,0,0,0,39,0,0,0,0,0,0,0
454,878848900628,HOMESTYLE RUBBER BANDS 90G,COSMETICS & BEAUTY,182.0,71,8.27,6.0,1.29,1.29,1.29,1.29,0.57,0.72,55.6,Stable,-2.4,Stable,0.0,2025-03-10,2025-09-01,4,22,0,71,0,0,0,0,0,0,0,0,0
455,814859014510,SCALE DZ MINI-650 650 x 0.1G,NOVELTY ITEMS,182.0,37,8.67,7.08,2.49,2.49,2.49,2.49,1.89,0.6,24.1,Stable,-1.8,Stable,-0.0,2025-03-11,2025-09-03,2,21,0,0,37,0,0,0,0,0,0,0,0
456,073100010958,SKOAL LC WINTERGREEN 5CT,T7 SMOKELESS GA,181.0,85,7.24,7.0,29.89,30.28,28.99,30.79,28.79,1.1,3.7,Stable,-1.6,Stable,0.3,2025-03-10,2025-09-02,4,25,0,0,0,0,0,0,85,0,0,0,0
457,034000214624,HERSHEYS DIPPED PRETZELS 4OZ,CANDYS,181.0,37,9.53,4.08,2.78,2.79,2.49,2.79,2.1,0.69,24.7,Stable,-2.7,Stable,-0.0,2025-03-13,2025-09-03,2,19,0,0,37,0,0,0,0,0,0,0,0
458,POWER20,POWERADE 20OZ 24CT,DRINKS,180.0,63,7.2,9.25,26.99,26.99,26.99,26.99,24.36,2.63,9.7,Stable,2.0,Stable,0.0,2025-03-12,2025-09-02,3,25,0,0,0,0,0,0,63,0,0,0,0
459,787188860533,VITA HONEY 24CT,VITAMINS,179.0,135,7.46,4.83,12.24,12.3,10.00,15.00,6.73,5.52,45.1,Down,-5.8,Stable,0.2,2025-03-10,2025-09-02,3,24,0,0,0,0,0,135,0,0,0,0,0
460,840045200764,ROGUE 6MG POUCH 5CT WINTRGREEN,NICOTINE POUCHES,179.0,102,8.14,7.75,20.49,20.49,20.49,20.49,19.56,0.93,4.5,Stable,3.3,Stable,-0.0,2025-03-10,2025-09-03,2,22,0,0,0,0,0,0,102,0,0,0,0
461,840158608334,FRE 9MG POUCH 5CT WINTERGRN,NICOTINE POUCHES,179.0,28,9.94,8.25,20.12,20.17,18.99,20.49,18.28,1.83,9.1,Stable,2.3,Stable,0.1,2025-03-12,2025-09-04,2,18,0,0,0,0,0,14,14,0,0,0,0
462,031700236239,GAME LEAF 8/5CT WHITE RUSSIAN,CIGARS,179.0,116,9.94,4.33,23.97,23.99,21.50,23.99,16.75,7.22,30.1,Stable,4.8,Stable,-0.0,2025-03-10,2025-08-17,19,18,0,0,0,0,0,0,116,0,0,0,0
463,072799931162,MAMBA PEG BAG 6.3-7OZ,CANDYS,178.0,25,10.47,7.33,2.79,2.79,2.79,2.79,2.11,0.68,24.4,Stable,-2.4,Stable,-0.0,2025-03-11,2025-09-03,2,17,0,0,25,0,0,0,0,0,0,0,0
464,041294601610,PINE-SOL LIQUID 60OZ,CLEANING PRODUCTS,178.0,50,9.89,8.5,8.45,8.42,6.65,8.49,6.7,1.76,20.8,Stable,-3.3,Stable,0.0,2025-04-20,2025-09-01,5,18,0,0,0,0,50,0,0,0,0,0,0
465,4270004666410,HABIBI'S DUBAI CHOCOLATE 24CT,CANDYS,178.0,97,14.83,14.83,60.47,60.47,50.80,66.99,48.0,12.47,20.6,Down,-12.1,Stable,-0.6,2025-06-18,2025-09-02,3,12,0,0,0,0,0,0,0,97,0,0,0
466,072100026006,IMPERIAL SUGAR 2LB 1CT,FOOD,178.0,36,9.37,7.92,2.99,2.99,2.99,2.99,2.29,0.7,23.4,Stable,1.0,Stable,0.0,2025-03-31,2025-08-17,19,19,0,0,36,0,0,0,0,0,0,0,0
467,SKU-CTKK-1803TCH-2B,CELLTEKK CARGER+CABLE SET 1CT,CELLUAR ACCESSORIES,177.0,18,16.09,6.17,3.49,3.49,3.49,3.49,2.49,1.0,28.7,Stable,-0.8,Stable,0.0,2025-03-27,2025-08-27,10,11,0,0,0,18,0,0,0,0,0,0,0
468,APPROVED,DISCOUNT,MISC,177.0,78,7.08,4.25,9.49,11.3,0.00,140.00,2.95,6.53,68.9,Down,-7.3,Up,8.0,2025-03-13,2025-09-05,1,25,46,8,2,3,6,4,4,2,3,0,0
469,090500100119,WINST GOLD BOX 10CT,CIGARETTE,176.0,113,6.77,9.42,82.92,83.59,80.19,83.79,80.76,2.16,2.6,Stable,4.1,Stable,0.2,2025-03-12,2025-09-01,4,26,0,0,0,0,0,0,0,113,0,0,0
470,022200940238,SPEED STICK DEO 1.80Z 1CT,COSMETICS & BEAUTY,176.0,39,9.78,6.58,1.99,1.99,1.99,1.99,1.35,0.64,32.4,Stable,-0.2,Stable,0.0,2025-03-10,2025-09-05,1,18,0,39,0,0,0,0,0,0,0,0,0
471,852682507663,BENADRYL ALERGY 25/20 2PK,MEDICINE,175.0,166,6.73,7.08,10.99,10.99,10.99,10.99,8.23,2.76,25.1,Stable,-1.7,Stable,0.0,2025-03-10,2025-09-04,1,26,0,0,0,0,0,166,0,0,0,0,0
472,742880889459,BLISS XTRA 100G KRATOM,VITAMINS,175.0,34,7.29,7.17,11.72,11.47,11.00,13.50,10.0,1.72,14.7,Stable,0.7,Stable,-0.2,2025-03-13,2025-09-03,2,24,0,0,0,0,0,34,0,0,0,0,0
473,011000010609,MONTEGO MENTHOL SLVR 100 10CT,CIGARETTE,175.0,51,7.29,7.5,40.36,40.69,39.69,40.69,39.19,1.17,2.9,Stable,0.4,Stable,0.1,2025-03-12,2025-09-03,2,24,0,0,0,0,0,0,51,0,0,0,0
474,028200142306,MARL SB GOLD 100 BOX 10CT,CIGARETTE,175.0,127,6.73,7.83,81.83,82.59,79.39,83.39,78.11,3.72,4.5,Stable,1.3,Stable,0.2,2025-03-12,2025-09-05,1,26,0,0,0,0,0,0,0,127,0,0,0
475,008660097446,ZIG ZAG RP 0.99 UT 1 1/2 24CT,CIG ROLLING PAPER,174.0,24,10.24,5.5,10.98,10.58,0.00,14.99,11.76,-0.78,-7.1,Stable,-1.0,Stable,0.2,2025-03-11,2025-09-04,2,17,5,0,0,0,0,19,0,0,0,0,0
476,HDST2,H/S PILLS 24CT,VITAMINS,174.0,130,6.69,6.67,35.3,35.77,0.00,38.00,33.0,2.3,6.5,Stable,-0.6,Stable,0.1,2025-03-10,2025-09-05,1,26,2,0,0,0,0,0,128,0,0,0,0
477,842426165396,GT 4/1.19 4KS 15/4CT MANGO,CIGAR GA,174.0,141,6.69,7.5,12.03,12.07,11.99,12.99,10.51,1.52,12.7,Stable,-0.2,Stable,0.1,2025-03-10,2025-09-05,1,26,0,0,0,0,0,141,0,0,0,0,0
478,031700239186,GAME LEAF 2/1.49 15/2CT WT CHO,CIGARS,174.0,115,10.24,3.42,16.99,16.99,16.99,16.99,12.22,4.77,28.1,Stable,0.6,Stable,0.0,2025-03-11,2025-06-29,69,17,0,0,0,0,0,115,0,0,0,0,0
479,090600301911,FORTUNA MENTHOL 100 BOX 10CT,CIGARETTE,174.0,141,6.69,6.83,77.65,79.23,73.59,82.59,73.74,3.91,5.0,Stable,0.9,Stable,0.3,2025-03-11,2025-09-05,0,26,0,0,0,0,0,0,0,141,0,0,0
480,KB10K,KADO BAR 10000 5CT - ALL FLVRS,ELECTRONIC CIG,173.0,92,10.81,1.0,31.81,31.89,31.00,34.99,28.67,3.14,9.9,Down,-15.6,Stable,0.1,2025-03-10,2025-06-26,71,16,0,0,0,0,0,0,92,0,0,0,0
481,018804058905,TUENI FRUIT CHEWS ASST 36CT,CANDYS,173.0,43,8.24,5.67,8.78,8.52,0.00,8.99,7.43,1.35,15.4,Stable,-2.6,Stable,-0.1,2025-03-13,2025-09-03,2,21,1,0,0,0,42,0,0,0,0,0,0
482,065626864504,WHIP-IT BUTANE B1G1 PREMUM 1CT,MISC,173.0,28,17.3,3.5,3.0,3.0,0.00,5.99,2.4,0.6,19.9,Down,-7.3,Stable,0.0,2025-03-25,2025-09-04,2,10,14,0,0,0,14,0,0,0,0,0,0
483,725272744963,LAVA PRE ROLL THCP 10/3CT,CBD/HEMP,172.0,55,8.6,4.17,54.24,53.87,52.50,59.50,47.5,6.74,12.4,Down,-5.2,Stable,-0.1,2025-03-10,2025-09-05,1,20,0,0,0,0,0,0,0,55,0,0,0
484,031700237724,WO 2/1.19 30/2CT PLATINUM,CIGARS,172.0,144,6.62,7.58,25.99,25.99,25.99,25.99,19.89,6.1,23.5,Stable,0.1,Stable,-0.0,2025-03-12,2025-09-05,0,26,0,0,0,0,0,0,144,0,0,0,0
485,742961012233,DETOX QCARBO16 16OZ 1CT,VITAMINS,172.0,36,9.56,7.5,11.99,11.99,11.99,11.99,9.1,2.89,24.1,Down,-5.2,Stable,-0.0,2025-03-12,2025-09-01,5,18,0,0,0,0,0,36,0,0,0,0,0
486,011000010036,MONTEGO BLUE 100 BOX 10CT,CIGARETTE,171.0,53,6.58,7.0,40.29,40.69,39.69,40.69,39.21,1.09,2.7,Stable,0.3,Stable,0.1,2025-03-12,2025-09-03,2,26,0,0,0,0,0,0,53,0,0,0,0
487,GOLD STAR ,GOLD STAR MOTOR OIL 12/1QT,AUTOMOTIVE,171.0,73,7.12,5.83,39.99,39.99,39.99,39.99,32.65,7.34,18.4,Stable,-2.7,Stable,0.0,2025-03-10,2025-09-05,1,24,0,0,0,0,0,0,73,0,0,0,0
488,022000293220,WR TWIN PK $.50 40CT DOUBLEMNT,GUMS/CHICLETS,171.0,138,6.84,7.17,12.99,12.99,12.99,12.99,10.38,2.61,20.1,Stable,1.5,Stable,0.0,2025-03-10,2025-09-05,1,25,0,0,0,0,0,138,0,0,0,0,0
489,025900336899,SS BLK 2/1.49 30/2CT GRAPE,CIGARS,170.0,118,8.5,7.08,32.59,32.59,32.59,32.59,23.41,9.18,28.2,Stable,-3.5,Stable,-0.0,2025-04-07,2025-09-05,1,20,0,0,0,0,0,0,118,0,0,0,0
490,679523794941,TABZ XS VITA PILLS 10/4CT,KRATOM,170.0,14,28.33,5.17,120.71,121.25,120.00,125.00,114.46,6.25,5.2,Up,6.7,Stable,-0.1,2025-03-19,2025-07-24,44,6,0,0,0,0,0,0,0,0,14,0,0
491,753386094124,CAKE 7G 5CT THC-P HHC-P,ECIG - DISP D8,170.0,51,7.39,3.5,75.52,75.3,72.50,81.50,65.0,10.52,13.9,Down,-5.8,Stable,-0.1,2025-03-10,2025-09-01,5,23,0,0,0,0,0,0,0,51,0,0,0
492,814859013667,SCALE DZ3-150 x 0.01G 1CT,NOVELTY ITEMS,169.0,43,8.89,4.75,5.99,5.99,5.99,5.99,4.8,1.19,19.9,Stable,-1.2,Stable,0.0,2025-03-11,2025-08-16,21,19,0,0,0,0,43,0,0,0,0,0,0
493,655708157879,TROJAN MAGNUM 48/1CT,CONDOMS,169.0,135,6.76,6.42,19.99,19.99,19.99,19.99,16.5,3.49,17.5,Stable,-1.4,Stable,-0.0,2025-03-10,2025-08-26,10,25,0,0,0,0,0,135,0,0,0,0,0
494,842426170857,GT WOODS 2/1.39 15/2CT PLATINM,CIGAR GA,169.0,102,6.76,7.33,16.48,16.46,15.35,16.49,14.81,1.67,10.1,Stable,-1.6,Stable,0.0,2025-03-12,2025-09-02,3,25,0,0,0,0,0,102,0,0,0,0,0
495,SANDWICH BAGS CARE 150CT,SANDWICH BAGS CARE 150CT,KITCHEN & TOILET,168.0,6,33.6,6.0,1.29,1.29,1.29,1.29,0.95,0.34,26.4,Stable,0.0,Stable,0.0,2025-03-11,2025-08-14,23,5,0,6,0,0,0,0,0,0,0,0,0
496,655708119693,VISINE ADVANCED  0.28OZ 6CT,MEDICINE,168.0,130,14.0,3.08,14.39,16.91,12.99,16.99,10.77,3.62,25.1,Stable,-1.8,Stable,2.4,2025-03-10,2025-09-05,1,12,0,0,0,0,0,130,0,0,0,0,0
497,031700234211,WO 2/99 EMERALD 30CT,CIGARS,167.0,129,6.42,5.83,21.99,21.99,21.99,21.99,16.5,5.49,25.0,Stable,-1.4,Stable,-0.0,2025-03-10,2025-09-03,3,26,0,0,0,0,0,0,129,0,0,0,0
498,RIA30,RIA NV30K BY GEEK DISP 5CT,ELECTRONIC CIG,167.0,15,55.67,13.92,53.1,53.1,51.50,55.00,45.86,7.24,13.6,Down,-34.1,Stable,2.1,2025-06-25,2025-07-06,61,3,0,0,0,0,0,0,0,15,0,0,0
499,840180200070,SIMPLY SOFT BABY WIPES 80CT,COSMETICS & BEAUTY,167.0,42,8.35,3.0,1.32,1.25,0.00,1.39,0.72,0.6,45.6,Down,-5.8,Stable,0.2,2025-03-11,2025-08-28,8,20,2,40,0,0,0,0,0,0,0,0,0
500,TAKIS14,TAKIS FUGEO 9.9OZ 14CT 1CASE,FOOD,167.0,75,6.68,5.17,51.79,51.99,37.14,51.99,46.31,5.48,10.6,Stable,-4.4,Stable,0.0,2025-03-11,2025-09-01,5,25,0,0,0,0,0,0,1,74,0,0,0
501,031700237922,GAME 2/1.29 30/2CT WHITE GRAPE,CIGARS,167.0,136,6.68,6.25,27.99,27.99,27.99,27.99,21.52,6.47,23.1,Stable,-0.7,Stable,-0.0,2025-03-10,2025-08-24,13,25,0,0,0,0,0,0,136,0,0,0,0
502,047995855345,AMERICAN SPIRIT TURQUISE 10CT,CIGARETTE,167.0,127,6.68,6.83,95.78,96.72,93.99,97.59,93.1,2.67,2.8,Stable,-0.4,Stable,0.2,2025-03-10,2025-09-03,2,25,0,0,0,0,0,0,0,127,0,0,0
503,MARU6,MARU BOWL NOODLES FLAVORS 6CT,FOOD,166.0,69,6.92,5.75,6.99,6.99,6.99,6.99,5.51,1.48,21.2,Stable,1.2,Stable,0.0,2025-03-12,2025-09-01,5,24,0,0,0,0,69,0,0,0,0,0,0
504,008660006820,ZIG ZAG CONE UNBL 1 1/4 24/2CT,CIG ROLLING PAPER,166.0,13,18.44,12.0,10.99,10.99,10.99,10.99,9.6,1.39,12.6,Stable,3.4,Stable,0.0,2025-05-27,2025-09-04,2,9,0,0,0,0,0,13,0,0,0,0,0
505,784762078315,ZIG ZAG WRAP 4/99 15/4CT S/UP,BLUNT WRAP,166.0,98,6.38,5.58,10.98,10.99,10.50,10.99,10.05,0.94,8.5,Stable,-0.4,Stable,0.0,2025-03-10,2025-09-04,1,26,0,0,0,0,0,98,0,0,0,0,0
506,FC28,FOAM COOLER 28 QT 1 CT,MISC,165.0,22,12.69,5.75,5.4,5.35,4.50,5.49,4.5,0.9,16.7,Stable,-1.3,Stable,-0.1,2025-03-28,2025-07-21,46,13,0,0,0,3,19,0,0,0,0,0,0
507,CH1,CHIPS SINGLE SERVE 1OZ 1CT,FOOD,165.0,5,41.25,10.67,0.33,0.28,0.00,0.55,0.46,-0.13,-39.4,Up,86.5,Down,-40.0,2025-04-04,2025-06-09,88,4,5,0,0,0,0,0,0,0,0,0,0
508,700598115550,REMARKABLE KRATOM 20OZ 1CT,VITAMINS,165.0,34,6.88,8.42,23.46,23.37,22.00,26.00,20.82,2.64,11.3,Stable,1.4,Stable,-0.1,2025-03-12,2025-09-03,2,24,0,0,0,0,0,0,34,0,0,0,0
509,FS,FOCO COCO JUICE 11.8OZ 24CT,DRINKS,164.0,131,6.56,6.67,25.99,25.99,25.99,25.99,19.65,6.34,24.4,Stable,-0.0,Stable,0.0,2025-03-10,2025-09-01,5,25,0,0,0,0,0,0,131,0,0,0,0
510,867214000437,DERALL BOOST FOCUS 12/2CT,VITAMINS,164.0,7,32.8,13.67,25.78,25.78,0.00,31.99,26.5,-0.72,-2.8,Up,14.0,Stable,0.1,2025-06-18,2025-08-31,5,5,1,0,0,0,0,0,6,0,0,0,0
511,026100805727,NEWPORT MENTHOL GOLD 100 BOX,CIGARETTE,164.0,139,6.31,7.25,88.75,89.58,86.89,90.49,86.85,1.9,2.1,Stable,1.0,Stable,0.2,2025-03-10,2025-09-04,1,26,0,0,0,0,0,0,0,139,0,0,0
512,852682507670,TYLENOL PM XS 25/2CT,MEDICINE,164.0,139,6.31,7.17,9.97,9.99,7.50,9.99,7.45,2.52,25.3,Stable,-0.1,Stable,0.1,2025-03-11,2025-09-04,1,26,0,0,0,0,139,0,0,0,0,0,0
513,028200310019,L&M BLUE BOX 10CT,CIGARETTE,163.0,100,6.27,6.83,80.72,81.66,78.39,82.39,77.41,3.31,4.1,Stable,0.1,Stable,0.2,2025-03-10,2025-09-04,2,26,0,0,0,0,0,0,0,100,0,0,0
514,810168273976,INFUZD N20 CREAM CHARGER 235G,MISC,163.0,14,14.82,5.83,8.91,8.88,8.50,9.50,7.5,1.41,15.8,Stable,-2.4,Stable,-0.0,2025-04-19,2025-08-11,25,11,0,0,0,0,14,0,0,0,0,0,0
515,033300616947,KAYAK LC STRAIGHT TOWER 10CT,T7 SMOKELESS GA,163.0,98,6.52,6.67,23.99,23.99,23.99,23.99,22.53,1.46,6.1,Stable,0.4,Stable,-0.0,2025-03-10,2025-09-01,4,25,0,0,0,0,0,0,98,0,0,0,0
516,MEXICOLA,MEXICAN COLA/FANTA/SPRITE 24CT,DRINKS,163.0,71,6.27,7.08,35.99,35.99,35.99,35.99,32.92,3.07,8.5,Stable,1.6,Stable,-0.0,2025-03-10,2025-09-04,2,26,0,0,0,0,0,0,71,0,0,0,0
517,KANG3000,KANGVAPE 3000 10CT,ELECTRONIC CIG,163.0,81,6.79,6.08,51.91,53.47,10.00,57.50,42.93,8.98,17.3,Stable,0.1,Stable,0.5,2025-03-13,2025-09-05,1,24,0,0,0,0,0,1,0,80,0,0,0
518,5000174003413,OLD SPICE DEO STICK 50ML 1CT,COSMETICS & BEAUTY,162.0,33,9.0,5.83,2.69,2.69,2.69,2.69,2.1,0.59,21.9,Stable,-1.8,Stable,-0.0,2025-03-12,2025-09-03,2,18,0,0,33,0,0,0,0,0,0,0,0
519,717519195447,AL CAPONE LEAF 18CT RUM,LT-TAX-COLLECTED,162.0,36,8.53,1.67,18.96,18.99,18.00,18.99,14.99,3.97,20.9,Down,-10.5,Stable,0.0,2025-03-10,2025-09-02,4,19,0,0,0,0,0,36,0,0,0,0,0
520,028200310316,L&M MENTHOL BOX 10CT,CIGARETTE,160.0,133,6.15,6.08,80.57,81.47,78.39,82.39,77.35,3.21,4.0,Stable,-1.3,Stable,0.2,2025-03-13,2025-09-05,0,26,0,0,0,0,0,0,0,133,0,0,0
521,680201857223,MIT 45 GOLD KRATOM SHOT 12CT,VITAMINS,160.0,44,16.0,0.08,97.98,99.0,95.00,99.00,92.4,5.58,5.7,Down,-10.4,Stable,0.2,2025-03-10,2025-06-13,84,10,0,0,0,0,0,0,0,44,0,0,0
522,8941,MYLAR BAGS CURRENCY 3.5G 50CT,NOVELTY ITEMS,160.0,42,8.89,2.92,5.42,5.37,2.99,5.99,2.99,2.43,44.8,Down,-5.5,Stable,-0.0,2025-03-13,2025-09-04,1,18,0,0,1,14,27,0,0,0,0,0,0
523,071610303089,BACKWOODS 1PK 24/1CT RUSS CRM,CIGARS,160.0,151,6.15,5.75,25.79,25.99,25.49,25.99,20.05,5.74,22.3,Stable,-2.4,Stable,0.1,2025-03-11,2025-09-02,4,26,0,0,0,0,0,0,151,0,0,0,0
524,610466049774,PURE EYES 12CT,MEDICINE,159.0,145,6.36,6.92,17.38,17.96,15.99,17.99,14.08,3.3,19.0,Stable,-0.3,Stable,0.5,2025-03-10,2025-09-02,3,25,0,0,0,0,0,145,0,0,0,0,0
525,025900359003,SS LEAF 10/3CT - ORIGINAL,CIGARS,159.0,81,6.36,4.83,26.24,26.6,25.99,26.99,19.27,6.97,26.6,Stable,-4.1,Stable,0.2,2025-03-10,2025-09-02,3,25,0,0,0,0,0,0,81,0,0,0,0
526,031700238646,GAME LEAF 8/5CT - DARK,CIGARS,158.0,98,6.58,9.25,23.99,23.99,23.99,23.99,16.75,7.24,30.2,Stable,2.8,Stable,0.0,2025-03-11,2025-09-03,2,24,0,0,0,0,0,0,98,0,0,0,0
527,028200136404,MARL MENTHOL 100 BOX 10CT,CIGARETTE,157.0,122,6.04,6.17,84.7,86.0,81.99,87.09,81.23,3.48,4.1,Stable,-0.3,Stable,0.2,2025-03-13,2025-09-01,4,26,0,0,0,0,0,0,0,122,0,0,0
528,425531,GRIZZLY SNUFF 5CT,T7 SMOKELESS GA,157.0,60,6.28,6.83,25.56,26.08,24.69,26.49,24.28,1.28,5.0,Stable,1.2,Stable,0.3,2025-03-12,2025-09-05,1,25,0,0,0,0,0,0,60,0,0,0,0
529,035000551146,COLGATE TOOTHBRUSH 6CT,HOUSEHOLD GOODS,157.0,74,6.28,7.92,3.49,3.49,3.49,3.49,3.12,0.37,10.6,Up,5.2,Stable,0.0,2025-03-10,2025-09-05,1,25,0,0,0,74,0,0,0,0,0,0,0
530,RR12,RED ROCK GINGERALE 12OZ 24CT,DRINKS,156.0,110,6.0,6.25,25.99,25.99,25.99,25.99,21.99,4.0,15.4,Stable,-0.8,Stable,-0.0,2025-03-11,2025-09-01,5,26,0,0,0,0,0,0,110,0,0,0,0
531,716165250326,RAW CLSC BLK KS SLIM 50CT ,CIG ROLLING PAPER,156.0,141,6.0,6.17,29.99,29.99,29.99,29.99,21.67,8.32,27.7,Stable,-0.3,Stable,-0.0,2025-03-11,2025-09-02,3,26,0,0,0,0,0,0,141,0,0,0,0
532,042037104726,GOODY'S POWDER 24/6CT,MEDICINE,156.0,150,6.0,6.08,36.99,36.99,36.99,36.99,31.8,5.19,14.0,Stable,-1.5,Stable,-0.0,2025-03-10,2025-09-03,2,26,0,0,0,0,0,0,150,0,0,0,0
533,CHORE BOY,CHORE BOY 36CT,KITCHEN & TOILET,155.0,129,6.2,6.17,22.47,22.71,0.00,24.99,19.37,3.11,13.8,Stable,-1.0,Stable,0.2,2025-03-10,2025-09-02,3,25,4,0,0,0,0,1,124,0,0,0,0
534,018804059315,JARRITOS GUMMY PEG BAG 8OZ 1CT,CANDYS,155.0,19,14.09,8.58,2.73,2.68,2.59,2.79,1.88,0.85,31.1,Stable,3.0,Stable,-0.9,2025-03-11,2025-09-02,3,11,0,0,19,0,0,0,0,0,0,0,0
535,026100016291,NEWPORT PLATINUM BLUE BOX 10CT,CIGARETTE,155.0,128,5.96,6.75,88.7,89.6,86.89,90.49,87.17,1.53,1.7,Stable,0.1,Stable,0.2,2025-03-13,2025-09-03,3,26,0,0,0,0,0,0,0,128,0,0,0
536,031700238394,WO 2/1.19 30/2CT SWIRL TRP GRP,CIGARS,154.0,129,5.92,6.58,25.99,25.99,25.99,25.99,19.89,6.1,23.5,Stable,0.3,Stable,-0.0,2025-03-10,2025-09-05,1,26,0,0,0,0,0,0,129,0,0,0,0
537,070970459931,MIKE & IKE 24CT ORIGINAL,CANDYS,154.0,131,5.92,5.5,5.69,5.69,5.69,5.69,4.56,1.13,19.9,Stable,-2.6,Stable,-0.0,2025-03-10,2025-09-03,2,26,0,0,0,0,131,0,0,0,0,0,0
538,JBPG15,JBPK PIPES G15K ASSORTED,JBR,154.0,5,38.5,2.17,35.5,35.5,35.50,35.50,35.5,0.0,0.0,Up,9.4,Stable,0.0,2025-04-07,2025-06-29,68,4,0,0,0,0,0,0,5,0,0,0,0
539,071610341760,BACKWOODS 5PK 8/5CT TICAL,CIGAR GA,154.0,112,6.7,1.67,37.7,37.99,36.99,37.99,32.69,5.01,13.3,Down,-14.1,Stable,0.1,2025-03-14,2025-08-26,10,23,0,0,0,0,0,0,112,0,0,0,0
540,090500100188,KOOL MENTHOL SOFT 10CT,CIGARETTE,154.0,136,5.92,6.17,83.32,84.25,80.89,84.49,80.68,2.65,3.2,Stable,0.1,Stable,0.2,2025-03-10,2025-09-05,0,26,0,0,0,0,0,0,0,136,0,0,0
541,070970459979,MIKE & IKE 24CT TROPICAL,CANDYS,153.0,136,5.88,5.42,5.69,5.69,5.69,5.69,4.56,1.13,19.9,Stable,-2.0,Stable,-0.0,2025-03-10,2025-09-04,2,26,0,0,0,0,136,0,0,0,0,0,0
542,JBPKB,JBPK PIPES KB25K ASSORTED,JBR,153.0,5,38.25,11.33,28.25,28.44,27.50,31.25,27.5,0.75,2.7,Up,53.1,Stable,2.0,2025-05-09,2025-08-17,20,4,0,0,0,0,0,0,5,0,0,0,0
543,716165174585,RAW CONES CLASSIC K/S 32/3PK ,CIG ROLLING PAPER,152.0,138,5.85,6.0,36.13,36.29,34.99,37.99,24.93,11.2,31.0,Stable,-0.6,Stable,0.1,2025-03-10,2025-09-01,5,26,0,0,0,0,0,0,138,0,0,0,0
544,719410720124,5-HOUR ENERGY XS 12CT- GRAPE,VITAMINS,152.0,138,5.85,6.17,21.99,21.99,21.99,21.99,21.33,0.66,3.0,Stable,-0.5,Stable,-0.0,2025-03-10,2025-09-04,1,26,0,0,0,0,0,0,138,0,0,0,0
545,071610341746,BACKWOODS 5PK 8/5CT LA AROMAT,CIGARS,152.0,83,30.4,0.0,37.46,37.46,36.99,37.99,29.4,8.06,21.5,Down,-15.5,Stable,0.8,2025-04-24,2025-05-20,108,5,0,0,0,0,0,0,83,0,0,0,0
546,JBPRZ,JBP PIPES R25K ASSORTED,JBR,152.0,6,38.0,6.75,44.7,45.97,43.25,51.25,43.33,1.36,3.0,Up,43.2,Stable,1.5,2025-03-16,2025-07-31,36,4,0,0,0,0,0,0,5,1,0,0,0
547,028200148100,MARL MENTHOL SILVER BOX 10CT,CIGARETTE,151.0,110,5.81,6.58,84.97,86.15,81.99,87.09,81.31,3.66,4.3,Stable,1.2,Stable,0.2,2025-03-12,2025-09-05,0,26,0,0,0,0,0,0,0,110,0,0,0
548,428741,GRIZZLY FC NATURAL 5CT,T7 SMOKELESS GA,151.0,71,5.81,4.25,25.41,25.99,24.69,26.49,24.2,1.21,4.7,Stable,-4.6,Stable,0.3,2025-03-14,2025-09-03,2,26,0,0,0,0,0,0,71,0,0,0,0
549,858765004722,SHOW 5/$1 15/5CT MANGO,CIGARS,151.0,125,5.81,5.42,10.69,10.69,10.69,10.69,7.5,3.19,29.8,Stable,-1.1,Stable,-0.0,2025-03-11,2025-09-05,1,26,0,0,0,0,0,125,0,0,0,0,0
550,716165177326,RAW CLSC 1 1/4  1.25 24CT,CIG ROLLING PAPER,151.0,140,6.04,5.58,15.76,15.74,0.00,15.99,11.69,4.07,25.8,Stable,-0.6,Stable,-0.1,2025-03-11,2025-09-04,1,25,2,0,0,0,0,138,0,0,0,0,0
551,070137514855,BLK & MLD 10/5PK $2.49 FT SWT,CIGARS,151.0,68,30.2,0.0,22.49,22.49,22.49,22.49,19.72,2.77,12.3,Down,-12.3,Stable,0.0,2025-03-28,2025-05-01,127,5,0,0,0,0,0,0,68,0,0,0,0
552,071610341586,BACKWOODS TRUEWRAPS 16/5CT ORI,LT-TAX-COLLECTED,151.0,133,5.81,6.25,67.68,67.99,66.99,67.99,58.8,8.88,13.1,Stable,-0.1,Stable,0.1,2025-03-10,2025-09-05,1,26,0,0,0,0,0,0,0,133,0,0,0
553,077170110365,JOB JAR ORANGE 1.25 $.99 100CT,CIG ROLLING PAPER,151.0,143,5.81,6.58,61.35,61.2,0.00,61.99,53.29,8.06,13.1,Stable,0.1,Stable,0.0,2025-03-13,2025-09-04,2,26,1,0,0,0,0,0,0,142,0,0,0
554,814859012899,SCALE DZ1 600/650 X 0.1G 1CT,NOVELTY ITEMS,150.0,34,7.5,7.42,2.99,2.99,2.99,2.99,2.19,0.8,26.8,Stable,2.7,Stable,-0.0,2025-03-24,2025-09-05,1,20,0,0,34,0,0,0,0,0,0,0,0
555,041419420010,COMBOS PEG BAG 6.3OZ 1CT,COOKIES,150.0,19,12.5,2.33,2.79,2.79,2.79,2.79,2.11,0.68,24.5,Down,-8.2,Stable,0.0,2025-03-25,2025-09-01,4,12,0,0,19,0,0,0,0,0,0,0,0
556,895301001012,TWEAKER $0.99 12 CT - BERRY,VITAMINS,150.0,102,5.77,6.25,6.5,6.5,6.50,6.50,5.45,1.05,16.2,Stable,-0.3,Stable,0.0,2025-03-10,2025-09-03,2,26,0,0,0,0,102,0,0,0,0,0,0
557,090600392681,CROWNS GOLD 100 BOX 10CT,CIGARETTE,150.0,73,6.0,5.58,33.39,33.88,32.99,35.29,31.45,1.94,5.8,Stable,-1.0,Stable,0.2,2025-03-13,2025-09-05,1,25,0,0,0,0,0,0,73,0,0,0,0
558,042037110963,GOODYS POWDER XS 36/2CT,MEDICINE,150.0,145,5.77,5.75,23.99,23.99,23.99,23.99,19.66,4.33,18.1,Stable,-0.9,Stable,-0.0,2025-03-11,2025-09-05,1,26,0,0,0,0,0,0,145,0,0,0,0
559,814859013650,SCALE DZ3-750 750 x 0.1G 1CT,NOVELTY ITEMS,149.0,41,7.45,5.92,3.99,3.99,3.99,3.99,3.09,0.9,22.6,Stable,-0.6,Stable,-0.0,2025-03-17,2025-09-05,1,20,0,0,0,41,0,0,0,0,0,0,0
560,044600322575,CLOROX LIQ BLEACH 11OZ,CLEANING PRODUCTS,149.0,33,7.84,8.5,1.49,1.49,1.49,1.49,1.16,0.33,21.8,Up,5.6,Stable,0.0,2025-03-20,2025-09-01,5,19,0,33,0,0,0,0,0,0,0,0,0
561,047995855352,AMERICAN SPIRIT GOLD 10CT,CIGARETTE,149.0,107,5.96,7.17,95.91,96.75,93.99,97.59,93.03,2.88,3.0,Stable,1.9,Stable,0.2,2025-03-13,2025-09-02,3,25,0,0,0,0,0,0,0,107,0,0,0
562,142245699356,FLYING H GUMMY 1000MG JAR 20CT,CBD/HEMP,148.0,26,8.71,1.83,7.67,8.1,0.00,8.50,7.0,0.67,8.8,Down,-6.7,Stable,1.1,2025-03-13,2025-08-11,25,17,1,0,0,0,25,0,0,0,0,0,0
563,090500100218,KOOL BLUE 100 BOX 10CT,CIGARETTE,148.0,130,5.69,6.25,83.45,84.28,80.89,84.49,81.0,2.45,2.9,Stable,0.5,Stable,0.2,2025-03-11,2025-09-05,0,26,0,0,0,0,0,0,0,130,0,0,0
564,031700237939,GAME 2/1.29 30/2CT GRAPE,CIGAR GA,148.0,132,5.69,5.92,27.99,27.99,27.99,27.99,21.94,6.05,21.6,Stable,-0.8,Stable,-0.0,2025-03-11,2025-09-05,1,26,0,0,0,0,0,0,132,0,0,0,0
565,031700236611,GAME MINI 3/1.29 15/3CT SWEETS,CIGARS,147.0,131,5.88,5.92,15.29,15.29,15.29,15.29,11.27,4.02,26.3,Stable,-1.4,Stable,-0.0,2025-03-11,2025-09-03,3,25,0,0,0,0,0,131,0,0,0,0,0
566,763556575858,KADO BAR SNAP PODS 25K 5CT,ELECTRONIC CIG,147.0,42,13.36,12.25,35.15,35.15,31.50,37.50,27.5,7.65,21.8,Down,-17.1,Stable,0.6,2025-06-23,2025-09-01,5,11,0,0,0,0,0,0,42,0,0,0,0
567,070970485473,MIKE & IKE 24CT SOUR WATERM,CANDYS,147.0,130,5.88,6.42,5.69,5.69,5.69,5.69,4.56,1.13,19.9,Stable,-1.1,Stable,-0.0,2025-03-10,2025-09-05,1,25,0,0,0,0,130,0,0,0,0,0,0
568,028200156501,MARL SB RED BOX 10CT,CIGARETTE,147.0,104,5.65,4.42,81.48,82.4,79.39,83.39,78.35,3.13,3.8,Stable,-2.5,Stable,0.2,2025-03-12,2025-09-04,2,26,0,0,0,0,0,0,0,104,0,0,0
569,028200177803,VIRG SL MENTHOL  SPSL BOX 10CT,CIGARETTE,147.0,120,5.88,6.5,97.33,98.33,94.39,99.49,93.72,3.61,3.7,Stable,1.8,Stable,0.2,2025-03-10,2025-09-03,2,25,0,0,0,0,0,0,0,120,0,0,0
570,KC1,KEYCHAINS ASSORTED 1CT ,HOUSEHOLD GOODS,146.0,4,73.0,12.17,2.09,2.09,1.79,2.60,0.9,1.19,57.0,Down,-35.6,Up,29.9,2025-07-07,2025-07-16,52,2,0,3,1,0,0,0,0,0,0,0,0
571,JUMEX12,JUMEX TETRA 33.81OZ 12CT,DRINKS,146.0,51,6.35,6.58,20.01,20.03,19.99,20.99,17.85,2.16,10.8,Stable,-0.9,Stable,0.1,2025-03-15,2025-09-01,5,23,0,0,0,0,0,50,1,0,0,0,0
572,070970459955,MIKE & IKE 24CT BERRY,CANDYS,146.0,130,5.62,5.42,5.69,5.69,5.69,5.69,4.56,1.13,19.9,Stable,-1.7,Stable,-0.0,2025-03-10,2025-09-04,2,26,0,0,0,0,130,0,0,0,0,0,0
573,734126081130,VITA HERBAL SHOTS 12CT,VITAMINS,146.0,97,6.08,3.92,15.09,14.91,0.00,15.99,10.11,4.98,33.0,Stable,-2.9,Stable,0.1,2025-03-10,2025-09-02,3,24,2,0,0,0,0,95,0,0,0,0,0
574,025900345877,POM POM 3/1.19 15/3CT RED,CIGARS,145.0,73,5.8,6.75,11.97,11.95,10.50,11.99,8.7,3.27,27.3,Stable,-0.3,Stable,-0.0,2025-03-10,2025-09-02,3,25,0,0,0,0,0,73,0,0,0,0,0
575,CBH6,BEER RING CARDBOARD HOLDER 6PK,MISC,144.0,51,6.86,10.33,49.55,49.27,42.50,49.99,40.24,9.31,18.8,Stable,2.7,Stable,-0.1,2025-03-13,2025-09-03,2,21,0,0,0,0,0,0,51,0,0,0,0
576,799953210207,STOKERS TUB 12OZ LC WINTRGREEN,LT-TAX PAID,143.0,62,6.81,8.5,16.49,16.49,16.49,16.49,14.89,1.6,9.7,Up,8.6,Stable,0.0,2025-03-13,2025-08-31,5,21,0,0,0,0,0,62,0,0,0,0,0
577,043300109097,LUCKY STRIKE GOLD 100 BOX 10CT,CIGARETTE,143.0,117,5.5,5.75,65.16,65.79,64.19,66.19,62.42,2.74,4.2,Stable,-0.4,Stable,0.1,2025-03-11,2025-09-05,0,26,0,0,0,0,0,0,0,117,0,0,0
578,739835011133,DALAN LIQUID HAND SOAP 10OZ,CLEANING PRODUCTS,143.0,27,8.41,5.42,1.49,1.49,1.49,1.49,0.8,0.69,46.3,Stable,-1.4,Stable,0.0,2025-03-11,2025-09-02,4,17,0,27,0,0,0,0,0,0,0,0,0
579,RIPIT,RIP IT ENERGY DRINK 24CT,DRINKS,142.0,57,6.45,4.67,22.99,22.99,22.99,22.99,21.99,1.0,4.3,Stable,-1.1,Stable,-0.0,2025-03-11,2025-08-28,8,22,0,0,0,0,0,0,57,0,0,0,0
580,717519011143,AL CAPONE 10/10CT SWEET FILTER,LIT CIGARS 003251,142.0,125,6.17,5.42,58.04,58.09,57.99,60.99,53.1,4.93,8.5,Stable,-1.2,Stable,0.0,2025-03-29,2025-09-04,1,23,0,0,0,0,0,0,0,125,0,0,0
581,GHBP24,GAS HOUSE BACK PACK 1CT,NOVELTY ITEMS,141.0,53,7.42,3.42,20.05,19.85,0.00,23.99,18.0,2.05,10.2,Down,-5.0,Stable,0.2,2025-03-12,2025-08-20,17,19,2,0,0,0,0,0,51,0,0,0,0
582,028200147103,MARL MENTHOL GOLD 100 BOX 10CT,CIGARETTE,141.0,115,5.42,7.67,85.21,86.03,81.99,87.09,80.71,4.51,5.3,Stable,3.7,Stable,0.2,2025-03-11,2025-09-04,2,26,0,0,0,0,0,0,0,115,0,0,0
583,071610341777,BACKWOODS 5PK 8/5CT ATL,CIGARS,141.0,95,28.2,11.75,38.99,38.99,38.99,38.99,30.2,8.79,22.5,Down,-19.1,Stable,0.0,2025-08-08,2025-09-04,2,5,0,0,0,0,0,0,95,0,0,0,0
584,810159860277,LOOSE LEAF 8/5CT CHIEF KIEF,LT-TAX-COLLECTED,141.0,85,8.81,2.33,39.99,39.99,39.99,39.99,32.6,7.39,18.5,Stable,-2.2,Stable,0.0,2025-03-10,2025-09-02,4,16,0,0,0,0,0,0,85,0,0,0,0
585,076940197018,LD RED 100 BOX 10CT,CIGARETTE,140.0,62,5.83,7.33,30.51,30.99,28.99,30.99,29.61,0.9,3.0,Stable,4.0,Stable,0.3,2025-03-10,2025-09-03,2,24,0,0,0,0,0,0,62,0,0,0,0
586,300450449054,TYLENOL EX/S CAPLETS 24CT,MEDICINE,139.0,33,6.32,5.58,4.98,4.96,4.50,4.99,3.75,1.22,24.6,Stable,-1.1,Stable,-0.0,2025-03-13,2025-09-02,3,22,0,0,0,33,0,0,0,0,0,0,0
587,071610341159,DM 2/1.29 30/2CT JAVA FUSION,CIGARS,139.0,120,5.35,6.17,29.99,29.99,29.99,29.99,23.4,6.59,22.0,Stable,1.2,Stable,-0.0,2025-03-11,2025-09-04,1,26,0,0,0,0,0,0,120,0,0,0,0
588,027200018543,PALL MALL BLUE BOX 10CT,CIGARETTE,138.0,93,5.31,6.67,78.63,79.39,76.69,80.29,76.06,2.57,3.3,Stable,2.3,Stable,0.2,2025-03-13,2025-09-05,1,26,0,0,0,0,0,0,0,93,0,0,0
589,082665110256,"READI FOAM PLATES 7/8"" 30CT",HOUSEHOLD GOODS,138.0,31,7.67,6.5,1.39,1.39,1.39,1.39,0.89,0.5,35.8,Stable,2.1,Stable,0.0,2025-03-14,2025-08-31,5,18,0,31,0,0,0,0,0,0,0,0,0
590,742880889442,BLISS XTRA 84CT KRATOM,VITAMINS,138.0,12,12.55,6.0,11.67,11.8,11.50,12.99,10.0,1.67,14.3,Up,5.7,Stable,0.1,2025-03-22,2025-09-03,3,11,0,0,0,0,0,12,0,0,0,0,0
591,073100014789,SKOAL POUCH WINTERGREEN 5CT,T7 SMOKELESS GA,138.0,58,5.52,5.83,29.86,30.31,28.99,30.79,28.71,1.14,3.8,Stable,1.5,Stable,0.3,2025-03-12,2025-09-03,2,25,0,0,0,0,0,0,58,0,0,0,0
592,764053428319,"GT FOAM PLATE 8"" 22CT",KITCHEN & TOILET,138.0,34,7.26,7.0,1.39,1.39,1.39,1.39,0.8,0.59,42.8,Stable,1.5,Stable,0.0,2025-03-15,2025-08-31,6,19,0,34,0,0,0,0,0,0,0,0,0
593,005821315111,EARTH KRATOM CAPSULES 300CT,CBD/HEMP,138.0,31,7.67,5.5,14.12,14.12,13.75,14.50,13.0,1.12,7.9,Stable,-2.7,Stable,0.0,2025-04-06,2025-09-01,5,18,0,0,0,0,0,31,0,0,0,0,0
594,842426164078,GT 2/1.29 HD 10/2CT PALMA BLUE,CIGAR GA,137.0,52,5.96,6.08,11.98,11.99,11.39,11.99,8.77,3.21,26.8,Stable,1.0,Stable,0.0,2025-03-15,2025-09-05,1,23,0,0,0,0,0,52,0,0,0,0,0
595,8991111101316,J&J BABY OIL 50ML 1CT,COSMETICS & BEAUTY,137.0,25,10.54,7.25,1.29,1.29,1.29,1.29,0.9,0.39,30.2,Up,5.9,Stable,0.0,2025-03-13,2025-08-31,6,13,0,25,0,0,0,0,0,0,0,0,0
596,840158608273,FRE 9MG POUCH 5CT MINT,NICOTINE POUCHES,137.0,28,7.21,6.33,20.01,20.15,18.99,20.49,18.11,1.9,9.5,Stable,4.3,Stable,0.1,2025-03-12,2025-09-04,2,19,0,0,0,0,0,17,11,0,0,0,0
597,024600010030,MORTON SALT IODIZED 1LB,FOOD,137.0,24,8.56,6.25,1.99,1.99,1.99,1.99,1.44,0.55,27.8,Stable,3.4,Stable,0.0,2025-03-31,2025-08-28,9,16,0,24,0,0,0,0,0,0,0,0,0
598,031700237915,GAME 2/1.29 30/2CT HONEY,CIGARS,137.0,122,5.27,4.67,27.99,27.99,27.99,27.99,21.51,6.48,23.2,Stable,-1.3,Stable,-0.0,2025-03-14,2025-09-05,1,26,0,0,0,0,0,0,122,0,0,0,0
599,070137511168,BLK & MLD 10/5PK WT JAZZ ,CIGAR GA,136.0,97,5.23,5.25,62.92,63.79,59.79,63.79,43.29,19.63,31.2,Stable,-1.2,Stable,0.2,2025-03-11,2025-09-04,1,26,0,0,0,0,0,0,0,97,0,0,0
600,753386093042,"CAKE 7G 5CT THC-P, D8, D10",ECIG - DISP D8,136.0,47,5.91,3.67,75.23,76.44,72.50,84.99,65.0,10.23,13.6,Stable,-3.3,Stable,0.1,2025-03-10,2025-08-31,5,23,0,0,0,0,0,0,0,47,0,0,0
601,191554360242,IDEAL CLEAR FORKS 48CT,HOUSEHOLD GOODS,136.0,34,7.56,4.92,1.19,1.19,1.19,1.19,0.59,0.6,50.4,Stable,-3.2,Stable,-0.0,2025-03-13,2025-09-01,5,18,0,34,0,0,0,0,0,0,0,0,0
602,031700239414,GAME 2/1.29 30/2CT MVP WT RUSS,CIGARS,135.0,108,6.14,4.75,27.99,27.99,27.99,27.99,21.52,6.47,23.1,Stable,0.5,Stable,-0.0,2025-03-11,2025-08-05,32,22,0,0,0,0,0,0,108,0,0,0,0
603,609249920416,ZYN 3MG CHILL 5CT,NICOTINE POUCHES,135.0,43,6.75,3.5,21.31,21.4,19.89,21.49,20.42,0.88,4.1,Down,-11.1,Stable,0.1,2025-03-11,2025-08-31,5,20,0,0,0,0,0,2,41,0,0,0,0
604,000252204478,XTREME KRATOM SHOTS 15CT,VITAMINS,134.0,78,5.15,4.25,97.78,99.38,0.00,105.00,93.75,4.03,4.1,Stable,-3.3,Stable,0.1,2025-03-10,2025-09-03,2,26,1,0,0,0,0,0,0,74,3,0,0
605,855906007536,GRABBA  LEAF CRUSHED 25CT,LT-TAX PAID,134.0,89,5.36,5.92,21.96,21.96,20.50,21.99,18.75,3.21,14.6,Stable,-0.6,Stable,0.0,2025-03-10,2025-09-05,1,25,0,0,0,0,0,0,89,0,0,0,0
606,766679204285,MODUS TABZ 20MG 10/4CT,KRATOM,134.0,41,10.31,3.92,98.96,100.52,89.99,105.00,83.78,15.18,15.3,Stable,0.7,Stable,0.8,2025-04-16,2025-07-15,53,13,0,0,0,0,0,0,0,27,14,0,0
607,751667290029,DJARUM 10/12PK SAPHIRE/MENTHOL,CIGARS,134.0,40,6.09,5.0,54.93,55.24,40.60,55.99,39.67,15.26,27.8,Stable,-2.4,Stable,0.3,2025-03-10,2025-08-27,9,22,0,0,0,0,0,0,3,37,0,0,0
608,861007240321,SMB CHARCOAL FLUID 32OZ 1CT,HOUSEHOLD GOODS,133.0,26,9.5,2.83,3.57,3.82,3.49,3.99,2.5,1.07,29.9,Down,-5.2,Stable,0.9,2025-03-13,2025-09-02,4,14,0,0,0,26,0,0,0,0,0,0,0
609,028200193506,MARL 72 MENTHOL BLACK BOX 10CT,CIGARETTE,133.0,117,5.12,5.58,84.98,86.01,81.99,87.09,81.63,3.35,3.9,Stable,1.3,Stable,0.2,2025-03-12,2025-09-04,2,26,0,0,0,0,0,0,0,117,0,0,0
610,CANLINER 55,CAN LINER 38X58 55GL,HOUSEHOLD GOODS,133.0,67,6.65,8.75,19.87,19.83,11.75,19.99,11.75,8.12,40.9,Stable,4.9,Stable,-0.0,2025-03-25,2025-09-02,3,20,0,0,0,0,0,67,0,0,0,0,0
611,716165179498,RAW PRE ROLLED TIPS 20CT,CIG ROLLING PAPER,132.0,120,5.08,5.92,15.86,15.74,0.00,15.99,11.15,4.71,29.7,Stable,0.2,Stable,-0.0,2025-03-10,2025-09-04,1,26,1,0,0,0,0,119,0,0,0,0,0
612,725272745830,HIGH GR PRE ROLL 2GM THCP 50CT,CBD/HEMP,132.0,51,8.8,2.83,67.06,66.73,65.00,75.00,60.1,6.96,10.4,Stable,-2.2,Stable,-0.3,2025-03-11,2025-06-30,67,15,0,0,0,0,0,0,0,51,0,0,0
613,071610301870,BACKWOODS 5PK 8/5CT HNY BERRY,CIGARS,131.0,107,5.04,5.25,37.69,37.99,36.99,37.99,29.79,7.9,21.0,Stable,0.1,Stable,0.1,2025-03-11,2025-09-05,1,26,0,0,0,0,0,0,107,0,0,0,0
614,810159861519,LOOSE LEAF 2/1.99 20CT SWT GLD,LT-TAX-COLLECTED,131.0,93,5.46,6.33,24.99,24.99,24.99,24.99,18.0,6.99,28.0,Stable,0.6,Stable,0.0,2025-03-10,2025-09-04,2,24,0,0,0,0,0,0,93,0,0,0,0
615,SHISHA40K,SHISHA 40K PUFFS DISP 10CT,ELECTRONIC CIG,131.0,34,8.73,0.92,80.22,80.29,72.50,85.00,67.35,12.87,16.0,Down,-22.2,Stable,0.0,2025-04-02,2025-08-14,23,15,0,0,0,0,0,0,0,34,0,0,0
616,073390010829,AIR HEAD BITES ORIG FRUIT 6OZ,CANDYS,131.0,19,10.08,2.17,2.28,2.26,2.19,2.29,1.69,0.59,25.9,Down,-5.1,Stable,-0.1,2025-03-10,2025-07-30,38,13,0,0,19,0,0,0,0,0,0,0,0
617,027200018673,PALL MALL RED 100 BOX 10CT,CIGARETTE,130.0,109,5.0,3.83,78.28,79.48,76.69,80.29,75.29,2.99,3.8,Stable,-3.1,Stable,0.2,2025-03-10,2025-09-01,4,26,0,0,0,0,0,0,0,109,0,0,0
618,R20,RED BULL 20OZ 12CT,DRINKS,130.0,84,5.42,5.5,49.57,49.94,16.66,49.99,43.24,6.33,12.8,Stable,1.3,Stable,-0.0,2025-03-12,2025-09-04,1,24,0,0,0,0,0,1,83,0,0,0,0
619,028200148506,MARL MENTHOL SILVER 100 BOX ,CIGARETTE,130.0,93,5.0,7.25,85.31,85.99,81.99,87.09,81.82,3.49,4.1,Stable,3.7,Stable,0.2,2025-03-12,2025-09-04,2,26,0,0,0,0,0,0,0,93,0,0,0
620,819721012052,BLUNTVILLE CIG 25CT TRIPLE VAN,CIGARS,130.0,68,5.42,3.33,23.49,23.49,23.49,23.49,16.75,6.74,28.7,Stable,-4.3,Stable,0.0,2025-03-10,2025-08-23,13,24,0,0,0,0,0,0,68,0,0,0,0
621,070137832058,BLK & MLD 1.19 25CT PT REGULAR,CIGARS,130.0,7,65.0,2.83,22.99,22.99,22.99,22.99,19.64,3.35,14.6,Down,-95.4,Stable,-0.0,2025-05-06,2025-06-12,86,2,0,0,0,0,0,0,7,0,0,0,0
622,PMC,PRINGLES MEDIUM CASE 12CT,FOOD,130.0,53,5.42,4.92,15.99,15.99,15.99,15.99,11.92,4.07,25.5,Stable,-0.1,Stable,0.0,2025-03-16,2025-09-03,3,24,0,0,0,0,0,53,0,0,0,0,0
623,090500100263,SALEM MENTHOL SLIM 100 BOX 10C,CIGARETTE,130.0,116,5.0,6.0,96.07,97.43,92.09,97.79,93.24,2.83,2.9,Stable,1.8,Stable,0.2,2025-03-10,2025-09-05,0,26,0,0,0,0,0,0,0,116,0,0,0
624,073100030390,COPENHAGEN POUCH MINT 5CT,T7 SMOKELESS GA,130.0,84,5.2,5.75,25.42,25.68,24.79,25.99,24.3,1.12,4.4,Stable,0.9,Stable,0.2,2025-03-17,2025-09-05,1,25,0,0,0,0,0,0,84,0,0,0,0
625,10853168006486,ADD ALL XR 12CT,VITAMINS,130.0,37,6.19,7.67,26.25,25.34,0.00,31.99,25.5,0.75,2.9,Up,7.2,Stable,-1.7,2025-03-10,2025-09-01,5,21,5,0,0,0,0,0,32,0,0,0,0
626,041689300494,ZIPPO LIGHTER FLUID 4OZ 1CT,LIGHTERS,130.0,40,8.12,6.0,1.91,1.94,1.89,1.99,1.41,0.5,26.4,Stable,2.7,Stable,0.3,2025-03-10,2025-09-05,1,16,0,40,0,0,0,0,0,0,0,0,0
627,10840048219036,JUUL 5% 6/4CT 23.99 VIRG TOBAC,ECIG - PODS,129.0,35,7.59,5.33,71.35,73.68,66.00,74.99,61.8,9.55,13.4,Down,-5.4,Stable,0.7,2025-03-20,2025-09-04,2,17,0,0,0,0,0,0,0,35,0,0,0
628,SKU-CTKK-10TCC,CELLTEKK CTD USB TYPE-C 10CT,CELLUAR ACCESSORIES,129.0,100,5.16,5.08,14.82,14.99,0.00,14.99,10.64,4.18,28.2,Stable,-0.4,Stable,0.1,2025-03-11,2025-09-05,1,25,1,0,0,0,0,99,0,0,0,0,0
629,895301001029,TWEAKER $0.99 12 CT - GRAPE,VITAMINS,129.0,103,4.96,6.5,6.5,6.5,6.50,6.50,5.43,1.07,16.5,Stable,3.6,Stable,0.0,2025-03-10,2025-09-03,2,26,0,0,0,0,103,0,0,0,0,0,0
630,849205016269,VUSE MENTHOL 5.0% 5/2CT,ECIG - PODS,128.0,102,4.92,4.75,66.99,66.99,66.99,66.99,61.83,5.16,7.7,Stable,-0.4,Stable,0.0,2025-03-10,2025-09-04,2,26,0,0,0,0,0,0,0,102,0,0,0
631,T32,TROPICANA 32OZ 12CT,DRINKS,128.0,67,5.57,5.67,41.99,41.99,41.99,41.99,38.75,3.24,7.7,Stable,-0.4,Stable,0.0,2025-03-11,2025-09-05,1,23,0,0,0,0,0,0,67,0,0,0,0
632,310310283407,ORAJEL REGULAR .25OZ 1CT,MEDICINE,128.0,30,6.1,4.75,5.49,5.49,5.49,5.49,4.09,1.4,25.5,Stable,-1.4,Stable,0.0,2025-03-14,2025-09-05,1,21,0,0,0,0,30,0,0,0,0,0,0
633,FIJI1L,FIJI WATER 1LTR 12CT,WATER,128.0,100,5.57,4.42,24.99,24.99,24.99,24.99,15.63,9.36,37.5,Stable,-0.6,Stable,-0.0,2025-03-10,2025-09-05,0,23,0,0,0,0,0,0,100,0,0,0,0
634,COASTAL,COASTAL OIL 12/1QT,AUTOMOTIVE,127.0,53,5.08,4.42,39.99,39.99,39.99,39.99,32.38,7.61,19.0,Stable,-3.9,Stable,0.0,2025-03-10,2025-08-31,5,25,0,0,0,0,0,0,53,0,0,0,0
635,076940197025,LD BLUE BOX 10CT,CIGARETTE,127.0,48,5.29,5.58,30.43,30.99,28.99,30.99,29.15,1.28,4.2,Stable,1.7,Stable,0.3,2025-03-12,2025-09-03,2,24,0,0,0,0,0,0,48,0,0,0,0
636,812615006717,CLIPPER CIGAR 10CT MENTHOL,CIGARS,127.0,62,5.08,4.33,11.99,11.99,11.99,11.99,8.05,3.94,32.9,Stable,-2.0,Stable,0.0,2025-03-13,2025-09-05,0,25,0,0,0,0,0,62,0,0,0,0,0
637,049200007259,NJOY SUGAR 1.25LB,FOOD,127.0,29,8.47,1.5,2.69,2.69,2.69,2.69,2.0,0.69,25.7,Down,-5.8,Stable,0.0,2025-03-10,2025-07-04,64,15,0,0,29,0,0,0,0,0,0,0,0
638,028200172365,B&H PREMIUM MENTHOL BOX 10CT,CIGARETTE,127.0,112,4.88,5.33,110.26,111.34,107.39,112.39,106.79,3.47,3.1,Stable,0.0,Stable,0.2,2025-03-11,2025-09-03,3,26,0,0,0,0,0,0,0,0,112,0,0
639,820524001822,EMPRESS STRAWS 10.25''  500CT,HOUSEHOLD GOODS,126.0,70,5.25,4.42,5.99,5.99,5.99,5.99,3.12,2.88,48.0,Stable,-2.6,Stable,0.0,2025-03-11,2025-09-01,5,24,0,0,0,0,70,0,0,0,0,0,0
640,762446410200,LONGHORN FC NATURAL 5CT,T7 SMOKELESS GA,126.0,60,5.25,4.67,13.36,13.49,12.99,13.49,12.32,1.04,7.8,Stable,0.4,Stable,0.2,2025-03-12,2025-09-03,2,24,0,0,0,0,0,60,0,0,0,0,0
641,F24,FRAPPUCINNO 9.5 OZ 24 CT,DRINKS,125.0,39,5.95,5.17,48.99,48.99,48.99,48.99,46.4,2.59,5.3,Stable,0.5,Stable,-0.0,2025-03-17,2025-08-21,16,21,0,0,0,0,0,0,39,0,0,0,0
642,028200310217,L&M BLUE 100 BOX 10CT,CIGARETTE,125.0,65,5.21,5.42,80.65,81.65,78.39,82.39,77.73,2.93,3.6,Stable,0.7,Stable,0.2,2025-03-10,2025-09-01,5,24,0,0,0,0,0,0,0,65,0,0,0
643,047995855338,AMERICAN SPIRIT ORANGE 10CT,CIGARETTE,125.0,93,4.81,5.67,91.01,91.77,89.09,92.69,88.14,2.87,3.1,Stable,0.9,Stable,0.2,2025-03-12,2025-09-01,4,26,0,0,0,0,0,0,0,93,0,0,0
644,090500100096,WINST RED KING BOX 10CT,CIGARETTE,125.0,89,5.0,6.17,82.7,83.65,80.19,83.79,80.19,2.51,3.0,Stable,2.5,Stable,0.2,2025-03-11,2025-09-03,3,25,0,0,0,0,0,0,0,89,0,0,0
645,022000019707,STARBURST PEG BAG 1CT,CANDYS,125.0,20,7.81,2.42,2.39,2.39,2.39,2.39,1.82,0.57,23.9,Stable,-3.7,Stable,0.0,2025-03-15,2025-09-03,3,16,0,0,20,0,0,0,0,0,0,0,0
646,071610341685,BACKWOODS TRUEWRAPS 16/5CT SWT,LT-TAX-COLLECTED,123.0,101,4.92,4.25,67.53,67.99,66.99,67.99,58.8,8.73,12.9,Stable,-2.9,Stable,0.1,2025-03-10,2025-09-02,3,25,0,0,0,0,0,0,0,101,0,0,0
647,028200138606,MARL 72 SILVER BOX 10CT,CIGARETTE,123.0,100,4.73,4.92,81.69,82.75,79.39,83.39,78.17,3.52,4.3,Stable,0.1,Stable,0.2,2025-03-10,2025-09-03,2,26,0,0,0,0,0,0,0,100,0,0,0
648,840158608693,FRE 6MG POUCH 5CT WINTERGREEN,NICOTINE POUCHES,123.0,15,8.79,4.42,19.89,19.99,18.99,20.49,19.07,0.82,4.1,Stable,-3.3,Stable,0.1,2025-03-31,2025-09-04,2,14,0,0,0,0,0,12,3,0,0,0,0
649,073135008166.,2 CYCLE ITASCA 8OZ 12CT,AUTOMOTIVE,123.0,116,4.73,5.67,16.99,16.99,16.99,16.99,11.01,5.98,35.2,Stable,1.8,Stable,-0.0,2025-03-11,2025-09-03,3,26,0,0,0,0,0,116,0,0,0,0,0
650,852682508370,CLARITIN  ALLERGY 25/1CT,MEDICINE,123.0,110,5.86,4.58,29.99,29.99,29.99,29.99,23.95,6.04,20.1,Down,-5.9,Stable,-0.0,2025-03-11,2025-09-04,1,21,0,0,0,0,0,0,110,0,0,0,0
651,616663964933,LOOSE LEAF 8/5CT RUSSIAN CREAM,LT-TAX-COLLECTED,123.0,97,6.15,1.5,34.99,34.99,34.99,34.99,26.6,8.39,24.0,Stable,-3.7,Stable,0.0,2025-03-10,2025-09-04,2,20,0,0,0,0,0,0,97,0,0,0,0
652,619682009906,EZ ROLL .49C 25CT STRAWBRY BAN,BLUNT WRAP,123.0,78,5.35,4.42,6.99,6.99,6.99,6.99,6.12,0.87,12.4,Stable,-2.5,Stable,-0.0,2025-03-13,2025-08-31,5,23,0,0,0,0,78,0,0,0,0,0,0
653,721535012015,BIDI STICK DISPOSABLE 10CT,ELECTRONIC CIG,122.0,32,8.71,3.08,52.44,52.2,51.00,58.50,50.0,2.44,4.6,Up,5.4,Stable,-0.2,2025-03-19,2025-07-01,67,14,0,0,0,0,0,0,0,32,0,0,0
654,750122786725,FRONTO KING DK CRUSH 12GM 24CT,LT-TAX PAID,122.0,106,5.3,4.75,49.99,49.99,49.99,49.99,42.0,7.99,16.0,Stable,-2.7,Stable,-0.0,2025-03-14,2025-09-01,5,23,0,0,0,0,0,0,106,0,0,0,0
655,022600926207,TROJAN 6/3CT ULTRA THIN,CONDOMS,122.0,108,4.69,4.58,9.99,9.99,9.99,9.99,7.75,2.24,22.4,Stable,-0.8,Stable,0.0,2025-03-10,2025-09-05,1,26,0,0,0,0,108,0,0,0,0,0,0
656,016027641775,FRONTO KING DRK CRUSH 6GM 12CT,LT-TAX PAID,121.0,101,4.65,4.67,17.99,17.99,17.99,17.99,15.0,2.99,16.6,Stable,-0.5,Stable,-0.0,2025-03-12,2025-09-05,1,26,0,0,0,0,0,101,0,0,0,0,0
657,070330639362,LGT BIC BIG 50CT,LIGHTERS,121.0,100,4.65,5.08,44.99,44.99,44.99,44.99,42.0,2.99,6.6,Stable,-0.4,Stable,-0.0,2025-03-10,2025-09-05,1,26,0,0,0,0,0,0,100,0,0,0,0
658,700598114669,OPMS SILVER 72G/120CT GRN MD,VITAMINS,121.0,28,6.05,5.67,8.3,8.73,0.00,9.75,7.0,1.3,15.7,Stable,1.4,Stable,0.7,2025-03-10,2025-09-01,5,20,1,0,0,0,27,0,0,0,0,0,0
659,725272746639,HIGH GR PRE ROLL THCP 10/2CT,CBD/HEMP,120.0,38,6.32,3.08,43.28,35.8,32.50,60.00,35.62,7.66,17.7,Stable,-1.3,Stable,-3.2,2025-03-20,2025-09-02,4,19,0,0,0,0,0,0,29,9,0,0,0
660,031700238004,GAME 2/1.29 30/2CT PINEAPPLE,CIGARS,120.0,105,4.62,4.58,27.99,27.99,27.99,27.99,21.52,6.47,23.1,Stable,-0.3,Stable,-0.0,2025-03-14,2025-09-05,1,26,0,0,0,0,0,0,105,0,0,0,0
661,761073425953,BUGLER ORIGINAL BOX 6OZ ,LT-TAX PAID,120.0,1,120.0,10.0,29.99,29.99,29.99,29.99,24.6,5.39,18.0,Stable,0.0,Stable,0.0,2025-06-22,2025-06-22,76,1,0,0,0,0,0,0,1,0,0,0,0
662,646117717099,PLOOX PARTY HOOKAH 1CT,NOVELTY ITEMS,120.0,19,13.33,5.83,14.97,15.15,13.50,16.99,12.5,2.47,16.5,Down,-18.8,Stable,2.5,2025-05-22,2025-08-26,11,9,0,0,0,0,0,19,0,0,0,0,0
663,025900359010,SS LEAF 10/3CT - HONEY,CIGARS,120.0,64,5.0,4.08,26.29,26.65,25.99,26.99,19.54,6.75,25.7,Stable,-3.5,Stable,0.2,2025-03-11,2025-09-04,1,24,0,0,0,0,0,0,64,0,0,0,0
664,7501071900112,CLOROX LIQ BLEACH 500ML,CLEANING PRODUCTS,120.0,21,8.0,6.25,1.69,1.69,1.69,1.69,0.95,0.74,43.8,Stable,-2.9,Stable,0.0,2025-03-24,2025-09-03,2,15,0,21,0,0,0,0,0,0,0,0,0
665,799953310273,STOKERS LC WNTRGRN 5CT,T7 SMOKELESS GA,120.0,46,6.0,5.17,16.99,16.99,16.99,16.99,15.24,1.75,10.3,Stable,-0.4,Stable,0.0,2025-03-18,2025-09-03,2,20,0,0,0,0,0,46,0,0,0,0,0
666,708926563042,WILDHORSE MENTHOL GREEN BOX,CIGARETTE,119.0,78,4.58,5.33,40.99,40.99,40.99,40.99,39.88,1.11,2.7,Stable,-0.5,Stable,-0.0,2025-03-10,2025-09-04,2,26,0,0,0,0,0,0,78,0,0,0,0
667,FPOPS,FRUIT SLICE POPS 48CT,CANDYS,119.0,37,5.95,5.83,5.99,5.99,5.99,5.99,4.8,1.19,19.9,Stable,2.5,Stable,-0.0,2025-03-20,2025-08-31,5,20,0,0,0,0,37,0,0,0,0,0,0
668,016000493629,GUSHERS FLVR MIXR 8CT,CANDYS,119.0,65,4.76,4.42,19.21,19.6,14.25,19.99,15.45,3.76,19.6,Stable,-1.2,Stable,0.3,2025-03-12,2025-09-03,2,25,0,0,0,0,0,65,0,0,0,0,0
669,850015847561,ROYAL KRATOM GOLD 300CT 1CT,VITAMINS,118.0,31,6.21,5.08,8.96,8.95,0.00,9.99,8.5,0.46,5.2,Stable,1.7,Stable,-0.2,2025-03-19,2025-09-01,4,19,2,0,0,0,29,0,0,0,0,0,0
670,031700239391,GAME 2/1.29 30/2CT SUMMER BLND,CIGARS,118.0,85,8.43,8.17,27.99,27.99,27.99,27.99,21.5,6.49,23.2,Down,-8.2,Stable,-0.0,2025-06-02,2025-09-04,2,14,0,0,0,0,0,0,85,0,0,0,0
671,R16,RED BULL  16OZ 12CT,DRINKS,118.0,60,5.62,4.33,40.81,40.99,37.25,40.99,36.46,4.35,10.7,Stable,-0.2,Stable,0.1,2025-03-10,2025-09-01,5,21,0,0,0,0,0,0,60,0,0,0,0
672,031700237861,WO 2/1.19 30/2CT WHITE RUSSIAN,CIGARS,118.0,108,4.72,4.08,25.99,25.99,25.99,25.99,19.89,6.1,23.5,Stable,-1.8,Stable,0.0,2025-03-10,2025-09-04,2,25,0,0,0,0,0,0,108,0,0,0,0
673,676979910208,PARTY WORLD 2OZ SHOT GLASS 24C,NOVELTY ITEMS,118.0,17,9.83,7.75,1.09,1.09,1.09,1.09,0.55,0.54,49.4,Stable,2.8,Stable,0.0,2025-03-12,2025-08-29,8,12,0,17,0,0,0,0,0,0,0,0,0
674,840045200887,ROGUE 6MG POUCH 5CT SPEARMINT,NICOTINE POUCHES,117.0,81,4.68,4.92,20.49,20.49,20.49,20.49,19.49,1.0,4.9,Stable,-0.2,Stable,0.0,2025-03-12,2025-09-03,2,25,0,0,0,0,0,0,81,0,0,0,0
675,858765005835,SHOW 5/$1 15/5CT WHITE GRAPE,CIGARS,117.0,99,4.5,4.58,10.69,10.69,10.69,10.69,7.32,3.37,31.5,Stable,-1.9,Stable,-0.0,2025-03-13,2025-09-03,2,26,0,0,0,0,0,99,0,0,0,0,0
676,30076171101557,LITTLE TREE AIR FRESHNER 24CT,NOVELTY ITEMS,117.0,92,4.68,4.83,15.99,15.99,15.99,15.99,13.82,2.17,13.6,Stable,0.5,Stable,0.0,2025-03-15,2025-09-03,3,25,0,0,0,0,0,92,0,0,0,0,0
677,842426165518,GT 4/1.19 4KS 15/4CT WTRMLN,CIGAR GA,117.0,104,4.5,4.5,12.06,12.14,11.99,12.99,10.51,1.55,12.8,Stable,-1.2,Stable,0.1,2025-03-11,2025-09-05,1,26,0,0,0,0,0,104,0,0,0,0,0
678,VAPE1,CLEARANCE ASSORTED VAPE 1CT,ELECTRONIC CIG,117.0,21,11.7,1.92,15.62,26.57,1.00,40.00,3.0,12.62,80.8,Up,8.7,Up,12.5,2025-03-11,2025-06-30,68,10,0,5,0,2,1,4,9,0,0,0,0
679,071153785755,STP 78575 FUEL INJ 5.25OZ 1CT,AUTOMOTIVE,116.0,26,6.82,5.0,3.99,3.99,3.99,3.99,2.58,1.41,35.5,Stable,4.5,Stable,0.0,2025-03-16,2025-08-12,24,17,0,0,0,26,0,0,0,0,0,0,0
680,717519001052,AL CAPONE TOWER 60/2CT SWT FIL,LIT CIGARS 003251,116.0,102,5.52,7.33,69.98,69.98,66.00,72.99,61.7,8.28,11.8,Stable,4.5,Stable,0.0,2025-03-26,2025-09-04,2,21,0,0,0,0,0,0,0,102,0,0,0
681,619682010285,EZ ROLL .49C 25CT WATERMELON,BLUNT WRAP,116.0,77,4.83,4.17,6.99,6.99,6.99,6.99,6.13,0.86,12.4,Stable,-3.6,Stable,0.0,2025-03-11,2025-09-04,1,24,0,0,0,0,77,0,0,0,0,0,0
682,JUULM32,JUUL CLASSIC MENTHL 5% 2PK 8CT,ECIG - PODS,116.0,6,116.0,9.67,65.36,65.36,65.36,65.36,61.92,3.44,5.3,Stable,0.0,Stable,0.0,2025-08-12,2025-08-12,25,1,0,0,0,0,0,0,0,6,0,0,0
683,817127021531,SHOW 5/$1 15/5CT DIAMOND,CIGARS,116.0,84,4.46,5.08,10.69,10.69,10.69,10.69,7.31,3.38,31.6,Stable,-1.1,Stable,0.0,2025-03-11,2025-09-02,3,26,0,0,0,0,0,84,0,0,0,0,0
684,810149700040,NEW MIT45 GOLD SHOT 12CT,VITAMINS,116.0,83,5.04,5.42,103.17,102.08,0.00,107.00,98.45,4.73,4.6,Stable,1.2,Stable,-0.1,2025-03-14,2025-09-04,1,23,1,0,0,0,0,0,0,1,81,0,0
685,070137839255,BLK & MLD NICE PR 25CT PT WINE,CIGARS,115.0,5,38.33,4.58,24.39,24.39,24.39,24.39,18.33,6.06,24.8,Down,-65.2,Stable,0.0,2025-05-14,2025-07-28,40,3,0,0,0,0,0,0,5,0,0,0,0
686,751667074223,DJARUM 10/12PK SPLASH ,CIGARS,115.0,29,5.48,4.58,54.99,54.87,40.60,55.99,39.57,15.42,28.0,Stable,-0.6,Stable,0.2,2025-03-13,2025-08-31,5,21,0,0,0,0,0,0,2,27,0,0,0
687,840045200702,ROGUE 6MG POUCH 5CT PEPPERMNT,NICOTINE POUCHES,115.0,65,4.79,3.42,20.49,20.49,20.49,20.49,19.51,0.98,4.8,Stable,-3.1,Stable,0.0,2025-03-10,2025-09-03,2,24,0,0,0,0,0,0,65,0,0,0,0
688,070195594202,RED MAN 3OZ 6CT GREEN BLEND,LT-TAX PAID,115.0,81,4.42,3.83,52.99,52.99,52.99,52.99,49.93,3.06,5.8,Stable,-1.2,Stable,0.0,2025-03-12,2025-09-05,1,26,0,0,0,0,0,0,0,81,0,0,0
689,842426165570,GT 4/1.19 4KS 15/4CT WHT GRAPE,CIGAR GA,115.0,81,4.6,4.08,12.05,12.13,11.99,12.99,10.56,1.49,12.4,Stable,-0.1,Stable,0.1,2025-03-11,2025-09-05,1,25,0,0,0,0,0,81,0,0,0,0,0
690,840158608631,FRE 6MG POUCH 5CT MINT,NICOTINE POUCHES,115.0,17,8.85,5.67,19.87,20.05,18.99,20.49,19.21,0.66,3.3,Stable,-4.2,Stable,0.2,2025-03-31,2025-09-04,2,13,0,0,0,0,0,14,3,0,0,0,0
691,033200011101,ARM & H PURE BAKING SODA 16OZ,FOOD,115.0,21,8.21,4.08,1.49,1.49,1.49,1.49,0.97,0.52,34.9,Stable,3.3,Stable,-0.0,2025-03-13,2025-07-26,41,14,0,21,0,0,0,0,0,0,0,0,0
692,031700239377,GAME 2/1.29 30/2CT ESPRESO MAR,CIGARS,114.0,94,4.38,4.17,27.99,27.99,27.99,27.99,21.52,6.47,23.1,Stable,-2.9,Stable,-0.0,2025-03-11,2025-09-04,1,26,0,0,0,0,0,0,94,0,0,0,0
693,Y24,YOOHOO CHOC BOTTL 15.5 OZ 24CT,DRINKS,114.0,102,4.38,3.83,26.99,26.99,26.99,26.99,19.99,7.0,25.9,Stable,-2.4,Stable,-0.0,2025-03-11,2025-09-05,1,26,0,0,0,0,0,0,102,0,0,0,0
694,9344483248384,LOST THC PRE ROLL 2x2GM 10/2CT,CBD/HEMP,114.0,29,7.12,1.92,37.72,37.71,33.00,40.00,33.0,4.72,12.5,Down,-6.7,Stable,0.1,2025-03-10,2025-07-15,53,16,0,0,0,0,0,0,29,0,0,0,0
695,022600642084,TROJAN MAGNUM 6/3CT RIBBED,CONDOMS,114.0,96,4.56,4.08,11.0,11.01,10.99,11.99,9.27,1.73,15.8,Stable,-1.3,Stable,0.0,2025-03-10,2025-08-31,5,25,0,0,0,0,0,96,0,0,0,0,0
696,194040033330,KANGVAPE 40K 5CT,ELECTRONIC CIG,114.0,24,11.4,8.17,43.19,43.26,40.00,45.00,34.48,8.71,20.2,Up,10.2,Stable,-0.0,2025-03-10,2025-08-06,30,10,0,0,0,0,0,0,24,0,0,0,0
697,022000293312,WR TWIN PK $.50 40CT SPEARMINT,GUMS/CHICLETS,114.0,96,4.38,4.92,12.99,12.99,12.99,12.99,10.36,2.63,20.2,Stable,0.7,Stable,0.0,2025-03-10,2025-09-05,1,26,0,0,0,0,0,96,0,0,0,0,0
698,008660006486,ZIG ZAG CONE UNBL KS 24/1CT,CIG ROLLING PAPER,113.0,11,11.3,7.33,10.99,10.99,10.99,10.99,9.6,1.39,12.6,Stable,3.8,Stable,0.0,2025-05-27,2025-09-04,2,10,0,0,0,0,0,11,0,0,0,0,0
699,6971847471305,JUICY BAR 5000 10CT,ELECTRONIC CIG,113.0,49,5.95,4.83,63.62,65.48,51.50,67.50,55.0,8.62,13.6,Stable,-1.4,Stable,0.6,2025-03-23,2025-08-29,8,19,0,0,0,0,0,0,0,49,0,0,0
700,842426165211,GT 4/1.19 4KS 15/4CT BLACK SWT,CIGAR GA,113.0,87,4.35,5.25,12.07,12.13,11.99,12.99,10.57,1.5,12.4,Stable,2.1,Stable,0.1,2025-03-10,2025-09-05,1,26,0,0,0,0,0,87,0,0,0,0,0
701,4015400259275,ALWAYS CLASSIC 10 PADS,HOUSEHOLD GOODS,113.0,33,6.28,3.08,1.99,1.99,1.99,1.99,1.6,0.39,19.8,Stable,-2.2,Stable,0.0,2025-03-10,2025-09-02,4,18,0,33,0,0,0,0,0,0,0,0,0
702,762446414000,LONGHORN TUB 14.4OZ FC NATURAL,T7 SMOKELESS GA,113.0,54,4.35,5.92,16.99,16.99,16.99,16.99,15.28,1.71,10.1,Stable,3.4,Stable,-0.0,2025-03-13,2025-09-03,2,26,0,0,0,0,0,54,0,0,0,0,0
703,025900359058,SS LEAF 10/3CT - IRISH CREAM,CIGARS,113.0,55,4.91,3.67,26.3,26.73,25.99,26.99,19.22,7.08,26.9,Down,-5.1,Stable,0.2,2025-03-10,2025-08-31,5,23,0,0,0,0,0,0,55,0,0,0,0
704,814859014145,SCALE DZ5-120 x 0.01G 1CT,NOVELTY ITEMS,113.0,27,8.07,4.5,4.29,4.29,4.29,4.29,3.06,1.23,28.6,Stable,0.7,Stable,0.0,2025-03-18,2025-09-05,1,14,0,0,0,27,0,0,0,0,0,0,0
705,070970485480,MIKE & IKE SOUR LEMON 24 CT,CANDYS,113.0,101,4.35,3.67,5.69,5.69,5.69,5.69,4.56,1.13,19.9,Stable,-2.9,Stable,-0.0,2025-03-10,2025-09-03,2,26,0,0,0,0,101,0,0,0,0,0,0
706,073100010934,SKOAL FC WINTERGREEN 5CT,T7 SMOKELESS GA,113.0,47,5.38,4.17,29.85,30.17,28.99,30.79,28.59,1.26,4.2,Stable,-3.5,Stable,0.3,2025-03-10,2025-09-03,2,21,0,0,0,0,0,0,47,0,0,0,0
707,793945545629,KAMA PSEUDO TABLETS 10/4CT,KRATOM,112.0,21,18.67,9.33,144.76,144.76,140.00,145.00,130.0,14.76,10.2,Down,-41.3,Stable,0.0,2025-08-01,2025-09-05,1,6,0,0,0,0,0,0,0,0,21,0,0
708,SHISHA5,SHISHA 40K PUFFS DISP 5CT,ELECTRONIC CIG,112.0,30,8.62,9.17,39.03,38.88,35.00,42.50,29.08,9.95,25.5,Up,12.5,Stable,-0.2,2025-05-30,2025-08-22,15,13,0,0,0,0,0,0,30,0,0,0,0
709,5029053550206,HUGGIES BABY WIPES 56/72CT,COSMETICS & BEAUTY,112.0,21,7.47,4.58,1.69,1.69,1.69,1.69,1.12,0.57,33.6,Stable,-3.3,Stable,0.0,2025-03-10,2025-09-02,3,15,0,21,0,0,0,0,0,0,0,0,0
710,814859012905,SCALE DZ2 1200 X 0.1G 1CT,NOVELTY ITEMS,112.0,31,6.22,5.42,4.99,4.99,4.99,4.99,4.45,0.54,10.8,Stable,4.2,Stable,0.0,2025-03-13,2025-09-05,1,18,0,0,0,31,0,0,0,0,0,0,0
711,887982094285,BOB M ORGANIC KS PAPER 50CT,CIG ROLLING PAPER,112.0,103,4.31,4.25,29.74,29.7,0.00,30.99,24.99,4.75,16.0,Stable,-0.0,Stable,-0.1,2025-03-13,2025-09-04,1,26,4,0,0,0,0,0,99,0,0,0,0
712,878848910252,PARTY WORLD 2OZ SHOT GLASS 20C,KITCHEN & TOILET,112.0,16,9.33,8.17,0.99,0.99,0.99,0.99,0.37,0.62,62.2,Up,12.0,Stable,0.0,2025-03-15,2025-08-28,8,12,16,0,0,0,0,0,0,0,0,0,0
713,027200347278,PALL MALL MNTH BLACK 100 BOX,CIGARETTE,112.0,104,4.31,4.92,78.56,79.44,76.69,80.29,75.9,2.66,3.4,Stable,0.6,Stable,0.2,2025-03-13,2025-09-05,0,26,0,0,0,0,0,0,0,104,0,0,0
714,842426167109,GT 3/1.29 HD 15/3CT SWEET,CIGAR GA,111.0,94,4.27,5.0,13.55,13.6,13.49,14.49,11.99,1.57,11.6,Stable,1.2,Stable,0.1,2025-03-11,2025-09-05,1,26,0,0,0,0,0,94,0,0,0,0,0
715,BD10,BD STICK DISPOSABLE 10CT,ELECTRONIC CIG,111.0,1,111.0,9.25,70.0,70.0,70.00,70.00,60.0,10.0,14.3,Stable,0.0,Stable,0.0,2025-07-08,2025-07-08,60,1,0,0,0,0,0,0,0,1,0,0,0
716,850069228163,BUG-EE'S GUMIES THCP 25MG 20CT,CBD/HEMP,111.0,15,11.1,4.58,7.87,7.88,7.50,9.00,6.5,1.37,17.4,Stable,0.1,Stable,0.1,2025-03-15,2025-08-27,10,10,0,0,0,0,15,0,0,0,0,0,0
717,7501071900129,CLOROX LIQ BLEACH 930ML,CLEANING PRODUCTS,111.0,24,5.84,3.5,2.49,2.49,2.49,2.49,1.45,1.04,41.8,Stable,-1.2,Stable,0.0,2025-03-11,2025-09-01,5,19,0,0,24,0,0,0,0,0,0,0,0
718,609249904416,ZYN 3MG COFFEE 5CT,NICOTINE POUCHES,110.0,54,5.0,2.08,21.35,21.44,19.89,21.49,19.33,2.02,9.5,Down,-10.8,Stable,0.0,2025-03-11,2025-09-05,1,22,0,0,0,0,0,1,53,0,0,0,0
719,799953231202,STOKERS TUB 12OZ LC STRAIGHT,LT-TAX PAID,110.0,54,4.78,5.83,16.49,16.49,16.49,16.49,15.34,1.15,6.9,Stable,3.6,Stable,0.0,2025-03-14,2025-08-31,5,23,0,0,0,0,0,54,0,0,0,0,0
720,071610340992,BACKWOODS 5PK 8/5CT SMOOTH,CIGAR GA,110.0,78,4.4,2.92,38.45,38.99,36.99,38.99,35.54,2.92,7.6,Stable,-4.5,Stable,0.1,2025-03-10,2025-09-01,5,25,0,0,0,0,0,0,78,0,0,0,0
721,071153785731,STP 78573 GAS TREAT 1CT,AUTOMOTIVE,110.0,29,6.11,4.83,3.29,3.29,3.29,3.29,1.94,1.35,41.1,Stable,-2.1,Stable,-0.0,2025-03-16,2025-09-01,5,18,0,0,0,29,0,0,0,0,0,0,0
722,028200130303,MARL MENTHOL SMOOTH 100 10CT,CIGARETTE,109.0,93,4.36,4.83,84.89,85.96,81.99,87.09,81.19,3.71,4.4,Stable,-0.2,Stable,0.3,2025-03-10,2025-09-01,5,25,0,0,0,0,0,0,0,93,0,0,0
723,025900336905,SS BLK 2/1.49 30/2CT BERRY,CIGARS,109.0,86,9.91,3.08,32.59,32.59,32.59,32.59,23.86,8.73,26.8,Stable,2.4,Stable,0.0,2025-04-05,2025-09-05,1,11,0,0,0,0,0,0,86,0,0,0,0
724,GC5,GAS CAN 5 GALLON  HALCO 1CT,AUTOMOTIVE,109.0,44,5.45,5.67,15.99,15.99,15.99,15.99,10.62,5.37,33.6,Stable,2.8,Stable,0.0,2025-03-13,2025-09-05,1,20,0,0,0,0,0,44,0,0,0,0,0
725,088168556188,"HAPPY VALENTINE ROSE 4"" 24CT",MISC,109.0,84,4.19,4.33,6.99,6.99,6.99,6.99,3.99,3.0,42.9,Stable,-1.0,Stable,0.0,2025-03-10,2025-09-05,1,26,0,0,0,0,84,0,0,0,0,0,0
726,855553008153,NEON BUTANE 5X 10.14OZ 1CT ,LIGHTERS,108.0,17,9.0,2.25,1.79,1.79,1.79,1.79,1.05,0.74,41.3,Up,5.1,Stable,0.0,2025-03-20,2025-09-05,1,12,0,17,0,0,0,0,0,0,0,0,0
727,044000034245,RITZ CRACKERS 3.47OZ ,COOKIES,108.0,22,6.35,5.58,2.38,2.49,0.00,2.49,2.02,0.36,15.2,Stable,3.0,Stable,1.6,2025-03-28,2025-09-03,2,17,1,0,21,0,0,0,0,0,0,0,0
728,855553008139,NEON BUTANE 11X 10.14OZ 1CT ,LIGHTERS,108.0,14,13.5,2.08,1.99,1.99,1.99,1.99,1.15,0.84,42.2,Down,-15.7,Stable,0.0,2025-03-10,2025-08-18,18,8,0,14,0,0,0,0,0,0,0,0,0
729,842426165242,GT 4/1.19 4KS 15/4CT BL PINE,CIGAR GA,107.0,82,4.65,4.25,12.04,12.08,11.99,12.99,10.55,1.49,12.4,Stable,-1.9,Stable,0.1,2025-03-11,2025-09-04,1,23,0,0,0,0,0,82,0,0,0,0,0
730,079400265302,DEGREE XTRM BLAST 1.7OZ 1CT,COSMETICS & BEAUTY,107.0,19,8.92,0.83,2.49,2.49,2.49,2.49,1.78,0.71,28.7,Down,-11.7,Stable,0.0,2025-04-02,2025-07-01,67,12,0,0,19,0,0,0,0,0,0,0,0
731,840352511768,FLYING H 7G 3IN1 STONER 5CT,ECIG - DISP D8,107.0,42,6.29,3.0,73.13,73.11,71.50,75.00,67.5,5.63,7.7,Stable,-3.8,Stable,0.0,2025-03-12,2025-08-27,10,17,0,0,0,0,0,0,0,42,0,0,0
732,6903148078884,TIDE POWDER 218-260GM 1CT,CLEANING PRODUCTS,107.0,9,17.83,2.0,1.29,1.29,1.29,1.29,0.55,0.74,57.4,Up,9.5,Stable,0.0,2025-03-10,2025-09-01,5,6,0,9,0,0,0,0,0,0,0,0,0
733,047995855321,AMERICAN SPIRIT DARK GREEN 10C,CIGARETTE,107.0,96,4.12,4.25,95.79,96.75,93.99,97.59,92.64,3.15,3.3,Stable,-0.4,Stable,0.2,2025-03-12,2025-09-02,3,26,0,0,0,0,0,0,0,96,0,0,0
734,301490001868,PEPTO-BISMOL 3.4/4OZ 1CT,MEDICINE,106.0,31,6.24,3.25,3.69,3.69,3.69,3.69,2.4,1.29,35.0,Stable,1.3,Stable,0.0,2025-03-12,2025-08-04,32,17,0,0,0,31,0,0,0,0,0,0,0
735,616641496548,OPMS SILVER 36G/60CT GRN MD,VITAMINS,106.0,23,6.24,4.75,5.22,5.39,0.00,5.99,4.27,0.94,18.1,Up,5.6,Stable,0.7,2025-03-12,2025-09-03,2,17,1,0,0,0,22,0,0,0,0,0,0
736,011000010050,MONTEGO MENTHOL GOLD BOX 10CT,CIGARETTE,106.0,55,4.61,5.5,40.34,40.69,39.69,40.69,39.3,1.05,2.6,Stable,2.1,Stable,0.2,2025-03-12,2025-09-03,2,23,0,0,0,0,0,0,55,0,0,0,0
737,090500100126,WINST GOLD 100 BOX 10CT,CIGARETTE,106.0,80,4.08,4.67,82.72,83.47,80.19,83.79,80.21,2.5,3.0,Stable,0.8,Stable,0.2,2025-03-12,2025-09-04,2,26,0,0,0,0,0,0,0,80,0,0,0
738,028200334916,MARL BLACK GOLD 100 BOX ,CIGARETTE,106.0,80,4.42,5.08,81.78,82.78,79.39,83.39,74.3,7.48,9.1,Stable,1.7,Stable,0.2,2025-03-10,2025-09-05,1,24,0,0,0,0,0,0,0,80,0,0,0
739,071610341333,DM 2/1.29 30/2CT DIAMOND FUSN,CIGARS,105.0,82,4.2,4.58,29.99,29.99,29.99,29.99,23.4,6.59,22.0,Stable,0.8,Stable,0.0,2025-03-10,2025-09-04,1,25,0,0,0,0,0,0,82,0,0,0,0
740,PEAK50,PEAK ANTIFREEZE 50/50 6CT,AUTOMOTIVE,105.0,83,4.04,3.67,40.99,40.99,40.99,40.99,29.41,11.58,28.3,Stable,-3.2,Stable,-0.0,2025-03-10,2025-09-04,1,26,0,0,0,0,0,0,83,0,0,0,0
741,090600392667,CROWNS RED 100 BOX 10CT,CIGARETTE,105.0,56,4.2,4.83,33.45,33.83,32.99,33.99,31.34,2.11,6.3,Stable,2.4,Stable,0.2,2025-03-13,2025-08-31,5,25,0,0,0,0,0,0,56,0,0,0,0
742,071610341678,DM 2/1.29 30/2CT GREEN ENVY,CIGARS,104.0,83,5.78,2.75,29.99,29.99,29.99,29.99,23.4,6.59,22.0,Stable,1.6,Stable,0.0,2025-03-10,2025-07-09,59,18,0,0,0,0,0,0,83,0,0,0,0
743,040000524311,SNICKERS 48 CT,CANDYS,104.0,103,4.33,4.25,52.71,55.48,49.99,59.99,37.62,15.09,28.6,Stable,-1.4,Stable,1.0,2025-03-12,2025-09-02,3,24,0,0,0,0,0,0,75,28,0,0,0
744,4084500472020,GILLETTE ANTIPERSPIRANT GEL 1C,HOUSEHOLD GOODS,104.0,22,7.43,3.42,3.69,3.69,3.69,3.69,2.53,1.16,31.5,Down,-7.7,Stable,0.0,2025-03-13,2025-08-31,5,14,0,0,0,22,0,0,0,0,0,0,0
745,801822271056,PLASTIC SPOON 36CT WHITE,KITCHEN & TOILET,104.0,28,6.12,1.25,0.99,0.99,0.99,0.99,0.55,0.44,44.4,Down,-7.9,Stable,-0.0,2025-03-10,2025-08-04,33,17,28,0,0,0,0,0,0,0,0,0,0
746,070330620964,LGT BIC 50CT TRAY FLICK MY BIC,LIGHTERS,104.0,22,6.12,0.83,64.79,65.99,57.50,65.99,49.5,15.29,23.6,Down,-23.6,Stable,0.3,2025-03-22,2025-09-02,4,17,0,0,0,0,0,0,0,22,0,0,0
747,FIJI16,FIJI WATER 16.9Z 24CT,DRINKS,104.0,80,4.16,4.08,25.99,25.99,25.99,25.99,21.99,4.0,15.4,Stable,-1.0,Stable,0.0,2025-03-11,2025-09-02,4,25,0,0,0,0,0,0,80,0,0,0,0
748,071610341784,BACKWOODS 5PK 8/5CT CHI,CIGARS,104.0,73,20.8,8.67,38.99,38.99,38.99,38.99,30.2,8.79,22.5,Down,-30.3,Stable,0.0,2025-08-08,2025-09-05,1,5,0,0,0,0,0,0,73,0,0,0,0
749,076768113009,AF TIRE INFALTOR CAP&HOSE 1CT,AUTOMOTIVE,103.0,30,6.87,5.83,3.99,3.99,3.99,3.99,2.47,1.52,38.0,Stable,0.5,Stable,0.0,2025-03-18,2025-09-02,3,15,0,0,0,30,0,0,0,0,0,0,0
750,025900444143,OPTIMO 2/99 30/2CT DIAMOND,CIGARS,103.0,93,4.12,4.17,22.99,22.99,22.99,22.99,17.25,5.74,25.0,Stable,-0.5,Stable,0.0,2025-03-12,2025-08-28,8,25,0,0,0,0,0,0,93,0,0,0,0
751,071610341791,BACKWOODS 5PK 8/5CT HOU,CIGARS,103.0,70,20.6,8.58,38.99,38.99,38.99,38.99,30.2,8.79,22.5,Down,-32.0,Stable,0.0,2025-08-08,2025-09-02,3,5,0,0,0,0,0,0,70,0,0,0,0
752,655746558010,BLISS XTRA GOLD SHOTS 12CT,VITAMINS,103.0,34,4.12,4.92,34.71,34.4,34.00,38.00,31.0,3.71,10.7,Stable,2.7,Stable,-0.1,2025-03-14,2025-09-04,1,25,0,0,0,0,0,0,34,0,0,0,0
753,819721010409,BLUNTVILLE CIG 25CT VANILLA,CIGARS,103.0,76,3.96,4.67,23.49,23.49,23.49,23.49,15.75,7.74,33.0,Stable,-0.3,Stable,-0.0,2025-03-15,2025-09-01,5,26,0,0,0,0,0,0,76,0,0,0,0
754,850016674609,RUBBING ALCOHOL 50% 120Z,CLEANING PRODUCTS,103.0,26,6.44,1.5,1.49,1.49,1.49,1.49,1.0,0.49,32.9,Down,-8.7,Stable,0.0,2025-03-10,2025-08-04,33,16,0,26,0,0,0,0,0,0,0,0,0
755,047995855178,AMERICAN SPIRIT BLACK 10CT,CIGARETTE,102.0,71,4.43,4.25,90.94,91.81,89.09,92.69,88.19,2.75,3.0,Stable,-0.5,Stable,0.2,2025-03-13,2025-09-03,2,23,0,0,0,0,0,0,0,71,0,0,0
756,018804059131,ICEE LIQ CENTER PEG BAG 1CT,CANDYS,102.0,12,12.75,1.33,1.46,1.39,1.39,1.49,1.0,0.47,32.0,Down,-15.1,Stable,-1.2,2025-03-15,2025-08-31,5,8,0,12,0,0,0,0,0,0,0,0,0
757,025900329884,SS 2/$1.19 30/2CT - CREAM,CIGARS,102.0,88,3.92,3.17,25.99,25.99,25.99,25.99,20.05,5.94,22.9,Stable,-4.2,Stable,-0.0,2025-03-11,2025-09-02,3,26,0,0,0,0,0,0,88,0,0,0,0
758,071610341357,BACKWOODS 20/2CT BUNDLE,CIGARS,102.0,6,17.0,6.5,139.82,139.99,138.99,139.99,108.42,31.4,22.5,Up,47.4,Stable,0.1,2025-04-03,2025-08-24,13,6,0,0,0,0,0,0,0,0,6,0,0
759,071153785748,STP 78574 OCTANE BOOSTER 1CT,AUTOMOTIVE,101.0,26,7.21,4.33,5.79,5.79,5.79,5.79,4.16,1.63,28.1,Up,6.1,Stable,0.0,2025-03-16,2025-09-02,4,14,0,0,0,0,26,0,0,0,0,0,0
760,071610341517,BACKWOODS 5PK 8/5CT CHOCOLATE,CIGAR GA,101.0,79,4.81,3.0,37.64,37.99,36.99,37.99,32.69,4.94,13.1,Down,-9.6,Stable,0.1,2025-03-11,2025-09-05,1,21,0,0,0,0,0,0,79,0,0,0,0
761,077170510011,TOP CIG PAPERS 24CT,CIG ROLLING PAPER,101.0,86,4.04,3.42,30.91,30.99,24.32,30.99,24.32,6.59,21.3,Stable,-1.4,Stable,0.0,2025-03-11,2025-09-03,2,25,0,0,0,0,0,0,86,0,0,0,0
762,853272008249,TETON 6 GREEN 100 BOX 10CT,CIGARETTE,101.0,49,6.31,7.0,25.93,26.18,24.79,26.99,24.25,1.68,6.5,Up,8.2,Stable,0.6,2025-03-13,2025-09-03,2,16,0,0,0,0,0,0,49,0,0,0,0
763,842426166980,GT 3/1.29 HD 15/3CT HONEY,CIGAR GA,101.0,74,4.21,3.5,13.54,13.62,13.49,14.49,11.92,1.62,12.0,Stable,-1.4,Stable,0.1,2025-03-12,2025-09-04,2,24,0,0,0,0,0,74,0,0,0,0,0
764,762446400201,LONGHORN LC WINTERGREEN 5CT,T7 SMOKELESS GA,101.0,50,4.39,4.08,13.32,13.49,12.99,13.49,12.27,1.05,7.9,Stable,-0.2,Stable,0.2,2025-03-10,2025-08-31,5,23,0,0,0,0,0,50,0,0,0,0,0
765,ZX947,LAB D DOLL 6CT,MISC,101.0,33,14.43,8.42,42.76,42.76,0.00,51.00,36.96,5.8,13.6,Up,19.1,Stable,-3.5,2025-07-14,2025-09-03,3,7,1,0,0,0,0,0,30,2,0,0,0
766,071610499348,DM 2PK 20/2CT PALMA ,CIGARS,101.0,65,4.21,4.42,55.78,55.97,55.49,55.99,43.56,12.23,21.9,Stable,-1.3,Stable,0.0,2025-03-11,2025-09-05,1,24,0,0,0,0,0,0,0,65,0,0,0
767,LR25,GROCERY L/ ROSES 25CT BX,NOVELTY ITEMS,100.0,52,4.0,5.0,4.5,4.5,4.50,4.50,2.6,1.9,42.2,Stable,2.4,Stable,0.0,2025-03-10,2025-09-03,2,25,0,0,0,52,0,0,0,0,0,0,0
768,076013000061,BIG BAMBU CLASSC PAPER KS 50CT,CIG ROLLING PAPER,100.0,93,4.76,4.08,64.99,64.99,64.99,64.99,55.64,9.35,14.4,Stable,4.2,Stable,0.0,2025-03-11,2025-08-25,11,21,0,0,0,0,0,0,0,93,0,0,0
769,751667090667,DJARUM 10/12PK EMERALD/BLK MNT,CIGARS,100.0,32,5.0,3.75,54.67,54.4,40.60,55.99,39.6,15.07,27.6,Down,-6.6,Stable,0.2,2025-03-22,2025-08-24,12,20,0,0,0,0,0,0,3,29,0,0,0
770,JBPKBT,JBPK PIPES KB40K ASSORTED,JBR,99.0,4,24.75,4.25,40.0,40.0,40.00,40.00,40.0,0.0,0.0,Stable,-2.0,Stable,0.0,2025-05-09,2025-08-17,20,4,0,0,0,0,0,0,4,0,0,0,0
771,609249906410,ZYN 3MG CINNAMON 5CT,NICOTINE POUCHES,99.0,64,4.12,4.58,21.4,21.45,19.89,21.99,19.35,2.05,9.6,Stable,-0.6,Stable,0.0,2025-03-10,2025-08-30,7,24,0,0,0,0,0,1,63,0,0,0,0
772,028200309815,L&M RED BOX 10CT,CIGARETTE,99.0,71,4.12,3.0,80.44,81.55,78.39,82.39,76.74,3.7,4.6,Stable,-3.0,Stable,0.2,2025-03-10,2025-08-28,9,24,0,0,0,0,0,0,0,71,0,0,0
773,031700237779,WO 2/1.19 30/2CT MANGO,CIGARS,99.0,86,3.81,4.08,25.99,25.99,25.99,25.99,19.89,6.1,23.5,Stable,-0.7,Stable,-0.0,2025-03-10,2025-09-05,1,26,0,0,0,0,0,0,86,0,0,0,0
774,011000010012,MONTEGO BLUE KING BOX 10CT,CIGARETTE,99.0,48,3.96,5.17,40.36,40.69,39.69,40.69,39.26,1.09,2.7,Stable,5.0,Stable,0.1,2025-03-12,2025-09-03,2,25,0,0,0,0,0,0,48,0,0,0,0
775,010199105745,COPY PAPER 1CT,STATIONARY,99.0,18,7.62,6.92,5.99,5.99,5.99,5.99,3.83,2.16,36.0,Up,13.1,Stable,-0.0,2025-03-16,2025-09-04,2,13,0,0,0,0,18,0,0,0,0,0,0
776,853272008188,TETON 6 RED BOX 100 10CT,CIGARETTE,99.0,47,4.3,5.42,25.57,26.15,24.79,26.99,23.77,1.81,7.1,Up,6.8,Stable,0.4,2025-03-13,2025-09-03,2,23,0,0,0,0,0,0,47,0,0,0,0
777,842426165457,GT 4/1.19 4KS 15/4CT NAPA GRAP,CIGAR GA,99.0,86,4.12,3.58,12.02,12.07,11.99,12.99,10.54,1.49,12.4,Stable,-0.3,Stable,0.1,2025-03-10,2025-09-05,1,24,0,0,0,0,0,86,0,0,0,0,0
778,6291108160077,AL FAKHER 10 X 50GM B'BERYMINT,LT-TAX PAID,98.0,48,4.45,3.58,17.02,17.31,0.00,18.99,16.42,0.61,3.6,Stable,-0.4,Stable,0.1,2025-03-16,2025-09-01,5,22,1,0,0,0,0,47,0,0,0,0,0
779,028200179104,PARLIAMENT WHITE 100 BOX 10CT,CIGARETTE,98.0,65,4.08,4.0,96.17,97.56,93.39,98.49,93.37,2.8,2.9,Stable,0.3,Stable,0.2,2025-03-10,2025-09-01,5,24,0,0,0,0,0,0,0,65,0,0,0
780,850069391034,CRESCENT 10MG THC 12OZ 4CT,NOVELTY ITEMS,98.0,27,4.9,2.75,11.36,11.38,10.99,13.99,8.96,2.41,21.2,Stable,-3.9,Stable,-0.2,2025-03-13,2025-08-29,8,20,0,0,0,0,0,27,0,0,0,0,0
781,SUPER A,SUPER ANTIFREEZE & COOLANT 4CT,AUTOMOTIVE,98.0,41,5.16,6.0,16.89,16.79,12.75,16.99,9.75,7.14,42.3,Stable,0.2,Stable,-0.0,2025-03-18,2025-09-02,3,19,0,0,0,0,0,41,0,0,0,0,0
782,034000214617,REESES DIPPED PRETZEL 4OZ,CANDYS,98.0,25,7.0,1.75,2.78,2.79,2.49,2.79,2.02,0.76,27.4,Stable,0.1,Stable,-0.1,2025-03-13,2025-07-11,57,14,0,0,25,0,0,0,0,0,0,0,0
783,840124150188,K CHILL XTRA STRENGTH 12/2OZ,NOVELTY ITEMS,98.0,27,5.44,5.83,25.59,25.53,24.50,26.99,23.5,2.09,8.2,Stable,2.6,Stable,-0.0,2025-03-23,2025-09-04,2,18,0,0,0,0,0,0,27,0,0,0,0
784,097339000139,VALENTINA SALSA PICANTE 5.OZ,HOUSEHOLD GOODS,97.0,20,6.93,5.0,1.39,1.39,1.39,1.39,0.71,0.68,48.6,Up,7.6,Stable,-0.0,2025-03-21,2025-09-01,5,14,0,20,0,0,0,0,0,0,0,0,0
785,855553008146,NEON BUTANE REGULAR 10.14OZ,LIGHTERS,97.0,19,6.47,2.92,1.49,1.49,1.49,1.49,1.0,0.49,32.9,Stable,0.3,Stable,0.0,2025-03-12,2025-08-18,18,15,0,19,0,0,0,0,0,0,0,0,0
786,031700237762,WO 2/1.19 30/2CT BLUE RASPBRY,CIGARS,96.0,80,3.84,3.42,25.99,25.99,25.99,25.99,19.88,6.11,23.5,Stable,-1.1,Stable,0.0,2025-03-14,2025-09-04,1,25,0,0,0,0,0,0,80,0,0,0,0
787,719410760120,5-HOUR ENERGY XS 12CT- BL RASP,VITAMINS,96.0,84,3.69,3.25,21.99,21.99,21.99,21.99,21.33,0.66,3.0,Stable,-3.7,Stable,-0.0,2025-03-10,2025-09-05,1,26,0,0,0,0,0,0,84,0,0,0,0
788,717519011105,AL CAPONE 10/10CT SWEET COGNAC,LIT CIGARS 003251,96.0,83,4.17,4.17,57.99,57.99,57.99,57.99,50.99,7.0,12.1,Stable,0.6,Stable,0.0,2025-03-10,2025-09-03,3,23,0,0,0,0,0,0,0,83,0,0,0
789,819721012397,BLUNTVILLE 1.29 25CT BLUE,CIGARS,96.0,80,4.0,4.33,22.99,22.99,22.99,22.99,16.25,6.74,29.3,Stable,1.4,Stable,0.0,2025-03-13,2025-09-03,2,24,0,0,0,0,0,0,80,0,0,0,0
790,MM24,MINUTEMAID JUICE 12OZ 24CT,DRINKS,96.0,49,4.17,4.0,31.99,31.99,31.99,31.99,30.0,1.99,6.2,Stable,2.0,Stable,0.0,2025-03-14,2025-08-30,6,23,0,0,0,0,0,0,49,0,0,0,0
791,853272008126,TETON 18 RED BOX 10CT,CIGARETTE,96.0,27,6.4,5.67,25.57,26.19,24.79,26.99,24.02,1.55,6.1,Up,10.9,Stable,0.6,2025-03-20,2025-08-27,9,15,0,0,0,0,0,0,27,0,0,0,0
792,027200018628,PALL MALL BLUE 100 BOX 10CT,CIGARETTE,96.0,72,3.84,4.0,78.52,79.3,76.69,80.29,75.79,2.73,3.5,Stable,-1.9,Stable,0.2,2025-03-13,2025-09-02,4,25,0,0,0,0,0,0,0,72,0,0,0
793,5000394026742,DURACELL 9V 1CT,BATTERY,96.0,28,6.0,3.42,4.01,4.02,3.99,4.49,2.73,1.28,31.9,Down,-5.8,Stable,0.3,2025-03-18,2025-08-25,12,16,0,0,0,28,0,0,0,0,0,0,0
794,071610341623,BACKWOODS 5PK 8/5CT SLTD CRML,CIGARS,96.0,81,4.17,2.75,37.73,37.99,36.99,37.99,29.4,8.33,22.1,Stable,-4.0,Stable,0.1,2025-03-10,2025-08-28,8,23,0,0,0,0,0,0,81,0,0,0,0
795,031700237878,WO 2/1.19 30/2CT BLACK SWEETS,CIGARS,95.0,84,4.13,2.58,25.99,25.99,25.99,25.99,19.88,6.11,23.5,Stable,-2.5,Stable,-0.0,2025-03-11,2025-09-02,4,23,0,0,0,0,0,0,84,0,0,0,0
796,840045200733,ROGUE 3MG POUCH 5CT WINTRGREEN,NICOTINE POUCHES,95.0,52,4.13,4.0,20.49,20.49,20.49,20.49,19.49,1.0,4.9,Stable,-0.7,Stable,-0.0,2025-03-10,2025-09-03,2,23,0,0,0,0,0,0,52,0,0,0,0
797,097339000061,VALENTINA SALSA BLACK 12OZ,FOOD,95.0,23,7.31,2.83,1.69,1.69,1.69,1.69,1.1,0.59,34.7,Down,-6.3,Stable,0.0,2025-03-18,2025-09-04,2,13,0,23,0,0,0,0,0,0,0,0,0
798,717519111706,AL CAPONE TOWER JAM BLZ 60/2CT,LIT CIGARS 003251,95.0,84,3.96,4.33,69.97,69.99,68.00,69.99,58.0,11.97,17.1,Stable,0.4,Stable,0.0,2025-03-20,2025-09-03,3,24,0,0,0,0,0,0,0,84,0,0,0
799,071610502413,DM 4PK 5/4CT PALMA,CIGARS,95.0,63,3.8,3.25,28.29,28.49,27.99,28.49,21.56,6.73,23.8,Stable,-1.2,Stable,0.1,2025-03-10,2025-09-02,3,25,0,0,0,0,0,0,63,0,0,0,0
800,762446420209,LONGHORN LC STRAIGHT 5CT,T7 SMOKELESS GA,94.0,54,4.27,3.67,13.35,13.49,12.99,13.49,12.28,1.07,8.0,Stable,-0.7,Stable,0.2,2025-03-10,2025-09-05,1,22,0,0,0,0,0,54,0,0,0,0,0
801,8716294401004,HOOKAH CHARCOAL 3K 40MM 10CT,NOVELTY ITEMS,94.0,82,3.62,3.75,13.82,13.63,0.00,13.99,11.07,2.75,19.9,Stable,-1.0,Stable,-0.3,2025-03-10,2025-09-05,1,26,1,0,0,0,0,81,0,0,0,0,0
802,022000293251,WR TWIN PK $.50 40CT JUICY FRT,GUMS/CHICLETS,94.0,80,4.09,3.5,12.99,12.99,12.99,12.99,10.4,2.59,19.9,Stable,0.7,Stable,-0.0,2025-03-10,2025-09-05,1,23,0,0,0,0,0,80,0,0,0,0,0
803,028200126405,MARL BLEND #27 BOX 10CT,CIGARETTE,94.0,84,3.62,3.58,81.49,82.69,79.39,83.39,78.18,3.31,4.1,Stable,-1.5,Stable,0.2,2025-03-12,2025-09-03,2,26,0,0,0,0,0,0,0,84,0,0,0
804,655708017807,ADVIL PM CAPLETS 25/2CT,MEDICINE,94.0,89,3.92,4.08,9.99,9.99,9.99,9.99,6.9,3.09,30.9,Stable,1.2,Stable,0.0,2025-03-10,2025-09-03,2,24,0,0,0,0,89,0,0,0,0,0,0
805,708926561314,WILDHORSE RED 100 BOX 10CT,CIGARETTE,94.0,55,3.76,4.0,40.99,40.99,40.99,40.99,39.02,1.97,4.8,Stable,0.6,Stable,0.0,2025-03-10,2025-09-04,2,25,0,0,0,0,0,0,55,0,0,0,0
806,047995200411,AMERICAN SPIRIT SKY 10CT,CIGARETTE,94.0,75,3.62,3.92,95.67,96.58,93.99,97.59,93.1,2.57,2.7,Stable,0.6,Stable,0.2,2025-03-10,2025-09-04,2,26,0,0,0,0,0,0,0,75,0,0,0
807,031700239278,GAME LEAF 5/3.79 8/5CT DARK,CIGARS,94.0,49,7.83,0.0,21.99,21.99,21.99,21.99,16.75,5.24,23.8,Down,-7.5,Stable,0.0,2025-03-12,2025-06-04,93,12,0,0,0,0,0,0,49,0,0,0,0
808,708926562311,WILDHORSE GOLD 100 BOX 10CT,CIGARETTE,93.0,45,4.23,5.25,40.99,40.99,40.99,40.99,38.23,2.76,6.7,Stable,2.5,Stable,0.0,2025-03-14,2025-09-05,1,22,0,0,0,0,0,0,45,0,0,0,0
809,195393003841,DUBAI CHOCOLATE BEEMAX 6CT,CANDYS,93.0,30,15.5,5.42,67.12,65.62,0.00,69.99,58.5,8.62,12.8,Up,25.6,Stable,-3.7,2025-05-17,2025-07-11,57,6,1,0,0,0,0,0,0,29,0,0,0
810,681467003614,SENECA MENTHOL KING BOX 10CT,CIGARETTE,93.0,61,4.04,2.92,31.49,32.13,30.99,33.59,30.05,1.43,4.6,Stable,-2.2,Stable,0.2,2025-03-12,2025-09-04,2,23,0,0,0,0,0,0,61,0,0,0,0
811,040835640583,UP LEEF GRABBA  BLEND HOT 12PK,LT-TAX PAID,93.0,66,3.58,3.25,21.99,21.99,21.99,21.99,18.0,3.99,18.1,Stable,-1.6,Stable,-0.0,2025-03-10,2025-09-03,3,26,0,0,0,0,0,0,66,0,0,0,0
812,022600200161,TROJAN MAGNUM 6/3CT RAW LUB,CONDOMS,93.0,70,4.23,4.25,15.99,15.99,15.99,15.99,12.51,3.48,21.8,Stable,-1.1,Stable,-0.0,2025-03-31,2025-09-05,1,22,0,0,0,0,0,70,0,0,0,0,0
813,8710908554094,DOVE MEN DEO SPRAY 150ML 1CT,COSMETICS & BEAUTY,92.0,13,9.2,2.5,2.59,2.59,2.59,2.59,2.06,0.53,20.5,Down,-13.4,Stable,0.0,2025-04-03,2025-08-21,16,10,0,0,13,0,0,0,0,0,0,0,0
814,887969005778,BLU E- CIG CLASSIC TOB 5 DISP,ELECTRONIC CIG,92.0,10,10.22,4.42,28.05,28.6,26.75,29.99,24.5,3.55,12.6,Stable,-0.5,Stable,1.4,2025-03-11,2025-09-05,1,9,0,0,0,0,0,0,10,0,0,0,0
815,6923179038,KANGVAPE 8000 5CT,ELECTRONIC CIG,92.0,34,5.11,2.42,33.35,34.15,31.50,38.99,27.0,6.35,19.0,Stable,-1.5,Stable,0.4,2025-03-14,2025-08-30,6,18,0,0,0,0,0,0,34,0,0,0,0
816,887969011427,MY BLU POD GOLD LEAF 5/2CT,ECIG - PODS,92.0,29,5.41,4.42,39.5,39.26,36.25,39.95,33.5,6.0,15.2,Stable,0.6,Stable,-0.1,2025-03-14,2025-08-30,6,17,0,0,0,0,0,0,29,0,0,0,0
817,025900287351,SS 2/$1.19 30/2CT - BLUEBERRY,CIGARS,92.0,79,3.83,3.33,25.99,25.99,25.99,25.99,20.03,5.96,22.9,Stable,0.2,Stable,0.0,2025-03-10,2025-09-02,4,24,0,0,0,0,0,0,79,0,0,0,0
818,619682010445,EZ ROLL .49C 25CT STRAWBERRY ,BLUNT WRAP,92.0,62,4.0,2.92,6.99,6.99,6.99,6.99,6.13,0.86,12.3,Stable,-2.6,Stable,0.0,2025-03-11,2025-09-05,1,23,0,0,0,0,62,0,0,0,0,0,0
819,044600001043,CLOROX LIQ BLEACH 1 GAL,CLEANING PRODUCTS,92.0,25,5.41,2.75,5.49,5.49,5.49,5.49,4.0,1.49,27.1,Down,-7.9,Stable,0.0,2025-03-16,2025-08-31,6,17,0,0,0,0,25,0,0,0,0,0,0
820,076940197001,LD RED BOX 10CT,CIGARETTE,92.0,38,3.68,5.08,30.37,30.99,28.99,30.99,29.08,1.29,4.3,Up,7.1,Stable,0.3,2025-03-12,2025-09-03,2,25,0,0,0,0,0,0,38,0,0,0,0
821,700598109474,REMARKABLE KRATOM 1OZ 1CT,VITAMINS,92.0,20,5.75,4.75,2.39,2.3,0.00,2.79,1.93,0.46,19.4,Stable,0.3,Stable,-2.3,2025-04-02,2025-09-01,5,16,1,0,19,0,0,0,0,0,0,0,0
822,842426165303,GT 4/1.19 4KS 15/4CT FRNCH VAN,CIGAR GA,92.0,62,4.38,3.33,12.04,12.13,11.99,12.99,10.51,1.53,12.7,Stable,1.5,Stable,0.1,2025-03-10,2025-09-02,3,21,0,0,0,0,0,62,0,0,0,0,0
823,DOL16,DOLE JUICE 15.2OZ 12CT,DRINKS,92.0,39,4.0,4.25,21.99,21.99,21.99,21.99,20.9,1.09,5.0,Stable,0.9,Stable,0.0,2025-03-11,2025-08-28,8,23,0,0,0,0,0,0,39,0,0,0,0
824,731946014157,ADVIL TABLETS 25/2CT,MEDICINE,91.0,91,3.5,3.75,8.99,8.99,8.99,8.99,5.5,3.49,38.8,Stable,-0.1,Stable,0.0,2025-03-11,2025-09-02,3,26,0,0,0,0,91,0,0,0,0,0,0
825,034000254026,HERSHEYS POPPED SNK MIX 4OZ,CANDYS,91.0,26,6.5,1.75,2.71,2.79,2.49,2.79,2.03,0.68,25.0,Down,-7.8,Stable,0.6,2025-03-27,2025-09-01,4,14,0,0,26,0,0,0,0,0,0,0,0
826,CANLINER 33,CAN LINER 33X40 18M 35GL 250CT,SHOPPING BAGS,91.0,43,4.55,3.92,19.99,19.99,19.99,19.99,14.0,5.99,30.0,Stable,0.7,Stable,0.0,2025-03-10,2025-09-02,3,20,0,0,0,0,0,43,0,0,0,0,0
827,840045201303,ROGUE 6MG POUCH 5CT MANGO,NICOTINE POUCHES,90.0,63,3.91,3.67,20.49,20.49,20.49,20.49,19.55,0.94,4.6,Stable,-2.0,Stable,-0.0,2025-03-13,2025-08-27,10,23,0,0,0,0,0,0,63,0,0,0,0
828,022600647201,TROJAN MAGNUM 6/3CT ECSTASY,CONDOMS,90.0,72,4.5,2.33,14.99,14.99,14.99,14.99,11.29,3.7,24.7,Stable,-1.0,Stable,0.0,2025-03-14,2025-07-26,42,20,0,0,0,0,0,72,0,0,0,0,0
829,120059,VEGETABLE OIL 123 500ML,FOOD,90.0,27,5.29,3.08,2.49,2.49,2.49,2.49,1.68,0.81,32.5,Stable,-0.7,Stable,-0.0,2025-03-10,2025-08-31,6,17,0,0,27,0,0,0,0,0,0,0,0
830,872451257872,BLUE RISE SHOTS 12/2OZ,VITAMINS,89.0,57,3.71,3.33,88.79,88.7,87.00,96.00,83.63,5.16,5.8,Stable,-1.8,Stable,-0.0,2025-03-10,2025-09-03,3,24,0,0,0,0,0,0,0,57,0,0,0
831,011000010616,MONTEGO MENT GOLD 100 BOX 10CT,CIGARETTE,89.0,56,3.71,3.42,40.28,40.69,39.69,40.69,39.21,1.07,2.6,Stable,0.7,Stable,0.1,2025-03-12,2025-08-31,6,24,0,0,0,0,0,0,56,0,0,0,0
832,819721012335,BLUNTVILLE 1.29 25CT PLMA TRIO,CIGARS,89.0,64,9.89,7.42,22.99,22.99,22.99,22.99,16.25,6.74,29.3,Stable,-0.3,Stable,-0.0,2025-07-11,2025-09-02,4,9,0,0,0,0,0,0,64,0,0,0,0
833,020400053581,MISTY MENTHOL GREEN 120 10CT,CIGARETTE,89.0,63,3.42,2.67,99.35,101.16,96.99,102.39,97.87,1.47,1.5,Stable,-3.4,Stable,0.2,2025-03-11,2025-09-03,3,26,0,0,0,0,0,0,0,51,12,0,0
834,025900345532,SS 2/$1.39 30/2CT - DIAMOND,CIGARS,89.0,34,29.67,7.42,31.49,31.49,31.49,31.49,24.3,7.19,22.8,Up,139.9,Stable,0.0,2025-08-23,2025-09-05,1,3,0,0,0,0,0,0,34,0,0,0,0
835,035000460257,PALMOLIVE DISH LIQUID 12.6OZ,CLEANING PRODUCTS,88.0,17,6.77,4.58,1.49,1.49,1.49,1.49,1.03,0.46,30.9,Stable,-4.4,Stable,-0.0,2025-03-11,2025-08-23,14,13,0,17,0,0,0,0,0,0,0,0,0
836,038200061262,PICKLE IN POUCH 12CT BLUE,FOOD,88.0,51,4.0,3.75,10.34,10.51,0.00,10.99,8.81,1.53,14.8,Stable,-0.2,Stable,0.2,2025-03-13,2025-09-02,3,22,3,0,0,0,0,48,0,0,0,0,0
837,037000137849,TIDE LIQUID 25OZ 1CT,CLEANING PRODUCTS,88.0,29,4.4,4.17,6.99,6.99,6.99,6.99,4.99,2.0,28.6,Stable,2.1,Stable,-0.0,2025-03-10,2025-08-28,8,20,0,0,0,0,29,0,0,0,0,0,0
838,071610302273,BACKWOODS 5PK 8/5CT HNY BRBON,CIGARS,88.0,71,3.52,3.33,37.61,37.99,36.99,37.99,28.08,9.53,25.3,Stable,-1.4,Stable,0.1,2025-03-15,2025-09-03,3,25,0,0,0,0,0,0,71,0,0,0,0
839,071121963208,RAID ANT & ROACH KILLER 17.5OZ,HOUSEHOLD GOODS,88.0,21,6.29,3.33,5.99,5.99,5.99,5.99,4.51,1.48,24.7,Up,6.4,Stable,-0.0,2025-03-22,2025-08-24,13,14,0,0,0,0,21,0,0,0,0,0,0
840,154020,CHAPSTICK MOISTURIZER 12CT,MEDICINE,88.0,47,4.19,2.17,19.99,19.99,19.99,19.99,15.0,4.99,25.0,Down,-6.9,Stable,0.0,2025-03-13,2025-09-03,2,21,0,0,0,0,0,47,0,0,0,0,0
841,857883007981,ROYAL KRATOM GOLD 500CT 1CT,VITAMINS,87.0,23,5.44,2.5,12.39,12.85,0.00,14.99,12.75,-0.36,-2.9,Stable,-2.5,Stable,-1.3,2025-03-14,2025-09-01,5,16,3,0,0,0,0,20,0,0,0,0,0
842,042100011234,GRIZZLY PREM DARK LC WNTG 5CT,T7 SMOKELESS GA,87.0,41,4.14,3.92,25.66,26.05,24.69,26.49,24.44,1.21,4.7,Stable,-0.5,Stable,0.3,2025-03-18,2025-09-04,2,21,0,0,0,0,0,0,41,0,0,0,0
843,717519008822,AL CAPONE 10/10CT JAM RUM FLTR,LIT CIGARS 003251,87.0,79,3.48,2.75,58.0,58.09,56.00,60.99,52.61,5.39,9.3,Stable,-3.3,Stable,0.0,2025-03-11,2025-09-04,2,25,0,0,0,0,0,0,0,79,0,0,0
844,4530,NOVA BATH TISSUE 96CT,HOUSEHOLD GOODS,87.0,63,3.62,3.75,56.99,56.99,56.99,56.99,39.13,17.86,31.3,Stable,0.5,Stable,0.0,2025-03-12,2025-09-01,5,24,0,0,0,0,0,0,0,63,0,0,0
845,079567490005,WD-40 3OZ 1CT,HARDWARE,87.0,24,6.21,4.42,4.29,4.29,4.29,4.29,3.32,0.97,22.6,Stable,2.6,Stable,0.0,2025-04-02,2025-09-02,3,14,0,0,0,24,0,0,0,0,0,0,0
846,023100015279,PEDIGREE DOG FOOD 13.2OZ CANS,FOOD,86.0,19,7.82,2.5,2.79,2.79,2.79,2.79,2.19,0.6,21.5,Stable,0.0,Stable,-0.0,2025-03-16,2025-08-25,12,11,0,0,19,0,0,0,0,0,0,0,0
847,SK12,SKITTLES DRINK 14OZ 12CT,DRINKS,86.0,40,3.91,2.67,19.49,18.88,0.00,19.99,16.8,2.69,13.8,Stable,-5.0,Stable,-0.2,2025-03-11,2025-08-27,9,22,1,0,0,0,0,39,0,0,0,0,0
848,725414893320,GEEK PRE ROLL THC-P 20/1CT,CBD/HEMP,86.0,28,6.14,1.42,37.27,37.25,36.00,38.00,32.5,4.77,12.8,Down,-10.7,Stable,0.0,2025-03-18,2025-07-14,54,14,0,0,0,0,0,0,28,0,0,0,0
849,042037111656,GOODYS 12/6CT PM,MEDICINE,86.0,83,3.31,3.67,21.99,21.99,21.99,21.99,16.99,5.0,22.7,Stable,0.3,Stable,-0.0,2025-03-13,2025-09-05,1,26,0,0,0,0,0,0,83,0,0,0,0
850,VITA2,VITA PILLS DOUBLE,VITAMINS,86.0,59,4.1,3.5,20.13,20.28,18.00,22.99,16.2,3.93,19.5,Stable,0.4,Stable,-0.0,2025-03-12,2025-09-04,2,21,0,0,0,0,0,14,45,0,0,0,0
851,027200018512,PALL MALL RED BOX 10CT,CIGARETTE,86.0,73,3.44,3.83,78.54,79.48,76.69,80.29,75.9,2.64,3.4,Stable,1.3,Stable,0.2,2025-03-10,2025-09-05,0,25,0,0,0,0,0,0,0,73,0,0,0
852,GEEK40K,GEEK BAR 40000 PUFFS DISP 5CT,ELECTRONIC CIG,86.0,22,6.14,2.42,54.05,59.21,47.50,62.50,43.75,10.3,19.0,Down,-12.5,Stable,1.3,2025-04-06,2025-07-24,44,14,0,0,0,0,0,0,2,20,0,0,0
853,850064354195,GIMI 30K PUFFS DISPOSABLE 5CT,ELECTRONIC CIG,85.0,12,21.25,7.08,44.96,44.96,43.50,47.50,38.75,6.21,13.8,Down,-26.8,Stable,-1.0,2025-08-09,2025-09-02,4,4,0,0,0,0,0,0,12,0,0,0,0
854,012044040157,OLD SPICE BODY SPRAY 1CT,COSMETICS & BEAUTY,85.0,15,9.44,0.67,2.99,2.99,2.99,2.99,2.2,0.79,26.4,Down,-11.6,Stable,0.0,2025-04-03,2025-07-03,65,9,0,0,15,0,0,0,0,0,0,0,0
855,5056716407041,LOST MARY MT35000 DISP 5CT,ELECTRONIC CIG,85.0,13,28.33,7.08,60.07,60.07,54.00,61.99,47.5,12.57,20.9,Up,15.9,Stable,-3.7,2025-08-23,2025-09-05,1,3,0,0,0,0,0,0,0,13,0,0,0
856,CRYSTAL16,CRYSTAL 16.9 OZ 24 CT,WATER,85.0,17,6.07,3.25,4.99,4.99,4.99,4.99,3.49,1.5,30.1,Stable,3.7,Stable,0.0,2025-04-04,2025-08-29,7,14,0,0,0,17,0,0,0,0,0,0,0
857,6291049534005,SILK HAND WASH LIQUID 400ML,CLEANING PRODUCTS,85.0,14,9.44,2.42,1.11,0.97,0.00,1.29,0.77,0.34,30.4,Up,12.0,Stable,-2.0,2025-03-16,2025-09-04,1,9,2,12,0,0,0,0,0,0,0,0,0
858,031700237984,GAME 2/1.29 30/2CT MANGO,CIGARS,85.0,77,3.4,3.25,27.99,27.99,27.99,27.99,21.45,6.54,23.4,Stable,-1.0,Stable,0.0,2025-03-11,2025-09-04,1,25,0,0,0,0,0,0,77,0,0,0,0
859,025900443016,OPTIMO 2/99 SWEET CIG 30CT,CIGARS,85.0,71,3.54,3.08,22.99,22.99,22.99,22.99,17.25,5.74,25.0,Stable,-1.3,Stable,0.0,2025-03-12,2025-09-04,1,24,0,0,0,0,0,0,71,0,0,0,0
860,031700233894,WO 2/99 WHITE PEACH 30CT,CIGARS,85.0,68,3.54,3.67,21.99,21.99,21.99,21.99,16.5,5.49,25.0,Stable,2.7,Stable,0.0,2025-03-10,2025-09-04,2,24,0,0,0,0,0,0,68,0,0,0,0
861,4902430756167,TIDE POWDER 350GM 1CT,CLEANING PRODUCTS,85.0,8,12.14,5.67,1.59,1.59,1.59,1.59,0.89,0.7,44.2,Down,-17.4,Stable,0.0,2025-04-21,2025-09-02,3,7,0,8,0,0,0,0,0,0,0,0,0
862,GGX15,GEEK GALAXY 15K 5CT,ELECTRONIC CIG,85.0,1,85.0,7.08,67.5,67.5,67.50,67.50,55.0,12.5,18.5,Stable,0.0,Stable,0.0,2025-08-15,2025-08-15,22,1,0,0,0,0,0,0,0,1,0,0,0
863,040232440205,RELAX 2 GO KRATOM $1.99 24CT,CBD/HEMP,85.0,34,3.86,3.42,20.85,20.35,0.00,23.99,20.0,0.85,4.1,Stable,-0.0,Stable,0.0,2025-03-12,2025-09-03,2,22,1,0,0,0,0,0,33,0,0,0,0
864,028200174406,VIRG SL MENTHOL SILVR BOX 10CT,CIGARETTE,85.0,66,3.4,3.92,97.41,98.36,94.39,99.49,93.81,3.61,3.7,Stable,0.1,Stable,0.2,2025-03-11,2025-09-04,2,25,0,0,0,0,0,0,0,66,0,0,0
865,4800888150585,DOVE ROLL-ON WOMEN 50ML 1CT,COSMETICS & BEAUTY,85.0,11,8.5,1.08,1.69,1.69,1.69,1.69,1.1,0.59,34.9,Down,-12.3,Stable,0.0,2025-04-03,2025-08-23,14,10,0,11,0,0,0,0,0,0,0,0,0
866,716053604712,CELLTEKK USB C + USB CAR 10CT,CELLUAR ACCESSORIES,85.0,62,3.7,3.5,23.95,23.95,23.95,23.95,17.5,6.45,26.9,Stable,0.7,Stable,0.0,2025-03-12,2025-09-03,3,23,0,0,0,0,0,0,62,0,0,0,0
867,038200101210,PICKLE IN POUCH 12CT RED,FOOD,85.0,40,4.05,3.92,11.99,11.99,11.99,11.99,10.65,1.34,11.2,Stable,4.0,Stable,0.0,2025-03-13,2025-08-11,25,21,0,0,0,0,0,40,0,0,0,0,0
868,609249914415,ZYN 3MG SMOOTH 5CT,NICOTINE POUCHES,85.0,25,5.67,1.58,21.38,21.49,19.89,21.49,21.39,-0.01,-0.0,Down,-18.1,Stable,0.3,2025-05-01,2025-08-29,7,15,0,0,0,0,0,1,24,0,0,0,0
869,KANG6500,CLEARANCE KANGVAPE 6500 10CT,ELECTRONIC CIG,85.0,28,4.72,3.83,10.36,9.29,0.00,29.99,65.0,-54.64,-527.6,Stable,-1.4,Stable,-4.8,2025-03-28,2025-09-04,2,18,1,0,0,0,0,26,1,0,0,0,0
870,026100016239,NEWPORT PLATINUM BLUE 100 BOX,CIGARETTE,85.0,79,3.27,3.5,88.67,89.59,86.89,90.49,86.82,1.84,2.1,Stable,-0.5,Stable,0.2,2025-03-11,2025-09-03,3,26,0,0,0,0,0,0,0,79,0,0,0
871,010704662510,GRINDERS FANCY 4 PARTS 1CT,NOVELTY ITEMS,84.0,11,12.0,6.33,2.97,2.96,2.75,2.99,1.99,0.98,33.0,Stable,-3.6,Stable,-0.0,2025-04-10,2025-09-03,2,7,0,0,11,0,0,0,0,0,0,0,0
872,323900014350,DAYQUIL 8 OZ  BOTTLE 1CT,MEDICINE,84.0,27,4.94,1.92,8.99,8.99,8.99,8.99,7.4,1.59,17.7,Stable,-0.0,Stable,0.0,2025-03-10,2025-08-27,9,17,0,0,0,0,27,0,0,0,0,0,0
873,044000007492,OREO CHOC COOKIES 5.25OZ 1CT,COOKIES,84.0,19,7.0,1.92,2.69,2.69,2.69,2.69,2.08,0.61,22.5,Stable,-4.3,Stable,0.0,2025-03-10,2025-09-03,2,12,0,0,19,0,0,0,0,0,0,0,0
874,LD1,LAB D TOY 1CT,MISC,84.0,6,42.0,7.0,7.91,7.91,7.50,7.99,6.5,1.41,17.8,Down,-171.4,Stable,1.2,2025-07-07,2025-08-03,34,2,0,0,0,0,6,0,0,0,0,0,0
875,751667074261,DJARUM 10/12PK SELECT/MILD,CIGARS,83.0,38,3.77,1.75,55.58,55.99,40.60,55.99,39.82,15.76,28.4,Down,-11.7,Stable,0.1,2025-03-13,2025-08-31,6,22,0,0,0,0,0,0,1,37,0,0,0
876,090500100294,SALEM MENTHOL SILVER BOX 10CT,CIGARETTE,83.0,69,3.46,3.5,96.04,97.54,92.09,97.79,92.66,3.37,3.5,Stable,1.5,Stable,0.2,2025-03-13,2025-09-04,1,24,0,0,0,0,0,0,0,69,0,0,0
877,090500100133,WINST WHITE BOX 10CT,CIGARETTE,83.0,56,3.95,3.83,82.69,83.44,80.19,83.79,79.62,3.07,3.7,Stable,3.0,Stable,0.2,2025-03-10,2025-08-25,12,21,0,0,0,0,0,0,0,56,0,0,0
878,784762078513,ZIG ZAG WRAP 4/99 15/4CT BLUE,BLUNT WRAP,83.0,49,3.61,2.67,10.99,10.99,10.99,10.99,10.05,0.94,8.6,Stable,-0.9,Stable,0.0,2025-03-10,2025-09-03,3,23,0,0,0,0,0,49,0,0,0,0,0
879,035000511119,COLGATE TOOTHPASTE 1.0OZ 1CT,HOUSEHOLD GOODS,83.0,16,8.3,6.83,0.79,0.79,0.79,0.79,0.54,0.25,32.0,Stable,0.2,Stable,0.0,2025-05-17,2025-09-03,2,10,16,0,0,0,0,0,0,0,0,0,0
880,072100242000,IMPERIAL SUGAR 4LB ICT,FOOD,83.0,17,7.55,5.33,4.99,4.99,4.99,4.99,4.19,0.8,16.0,Stable,0.2,Stable,-0.0,2025-04-04,2025-08-19,17,11,0,0,0,17,0,0,0,0,0,0,0
881,8908019927603,EVAIR PREMIUM CAR FRESHNER 1CT,AIR FRESHENER,83.0,15,9.22,6.83,3.94,3.95,3.50,3.99,3.25,0.69,17.6,Stable,4.3,Stable,0.3,2025-06-06,2025-09-03,2,9,0,0,0,15,0,0,0,0,0,0,0
882,031700238332,GAME LEAF 2/1.49 15/2CT DK RUM,CIGARS,83.0,61,3.77,4.25,16.99,16.99,16.99,16.99,13.0,3.99,23.5,Stable,-0.7,Stable,-0.0,2025-03-18,2025-09-05,1,22,0,0,0,0,0,61,0,0,0,0,0
883,086631008493,NJOY COFFEE CREAMER 16OZ 1CT,FOOD,83.0,18,5.53,3.25,2.69,2.69,2.69,2.69,2.0,0.69,25.7,Stable,0.5,Stable,0.0,2025-03-10,2025-08-14,22,15,0,0,18,0,0,0,0,0,0,0,0
884,076590375989,ZEN POWER 2OZ SHOTS 12CT,VITAMINS,82.0,34,4.1,2.83,29.61,31.21,0.00,33.99,26.0,3.61,12.2,Stable,-1.9,Stable,1.7,2025-03-19,2025-09-01,5,20,2,0,0,0,0,0,32,0,0,0,0
885,667758972371,SPARTAN 25000 PUFFS 5CT/BOX ,ELECTRONIC CIG,82.0,13,8.2,6.08,31.73,31.11,25.00,35.00,21.4,10.33,32.6,Up,24.1,Stable,-1.1,2025-03-27,2025-08-24,12,10,0,0,0,0,0,0,13,0,0,0,0
886,070195594196,RED MAN 3OZ 6CT GOLD BLEND,LT-TAX PAID,82.0,63,3.28,3.08,52.99,52.99,52.99,52.99,49.93,3.06,5.8,Stable,-1.6,Stable,-0.0,2025-03-13,2025-09-02,3,25,0,0,0,0,0,0,0,63,0,0,0
887,027200347339,PALL MALL MNTH WHITE 100 BOX,CIGARETTE,82.0,63,3.28,3.67,78.6,79.55,76.69,80.29,75.84,2.77,3.5,Stable,1.1,Stable,0.2,2025-03-11,2025-09-04,2,25,0,0,0,0,0,0,0,63,0,0,0
888,619682621405,EZ ROLL .49C 25CT TROP PASSION,BLUNT WRAP,82.0,49,3.9,2.92,6.99,6.99,6.99,6.99,6.25,0.74,10.6,Stable,-4.2,Stable,0.0,2025-03-16,2025-08-25,12,21,0,0,0,0,49,0,0,0,0,0,0
889,676979851778,FOILRITE 20SQFT ALUMINIUM FOIL,KITCHEN & TOILET,81.0,18,6.23,3.42,0.89,0.89,0.89,0.89,0.42,0.47,53.3,Stable,2.6,Stable,0.0,2025-03-10,2025-08-18,18,13,18,0,0,0,0,0,0,0,0,0,0
890,377540,TIDE LIQUID 10OZ 1CT,CLEANING PRODUCTS,81.0,21,6.23,2.67,3.49,3.49,3.49,3.49,2.39,1.1,31.5,Stable,1.9,Stable,0.0,2025-03-12,2025-09-03,2,13,0,0,0,21,0,0,0,0,0,0,0
891,025900345525,SS 2/$1.39 30/2CT - SWEETS,CIGARS,81.0,29,81.0,6.75,31.49,31.49,31.49,31.49,24.3,7.19,22.8,Stable,0.0,Stable,0.0,2025-09-02,2025-09-05,1,1,0,0,0,0,0,0,29,0,0,0,0
892,600,NOVA CENTER PULL TOWEL 6CT,HOUSEHOLD GOODS,81.0,41,3.68,3.92,29.01,28.56,0.00,29.99,21.74,7.28,25.1,Stable,-1.6,Stable,-0.2,2025-03-11,2025-08-31,5,22,1,0,0,0,0,0,40,0,0,0,0
893,022000293282,WR TWIN PK $.50 40CT WNTRFRSH,GUMS/CHICLETS,81.0,76,3.24,3.25,12.99,12.99,12.99,12.99,10.36,2.63,20.2,Stable,-0.2,Stable,0.0,2025-03-10,2025-09-05,1,25,0,0,0,0,0,76,0,0,0,0,0
894,655708018309,ALEVE TABLETS 25/1CT ,MEDICINE,81.0,78,3.52,3.25,9.99,9.99,9.99,9.99,7.5,2.49,24.9,Stable,-2.3,Stable,-0.0,2025-03-16,2025-09-02,4,23,0,0,0,0,78,0,0,0,0,0,0
895,878848900734,BOOSTER CABLE 250AMP 12FT 1CT,AUTOMOTIVE,81.0,33,4.26,2.5,5.99,5.99,5.99,5.99,3.65,2.34,39.1,Down,-5.7,Stable,0.0,2025-03-17,2025-08-24,13,19,0,0,0,0,33,0,0,0,0,0,0
896,1089894000,TOXIC WASTE SLIME LICKER 12CT,CANDYS,81.0,52,3.24,4.42,18.96,18.94,17.50,18.99,15.84,3.12,16.5,Stable,2.0,Stable,-0.0,2025-03-10,2025-09-01,4,25,0,0,0,0,0,52,0,0,0,0,0
897,079083157246,JOB GOLD 1.5 1 1/2 PAPER 24CT,CIG ROLLING PAPER,81.0,68,3.24,2.75,39.72,38.06,0.00,40.99,36.95,2.78,7.0,Stable,-3.0,Stable,-1.1,2025-03-10,2025-09-01,5,25,2,0,0,0,0,0,66,0,0,0,0
898,033300270521,BOWIE $2.19 PROMO CHEW,LT-TAX PAID,80.0,61,3.48,2.83,20.99,20.99,20.99,20.99,18.9,2.09,10.0,Stable,-1.2,Stable,-0.0,2025-03-11,2025-08-29,8,23,0,0,0,0,0,0,61,0,0,0,0
899,810159861823,LOOSE LEAF 20/2CT CKIES N CRM,LT-TAX-COLLECTED,80.0,47,20.0,0.0,34.99,34.99,34.99,34.99,26.6,8.39,24.0,Up,14.0,Stable,0.0,2025-04-07,2025-05-02,127,4,0,0,0,0,0,0,47,0,0,0,0
900,031700236864,GAME MINI 3/1.29 15/3CT BLACK,CIGARS,80.0,66,3.33,2.67,15.29,15.29,15.29,15.29,10.88,4.41,28.9,Stable,-2.1,Stable,0.0,2025-03-10,2025-09-02,3,24,0,0,0,0,0,66,0,0,0,0,0
901,022000159540,WR EXTRA 10CT SPEARMINT,GUMS/CHICLETS,80.0,77,3.33,3.08,12.99,12.99,12.99,12.99,10.83,2.16,16.6,Stable,1.0,Stable,0.0,2025-03-12,2025-09-01,4,24,0,0,0,0,0,77,0,0,0,0,0
902,810159861335,LOOSE LEAF 20/2CT RESERVE,LT-TAX-COLLECTED,80.0,63,6.67,0.0,39.99,39.99,39.99,39.99,33.0,6.99,17.5,Stable,3.8,Stable,-0.0,2025-03-10,2025-05-29,100,12,0,0,0,0,0,0,63,0,0,0,0
903,EVIAN1L,EVIAN WATER 1 LT 12CT,WATER,80.0,51,3.64,3.17,20.99,20.99,20.99,20.99,17.89,3.1,14.8,Stable,0.1,Stable,-0.0,2025-03-11,2025-09-04,1,22,0,0,0,0,0,0,51,0,0,0,0
904,888109253103,HOSTESS JUMBO HONEY BUN GLAZED,FOOD,80.0,64,3.48,1.75,9.99,9.99,9.99,9.99,8.15,1.84,18.4,Stable,-5.0,Stable,-0.0,2025-03-15,2025-08-31,6,23,0,0,0,0,64,0,0,0,0,0,0
905,K5000PRO,CLEARANCE KANGV PRO 5000 10CT,ELECTRONIC CIG,80.0,27,5.0,3.83,11.67,10.0,10.00,29.99,52.5,-40.83,-350.0,Stable,2.6,Stable,-3.1,2025-04-07,2025-09-03,2,16,0,0,0,0,0,25,2,0,0,0,0
906,028200177407,VIRG SL MENTHOL BOX 10CT,CIGARETTE,80.0,65,3.33,3.83,97.42,98.36,94.39,99.49,93.63,3.79,3.9,Stable,2.2,Stable,0.2,2025-03-10,2025-09-02,3,24,0,0,0,0,0,0,0,65,0,0,0
907,071610341241,DM 2/1.29 30/2CT OG FUSION,CIGARS,80.0,68,3.48,2.92,29.99,29.99,29.99,29.99,23.4,6.59,22.0,Stable,-1.9,Stable,0.0,2025-03-15,2025-09-04,1,23,0,0,0,0,0,0,68,0,0,0,0
908,PSC,PRINGLES SMALL CASE 12CT,FOOD,79.0,33,4.16,3.42,9.69,9.99,0.00,9.99,7.54,2.15,22.2,Stable,3.0,Stable,0.5,2025-03-10,2025-08-31,5,19,1,0,0,0,32,0,0,0,0,0,0
909,PW24,PERRIER WATER 11OZ 24CT,DRINKS,79.0,34,3.95,3.17,23.99,23.99,23.99,23.99,19.99,4.0,16.7,Stable,0.2,Stable,-0.0,2025-03-13,2025-08-11,26,20,0,0,0,0,0,0,34,0,0,0,0
910,840180220214,REAL TOUGH 33GAL TRASH BAG 6CT,KITCHEN & TOILET,79.0,15,7.18,4.58,1.69,1.69,1.69,1.69,0.79,0.9,53.3,Stable,-1.1,Stable,0.0,2025-04-27,2025-08-28,8,11,0,15,0,0,0,0,0,0,0,0,0
911,WHITE DIRT ,WHITE DIRT 20LB BOX 20/1LB,NOVELTY ITEMS,79.0,41,3.04,3.33,24.89,24.78,21.00,24.99,17.0,7.89,31.7,Stable,-0.9,Stable,-0.0,2025-03-10,2025-09-01,5,26,0,0,0,0,0,0,41,0,0,0,0
912,071610302730,BACKWOODS 5PK 8/5CT DRK STOUT ,CIGARS,79.0,69,3.04,3.75,37.71,37.99,36.99,37.99,29.74,7.98,21.2,Stable,1.6,Stable,0.1,2025-03-11,2025-09-05,1,26,0,0,0,0,0,0,69,0,0,0,0
913,M24,MONSTER ENERGY 24OZ 12CT,DRINKS,79.0,36,3.95,2.75,31.99,31.99,31.99,31.99,30.74,1.25,3.9,Stable,-1.3,Stable,0.0,2025-03-12,2025-08-22,14,20,0,0,0,0,0,0,36,0,0,0,0
914,305210464728,VASELINE LIP CARE 1CT,COSMETICS & BEAUTY,79.0,13,8.78,1.92,1.69,1.69,1.69,1.69,1.25,0.44,26.0,Stable,1.1,Stable,0.0,2025-03-13,2025-08-19,17,9,0,13,0,0,0,0,0,0,0,0,0
915,858765005842,SHOW 5/$1 15/5CT P'APPLE/BUZZ,CIGARS,79.0,66,3.29,2.83,10.69,10.69,10.69,10.69,7.5,3.19,29.8,Stable,-1.1,Stable,0.0,2025-03-10,2025-09-02,3,24,0,0,0,0,0,66,0,0,0,0,0
916,784762078612,ZIG ZAG WRAP 4/99 15/4CT PINK,BLUNT WRAP,78.0,62,3.71,3.0,10.99,10.99,10.99,10.99,10.05,0.94,8.6,Stable,0.1,Stable,0.0,2025-03-10,2025-09-03,2,21,0,0,0,0,0,62,0,0,0,0,0
917,YAKI,YAKISOBA NOODLES 8CT,FOOD,78.0,50,3.39,3.0,9.97,9.99,8.75,9.99,8.24,1.73,17.4,Stable,1.0,Stable,0.1,2025-03-13,2025-09-02,4,23,0,0,0,0,50,0,0,0,0,0,0
918,022000106971,WR SLIM 10CT - DOUBLEMINT,GUMS/CHICLETS,78.0,74,3.0,2.83,11.99,11.99,11.99,11.99,9.43,2.56,21.3,Stable,-1.0,Stable,0.0,2025-03-12,2025-09-05,1,26,0,0,0,0,0,74,0,0,0,0,0
919,691835056432,MODUS X KADO BAR 10000 5CT,ELECTRONIC CIG,78.0,32,7.8,0.0,34.16,34.16,33.00,35.50,30.68,3.48,10.2,Down,-20.0,Stable,0.3,2025-03-10,2025-05-24,105,10,0,0,0,0,0,0,32,0,0,0,0
920,812319018948,GT 3/1.19 15/3CT GREEN SWEET,CIGAR GA,78.0,46,3.71,4.25,10.99,10.99,10.99,10.99,9.41,1.58,14.4,Stable,2.2,Stable,0.0,2025-03-17,2025-09-02,4,21,0,0,0,0,0,46,0,0,0,0,0
921,042037111311,GOODYS 12/6CT BACK & BODY,MEDICINE,78.0,75,3.39,3.5,21.99,21.99,21.99,21.99,16.99,5.0,22.7,Stable,-0.1,Stable,-0.0,2025-03-10,2025-09-03,2,23,0,0,0,0,0,0,75,0,0,0,0
922,BIO16,BIOLYTE ENERGY DRINK 16OZ 12CT,DRINKS,78.0,19,6.5,5.08,29.99,29.99,29.99,29.99,25.5,4.49,15.0,Up,5.2,Stable,0.0,2025-04-28,2025-09-04,1,12,0,0,0,0,0,0,19,0,0,0,0
923,191554360235,IDEAL CLEAR SPOONS 48CT,HOUSEHOLD GOODS,78.0,28,4.88,4.25,1.15,1.14,0.00,1.19,0.59,0.56,48.6,Stable,-0.8,Stable,-1.1,2025-03-17,2025-09-01,5,16,1,27,0,0,0,0,0,0,0,0,0
924,719410500122,5-HOUR ENERGY 12CT- BERRY,VITAMINS,77.0,56,3.67,1.83,19.98,19.99,19.69,19.99,18.74,1.24,6.2,Stable,-4.0,Stable,0.0,2025-03-11,2025-09-05,1,21,0,0,0,0,0,56,0,0,0,0,0
925,717519195225,AL CAPONE LEAF 12CT COGNAC,LT-TAX-COLLECTED,77.0,59,3.21,2.58,12.99,12.99,12.99,12.99,7.75,5.24,40.3,Stable,-2.3,Stable,0.0,2025-03-10,2025-09-05,1,24,0,0,0,0,0,59,0,0,0,0,0
926,011000010067,MONTEGO MENTHOL SILVR BOX 10CT,CIGARETTE,77.0,35,3.08,3.08,40.26,40.69,39.69,40.69,39.17,1.09,2.7,Stable,-0.8,Stable,0.1,2025-03-12,2025-09-03,2,25,0,0,0,0,0,0,35,0,0,0,0
927,854040005293,TWEAKER $0.99 12 CT - WMLN,VITAMINS,77.0,60,3.5,3.75,6.5,6.5,6.50,6.50,5.42,1.08,16.7,Stable,3.5,Stable,0.0,2025-03-19,2025-09-03,2,22,0,0,0,0,60,0,0,0,0,0,0
928,022200962995,LADY SPEED STICK 1.4OZ ICT,COSMETICS & BEAUTY,77.0,20,6.42,2.83,1.99,1.99,1.99,1.99,1.25,0.74,37.2,Stable,-4.1,Stable,0.0,2025-03-12,2025-08-21,16,12,0,20,0,0,0,0,0,0,0,0,0
929,763527447986,FLYING H 3GM 5CT THCP BLEND,ECIG - DISP D8,77.0,25,4.81,1.42,33.32,33.3,32.00,35.00,30.0,3.32,10.0,Stable,-4.1,Stable,0.1,2025-03-19,2025-08-25,11,16,0,0,0,0,0,0,25,0,0,0,0
930,044000003821,PREMIUM SALTINE 4OZ 1CT,COOKIES,77.0,16,7.0,2.75,2.64,2.69,2.49,2.69,2.0,0.64,24.2,Stable,-1.4,Stable,0.6,2025-03-13,2025-08-17,19,11,0,0,16,0,0,0,0,0,0,0,0
931,819721012458,BLUNTVILLE 1.29 25CT PIFF,CIGARS,77.0,57,3.85,3.5,22.99,22.99,22.99,22.99,16.25,6.74,29.3,Stable,2.9,Stable,0.0,2025-03-13,2025-09-05,1,20,0,0,0,0,0,0,57,0,0,0,0
932,031700237786,WO 2/1.19 30/2CT PINEAPPLE,CIGARS,77.0,69,4.53,4.0,25.99,25.99,25.99,25.99,19.88,6.11,23.5,Down,-6.9,Stable,-0.0,2025-05-11,2025-09-04,2,17,0,0,0,0,0,0,69,0,0,0,0
933,20819500024867,FUTUROLA TYSON BLUNT WRAPS 25C,BLUNT WRAP,76.0,28,4.0,3.92,41.08,37.07,0.00,44.99,37.5,3.58,8.7,Stable,3.6,Stable,-1.9,2025-03-13,2025-09-01,5,19,2,0,0,0,0,0,26,0,0,0,0
934,028200156808,MARL SB RED 100 BOX 10CT,CIGARETTE,76.0,48,3.62,3.0,81.65,82.26,79.39,83.39,78.05,3.61,4.4,Stable,-0.1,Stable,0.2,2025-03-12,2025-09-04,2,21,0,0,0,0,0,0,0,48,0,0,0
935,747462566391,FLYING H PRE ROLL 2.5G 5/2CT,CBD/HEMP,76.0,15,12.67,6.33,30.1,30.1,27.50,31.50,25.0,5.1,16.9,Down,-15.3,Stable,1.1,2025-07-14,2025-09-04,2,6,0,0,0,0,0,0,15,0,0,0,0
936,6291108160015,AL FAKHER 10 X 50GM MINT ,LT-TAX PAID,76.0,57,3.45,2.17,17.09,18.08,16.00,18.99,15.77,1.31,7.7,Stable,-4.5,Stable,0.7,2025-03-11,2025-08-31,6,22,0,0,0,0,0,57,0,0,0,0,0
937,FIJI1.5L,FIJI WATER 1.5LTR 12CT,WATER,76.0,53,3.04,2.83,26.99,26.99,26.99,26.99,23.99,3.0,11.1,Stable,-1.0,Stable,0.0,2025-03-12,2025-09-02,4,25,0,0,0,0,0,0,53,0,0,0,0
938,008660006134,ZIG ZAG CONE HEMP 1 1/4 24/6CT,CIG ROLLING PAPER,76.0,13,8.44,4.42,21.15,19.44,0.00,24.99,22.32,-1.17,-5.6,Down,-5.3,Stable,2.0,2025-05-27,2025-09-04,2,9,2,0,0,0,0,0,11,0,0,0,0
939,031700236628,GAME MINI 3/1.29 15/3CT BLUE,CIGARS,76.0,70,3.17,3.08,15.29,15.29,15.29,15.29,10.99,4.3,28.1,Stable,-1.5,Stable,0.0,2025-03-13,2025-09-01,4,24,0,0,0,0,0,70,0,0,0,0,0
940,070970485497,MIKE & IKE ORANGE 24 CT,CANDYS,76.0,71,2.92,2.58,5.69,5.69,5.69,5.69,4.56,1.13,19.9,Stable,-3.1,Stable,-0.0,2025-03-12,2025-09-03,2,26,0,0,0,0,71,0,0,0,0,0,0
941,5287000553124,COCONARA 120CT HOOKAH CHARCOAL,NOVELTY ITEMS,76.0,31,3.8,2.33,8.99,8.99,8.99,8.99,6.94,2.05,22.9,Stable,-2.8,Stable,-0.0,2025-03-16,2025-09-04,1,20,0,0,0,0,31,0,0,0,0,0,0
942,012300260138,CAMEL 99'S BLUE BOX 10CT,CIGARETTE,76.0,64,3.3,3.17,84.93,86.07,83.19,86.79,81.99,2.94,3.5,Stable,-0.3,Stable,0.2,2025-03-10,2025-08-29,8,23,0,0,0,0,0,0,0,64,0,0,0
943,700598115703,OPMS SILVER 288G/480CT GRN MD,VITAMINS,76.0,23,4.75,3.58,24.43,24.46,23.50,29.99,22.21,2.22,9.1,Stable,3.1,Stable,0.2,2025-03-13,2025-08-20,16,16,0,0,0,0,0,0,23,0,0,0,0
944,043300187361,LUCKY STRIKE MENTHOL SLV 100,CIGARETTE,76.0,57,3.17,3.33,65.26,65.72,64.19,66.19,62.12,3.14,4.8,Stable,0.7,Stable,0.1,2025-03-14,2025-09-03,3,24,0,0,0,0,0,0,0,57,0,0,0
945,840439106016,ZIG ZAG HEMP 25/2CT NATURAL,BLUNT WRAP,75.0,51,3.12,3.42,12.71,12.41,0.00,12.99,10.63,2.08,16.4,Stable,-0.8,Stable,-0.4,2025-03-13,2025-09-05,1,24,1,0,0,0,0,50,0,0,0,0,0
946,028200304612,BASIC GOLD 100 BOX 10CT,CIGARETTE,75.0,25,4.17,5.0,88.19,88.19,88.19,88.19,64.18,24.01,27.2,Stable,3.2,Stable,0.0,2025-04-05,2025-08-31,5,18,0,0,0,0,0,0,0,25,0,0,0
947,037000004707,GAIN LIQUID 10OZ 6 LOADS,CLEANING PRODUCTS,75.0,20,5.36,3.0,1.99,1.99,1.99,1.99,0.99,1.0,50.3,Stable,-3.6,Stable,-0.0,2025-03-11,2025-08-28,8,14,0,20,0,0,0,0,0,0,0,0,0
948,025900345921,POM POM 3/1.19 15/3CT SLOW GLW,CIGARS,75.0,46,3.41,2.58,11.99,11.99,11.99,11.99,8.7,3.29,27.4,Stable,1.1,Stable,-0.0,2025-03-10,2025-08-23,14,22,0,0,0,0,0,46,0,0,0,0,0
949,814057400719,SHIELD MENTHOL GREEN BOX,CIGARETTE,75.0,36,3.12,3.25,42.79,42.79,42.79,42.79,40.95,1.84,4.3,Stable,-1.9,Stable,0.0,2025-03-10,2025-09-04,1,24,0,0,0,0,0,0,36,0,0,0,0
950,783495655077,VIBES PREMIUM CRUSH 15CT,LT-TAX PAID,75.0,56,3.75,3.75,30.99,30.99,30.99,30.99,27.5,3.49,11.3,Stable,-1.3,Stable,-0.0,2025-04-19,2025-09-05,1,20,0,0,0,0,0,0,56,0,0,0,0
951,034000480005,REESES PB CUP KING 24CT,CANDYS,75.0,72,3.12,3.08,44.99,44.99,44.99,44.99,36.18,8.81,19.6,Stable,-3.0,Stable,0.0,2025-03-10,2025-09-02,3,24,0,0,0,0,0,0,72,0,0,0,0
952,090500100027,MAVERICK MENTHOL GOLD 100 BOX,CIGARETTE,74.0,51,3.08,2.33,64.29,65.1,62.59,65.29,62.49,1.79,2.8,Stable,-4.0,Stable,0.2,2025-03-18,2025-09-02,4,24,0,0,0,0,0,0,0,51,0,0,0
953,420071,GRIZZLY POUCH STRAIGHT 5CT,T7 SMOKELESS GA,74.0,33,3.89,2.5,25.51,25.97,24.69,26.49,24.16,1.34,5.3,Stable,-3.3,Stable,0.4,2025-03-12,2025-08-31,5,19,0,0,0,0,0,0,33,0,0,0,0
954,716053604729,CELLTEKK HOME CHG 10CT TC+USB,CELLUAR ACCESSORIES,74.0,56,3.08,3.33,23.95,23.95,23.95,23.95,18.5,5.45,22.8,Stable,1.0,Stable,0.0,2025-03-14,2025-09-05,1,24,0,0,0,0,0,0,56,0,0,0,0
955,090500100102,WINST RED 100 BOX 10CT,CIGARETTE,74.0,61,3.08,3.25,82.81,83.68,80.19,83.79,79.89,2.92,3.5,Stable,0.3,Stable,0.2,2025-03-22,2025-09-05,1,24,0,0,0,0,0,0,0,61,0,0,0
956,429111,GRIZZLY LC MINT 5CT,T7 SMOKELESS GA,74.0,39,3.36,2.92,25.62,26.18,24.69,26.49,24.29,1.32,5.2,Stable,0.0,Stable,0.4,2025-03-19,2025-09-02,3,22,0,0,0,0,0,0,39,0,0,0,0
957,681467003225,SENECA BLUE 100 BOX 10CT,CIGARETTE,74.0,27,4.35,3.67,31.66,31.99,30.99,31.99,30.26,1.39,4.4,Stable,4.8,Stable,0.3,2025-03-18,2025-08-21,15,17,0,0,0,0,0,0,27,0,0,0,0
958,043300187330,LUCKY STRIKE MENTHOL SILVER,CIGARETTE,73.0,64,3.17,3.0,65.16,65.66,64.19,66.19,62.26,2.9,4.5,Stable,-0.2,Stable,0.2,2025-03-12,2025-09-03,3,23,0,0,0,0,0,0,0,64,0,0,0
959,840352522696,FLYING H 9G 3IN1 BLK 5CT,ECIG - DISP D8,72.0,33,4.0,3.42,81.12,80.88,77.50,87.50,73.75,7.37,9.1,Stable,4.0,Stable,0.1,2025-03-13,2025-08-27,10,18,0,0,0,0,0,0,0,33,0,0,0
960,076940197049,LD DARK GREEN BOX 10CT,CIGARETTE,72.0,43,3.27,3.92,30.65,30.99,28.99,30.99,29.61,1.04,3.4,Stable,3.6,Stable,0.3,2025-03-12,2025-09-03,2,22,0,0,0,0,0,0,43,0,0,0,0
961,8716294331004,HOOKAH CHARCOAL 3K 33MM 10CT,NOVELTY ITEMS,72.0,57,3.27,3.08,9.99,9.99,9.99,9.99,7.0,2.99,30.0,Stable,0.9,Stable,0.0,2025-03-10,2025-09-05,1,22,0,0,0,0,57,0,0,0,0,0,0
962,035000988706,FABULOSO CLEANER 56OZ 1CT,CLEANING PRODUCTS,72.0,26,3.79,1.67,4.49,4.49,4.49,4.49,3.54,0.95,21.2,Stable,-4.4,Stable,0.0,2025-03-11,2025-09-03,2,19,0,0,0,26,0,0,0,0,0,0,0
963,265431536461,FANCY GRINDER 1CT,NOVELTY ITEMS,72.0,19,8.0,1.5,5.36,5.5,5.00,5.50,4.49,0.87,16.2,Down,-10.8,Stable,0.8,2025-03-12,2025-08-13,23,9,0,0,0,0,19,0,0,0,0,0,0
964,PLOOX,PLOOX HOOKAH KIT 1CT,NOVELTY ITEMS,72.0,29,4.8,1.08,39.14,40.0,37.50,43.50,35.0,4.14,10.6,Stable,-2.4,Stable,0.0,2025-03-10,2025-07-02,65,15,0,0,0,0,0,0,29,0,0,0,0
965,840045201129,ROGUE 6MG POUCH 5CT APPLE ,NICOTINE POUCHES,72.0,46,3.6,3.08,20.49,20.49,20.49,20.49,19.49,1.0,4.9,Stable,0.2,Stable,-0.0,2025-03-11,2025-08-31,5,20,0,0,0,0,0,0,46,0,0,0,0
966,014200305896,BLOW POP ASSORTED 100CT,CANDYS,72.0,68,3.43,2.75,17.99,17.99,17.99,17.99,15.08,2.91,16.2,Stable,0.5,Stable,0.0,2025-03-10,2025-08-09,27,21,0,0,0,0,0,68,0,0,0,0,0
967,041689301224,ZIPPO LIGHTER FLUID 12OZ 1CT,LIGHTERS,72.0,19,5.54,1.08,3.49,3.49,3.49,3.49,2.65,0.84,24.1,Stable,-4.8,Stable,0.0,2025-03-17,2025-09-04,2,13,0,0,0,19,0,0,0,0,0,0,0
968,429171,GRIZZLY XTRA LC NATURAL 5CT,T7 SMOKELESS GA,72.0,28,4.5,4.0,25.92,26.2,24.69,26.49,24.54,1.37,5.3,Stable,2.7,Stable,0.4,2025-03-27,2025-09-03,2,16,0,0,0,0,0,0,28,0,0,0,0
969,840180220191,REAL TOUGH 13GAL TRASH BAG 12C,KITCHEN & TOILET,72.0,17,4.8,3.25,1.69,1.69,1.69,1.69,0.79,0.9,53.3,Stable,1.6,Stable,0.0,2025-03-16,2025-08-28,8,15,0,17,0,0,0,0,0,0,0,0,0
970,762446490257,LONGHORN POUCH WNTRGRN 5CT,T7 SMOKELESS GA,71.0,35,3.55,3.25,11.1,11.49,9.99,11.49,9.83,1.27,11.4,Stable,0.7,Stable,0.9,2025-03-23,2025-08-27,9,20,0,0,0,0,9,26,0,0,0,0,0
971,792138347552,VITA HONEY POUCHES 12/15CT,VITAMINS,71.0,59,3.55,2.75,12.39,12.68,9.00,14.99,6.5,5.89,47.5,Stable,-1.0,Stable,0.1,2025-04-05,2025-09-03,2,20,0,0,0,0,5,54,0,0,0,0,0
972,031700237755,WO 2/1.19 30/2CT WHITE PEACH,CIGARS,71.0,59,3.09,2.17,25.99,25.99,25.99,25.99,19.88,6.11,23.5,Stable,-2.5,Stable,-0.0,2025-03-11,2025-09-04,2,23,0,0,0,0,0,0,59,0,0,0,0
973,073390014490,AIR HEADS BITES FRUIT 6OZ,CANDYS,71.0,12,7.1,3.08,2.29,2.29,2.29,2.29,1.3,0.99,43.3,Up,13.4,Stable,0.0,2025-03-15,2025-08-20,17,10,0,0,12,0,0,0,0,0,0,0,0
974,028200177506,VIRG SL RED SPSL 10CT,CIGARETTE,71.0,59,2.96,3.08,97.71,98.74,94.39,99.49,91.1,6.61,6.8,Stable,2.2,Stable,0.2,2025-03-16,2025-08-31,5,24,0,0,0,0,0,0,0,59,0,0,0
975,842426165365,GT 4/1.19 4KS 15/4CT KIWI BRRY,CIGAR GA,71.0,51,3.23,2.83,12.01,12.03,11.99,12.99,10.53,1.48,12.4,Stable,-1.7,Stable,0.1,2025-03-11,2025-08-31,5,22,0,0,0,0,0,51,0,0,0,0,0
976,043300187514,LUCKY STRIKE ACTIVATE GRN 10CT,CIGARETTE,71.0,60,3.09,2.5,65.11,65.67,64.19,66.19,62.49,2.62,4.0,Stable,0.5,Stable,0.1,2025-03-13,2025-09-02,3,23,0,0,0,0,0,0,0,60,0,0,0
977,073100030550,COPENHAGEN POUCH WNTRGRN 5CT,T7 SMOKELESS GA,71.0,39,3.23,4.0,25.39,25.59,24.79,25.99,24.21,1.18,4.7,Stable,2.3,Stable,0.2,2025-03-22,2025-08-28,9,22,0,0,0,0,0,0,39,0,0,0,0
978,840158609812,FRE 15MG POUCH 5CT LUSH,NICOTINE POUCHES,71.0,15,8.88,5.92,20.22,20.22,19.99,20.49,19.5,0.72,3.6,Stable,3.6,Stable,-0.0,2025-06-09,2025-09-04,2,8,0,0,0,0,0,8,7,0,0,0,0
979,070970485411,HOT TAMALES 24CT,CANDYS,71.0,63,2.96,2.17,5.69,5.69,5.69,5.69,4.56,1.13,19.9,Stable,-1.6,Stable,0.0,2025-03-10,2025-08-29,8,24,0,0,0,0,63,0,0,0,0,0,0
980,022600973201,TROJAN 6/3CT HER PLEASURE,CONDOMS,71.0,68,3.09,2.58,9.99,9.99,9.99,9.99,7.75,2.24,22.4,Stable,-2.0,Stable,-0.0,2025-03-10,2025-09-04,1,23,0,0,0,0,68,0,0,0,0,0,0
981,010900000406,REYNOLDS ALUMINIUM FOIL 25SQFT,HOUSEHOLD GOODS,70.0,14,5.83,1.17,2.5,1.79,0.00,2.69,1.6,0.9,35.9,Down,-9.4,Stable,-2.7,2025-03-24,2025-06-24,73,12,1,0,13,0,0,0,0,0,0,0,0
982,016000368309,BUGLES ORIGINAL CHIPS 3OZ,FOOD,70.0,10,8.75,4.08,2.39,2.39,2.39,2.39,1.81,0.58,24.1,Up,39.5,Stable,0.0,2025-03-27,2025-07-21,47,8,0,0,10,0,0,0,0,0,0,0,0
983,719410775124,5-HOUR ENERGY XS 12CT-WMLN,VITAMINS,70.0,66,2.69,3.17,21.99,21.99,21.99,21.99,21.33,0.66,3.0,Stable,0.4,Stable,-0.0,2025-03-11,2025-09-02,3,26,0,0,0,0,0,0,66,0,0,0,0
984,083078123147,CARMEX 12CT ORIGINAL TUBES,COSMETICS & BEAUTY,70.0,69,3.33,3.25,14.99,14.99,14.99,14.99,12.54,2.45,16.3,Stable,-2.2,Stable,0.0,2025-03-10,2025-09-03,2,21,0,0,0,0,0,69,0,0,0,0,0
985,717519195409,AL CAPONE LEAF 18CT ORIGINAL,LT-TAX-COLLECTED,70.0,55,3.04,2.58,18.99,18.99,18.99,18.99,12.25,6.74,35.5,Stable,0.6,Stable,0.0,2025-03-10,2025-09-02,4,23,0,0,0,0,0,55,0,0,0,0,0
986,SMART1L,SMART WATER 1 LTR 15CT,DRINKS,70.0,46,2.92,3.5,19.99,19.99,19.99,19.99,17.99,2.0,10.0,Stable,2.5,Stable,0.0,2025-03-14,2025-09-03,2,24,0,0,0,0,0,46,0,0,0,0,0
987,040000322528,SNICKERS KING SIZE 24CT,CANDYS,70.0,70,2.92,2.5,50.85,51.99,49.99,52.99,40.8,10.05,19.8,Stable,-0.9,Stable,0.3,2025-03-12,2025-09-04,1,24,0,0,0,0,0,0,50,20,0,0,0
988,070137832355,BLK & MLD 1.19 25CT PT WINE,CIGAR GA,70.0,5,35.0,2.5,23.09,23.49,22.99,23.49,20.83,2.26,9.8,Down,-28.6,Stable,2.2,2025-05-06,2025-09-02,4,2,0,0,0,0,0,0,5,0,0,0,0
989,676979903200,"PARTY PLATES 9"" 10CT",HOUSEHOLD GOODS,70.0,16,5.0,3.0,1.59,1.59,1.59,1.59,0.92,0.67,42.1,Stable,-4.7,Stable,0.0,2025-03-10,2025-08-10,26,14,0,16,0,0,0,0,0,0,0,0,0
990,075879000079,POMPEII LEMON JUICE 4OZ 1CT,FOOD,70.0,8,10.0,4.5,1.39,1.39,1.39,1.39,0.69,0.7,50.4,Stable,2.5,Stable,-0.0,2025-05-01,2025-08-16,20,7,0,8,0,0,0,0,0,0,0,0,0
991,679523787394,TABZ XS VITA PILLS 40CT,KRATOM,70.0,7,23.33,0.0,129.29,129.29,125.00,140.00,116.0,13.29,10.3,Up,64.3,Stable,2.9,2025-04-22,2025-05-23,106,3,0,0,0,0,0,0,0,0,7,0,0
992,016000507326,CHEX MIX MUDDY BUDDIES 4.5OZ,FOOD,69.0,10,7.67,1.75,2.89,2.89,2.89,2.89,2.53,0.36,12.4,Down,-15.7,Stable,0.0,2025-03-13,2025-09-01,4,9,0,0,10,0,0,0,0,0,0,0,0
993,742488783135,TRU LEAF CRUSH RUSIAN CRM 15CT,LT-TAX PAID,69.0,58,3.14,3.42,31.99,31.99,31.99,31.99,28.38,3.61,11.3,Stable,1.0,Stable,0.0,2025-03-11,2025-09-03,3,22,0,0,0,0,0,0,58,0,0,0,0
994,10810075773191,SOMA 300 KRATOM SHOT 12CT,NOVELTY ITEMS,69.0,33,3.29,2.58,118.86,118.91,117.50,120.00,112.2,6.66,5.6,Stable,-1.8,Stable,0.0,2025-03-12,2025-09-03,2,21,0,0,0,0,0,0,0,0,33,0,0
995,643989615515,NAIL CLIPPER SMART CHOICE,COSMETICS & BEAUTY,69.0,10,9.86,2.33,0.99,0.99,0.99,0.99,0.45,0.54,54.5,Stable,-4.3,Stable,-0.0,2025-03-26,2025-07-31,37,7,10,0,0,0,0,0,0,0,0,0,0
996,138708834747,BUG-EE'S GUMMIES JAR 25MG 20CT,CBD/HEMP,69.0,9,9.86,1.17,6.83,7.25,0.00,8.50,6.78,0.06,0.8,Stable,-1.8,Down,-6.7,2025-03-15,2025-07-25,43,7,1,0,0,0,8,0,0,0,0,0,0
997,762203338525,FLYING H 3.8GM STONER BLND 5CT,ECIG - DISP D8,69.0,19,6.9,5.75,43.84,43.84,41.00,47.50,36.75,7.09,16.2,Down,-22.7,Stable,0.6,2025-06-11,2025-09-05,1,10,0,0,0,0,0,0,19,0,0,0,0
998,679523785734,TABZ RD VITA PILLS 40CT,KRATOM,68.0,2,34.0,5.67,145.0,145.0,145.00,145.00,127.5,17.5,12.1,Up,23.5,Stable,0.0,2025-06-25,2025-08-14,23,2,0,0,0,0,0,0,0,0,2,0,0
999,054100925022,ARMOUR VIENNA ORIGINAL 4.6OZ,FOOD,68.0,16,5.67,1.58,1.59,1.59,1.59,1.59,1.03,0.56,35.2,Stable,-1.5,Stable,0.0,2025-03-11,2025-07-14,53,12,0,16,0,0,0,0,0,0,0,0,0
1000,022000135582,WR EXTRA 35STK 6CT - SPEARMINT,GUMS/CHICLETS,68.0,63,3.09,1.83,19.99,19.99,19.99,19.99,16.83,3.16,15.8,Stable,-2.8,Stable,0.0,2025-03-10,2025-09-05,1,22,0,0,0,0,0,63,0,0,0,0,0
1001,071610341548,BACKWOODS 5PK 8/5CT DARK BERRY,CIGARS,68.0,56,3.09,2.67,37.67,37.99,36.99,37.99,28.2,9.47,25.1,Stable,1.8,Stable,0.2,2025-03-18,2025-08-27,9,22,0,0,0,0,0,0,56,0,0,0,0
1002,090600392605,CROWNS RED BOX 10CT,CIGARETTE,68.0,44,2.96,2.75,33.44,33.94,32.99,33.99,31.47,1.97,5.9,Stable,1.0,Stable,0.2,2025-03-13,2025-08-31,5,23,0,0,0,0,0,0,44,0,0,0,0
1003,556333343135,FLYING H 7G THCP BLEND 5CT,ECIG - DISP D8,68.0,26,4.25,1.92,64.1,64.3,62.50,65.00,58.71,5.38,8.4,Stable,-4.3,Stable,-0.0,2025-03-13,2025-09-04,2,16,0,0,0,0,0,0,0,26,0,0,0
1004,035000510976,COLGATE TOOTHPASTE 7.8/8OZ 1CT,HOUSEHOLD GOODS,68.0,9,11.33,5.67,2.66,2.66,0.00,2.99,2.06,0.59,22.4,Stable,1.5,Down,-17.1,2025-06-15,2025-09-01,5,6,1,0,8,0,0,0,0,0,0,0,0
1005,027200347308,PALL MALL MNTH WHITE BOX 10CT,CIGARETTE,68.0,62,2.72,2.75,78.49,79.28,76.69,80.29,75.24,3.25,4.1,Stable,-0.6,Stable,0.2,2025-03-11,2025-09-03,2,25,0,0,0,0,0,0,0,62,0,0,0
1006,SMKS7,SMOKE SET 7PCS,NOVELTY ITEMS,68.0,30,4.0,1.08,15.93,16.56,14.00,19.99,11.31,4.62,29.0,Down,-8.1,Stable,0.6,2025-03-13,2025-09-02,3,17,0,0,0,0,0,30,0,0,0,0,0
1007,034000440009,REESES PB CUP 36CT,CANDYS,68.0,66,2.96,2.67,39.08,39.18,38.99,41.99,31.38,7.7,19.7,Stable,-2.5,Stable,0.1,2025-03-11,2025-09-02,3,23,0,0,0,0,0,0,66,0,0,0,0
1008,725272745649,HIGH GR PRE ROLL THCP 2G 10CT,CBD/HEMP,68.0,16,8.5,4.42,20.19,20.38,18.00,24.99,15.0,5.19,25.7,Stable,-1.7,Stable,0.4,2025-06-04,2025-09-03,2,8,0,0,0,0,0,5,11,0,0,0,0
1009,025900278809,SS 2/$1.19 30/2CT - BLACK,CIGARS,68.0,27,4.25,3.08,25.99,25.99,25.99,25.99,20.31,5.68,21.8,Stable,3.7,Stable,0.0,2025-03-11,2025-08-19,17,16,0,0,0,0,0,0,27,0,0,0,0
1010,719410750121,5-HOUR ENERGY XS 12CT-PCH MNGO,VITAMINS,68.0,65,2.96,2.33,21.99,21.99,21.99,21.99,21.31,0.68,3.1,Stable,-2.0,Stable,0.0,2025-03-11,2025-09-03,3,23,0,0,0,0,0,0,65,0,0,0,0
1011,717519000864,AL CAPONE JAR 60/2CT SWT FLTR,LIT CIGARS 003251,68.0,57,5.23,0.08,69.96,72.99,67.50,72.99,64.19,5.77,8.2,Down,-9.2,Stable,0.1,2025-03-11,2025-09-04,2,13,0,0,0,0,0,0,0,57,0,0,0
1012,FIJI700,FIJI WATER SPORTS 700ML 12CT,WATER,68.0,53,2.96,3.08,22.99,22.99,22.99,22.99,19.99,3.0,13.0,Stable,-1.5,Stable,0.0,2025-03-11,2025-09-02,4,23,0,0,0,0,0,0,53,0,0,0,0
1013,CAN LINER 40X48 ,CAN LINER 40X48  45GL 150CT,SHOPPING BAGS,68.0,40,3.24,3.25,19.49,19.99,0.00,19.99,14.56,4.93,25.3,Stable,3.2,Stable,0.2,2025-03-13,2025-09-02,3,21,1,0,0,0,0,39,0,0,0,0,0
1014,N14,NESQUICK 14OZ 12CT,DRINKS,67.0,31,3.53,2.33,20.99,20.99,20.99,20.99,17.76,3.23,15.4,Stable,-2.4,Stable,0.0,2025-03-18,2025-08-20,16,19,0,0,0,0,0,0,31,0,0,0,0
1015,842426167161,GT 3/1.29 HD 15/3CT VANILLA,CIGAR GA,67.0,50,2.79,2.75,13.53,13.57,13.49,14.49,11.96,1.57,11.6,Stable,-1.3,Stable,0.1,2025-03-15,2025-09-04,2,24,0,0,0,0,0,50,0,0,0,0,0
1016,876343343056,FLYING H GUMMY 15KMG JAR 15CT,CBD/HEMP,67.0,12,6.7,3.0,15.0,15.08,14.00,18.50,13.0,2.0,13.3,Stable,-2.8,Stable,0.2,2025-04-01,2025-09-02,3,10,0,0,0,0,0,12,0,0,0,0,0
1017,323900038424,NYQUIL SVRE CLD&FLU 8/12FL 1CT,MEDICINE,66.0,22,4.4,1.42,8.99,8.99,8.99,8.99,7.4,1.59,17.7,Stable,0.0,Stable,0.0,2025-03-14,2025-08-25,11,15,0,0,0,0,22,0,0,0,0,0,0
1018,860008374103,NIRVANA BOOST MOOD 12/2CT,VITAMINS,66.0,6,16.5,5.5,15.08,15.08,0.00,31.99,26.5,-11.42,-75.7,Down,-10.9,Up,40.0,2025-07-04,2025-09-01,5,4,3,0,0,0,0,0,3,0,0,0,0
1019,073100032837,COPENHAGEN LC STHRN BLEND 5CT,T7 SMOKELESS GA,66.0,42,3.0,2.42,29.23,29.57,28.69,29.89,27.93,1.3,4.4,Stable,-2.2,Stable,0.2,2025-03-14,2025-09-03,3,22,0,0,0,0,0,0,42,0,0,0,0
1020,MARUPACKS,MARUCHAN PACKET ALL FLVRS 24CT,FOOD,66.0,34,3.67,2.92,9.12,9.25,8.99,9.49,7.45,1.67,18.3,Stable,1.7,Stable,0.3,2025-03-11,2025-09-01,5,18,0,0,0,0,34,0,0,0,0,0,0
1021,850069228132,BUG-EE'S GUMMY JAR 20KMG 20CT,CBD/HEMP,66.0,8,9.43,1.5,17.19,17.67,16.00,19.00,14.0,3.19,18.5,Down,-15.9,Stable,1.6,2025-03-19,2025-09-05,1,7,0,0,0,0,0,8,0,0,0,0,0
1022,KANG3500,CLEARANCE KANGVAPE 3500 10CT,ELECTRONIC CIG,66.0,19,4.12,2.42,10.0,10.0,10.00,10.00,50.0,-40.0,-400.0,Up,5.1,Stable,0.0,2025-03-11,2025-08-30,6,16,0,0,0,0,0,19,0,0,0,0,0
1023,858765004647,SHOW 5/$1 15/5CT BLUE PALMA,CIGARS,66.0,51,2.87,2.42,10.69,10.69,10.69,10.69,7.5,3.19,29.8,Stable,-1.4,Stable,0.0,2025-03-18,2025-08-29,8,23,0,0,0,0,0,51,0,0,0,0,0
1024,071153785717,STP 78571 FUEL INJ & CARB 1CT,AUTOMOTIVE,66.0,16,7.33,3.25,3.29,3.29,3.29,3.29,2.0,1.29,39.3,Stable,4.3,Stable,-0.0,2025-03-16,2025-08-29,8,9,0,0,0,16,0,0,0,0,0,0,0
1025,9556006060537,J&J BABY LOTION 100ML 1CT,KIDS STUFF,66.0,15,6.0,1.83,1.99,1.99,1.99,1.99,1.25,0.74,37.2,Stable,-0.6,Stable,-0.0,2025-03-26,2025-08-22,14,11,0,15,0,0,0,0,0,0,0,0,0
1026,025900243715,OPTIMO 2/1.29  30/2CT SILVER,CIGARS,65.0,61,2.71,2.33,29.99,29.99,29.99,29.99,22.39,7.6,25.3,Stable,-1.7,Stable,0.0,2025-03-22,2025-09-04,1,24,0,0,0,0,0,0,61,0,0,0,0
1027,799953331278,STOKERS LC STRAIGHT 5CT,T7 SMOKELESS GA,65.0,39,4.06,2.92,16.99,16.99,16.99,16.99,15.6,1.39,8.2,Stable,1.0,Stable,0.0,2025-03-19,2025-08-27,9,16,0,0,0,0,0,39,0,0,0,0,0
1028,027200018598,PALL MALL MENTHOL BOX 10CT,CIGARETTE,65.0,60,2.83,2.17,78.31,79.46,76.69,80.29,75.43,2.88,3.7,Stable,-2.1,Stable,0.2,2025-03-10,2025-09-03,3,23,0,0,0,0,0,0,0,60,0,0,0
1029,028200172808,B&H LUXURY MENTHOL BOX ,CIGARETTE,65.0,55,2.5,2.67,110.27,111.32,107.39,112.39,106.14,4.12,3.7,Stable,-0.6,Stable,0.2,2025-03-15,2025-09-03,3,26,0,0,0,0,0,0,0,0,55,0,0
1030,685141913190,24/7 MENTHOL GOLD 100 BX 10CT,CIGARETTE,65.0,27,3.42,2.92,28.92,28.99,27.99,29.29,27.62,1.3,4.5,Up,7.1,Stable,0.1,2025-03-12,2025-08-30,7,19,0,0,0,0,0,0,27,0,0,0,0
1031,840158608570,FRE 3MG POUCH 5CT WINTERGRN,NICOTINE POUCHES,65.0,8,10.83,3.92,19.99,20.06,19.49,20.49,19.3,0.69,3.5,Down,-11.9,Stable,0.3,2025-04-14,2025-09-04,2,6,0,0,0,0,0,7,1,0,0,0,0
1032,810179220099,DA WOODS LEAF 20CT GA PIE,LT-TAX-COLLECTED,65.0,49,3.1,4.0,13.49,13.49,13.49,13.49,10.99,2.5,18.5,Up,7.0,Stable,0.0,2025-03-13,2025-09-05,1,21,0,0,0,0,0,49,0,0,0,0,0
1033,031700234877,GAME LEAF 2/1.29 15/2CT W BRRY,CIGARS,65.0,49,2.95,2.25,14.99,14.99,14.99,14.99,11.0,3.99,26.6,Stable,-1.5,Stable,-0.0,2025-03-19,2025-09-03,2,22,0,0,0,0,0,49,0,0,0,0,0
1034,840352529930,LOST THC 7.5GM RAINBOW DSP 5CT,ECIG - DISP D8,65.0,19,4.64,2.42,82.03,83.5,78.50,89.99,75.19,6.83,8.3,Down,-10.9,Stable,0.7,2025-03-19,2025-09-05,1,14,0,0,0,0,0,0,0,19,0,0,0
1035,N8,NISSIN CHOWMEIN NOODLES 8CT,FOOD,65.0,36,3.25,2.92,12.49,12.49,12.49,12.49,10.03,2.46,19.7,Stable,0.5,Stable,0.0,2025-03-11,2025-09-01,5,20,0,0,0,0,0,36,0,0,0,0,0
1036,8998103100692,CUSSONS BABY WIPES 50CT 1PK,COSMETICS & BEAUTY,65.0,11,9.29,2.0,0.89,0.89,0.89,0.89,0.34,0.54,61.2,Up,10.4,Stable,-0.0,2025-03-10,2025-07-11,56,7,11,0,0,0,0,0,0,0,0,0,0
1037,079400197436,AXE DEO STICK 2.7OZ 1CT,COSMETICS & BEAUTY,65.0,14,5.91,2.17,2.99,2.99,2.99,2.99,2.49,0.5,16.7,Down,-7.7,Stable,0.0,2025-04-05,2025-07-28,40,11,0,0,14,0,0,0,0,0,0,0,0
1038,8993560024987,DETTOL SOAP 100GM 1CT,COSMETICS & BEAUTY,65.0,2,32.5,0.0,0.69,0.69,0.69,0.69,0.38,0.31,45.7,Down,-187.7,Stable,0.0,2025-04-16,2025-05-11,117,2,2,0,0,0,0,0,0,0,0,0,0
1039,716165250685,RAW PRE ROLLED 100 TIPS 6CT,CIG ROLLING PAPER,65.0,57,2.5,2.08,25.08,24.81,0.00,25.99,16.85,8.23,32.8,Stable,-3.1,Stable,-0.7,2025-03-10,2025-09-01,5,26,2,0,0,0,0,0,55,0,0,0,0
1040,010700703651,SHAQ-A-LICIOUS GMY PEG BAG 1CT,CANDYS,65.0,9,9.29,0.0,2.69,2.69,2.69,2.69,2.11,0.58,21.5,Down,-5.8,Stable,-0.0,2025-03-15,2025-05-13,115,7,0,0,9,0,0,0,0,0,0,0,0
1041,308694706100,SWAN PEROXIDE 16OZ 1CT,MEDICINE,64.0,18,4.92,2.08,1.39,1.39,1.39,1.39,0.91,0.48,34.4,Down,-5.8,Stable,0.0,2025-03-16,2025-09-02,3,13,0,18,0,0,0,0,0,0,0,0,0
1042,071610341371,BACKWOODS SELECT 10/3CT PRESTG,CIGARS,64.0,55,2.91,1.33,37.35,37.99,36.99,37.99,28.41,8.94,23.9,Down,-8.9,Stable,0.2,2025-03-10,2025-09-03,3,22,0,0,0,0,0,0,55,0,0,0,0
1043,ZX951,LAB D BIG INTO ENERGY DOLL 6CT,MISC,64.0,36,8.0,5.33,46.83,46.83,0.00,54.00,37.53,9.31,19.9,Down,-13.4,Stable,-2.3,2025-07-14,2025-09-02,3,8,1,0,0,0,0,0,16,19,0,0,0
1044,643375880435,OPMS 8ML SHOT 50CT - RED,VITAMINS,64.0,39,3.2,3.0,426.03,422.37,415.00,460.00,394.36,31.67,7.4,Stable,0.2,Stable,-0.2,2025-03-26,2025-09-04,1,20,0,0,0,0,0,0,0,0,0,39,0
1045,076940197032,LD BLUE 100 BOX 10CT,CIGARETTE,64.0,40,3.05,3.08,30.45,30.99,28.99,30.99,29.06,1.39,4.6,Stable,3.9,Stable,0.4,2025-03-10,2025-09-03,2,21,0,0,0,0,0,0,40,0,0,0,0
1046,090500100034,MAVERICK RED KING BOX 10CT,CIGARETTE,64.0,55,2.56,2.83,64.38,65.05,62.59,65.29,62.5,1.88,2.9,Stable,2.0,Stable,0.2,2025-03-10,2025-09-01,5,25,0,0,0,0,0,0,0,55,0,0,0
1047,070137513377,BLK & MLD 10/5PK FT REGULAR,CIGARS,64.0,45,3.2,2.67,27.9,26.63,22.99,29.49,17.89,10.01,35.9,Stable,-2.0,Stable,-1.4,2025-03-19,2025-09-01,5,20,0,0,0,0,0,0,45,0,0,0,0
1048,P12,PEANUT BOILED 12CT.,FOOD,63.0,15,5.73,0.75,17.87,17.99,16.25,17.99,14.95,2.92,16.4,Stable,1.4,Stable,0.0,2025-03-12,2025-08-20,17,11,0,0,0,0,0,15,0,0,0,0,0
1049,709215402134,305'S MENTHOL 100 BOX 10CT,CIGARETTE,63.0,35,3.32,2.0,32.49,32.49,32.49,32.49,31.59,0.9,2.8,Stable,-3.7,Stable,0.0,2025-03-11,2025-09-01,4,19,0,0,0,0,0,0,35,0,0,0,0
1050,041420029554,N&L BARS 24CT,CANDYS,63.0,48,3.15,2.25,25.67,25.99,10.83,25.99,21.36,4.31,16.8,Stable,-1.1,Stable,0.0,2025-03-13,2025-08-25,11,20,0,0,0,0,0,1,47,0,0,0,0
1051,616641496517,OPMS SILVER 36G/60CT GRN THAI,VITAMINS,63.0,11,6.3,3.42,5.27,5.21,5.00,5.99,4.01,1.25,23.8,Up,8.9,Stable,-0.8,2025-03-12,2025-09-04,2,10,0,0,0,0,11,0,0,0,0,0,0
1052,031700237885,WO 2/1.19 30/2CT CHOC & VANILA,CIGARS,63.0,53,2.52,2.25,25.99,25.99,25.99,25.99,19.89,6.1,23.5,Stable,-2.8,Stable,0.0,2025-03-11,2025-09-02,3,25,0,0,0,0,0,0,53,0,0,0,0
1053,041689140076,ZIPPO BUTANE FUEL 1.48OZ 75ML,LIGHTERS,63.0,13,9.0,4.5,2.07,2.09,1.99,2.09,1.61,0.46,22.2,Up,6.7,Stable,0.9,2025-03-15,2025-09-04,2,7,0,3,10,0,0,0,0,0,0,0,0
1054,079400251602,DEGREE DEODRANT STICK 1.6OZ,HOUSEHOLD GOODS,63.0,16,5.73,2.33,2.49,2.49,2.49,2.49,1.75,0.74,29.7,Down,-5.2,Stable,-0.0,2025-04-02,2025-08-05,31,11,0,0,16,0,0,0,0,0,0,0,0
1055,808829030013,LUCKY LIQUID HAND SOAP 13.5OZ,CLEANING PRODUCTS,63.0,16,6.3,5.25,1.4,1.4,0.00,1.49,0.92,0.48,34.2,Down,-13.6,Stable,0.6,2025-06-08,2025-09-05,1,10,1,15,0,0,0,0,0,0,0,0,0
1056,810179220105,DA WOODS LEAF 20CT MANGO RUNTS,LT-TAX-COLLECTED,63.0,55,2.86,4.17,13.49,13.49,13.49,13.49,6.99,6.5,48.2,Up,5.7,Stable,-0.0,2025-03-13,2025-09-05,1,22,0,0,0,0,0,55,0,0,0,0,0
1057,P2L,PEPSI PRODUCTS 2 LTS 8CT,DRINKS,63.0,30,3.15,2.0,18.49,18.49,18.49,18.49,16.65,1.84,10.0,Stable,0.7,Stable,0.0,2025-03-22,2025-08-31,5,20,0,0,0,0,0,30,0,0,0,0,0
1058,012300103138,CAMEL FILTER BOX 10CT,CIGARETTE,62.0,51,2.7,2.58,84.95,86.12,83.19,86.79,82.29,2.67,3.1,Stable,0.1,Stable,0.2,2025-03-12,2025-09-04,2,23,0,0,0,0,0,0,0,51,0,0,0
1059,031700238950,GAME 2/1.29 30/2CT ICED DONUT,CIGARS,62.0,47,5.64,0.0,27.99,27.99,27.99,27.99,21.53,6.46,23.1,Stable,0.5,Stable,-0.0,2025-03-12,2025-05-24,104,11,0,0,0,0,0,0,47,0,0,0,0
1060,840158608518,FRE 3MG POUCH 5CT MINT,NICOTINE POUCHES,62.0,7,10.33,3.67,19.92,19.99,19.49,19.99,19.27,0.65,3.3,Down,-13.3,Stable,0.4,2025-04-14,2025-09-04,2,6,0,0,0,0,0,7,0,0,0,0,0
1061,849205019680,VUSE MENTHOL 1.8% 5/2CT,ECIG - PODS,62.0,48,2.82,2.58,66.95,66.9,64.99,66.99,61.96,4.99,7.5,Stable,0.7,Stable,-0.0,2025-03-10,2025-08-20,17,22,0,0,0,0,0,0,0,48,0,0,0
1062,842426181747,GT BLK SMOOTH .69 15CT PEACH,CIGAR GA,62.0,22,3.65,2.83,7.49,7.49,7.49,7.49,6.26,1.23,16.4,Stable,3.4,Stable,-0.0,2025-03-22,2025-08-27,10,17,0,0,0,0,22,0,0,0,0,0,0
1063,812615006700,CLIPPER CIGAR 10CT FULL FLAVOR,CIGARS,62.0,39,3.65,3.0,11.99,11.99,11.99,11.99,7.97,4.02,33.5,Stable,3.6,Stable,0.0,2025-03-20,2025-09-01,5,17,0,0,0,0,0,39,0,0,0,0,0
1064,75001162,FABULOSO CLEANER 500ML 1CT,CLEANING PRODUCTS,62.0,12,6.89,2.75,1.69,1.69,1.69,1.69,1.09,0.6,35.4,Stable,-2.2,Stable,0.0,2025-04-11,2025-08-01,35,9,0,12,0,0,0,0,0,0,0,0,0
1065,676979851792,FOILRITE 50SQFT ALUMINIUM FOIL,KITCHEN & TOILET,62.0,13,7.75,3.67,1.29,1.29,1.29,1.29,0.81,0.48,37.1,Up,5.8,Stable,0.0,2025-03-16,2025-08-20,17,8,0,13,0,0,0,0,0,0,0,0,0
1066,742978845480,LOOSE LEAF CRUSH 10CT BLUBERRY,LT-TAX-COLLECTED,62.0,54,2.7,3.17,12.99,12.99,12.99,12.99,9.28,3.71,28.6,Stable,0.8,Stable,-0.0,2025-03-10,2025-09-02,4,23,0,0,0,0,0,54,0,0,0,0,0
1067,PEAK100,PEAK ANTIFREEZE 100% 6CT,AUTOMOTIVE,61.0,44,2.77,2.42,59.99,59.99,59.99,59.99,46.8,13.19,22.0,Stable,-3.4,Stable,-0.0,2025-03-10,2025-08-28,8,22,0,0,0,0,0,0,0,44,0,0,0
1068,040000044321,M & M PEANUT KS 24CT,CANDYS,61.0,60,2.77,2.33,50.84,51.88,49.99,52.99,39.89,10.95,21.5,Stable,-2.6,Stable,0.4,2025-03-10,2025-09-02,3,22,0,0,0,0,0,0,43,17,0,0,0
1069,027200209514,PALL MALL SELECT MENT 100 10CT,CIGARETTE,61.0,51,4.07,4.58,53.47,53.62,52.29,62.29,51.4,2.07,3.9,Up,6.9,Stable,-0.7,2025-05-24,2025-09-05,0,15,0,0,0,0,0,0,0,51,0,0,0
1070,10850066771614,CUTLEAF PRE ROLL KIEF 10/2CT,CBD/HEMP,61.0,14,6.78,2.42,51.57,50.0,50.00,55.00,47.5,4.07,7.9,Stable,1.0,Stable,-0.9,2025-04-06,2025-08-03,34,9,0,0,0,0,0,0,0,14,0,0,0
1071,028200173409,VIRG SL MENTHOL GOLD BOX 10CT,CIGARETTE,61.0,53,2.54,2.25,97.12,98.34,94.39,99.49,93.36,3.76,3.9,Stable,-1.9,Stable,0.2,2025-03-11,2025-09-04,2,24,0,0,0,0,0,0,0,53,0,0,0
1072,842426184380,GT WOODS NP 15/2CT DK STRAW CR,CIGAR GA,61.0,28,30.5,5.08,21.49,21.49,21.49,21.49,19.61,1.88,8.7,Up,49.2,Stable,0.0,2025-08-29,2025-09-05,1,2,0,0,0,0,0,0,28,0,0,0,0
1073,008660006271,ZIG ZAG CONE HEMP KS 24/3CT,CIG ROLLING PAPER,61.0,11,7.62,3.42,24.99,24.99,24.99,24.99,22.32,2.67,10.7,Stable,1.4,Stable,0.0,2025-05-27,2025-09-04,2,8,0,0,0,0,0,0,11,0,0,0,0
1074,849205022147,VUSE MENTHOL 5.0% 5/1CT,ECIG - PODS,61.0,47,2.44,2.33,42.99,42.99,42.99,42.99,40.88,2.11,4.9,Stable,-2.9,Stable,0.0,2025-03-10,2025-09-02,4,25,0,0,0,0,0,0,47,0,0,0,0
1075,028200303714,BASIC RED BOX 10CT,CIGARETTE,61.0,19,4.07,4.08,88.19,88.19,88.19,88.19,66.13,22.06,25.0,Stable,0.4,Stable,0.0,2025-05-09,2025-08-31,5,15,0,0,0,0,0,0,0,19,0,0,0
1076,AP1,ANIMAL PLUSH KEY CHAIN 1CT,MISC,60.0,1,60.0,5.0,7.5,7.5,7.50,7.50,6.5,1.0,13.3,Stable,0.0,Stable,0.0,2025-07-07,2025-07-07,61,1,0,0,0,0,1,0,0,0,0,0,0
1077,762446492251,LONGHORN POUCH STRAIGHT 5CT,T7 SMOKELESS GA,60.0,33,2.86,2.33,10.99,11.49,9.99,11.49,9.75,1.24,11.2,Stable,-0.5,Stable,0.9,2025-03-14,2025-09-02,3,21,0,0,0,0,11,22,0,0,0,0,0
1078,619682009968,EZ ROLL .49C 25C ATOMIC BLAST ,BLUNT WRAP,60.0,40,3.16,1.17,6.99,6.99,6.99,6.99,6.25,0.74,10.6,Stable,-3.1,Stable,0.0,2025-03-11,2025-08-18,19,19,0,0,0,0,40,0,0,0,0,0,0
1079,300450449153,TYLENOL TUBE 10CT CAPLET 1CT,MEDICINE,60.0,8,10.0,3.75,2.99,2.99,2.99,2.99,1.99,1.0,33.4,Up,20.0,Stable,0.0,2025-05-09,2025-08-12,24,6,0,0,8,0,0,0,0,0,0,0,0
1080,855022005300,ON! 8MG 5CT - MINT,NICOTINE POUCHES,60.0,40,2.73,1.92,17.49,17.49,17.49,17.49,15.75,1.74,9.9,Stable,-2.7,Stable,-0.0,2025-03-10,2025-09-01,5,22,0,0,0,0,0,40,0,0,0,0,0
1081,075879000086,POMPEII LIME JUICE 4OZ 1CT,FOOD,60.0,6,20.0,5.0,1.39,1.39,1.39,1.39,0.69,0.7,50.4,Up,22.5,Stable,0.0,2025-07-15,2025-08-16,20,3,0,6,0,0,0,0,0,0,0,0,0
1082,073135300017,AUTOGUARD BRAKE FLUID 1CT,AUTOMOTIVE,60.0,14,5.45,2.42,2.69,2.69,2.69,2.69,1.66,1.03,38.2,Down,-5.3,Stable,-0.0,2025-03-11,2025-08-18,18,11,0,0,14,0,0,0,0,0,0,0,0
1083,079567490029,WD-40 8OZ 1CT,AUTOMOTIVE,60.0,20,4.29,1.67,6.99,6.99,6.99,6.99,5.46,1.53,21.8,Stable,-3.4,Stable,-0.0,2025-03-18,2025-09-02,3,14,0,0,0,0,20,0,0,0,0,0,0
1084,072600066663,HERR'S CHIPS 2.25OZ,FOOD,60.0,1,60.0,5.0,0.79,0.79,0.79,0.79,1.36,-0.57,-72.7,Stable,0.0,Stable,0.0,2025-08-01,2025-08-01,36,1,1,0,0,0,0,0,0,0,0,0,0
1085,000350000002,GRINDER METAL 1CT,NOVELTY ITEMS,60.0,15,6.0,3.67,4.61,4.64,4.49,4.99,3.89,0.72,15.7,Stable,3.4,Stable,0.6,2025-04-10,2025-09-03,2,10,0,0,0,15,0,0,0,0,0,0,0
1086,070137514237,BLK & MLD .99 25CT PT SWEETS,CIGAR GA,60.0,18,30.0,5.0,21.99,21.99,21.99,21.99,21.08,0.91,4.1,Down,-193.3,Stable,0.0,2025-08-13,2025-08-18,19,2,0,0,0,0,0,0,18,0,0,0,0
1087,761152069306,FLYING H PREROLL EXOTIC 10/2CT,CBD/HEMP,60.0,15,5.45,1.92,31.17,31.88,27.50,32.50,25.0,6.17,19.8,Down,-13.7,Stable,0.7,2025-04-22,2025-08-27,9,11,0,0,0,0,0,0,15,0,0,0,0
1088,031700239049,GAME LEAF 5/3.79 8/5CT BLK RUS,CIGARS,60.0,30,5.0,0.67,21.99,21.99,21.99,21.99,16.24,5.75,26.1,Stable,1.0,Stable,0.0,2025-03-10,2025-06-10,88,12,0,0,0,0,0,0,30,0,0,0,0
1089,813805000096,EFRUTTI GUMMI CANDY 2.07OZ,CANDYS,60.0,4,20.0,2.75,1.79,1.79,1.79,1.79,1.21,0.58,32.4,Stable,0.0,Stable,0.0,2025-05-21,2025-07-15,53,3,0,4,0,0,0,0,0,0,0,0,0
1090,070137514893,BLK & MLD 1.19 25CT PT JAZZ,CIGAR GA,60.0,2,30.0,2.5,23.24,23.49,22.99,23.49,21.9,1.34,5.8,Stable,0.0,Stable,2.2,2025-05-06,2025-09-02,4,2,0,0,0,0,0,0,2,0,0,0,0
1091,PERFUME,PERFUME ALL FLAVOR SINGLE BX,PERFUMES,60.0,12,10.0,1.83,2.5,2.5,0.00,4.99,1.38,1.12,44.9,Up,9.1,Stable,-0.0,2025-03-22,2025-08-13,23,6,6,0,0,6,0,0,0,0,0,0,0
1092,678578501405,CARD TIGO INTERNATIONAL $10,PHONE CARDS,60.0,3,20.0,1.25,9.5,9.5,9.50,9.50,9.3,0.2,2.1,Down,-12.5,Stable,0.0,2025-04-18,2025-07-21,46,3,0,0,0,0,3,0,0,0,0,0,0
1093,850008118265,NATTY HEMP 4/99 15/4CT SWEET,BLUNT WRAP,59.0,44,2.68,2.0,7.62,7.64,0.00,7.99,7.0,0.62,8.1,Stable,-2.3,Stable,0.4,2025-03-13,2025-09-05,1,22,2,0,0,0,42,0,0,0,0,0,0
1094,681467003195,SENECA RED 100 BOX 10CT,CIGARETTE,59.0,30,3.28,2.42,31.59,31.99,30.99,31.99,30.41,1.18,3.7,Stable,-1.2,Stable,0.3,2025-03-12,2025-08-27,10,18,0,0,0,0,0,0,30,0,0,0,0
1095,031700237977,GAME 2/1.29 30/2CT WHITE PEACH,CIGARS,59.0,53,2.68,2.58,27.99,27.99,27.99,27.99,21.53,6.46,23.1,Stable,3.1,Stable,0.0,2025-03-11,2025-08-30,7,22,0,0,0,0,0,0,53,0,0,0,0
1096,810159862578,LOOSE LEAF 2/$4 10CT LONG LEAF,LT-TAX-COLLECTED,59.0,37,3.69,1.5,24.99,24.99,24.99,24.99,18.19,6.8,27.2,Stable,-2.4,Stable,-0.0,2025-03-11,2025-08-17,19,16,0,0,0,0,0,0,37,0,0,0,0
1097,026100806601,NEWPORT NON MNTH GLD BX 10CT,CIGARETTE,59.0,56,2.57,2.5,80.05,81.06,78.19,81.79,77.44,2.62,3.3,Stable,2.4,Stable,0.2,2025-03-13,2025-09-03,3,23,0,0,0,0,0,0,0,56,0,0,0
1098,700598108491,OPMS GOLD CAP 5CT/10PK,VITAMINS,59.0,41,2.57,2.67,233.46,230.3,215.00,250.00,206.95,26.51,11.4,Stable,1.6,Stable,-0.3,2025-03-14,2025-08-27,10,23,0,0,0,0,0,0,0,0,0,41,0
1099,810179220129,DA WOODS LEAF 20CT SMRS RUSCRM,LT-TAX-COLLECTED,59.0,51,2.81,3.42,13.49,13.49,13.49,13.49,10.99,2.5,18.5,Stable,4.2,Stable,0.0,2025-03-13,2025-09-01,4,21,0,0,0,0,0,51,0,0,0,0,0
1100,810179220082,DA WOODS LEAF 20CT DARK ZAZA,LT-TAX-COLLECTED,58.0,38,3.22,3.83,13.49,13.49,13.49,13.49,8.97,4.52,33.5,Up,7.5,Stable,0.0,2025-03-13,2025-09-05,1,18,0,0,0,0,0,38,0,0,0,0,0
1101,088168881648,NAIL POLISH REMOVER 236ML 1CT,COSMETICS & BEAUTY,58.0,5,19.33,4.83,1.49,1.49,1.49,1.49,0.64,0.84,56.7,Up,28.4,Stable,0.0,2025-07-21,2025-09-01,5,3,0,5,0,0,0,0,0,0,0,0,0
1102,01312403,HEINZ TOMATO KETCHUP 14OZ 1CT,FOOD,58.0,17,4.14,1.58,2.99,2.99,2.99,2.99,2.26,0.73,24.4,Up,6.7,Stable,-0.0,2025-03-13,2025-08-28,9,14,0,0,17,0,0,0,0,0,0,0,0
1103,18667,STP POWER STEERFLUID 12OZ 6CT,AUTOMOTIVE,58.0,56,2.52,2.92,13.99,13.99,13.99,13.99,9.72,4.27,30.5,Stable,2.9,Stable,-0.0,2025-03-11,2025-08-27,9,23,0,0,0,0,0,56,0,0,0,0,0
1104,025900443030,OPTIMO 2/99 GREEN CIG 30CT,CIGARS,58.0,54,3.05,2.33,22.99,22.99,22.99,22.99,16.7,6.29,27.4,Stable,-2.2,Stable,0.0,2025-03-11,2025-09-01,5,19,0,0,0,0,0,0,54,0,0,0,0
1105,027200347247,PALL MALL MENTHOL BLK BOX 10CT,CIGARETTE,58.0,49,2.9,2.83,78.64,79.76,76.69,80.29,75.69,2.94,3.7,Stable,1.6,Stable,0.3,2025-03-16,2025-09-04,2,20,0,0,0,0,0,0,0,49,0,0,0
1106,008660007247,ZIG ZAG RP ORANGE 1.25 24CT,CIG ROLLING PAPER,58.0,11,7.25,4.42,23.63,14.0,0.00,43.99,34.7,-11.06,-46.8,Up,38.1,Down,-17.1,2025-03-18,2025-09-04,2,8,5,0,0,0,0,0,6,0,0,0,0
1107,876341343010,FLYING H PRE ROLL 2G THCP 30CT,CBD/HEMP,58.0,36,3.62,4.08,60.19,58.86,0.00,69.99,52.92,7.28,12.1,Up,15.4,Stable,-0.7,2025-03-11,2025-09-05,1,16,1,0,0,0,0,0,0,35,0,0,0
1108,799953039525,STOKER'S RED SUP BOLD 1.99 3OZ,LT-TAX PAID,58.0,42,3.05,3.08,18.99,18.99,18.99,18.99,16.94,2.05,10.8,Stable,2.5,Stable,0.0,2025-03-22,2025-09-05,1,19,0,0,0,0,0,42,0,0,0,0,0
1109,655708019566,TYLENOL CLD&FLU SEVERE 25/2CT,MEDICINE,58.0,52,2.42,2.75,11.09,10.99,10.99,11.99,8.8,2.29,20.6,Stable,1.4,Stable,-0.2,2025-03-10,2025-08-31,5,24,0,0,0,0,0,52,0,0,0,0,0
1110,035000141088,IRISH SPRING SOAP 3CT,MISC,58.0,27,4.46,1.33,2.99,2.99,2.99,2.99,1.99,1.0,33.4,Stable,4.2,Stable,0.0,2025-03-15,2025-08-13,24,13,0,0,27,0,0,0,0,0,0,0,0
1111,20301490000391,PEPTO BISMOL 32/4CT,MEDICINE,57.0,57,2.59,2.17,33.99,33.99,33.99,33.99,27.5,6.49,19.1,Stable,-1.2,Stable,0.0,2025-03-10,2025-09-02,4,22,0,0,0,0,0,0,57,0,0,0,0
1112,070330666832,LGT BIC 50CT TRAY RAW ,LIGHTERS,57.0,47,3.0,2.17,63.69,65.99,59.99,65.99,43.99,19.7,30.9,Stable,-2.0,Stable,0.7,2025-03-16,2025-09-05,1,19,0,0,0,0,0,0,0,47,0,0,0
1113,842426165426,GT 4/1.19 4KS 15/4CT MELON BRY,CIGAR GA,57.0,49,2.71,2.67,12.05,12.1,11.99,12.99,10.56,1.49,12.4,Stable,3.6,Stable,0.1,2025-03-13,2025-09-03,2,21,0,0,0,0,0,49,0,0,0,0,0
1114,034000246007,KIT KAT CHOCOLATE RS 36CT,CANDYS,57.0,55,2.28,2.08,39.19,39.43,38.99,39.99,31.59,7.6,19.4,Stable,-0.5,Stable,0.1,2025-03-10,2025-09-04,1,25,0,0,0,0,0,0,55,0,0,0,0
1115,011000010043,MONTEGO ORANGE 100 BOX 10CT,CIGARETTE,57.0,49,2.28,2.58,40.28,40.69,39.69,40.69,39.21,1.07,2.7,Stable,-0.3,Stable,0.1,2025-03-12,2025-09-03,2,25,0,0,0,0,0,0,49,0,0,0,0
1116,054100952011,ARMOUR VIENNA JALAPENO 4.6OZ,FOOD,57.0,15,5.18,2.0,1.59,1.59,1.59,1.59,1.29,0.3,18.9,Stable,2.3,Stable,0.0,2025-03-11,2025-09-04,1,11,0,15,0,0,0,0,0,0,0,0,0
1117,025900226374,SS BLK $0.79 20/1CT - CHERRY,CIGARS,57.0,40,3.0,3.17,12.49,12.49,12.49,12.49,9.1,3.39,27.1,Stable,-0.8,Stable,0.0,2025-04-06,2025-09-02,3,19,0,0,0,0,0,40,0,0,0,0,0
1118,719499005112,HIGH HEMP WRAPS 25CT HONEY,BLUNT WRAP,57.0,27,3.56,2.58,9.77,9.59,0.00,11.99,7.11,2.66,27.2,Stable,-3.3,Stable,0.4,2025-03-11,2025-09-01,5,16,5,0,0,0,0,22,0,0,0,0,0
1119,676979806488,PARTY WORLD CUTLERY 51CT,HOUSEHOLD GOODS,57.0,17,4.75,2.75,1.19,1.19,1.19,1.19,0.66,0.53,44.4,Down,-6.0,Stable,0.0,2025-03-10,2025-08-24,13,12,0,17,0,0,0,0,0,0,0,0,0
1120,819721011932,BLUNTVILLE .99 25CT PIFF,CIGARS,57.0,42,2.85,2.08,19.99,19.99,19.99,19.99,14.5,5.49,27.5,Stable,2.3,Stable,0.0,2025-03-11,2025-08-14,22,20,0,0,0,0,0,42,0,0,0,0,0
1121,792554701693,OFFICE TAPE 1CT,STATIONARY,56.0,12,8.0,0.58,0.99,0.99,0.99,0.99,0.46,0.53,53.7,Stable,-1.3,Stable,-0.0,2025-03-19,2025-08-20,16,7,12,0,0,0,0,0,0,0,0,0,0
1122,042100025002,COUGAR FC NATURAL 5CT,T7 SMOKELESS GA,56.0,21,3.73,2.92,15.85,16.19,14.99,16.49,14.82,1.03,6.5,Up,5.2,Stable,0.8,2025-03-19,2025-09-05,1,15,0,0,0,0,0,21,0,0,0,0,0
1123,6001085120939,VASELINE BLUE SEAL 50ML 12CT,COSMETICS & BEAUTY,56.0,49,2.67,2.33,11.99,11.99,11.99,11.99,8.28,3.71,30.9,Stable,-1.1,Stable,0.0,2025-03-10,2025-08-31,6,21,0,0,0,0,0,49,0,0,0,0,0
1124,858765004739,SHOW 5/$1 15/5CT WATERMELON,CIGARS,56.0,54,2.43,2.5,10.69,10.69,10.69,10.69,7.38,3.31,31.0,Stable,1.1,Stable,0.0,2025-03-12,2025-09-02,3,23,0,0,0,0,0,54,0,0,0,0,0
1125,818892010966,GT 3/1.19 15/3CT SWEET,CIGAR GA,56.0,42,2.67,3.17,10.99,10.99,10.99,10.99,9.42,1.57,14.3,Stable,1.9,Stable,0.0,2025-03-11,2025-09-02,4,21,0,0,0,0,0,42,0,0,0,0,0
1126,817127028035,BIG DOG WRAP 2/$1.99 20CT RUSS,LT-TAX-COLLECTED,56.0,39,2.67,1.58,27.99,27.99,27.99,27.99,22.0,5.99,21.4,Stable,-3.7,Stable,0.0,2025-03-12,2025-09-03,2,21,0,0,0,0,0,0,39,0,0,0,0
1127,849205021669,VUSE ALTO POWER UNIT 5CT,NOVELTY ITEMS,56.0,37,2.95,2.0,29.99,29.99,29.99,29.99,26.83,3.16,10.5,Stable,-1.6,Stable,0.0,2025-03-14,2025-08-26,10,19,0,0,0,0,0,0,37,0,0,0,0
1128,660111933682,LOOSE LEAF 8/5CT STRAWBRY DRM,LT-TAX-COLLECTED,56.0,52,2.43,1.67,34.99,34.99,34.99,34.99,26.6,8.39,24.0,Down,-5.6,Stable,-0.0,2025-03-18,2025-09-02,4,23,0,0,0,0,0,0,52,0,0,0,0
1129,855022005294,ON! 8MG 5CT - WINTERGREEN,NICOTINE POUCHES,56.0,40,3.11,2.08,17.49,17.49,17.49,17.49,16.1,1.39,7.9,Stable,0.3,Stable,0.0,2025-03-14,2025-09-05,1,18,0,0,0,0,0,40,0,0,0,0,0
1130,031700234884,GAME LEAF 2/1.29 COGNAC 15/2CT,CIGARS,56.0,49,2.24,2.25,14.99,14.99,14.99,14.99,11.0,3.99,26.6,Stable,-1.0,Stable,0.0,2025-03-13,2025-09-02,3,25,0,0,0,0,0,49,0,0,0,0,0
1131,8991111101415,J&J BABY POWDER 100GM 1CT,KIDS STUFF,56.0,13,5.09,2.33,1.29,1.29,1.29,1.29,0.85,0.44,34.1,Stable,2.0,Stable,-0.0,2025-03-13,2025-08-25,11,11,0,13,0,0,0,0,0,0,0,0,0
1132,073100010972,SKOAL LC MINT 5CT,T7 SMOKELESS GA,56.0,36,2.67,2.33,29.86,30.21,28.99,30.79,28.62,1.24,4.2,Stable,-0.2,Stable,0.3,2025-03-12,2025-08-31,5,21,0,0,0,0,0,0,36,0,0,0,0
1133,20323900048373,DAYQUIL COLD & FLU 32/2CT,MEDICINE,56.0,53,2.67,1.92,34.99,34.99,34.99,34.99,27.5,7.49,21.4,Stable,-3.1,Stable,0.0,2025-03-10,2025-09-02,3,21,0,0,0,0,0,0,53,0,0,0,0
1134,022600001553,TROJAN MAGNUM 6/3CT BARSKN RAW,CONDOMS,56.0,45,2.67,2.5,15.99,15.99,15.99,15.99,12.9,3.09,19.3,Stable,-4.0,Stable,0.0,2025-04-03,2025-09-04,2,21,0,0,0,0,0,45,0,0,0,0,0
1135,20323900048366,NYQUIL COLD & FLU 32/2CT,MEDICINE,56.0,50,2.33,2.17,34.99,34.99,34.99,34.99,27.5,7.49,21.4,Stable,-2.2,Stable,0.0,2025-03-11,2025-09-03,2,24,0,0,0,0,0,0,50,0,0,0,0
1136,PAP1/2,PAPER BAG 1/2 ,SHOPPING BAGS,56.0,10,8.0,3.75,4.99,4.99,4.99,4.99,3.75,1.24,24.8,Up,15.6,Stable,-0.0,2025-03-25,2025-07-18,50,7,0,0,0,10,0,0,0,0,0,0,0
1137,850008118487,NATTY HEMP 4/99 15/4CT R CRM ,BLUNT WRAP,55.0,49,2.62,2.25,7.99,7.99,7.99,7.99,7.0,0.99,12.4,Stable,1.0,Stable,-0.0,2025-03-18,2025-09-02,3,21,0,0,0,0,49,0,0,0,0,0,0
1138,3085,NOVA PAPER TOWELS 30CT,HOUSEHOLD GOODS,55.0,38,2.75,2.5,29.99,29.99,29.99,29.99,24.1,5.89,19.7,Stable,1.6,Stable,0.0,2025-03-16,2025-08-31,5,20,0,0,0,0,0,0,38,0,0,0,0
1139,028200137609,MARL MENTHOL BLUE BOX 10CT,CIGARETTE,55.0,47,2.2,2.25,85.0,86.26,81.99,87.09,81.46,3.54,4.2,Stable,-0.8,Stable,0.3,2025-03-13,2025-09-01,5,25,0,0,0,0,0,0,0,47,0,0,0
1140,073100002021,BRUTON SNUFF POCKET CAN 12CT,T7 SMOKELESS GA,55.0,48,2.75,2.33,331.03,339.61,309.99,354.99,307.13,23.9,7.2,Stable,0.7,Stable,0.7,2025-03-11,2025-09-04,1,20,0,0,0,0,0,0,0,0,0,48,0
1141,655708028322,ALKA SELTZER PLUS COLD 25/2CT,MEDICINE,55.0,54,2.39,1.83,16.08,15.99,15.99,16.99,12.15,3.93,24.5,Stable,-2.1,Stable,-0.1,2025-03-11,2025-09-04,2,23,0,0,0,0,0,54,0,0,0,0,0
1142,722429320506,AWESOME WINDOW CLEANER 32OZ,CLEANING PRODUCTS,55.0,16,4.58,2.67,1.99,1.99,1.99,1.99,0.91,1.08,54.3,Up,10.6,Stable,0.0,2025-03-19,2025-09-02,3,12,0,16,0,0,0,0,0,0,0,0,0
1143,031700239124,WO 2/1.19 30/2CT BLKOUT BERRY,CIGARS,55.0,49,2.5,1.92,25.99,25.99,25.99,25.99,20.02,5.97,23.0,Stable,-2.7,Stable,0.0,2025-03-16,2025-09-04,1,22,0,0,0,0,0,0,49,0,0,0,0
1144,CCF,CREDIT CARD FEE,MISC,55.0,55,2.39,2.75,49.48,68.79,0.66,240.00,0.0,49.48,100.0,Stable,1.3,Up,6.5,2025-03-14,2025-09-04,2,23,2,2,1,3,8,12,11,5,8,3,0
1145,031700237960,GAME 2/1.29 30/2CT BLACK CHERY,CIGAR GA,55.0,46,2.75,2.5,27.99,27.99,27.99,27.99,21.54,6.45,23.0,Stable,1.2,Stable,0.0,2025-03-22,2025-08-29,8,20,0,0,0,0,0,0,46,0,0,0,0
1146,763527448075,FLYING H 3.8GM THCP BLEND 5CT,ECIG - DISP D8,55.0,18,4.23,2.67,44.86,44.56,42.50,47.50,38.56,6.31,14.1,Stable,-0.3,Stable,-0.1,2025-03-31,2025-08-31,6,13,0,0,0,0,0,0,18,0,0,0,0
1147,031700234860,GAME LEAF 2/1.29 SWEET 15/2CT,CIGARS,54.0,44,2.57,2.25,14.99,14.99,14.99,14.99,11.0,3.99,26.6,Stable,0.9,Stable,0.0,2025-03-18,2025-09-04,2,21,0,0,0,0,0,44,0,0,0,0,0
1148,719410730123,5-HOUR ENERGY XS 12CT- SR APLE,VITAMINS,54.0,41,2.45,1.83,21.99,21.99,21.99,21.99,21.31,0.68,3.1,Stable,-1.7,Stable,-0.0,2025-03-19,2025-09-03,3,22,0,0,0,0,0,0,41,0,0,0,0
1149,054100937025,ARMOUR VIENNA HOT SPICY 4.6OZ,FOOD,54.0,12,6.0,1.33,1.59,1.59,1.59,1.59,1.29,0.3,18.9,Down,-5.6,Stable,0.0,2025-03-16,2025-09-04,1,9,0,12,0,0,0,0,0,0,0,0,0
1150,799953309550,STOKERS FC  WINTERGREEN 5CT,LT-TAX-COLLECTED,54.0,3,54.0,4.5,16.99,16.99,16.99,16.99,16.37,0.62,3.6,Stable,0.0,Stable,0.0,2025-08-26,2025-08-27,10,1,0,0,0,0,0,3,0,0,0,0,0
1151,058847828028,ULTRA DISH LIQ 28OZ ALL FLVRS ,KITCHEN & TOILET,54.0,3,18.0,1.5,1.69,1.69,1.69,1.69,0.81,0.88,52.0,Down,-83.3,Stable,0.0,2025-04-09,2025-08-18,18,3,0,3,0,0,0,0,0,0,0,0,0
1152,022000126283,WR EXTRA 35STK 6CT-  PEPPRMINT,GUMS/CHICLETS,54.0,50,3.0,2.33,19.99,19.99,19.99,19.99,16.83,3.16,15.8,Stable,-0.4,Stable,0.0,2025-03-17,2025-09-05,1,18,0,0,0,0,0,50,0,0,0,0,0
1153,026100806618,NEWPORT NON MNTH GOLD 100 BOX,CIGARETTE,54.0,50,2.25,2.42,79.95,80.82,78.19,81.79,77.53,2.42,3.0,Stable,0.9,Stable,0.2,2025-03-10,2025-08-29,8,24,0,0,0,0,0,0,0,50,0,0,0
1154,191554330085,IDEAL KITCHEN CORKSCREW,HOUSEHOLD GOODS,54.0,11,6.75,1.67,2.99,2.99,2.99,2.99,1.98,1.01,33.8,Stable,-4.2,Stable,0.0,2025-03-10,2025-09-05,1,8,0,0,11,0,0,0,0,0,0,0,0
1155,094187280577,TYLENOL SINUS SEVERE 25/2CT,MEDICINE,54.0,47,2.35,1.58,10.99,10.99,10.99,10.99,8.8,2.19,19.9,Stable,-4.4,Stable,0.0,2025-03-20,2025-09-02,3,23,0,0,0,0,0,47,0,0,0,0,0
1156,764053428326,"GT FOAM PLATE 3COM 8"" 22CT",KITCHEN & TOILET,54.0,14,4.5,3.75,1.39,1.39,1.39,1.39,0.8,0.6,42.8,Stable,1.4,Stable,0.0,2025-03-14,2025-08-31,5,12,0,14,0,0,0,0,0,0,0,0,0
1157,072799932244,WERTHER'S ORIG PEG BAG 4.51OZ,CANDYS,54.0,8,9.0,1.0,1.39,1.39,1.39,1.39,1.83,-0.44,-31.7,Down,-7.0,Stable,0.0,2025-03-23,2025-08-07,29,6,0,8,0,0,0,0,0,0,0,0,0
1158,8992806163411,SCOTCH BRITE STEEL SCOURER ,CLEANING PRODUCTS,54.0,16,4.91,2.0,0.83,0.89,0.00,0.89,0.48,0.35,42.5,Up,6.7,Stable,0.5,2025-03-14,2025-08-04,32,11,16,0,0,0,0,0,0,0,0,0,0
1159,026948990753,WINDSHIELD WASHER 6CT,AUTOMOTIVE,53.0,47,2.52,2.25,13.99,13.99,13.99,13.99,11.7,2.29,16.4,Stable,2.4,Stable,0.0,2025-03-14,2025-08-28,8,21,0,0,0,0,0,47,0,0,0,0,0
1160,8992779255502,WINDEX FRESH JOHNSON 500ML 1CT,CLEANING PRODUCTS,53.0,19,3.79,1.83,2.29,2.29,2.29,2.29,1.14,1.15,50.0,Stable,-1.3,Stable,-0.0,2025-03-16,2025-08-25,12,14,0,0,19,0,0,0,0,0,0,0,0
1161,784762078711,ZIG ZAG WRAP 4/99 15/4CT SWT,BLUNT WRAP,53.0,44,2.94,1.33,10.99,10.99,10.99,10.99,10.05,0.94,8.6,Stable,-4.8,Stable,-0.0,2025-03-10,2025-09-03,2,18,0,0,0,0,0,44,0,0,0,0,0
1162,SKU-CTKK-20IPC-J,CELLTEKK JAR IPHONE - USB 20CT,CELLUAR ACCESSORIES,53.0,47,2.3,2.33,24.95,24.99,22.99,24.99,18.35,6.59,26.4,Stable,-0.7,Stable,0.0,2025-03-14,2025-09-02,4,23,0,0,0,0,0,0,47,0,0,0,0
1163,784762078216,ZIG ZAG WRAP 4/99 15/4CT BLBR,BLUNT WRAP,53.0,34,3.12,1.17,10.99,10.99,10.99,10.99,10.05,0.94,8.6,Down,-8.0,Stable,0.0,2025-03-11,2025-09-02,4,17,0,0,0,0,0,34,0,0,0,0,0
1164,742978846203,LOOSE LEAF 8/5CT RESERVE,LT-TAX-COLLECTED,53.0,34,3.31,3.0,39.99,39.99,39.99,39.99,32.6,7.39,18.5,Stable,2.8,Stable,0.0,2025-03-22,2025-09-03,3,16,0,0,0,0,0,0,34,0,0,0,0
1165,080893012359,LIL AUTO TIRE REP KIT PLUG STY,HARDWARE,53.0,14,4.82,2.0,2.89,2.89,2.89,2.89,1.98,0.91,31.6,Stable,-0.2,Stable,0.0,2025-03-25,2025-08-13,24,11,0,0,14,0,0,0,0,0,0,0,0
1166,023100015309,PEDIGREE DOG FOOD 22OZ CANS,FOOD,53.0,9,8.83,0.83,3.49,3.49,3.49,3.49,2.78,0.71,20.3,Down,-8.7,Stable,-0.0,2025-03-13,2025-07-26,41,6,0,0,0,9,0,0,0,0,0,0,0
1167,840158609294,FRE 12MG POUCH 5CT LUSH,NICOTINE POUCHES,53.0,16,5.89,4.42,20.15,20.15,19.99,20.49,19.5,0.65,3.2,Down,-8.5,Stable,0.1,2025-06-09,2025-09-04,2,9,0,0,0,0,0,11,5,0,0,0,0
1168,8888000321613,ELFY SUPER GLUE 4CT,STATIONARY,53.0,10,5.3,1.33,1.39,1.39,1.39,1.39,0.45,0.94,67.6,Down,-12.7,Stable,0.0,2025-03-24,2025-08-13,23,10,0,10,0,0,0,0,0,0,0,0,0
1169,850070153737,EAT OHMS  TABLETS 30CT,KRATOM,53.0,34,3.53,1.08,90.07,88.89,85.00,100.00,82.5,7.57,8.4,Down,-5.3,Stable,-0.2,2025-04-02,2025-08-20,16,15,0,0,0,0,0,0,0,32,2,0,0
1170,683950658301,MIT 45 SUPER K 12CT,VITAMINS,53.0,35,2.41,2.67,67.54,68.06,65.00,72.00,63.0,4.54,6.7,Stable,2.6,Stable,0.0,2025-03-11,2025-09-03,3,22,0,0,0,0,0,0,0,35,0,0,0
1171,077170510028,TOP 1.5 ROLLING PAPER 24CT,CIG ROLLING PAPER,53.0,48,2.41,2.5,29.7,28.51,0.00,30.99,25.95,3.75,12.6,Stable,1.5,Stable,-0.1,2025-03-14,2025-08-24,12,22,2,0,0,0,0,0,46,0,0,0,0
1172,A20,AQUA FINA 20 OZ 24 CT,WATER,53.0,32,3.53,2.58,15.99,15.99,15.99,15.99,14.2,1.79,11.2,Stable,-2.8,Stable,-0.0,2025-03-11,2025-08-20,17,15,0,0,0,0,0,32,0,0,0,0,0
1173,GTXATF,CASTROL TRANS/ ATF 6 CT,AUTOMOTIVE,53.0,40,2.52,1.75,31.99,31.99,31.99,31.99,18.56,13.43,42.0,Stable,-2.4,Stable,0.0,2025-03-10,2025-09-05,0,21,0,0,0,0,0,0,40,0,0,0,0
1174,762446454006,LONGHORN TUB 14.4OZ LC NATURAL,T7 SMOKELESS GA,52.0,28,2.74,2.25,16.99,16.99,16.99,16.99,15.23,1.76,10.3,Stable,1.0,Stable,0.0,2025-03-19,2025-09-03,2,19,0,0,0,0,0,28,0,0,0,0,0
1175,VOSS,VOSS STILL WATER 16.9OZ 24CT,WATER,52.0,28,3.47,1.42,29.99,29.99,29.99,29.99,21.49,8.5,28.3,Down,-9.3,Stable,0.0,2025-03-11,2025-09-03,2,15,0,0,0,0,0,0,28,0,0,0,0
1176,071610341081,DM 2/1.29 30/2CT PLATINUM FUSN,CIGARS,52.0,44,2.26,1.25,29.99,29.99,29.99,29.99,23.4,6.59,22.0,Down,-6.0,Stable,0.0,2025-03-10,2025-09-02,4,23,0,0,0,0,0,0,44,0,0,0,0
1177,040000514213,TWIX CARAMEL RS 36CT,CANDYS,52.0,51,2.26,2.08,44.75,47.03,41.99,49.99,38.44,6.31,14.1,Stable,-1.1,Stable,0.8,2025-03-11,2025-09-03,2,23,0,0,0,0,0,0,51,0,0,0,0
1178,022000282187,WR EXTRA 35STK 6CT-  WATERMLON,GUMS/CHICLETS,52.0,50,2.74,1.58,19.99,19.99,19.99,19.99,16.58,3.41,17.1,Stable,-2.1,Stable,0.0,2025-03-10,2025-09-05,1,19,0,0,0,0,0,50,0,0,0,0,0
1179,719410786120,5-HOUR ENERGY XS 12CT- STR BAN,VITAMINS,52.0,48,2.36,1.83,21.99,21.99,21.99,21.99,21.36,0.63,2.9,Stable,-2.0,Stable,-0.0,2025-03-12,2025-09-02,3,22,0,0,0,0,0,0,48,0,0,0,0
1180,8414646310089,SUPER GLUE GEL 3GMS,STATIONARY,52.0,10,5.78,2.67,0.99,0.99,0.99,0.99,0.48,0.51,51.5,Stable,-1.4,Stable,0.0,2025-03-11,2025-09-05,1,9,10,0,0,0,0,0,0,0,0,0,0
1181,6291100737314,AL FAKHER 10 X 50GM B'BERRY ,LT-TAX PAID,52.0,23,3.06,2.5,17.47,18.16,16.49,18.99,16.48,0.99,5.7,Stable,0.2,Stable,0.8,2025-03-10,2025-08-30,6,17,0,0,0,0,0,23,0,0,0,0,0
1182,762446424009,LONGHORN TUB 14.4OZ LC STRGHT,T7 SMOKELESS GA,52.0,33,2.74,2.67,16.99,16.99,16.99,16.99,15.28,1.71,10.1,Stable,2.4,Stable,0.0,2025-03-13,2025-08-31,5,19,0,0,0,0,0,33,0,0,0,0,0
1183,PENZOIL,PENZOIL OIL 6/1QT,AUTOMOTIVE,52.0,34,2.74,2.0,29.99,29.99,29.99,29.99,24.23,5.76,19.2,Stable,4.4,Stable,0.0,2025-03-11,2025-09-02,3,19,0,0,0,0,0,0,34,0,0,0,0
1184,676979960555,"WICK & WAX 10"" CANDLE 3CT",CANDLES,52.0,2,26.0,1.08,1.29,1.29,1.29,1.29,0.68,0.61,47.6,Down,-100.0,Stable,0.0,2025-03-30,2025-06-20,78,2,0,2,0,0,0,0,0,0,0,0,0
1185,350N,"NOVA 8"" HARDWND TOWEL 12CT",HOUSEHOLD GOODS,52.0,23,3.47,2.08,26.04,26.99,23.00,27.99,21.03,5.0,19.2,Stable,2.2,Stable,0.7,2025-03-13,2025-08-14,22,15,0,0,0,0,0,0,23,0,0,0,0
1186,042037104597,BC 36/2CT FAST PAIN RELIEF,MEDICINE,52.0,52,2.26,2.08,24.49,24.49,24.49,24.49,19.75,4.74,19.4,Stable,-1.4,Stable,0.0,2025-03-11,2025-08-31,6,23,0,0,0,0,0,0,52,0,0,0,0
1187,044000042509,LORNADOONE 4.5 OZ 1CT,COOKIES,52.0,13,4.33,1.83,2.59,2.59,2.59,2.59,2.05,0.54,20.8,Stable,-0.3,Stable,0.0,2025-03-11,2025-08-03,33,12,0,0,13,0,0,0,0,0,0,0,0
1188,028200304315,BASIC GOLD BOX 10CT,CIGARETTE,52.0,19,3.71,4.25,88.19,88.19,88.19,88.19,62.64,25.55,29.0,Stable,-0.5,Stable,-0.0,2025-05-15,2025-08-31,5,14,0,0,0,0,0,0,0,19,0,0,0
1189,041689140083,ZIPPO BUTANE FUEL 5.73OZ 1CT,LIGHTERS,52.0,15,4.33,1.92,3.11,3.29,2.99,3.29,2.45,0.66,21.4,Stable,0.2,Stable,1.2,2025-03-13,2025-09-05,1,12,0,0,9,6,0,0,0,0,0,0,0
1190,8901030736445,DOVE HAND WASH 250ML 1CT,COSMETICS & BEAUTY,51.0,9,7.29,0.75,1.5,1.69,0.00,1.69,1.2,0.3,20.1,Down,-16.2,Up,8.3,2025-03-27,2025-07-28,40,7,1,8,0,0,0,0,0,0,0,0,0
1191,716165250319,RAW CLSC BLK 1 1/4 1.25 24CT,CIG ROLLING PAPER,51.0,49,2.12,1.67,16.99,16.99,16.99,16.99,11.53,5.46,32.2,Stable,-1.9,Stable,0.0,2025-03-10,2025-09-01,5,24,0,0,0,0,0,49,0,0,0,0,0
1192,JAVA,MONSTER JAVA 16OZ 12CT,DRINKS,51.0,20,3.4,1.67,27.49,27.49,27.49,27.49,25.05,2.44,8.9,Stable,-2.7,Stable,0.0,2025-03-15,2025-08-25,12,15,0,0,0,0,0,0,20,0,0,0,0
1193,305730160209,ADVIL CAPLETS BOTTLE 24CT,MEDICINE,51.0,10,7.29,2.42,4.99,4.99,4.99,4.99,3.6,1.39,27.9,Stable,-1.0,Stable,-0.0,2025-04-25,2025-09-02,3,7,0,0,0,10,0,0,0,0,0,0,0
1194,031700239209,GAME LEAF 5/3.79 8/5CT WHT CHO,CIGARS,51.0,41,2.43,2.25,21.99,21.99,21.99,21.99,16.52,5.47,24.9,Stable,0.3,Stable,-0.0,2025-03-18,2025-09-03,2,21,0,0,0,0,0,0,41,0,0,0,0
1195,035000446749,AJAX DISH LIQUID 28OZ 1CT,CLEANING PRODUCTS,51.0,12,5.67,2.92,2.49,2.56,0.00,2.99,2.26,0.23,9.4,Up,8.5,Stable,4.3,2025-03-28,2025-08-22,14,9,2,0,10,0,0,0,0,0,0,0,0
1196,16285049268647,VIVA ZEN 12CT KAVA+KRATOM BLND,VITAMINS,51.0,40,2.43,2.25,47.46,47.74,45.00,52.50,43.6,3.86,8.1,Stable,1.4,Stable,0.1,2025-03-12,2025-09-04,1,21,0,0,0,0,0,0,36,4,0,0,0
1197,028000321628,LAFFY TAFFY 145CT JAR,CANDYS,51.0,37,2.55,2.42,16.99,16.99,16.99,16.99,13.19,3.8,22.4,Stable,2.1,Stable,0.0,2025-03-11,2025-09-01,5,20,0,0,0,0,0,37,0,0,0,0,0
1198,850008118609,NATTY HEMP 4/99 15/4CT GREEN,BLUNT WRAP,51.0,38,2.83,1.75,7.57,7.42,0.00,7.99,7.0,0.57,7.5,Stable,1.9,Stable,-1.6,2025-03-14,2025-09-01,5,18,2,0,0,0,36,0,0,0,0,0,0
1199,022000159526,WR EXTRA 10CT PEPPERMINT,GUMS/CHICLETS,51.0,51,2.43,1.83,12.99,12.99,12.99,12.99,10.78,2.21,17.0,Stable,2.7,Stable,0.0,2025-03-12,2025-09-04,1,21,0,0,0,0,0,51,0,0,0,0,0
1200,613796524805,HEAVENLY SOFT PAPER TOWEL 1CT,HOUSEHOLD GOODS,51.0,10,6.38,1.83,1.11,0.83,0.00,1.39,0.89,0.22,19.9,Stable,2.8,Down,-9.5,2025-03-13,2025-09-01,5,8,2,8,0,0,0,0,0,0,0,0,0
1201,028200304018,BASIC RED 100 BOX 10CT,CIGARETTE,51.0,19,3.92,4.17,88.19,88.19,88.19,88.19,62.53,25.66,29.1,Stable,0.4,Stable,0.0,2025-05-09,2025-08-31,5,13,0,0,0,0,0,0,0,19,0,0,0
1202,643375878760,OPMS BLACK CAP 5CT/10PK,VITAMINS,51.0,38,2.68,1.25,231.05,230.0,215.00,245.00,206.84,24.21,10.5,Down,-6.6,Stable,-0.2,2025-03-10,2025-09-05,1,19,0,0,0,0,0,0,0,0,0,38,0
1203,619682621757,EZ ROLL .49C 25CT CHOCOLATE,BLUNT WRAP,51.0,28,7.29,4.25,6.99,6.99,6.99,6.99,6.25,0.74,10.6,Down,-18.6,Stable,-0.0,2025-07-17,2025-09-02,3,7,0,0,0,0,28,0,0,0,0,0,0
1204,CM12,CHOCOLATE MILK 14OZ 12CT,DRINKS,51.0,22,3.19,2.17,29.99,29.99,29.99,29.99,25.92,4.07,13.6,Stable,2.2,Stable,0.0,2025-03-20,2025-08-20,16,16,0,0,0,0,0,0,22,0,0,0,0
1205,895301001142,TWEAKER $0.99 12 CT - PMGRNTE,VITAMINS,51.0,42,2.43,2.33,6.5,6.5,6.50,6.50,5.45,1.05,16.1,Stable,1.8,Stable,0.0,2025-03-13,2025-08-24,12,21,0,0,0,0,42,0,0,0,0,0,0
1206,784762071682,ZIG ZAG WRAP 2/99 25/2CT STRGT,BLUNT WRAP,51.0,38,2.43,1.67,14.99,14.99,14.99,14.99,13.75,1.24,8.3,Stable,-2.7,Stable,0.0,2025-03-11,2025-08-26,10,21,0,0,0,0,0,38,0,0,0,0,0
1207,619682577474,EZ ROLL .49C 25CT SWEET CHERRY,BLUNT WRAP,51.0,29,7.29,4.25,6.99,6.99,6.99,6.99,6.25,0.74,10.6,Stable,-0.5,Stable,-0.0,2025-07-17,2025-09-02,4,7,0,0,0,0,29,0,0,0,0,0,0
1208,012300158138,DORAL MENTHOL GOLD 100 BOX,CIGARETTE,51.0,31,2.43,1.92,103.45,105.02,101.19,106.59,100.35,3.1,3.0,Stable,-1.9,Stable,0.2,2025-03-24,2025-08-28,9,21,0,0,0,0,0,0,0,0,31,0,0
1209,762446440207,LONGHORN LC MINT 5CT,T7 SMOKELESS GA,50.0,29,3.12,3.25,13.46,13.49,12.99,13.49,12.33,1.12,8.4,Stable,4.7,Stable,0.2,2025-04-27,2025-08-24,12,16,0,0,0,0,0,29,0,0,0,0,0
1210,676979001050,COFFEE CUPS 12OZ W/LIDS 8CT,MISC,50.0,3,25.0,0.08,1.49,1.49,1.49,1.49,0.8,0.69,46.3,Down,-192.0,Stable,0.0,2025-05-29,2025-06-10,88,2,0,3,0,0,0,0,0,0,0,0,0
1211,853272008164,TETON 18 GREEN BOX 10CT,CIGARETTE,50.0,23,3.85,2.08,25.35,26.39,24.79,26.99,23.29,2.06,8.1,Up,12.1,Stable,0.7,2025-03-22,2025-09-02,3,13,0,0,0,0,0,0,23,0,0,0,0
1212,031700900987,WO 2/99 PEACH 30CT.,CIGARS,50.0,49,2.94,1.5,21.99,21.99,21.99,21.99,16.5,5.49,25.0,Stable,1.6,Stable,0.0,2025-03-19,2025-07-15,52,17,0,0,0,0,0,0,49,0,0,0,0
1213,784762071651,ZIG ZAG WRAP 2/99 25/2CT MANGO,BLUNT WRAP,50.0,25,2.94,2.08,14.99,14.99,14.99,14.99,13.75,1.24,8.3,Stable,1.9,Stable,0.0,2025-03-13,2025-09-05,1,17,0,0,0,0,0,25,0,0,0,0,0
1214,071610341845,BACKWOODS TRUEWRAPS 16/5CT VAN,LT-TAX-COLLECTED,50.0,41,10.0,4.17,67.99,67.99,67.99,67.99,58.8,9.19,13.5,Down,-19.0,Stable,0.0,2025-08-08,2025-09-02,4,5,0,0,0,0,0,0,0,41,0,0,0
1215,022000293190,WR TWIN PK $.50 40CT BIG RED,GUMS/CHICLETS,50.0,45,2.5,2.25,12.99,12.99,12.99,12.99,10.4,2.59,20.0,Stable,-0.2,Stable,0.0,2025-03-10,2025-08-31,5,20,0,0,0,0,0,45,0,0,0,0,0
1216,073100012853,SKOAL LC APPLE 5CT,T7 SMOKELESS GA,50.0,21,3.33,2.33,29.86,30.37,28.99,30.79,28.6,1.25,4.2,Stable,0.5,Stable,0.5,2025-03-10,2025-08-29,8,15,0,0,0,0,0,0,21,0,0,0,0
1217,TP12,TOILET PAPER 4PK 12CT,CLEANING PRODUCTS,50.0,28,2.5,1.58,23.99,23.99,23.99,23.99,8.16,15.83,66.0,Down,-6.2,Stable,-0.0,2025-03-11,2025-09-03,2,20,0,0,0,0,0,0,28,0,0,0,0
1218,683332497825,K TROPIX KRATOM 48 CAP 12/4CT,VITAMINS,50.0,14,3.57,2.33,155.0,155.0,155.00,155.00,146.61,8.39,5.4,Stable,3.1,Stable,0.0,2025-03-12,2025-09-03,3,14,0,0,0,0,0,0,0,0,14,0,0
1219,7501065908841,ARIEL POWDER 250GM,CLEANING PRODUCTS,50.0,2,50.0,4.17,1.69,1.69,1.69,1.69,1.0,0.69,40.9,Stable,0.0,Stable,0.0,2025-06-19,2025-06-20,78,1,0,2,0,0,0,0,0,0,0,0,0
1220,655708018644,EXCEDRIN XS CAPLETS 25/2CT,MEDICINE,49.0,48,2.23,2.42,9.05,8.99,8.99,9.99,6.2,2.85,31.5,Stable,1.3,Stable,-0.2,2025-03-20,2025-09-02,4,22,0,0,0,0,48,0,0,0,0,0,0
1221,022600930501,TROJAN 6/3CT ENZ LUB/BLUE,CONDOMS,49.0,49,2.23,2.0,9.99,9.99,9.99,9.99,7.26,2.73,27.3,Stable,-1.5,Stable,0.0,2025-03-10,2025-09-04,1,22,0,0,0,0,49,0,0,0,0,0,0
1222,801822015216,GA COFFEE MUG ,NOVELTY ITEMS,49.0,1,49.0,0.0,1.49,1.49,1.49,1.49,1.09,0.4,26.8,Stable,0.0,Stable,0.0,2025-03-13,2025-03-13,177,1,0,1,0,0,0,0,0,0,0,0,0
1223,020400050382,MISTY BLUE 120 BOX 10CT,CIGARETTE,49.0,32,2.33,1.92,99.69,101.81,96.99,102.39,98.09,1.6,1.6,Stable,0.5,Stable,0.3,2025-03-11,2025-09-05,1,21,0,0,0,0,0,0,0,21,11,0,0
1224,090500100300,SALEM MENTH SLVR  100 BOX 10CT,CIGARETTE,49.0,45,2.45,2.17,96.35,97.68,92.09,97.79,92.92,3.43,3.6,Stable,-0.7,Stable,0.3,2025-03-16,2025-09-02,3,20,0,0,0,0,0,0,0,45,0,0,0
1225,888109253141,HOSTESS JUMBO HONEY BUN ICED,FOOD,49.0,45,2.45,1.0,9.99,9.99,9.99,9.99,8.15,1.84,18.4,Stable,-3.2,Stable,-0.0,2025-03-15,2025-08-30,7,20,0,0,0,0,45,0,0,0,0,0,0
1226,022000159519,WR EXTRA 10CT FRUIT SENS WMLN,GUMS/CHICLETS,49.0,46,2.72,1.58,12.99,12.99,12.99,12.99,10.79,2.2,17.0,Stable,1.5,Stable,0.0,2025-03-12,2025-09-04,1,18,0,0,0,0,0,46,0,0,0,0,0
1227,840352516107,FLYING H 3GM 5CT DIAMOND BLEND,ECIG - DISP D8,49.0,22,3.5,2.17,33.39,33.82,32.00,36.00,30.0,3.39,10.1,Stable,2.4,Stable,0.4,2025-03-10,2025-09-05,1,14,0,0,0,0,0,0,22,0,0,0,0
1228,071610341364,BACKWOODS SELECT 10/3CT PRIMO,CIGARS,49.0,46,2.04,1.83,37.53,37.99,36.99,37.99,27.51,10.02,26.7,Stable,-2.7,Stable,0.2,2025-03-10,2025-09-02,4,24,0,0,0,0,0,0,46,0,0,0,0
1229,073854009147,PLAYING CARD AVIATOR 12CT,PLAYING CARDS,49.0,42,2.33,1.83,18.99,18.99,18.99,18.99,15.33,3.66,19.3,Stable,-3.5,Stable,-0.0,2025-03-10,2025-09-05,1,21,0,0,0,0,0,42,0,0,0,0,0
1230,022000106988,WR SLIM 10CT - JUICY FRUIT,GUMS/CHICLETS,49.0,47,2.13,1.58,11.99,11.99,11.99,11.99,9.45,2.54,21.2,Stable,-2.2,Stable,-0.0,2025-03-10,2025-09-04,1,23,0,0,0,0,0,47,0,0,0,0,0
1231,025900355654,SS 2/$1.39 30/2CT - MANGO BLAZ,CIGARS,49.0,42,8.17,4.08,31.49,31.49,31.49,31.49,24.3,7.19,22.8,Down,-40.2,Stable,-0.0,2025-07-28,2025-09-05,1,6,0,0,0,0,0,0,42,0,0,0,0
1232,8992812805121,KOTEX SLIM WING 8CT,COSMETICS & BEAUTY,49.0,11,4.9,2.25,1.49,1.49,1.49,1.49,0.65,0.84,56.4,Stable,-2.1,Stable,0.0,2025-04-19,2025-09-04,1,10,0,11,0,0,0,0,0,0,0,0,0
1233,855022005249,ON! 4MG 5CT - MINT,NICOTINE POUCHES,49.0,34,2.58,1.67,17.49,17.49,17.49,17.49,16.1,1.39,7.9,Stable,-2.7,Stable,0.0,2025-03-17,2025-09-05,1,19,0,0,0,0,0,34,0,0,0,0,0
1234,022200930093,SPEED STICK DEO 3OZ 1CT,COSMETICS & BEAUTY,49.0,12,4.45,1.92,2.99,2.99,2.99,2.99,1.88,1.11,37.1,Stable,-1.6,Stable,0.0,2025-03-12,2025-08-31,5,11,0,0,12,0,0,0,0,0,0,0,0
1235,649964320931,RUSH $1.99 6MG 5CT GREEN MINT,NICOTINE POUCHES,48.0,6,8.0,2.75,5.99,5.99,5.99,5.99,5.0,0.99,16.5,Up,20.7,Stable,-0.0,2025-05-08,2025-08-25,12,6,0,0,0,0,6,0,0,0,0,0,0
1236,027200207022,CAPRI MENTHOL INDIGO 100 BOX ,CIGARETTE,48.0,40,2.29,2.08,124.52,125.79,121.89,127.29,118.24,6.29,5.0,Stable,1.1,Stable,0.2,2025-03-12,2025-09-01,5,21,0,0,0,0,0,0,0,0,40,0,0
1237,1923450657190,LOST THC PRE-ROLL 3x2GM 10/3CT,CBD/HEMP,48.0,11,5.33,0.83,46.23,51.25,0.00,53.50,45.0,1.23,2.7,Down,-8.8,Up,7.6,2025-04-06,2025-07-08,60,9,1,0,0,0,0,0,0,10,0,0,0
1238,649964321419,RUSH $1.99 12MG 5CT MINT,NICOTINE POUCHES,48.0,5,9.6,2.83,5.99,5.99,5.99,5.99,5.0,0.99,16.5,Up,6.3,Stable,0.0,2025-06-02,2025-08-25,12,5,0,0,0,0,5,0,0,0,0,0,0
1239,10850026106029,CHEER UP BOX 12CT,MISC,48.0,2,24.0,0.0,132.0,132.0,132.00,132.00,132.0,0.0,0.0,Stable,0.0,Stable,0.0,2025-03-20,2025-06-01,97,2,0,0,0,0,0,0,0,0,2,0,0
1240,609249923110,ZYN 3MG MENTHOL 5CT,NICOTINE POUCHES,48.0,31,2.82,1.42,21.37,21.25,20.39,21.49,20.12,1.25,5.9,Stable,-1.3,Stable,-0.0,2025-03-12,2025-09-05,1,17,0,0,0,0,0,0,31,0,0,0,0
1241,649964320924,RUSH $1.99 6MG 5CT BERRY ICE,NICOTINE POUCHES,48.0,5,9.6,3.0,5.99,5.99,5.99,5.99,5.0,0.99,16.5,Up,9.4,Stable,0.0,2025-06-02,2025-08-25,12,5,0,0,0,0,5,0,0,0,0,0,0
1242,855022005232,ON! 4MG 5CT - WINTERGREEN,NICOTINE POUCHES,48.0,35,2.4,2.5,17.49,17.49,17.49,17.49,15.96,1.53,8.8,Stable,1.5,Stable,0.0,2025-03-17,2025-09-05,1,20,0,0,0,0,0,35,0,0,0,0,0
1243,796559466908,SLAPWOODS 10/5PK SWT BANANA,LT-TAX-COLLECTED,48.0,28,4.36,3.25,39.99,39.99,39.99,39.99,30.37,9.62,24.0,Down,-11.2,Stable,-0.0,2025-04-17,2025-09-02,3,11,0,0,0,0,0,0,28,0,0,0,0
1244,738607283013,SLAPWOODS CONE 10/3CT RUS CRM,LT-TAX-COLLECTED,48.0,33,2.67,1.17,41.99,41.99,41.99,41.99,33.5,8.49,20.2,Down,-5.8,Stable,0.0,2025-03-14,2025-08-13,24,18,0,0,0,0,0,0,33,0,0,0,0
1245,083078113155,CARMEX ORG JAR BLSTR PK 1CT,MEDICINE,48.0,10,4.8,1.42,1.29,1.29,1.29,1.29,1.02,0.27,20.9,Stable,-1.5,Stable,-0.0,2025-03-10,2025-09-02,4,10,0,10,0,0,0,0,0,0,0,0,0
1246,708926562113,WILDHORSE GOLD BOX 10CT,CIGARETTE,48.0,26,2.53,3.08,40.99,40.99,40.99,40.99,40.25,0.74,1.8,Stable,4.9,Stable,0.0,2025-03-14,2025-09-05,1,19,0,0,0,0,0,0,26,0,0,0,0
1247,842426181594,GT BLK SMOOTH .69 15CT VANILLA,CIGAR GA,48.0,31,2.53,2.5,7.49,7.49,7.49,7.49,6.26,1.23,16.4,Stable,4.5,Stable,0.0,2025-03-12,2025-09-04,1,19,0,0,0,0,31,0,0,0,0,0,0
1248,708926561116,WILDHORSE RED KING BOX 10CT,CIGARETTE,48.0,32,2.82,2.42,40.99,40.99,40.99,40.99,38.63,2.36,5.8,Stable,2.2,Stable,0.0,2025-03-10,2025-09-02,3,17,0,0,0,0,0,0,32,0,0,0,0
1249,666186072790,KADO THC-P 6GM DISP 5CT,ECIG - DISP D8,48.0,12,8.0,1.83,66.12,65.83,62.50,72.50,57.5,8.62,13.0,Down,-44.3,Stable,0.1,2025-06-04,2025-07-16,51,6,0,0,0,0,0,0,0,12,0,0,0
1250,602652269608,KIND CHOCOLATE ASST 1.4OZ 12CT,CANDYS,48.0,27,2.53,1.92,19.49,19.49,19.49,19.49,16.35,3.14,16.1,Stable,-2.1,Stable,0.0,2025-03-12,2025-09-01,4,19,0,0,0,0,0,27,0,0,0,0,0
1251,071610301900,BACKWOODS 5PK 8/5CT ORIGINAL,CIGARS,48.0,46,2.18,1.67,37.62,37.99,36.99,37.99,28.65,8.97,23.8,Stable,-1.8,Stable,0.2,2025-03-18,2025-09-05,1,22,0,0,0,0,0,0,46,0,0,0,0
1252,655708018279,ALKA SELTZER ORIGINAL 25/2CT,MEDICINE,48.0,48,2.18,1.75,9.99,9.99,9.99,9.99,7.25,2.74,27.4,Stable,-0.6,Stable,0.0,2025-03-11,2025-09-02,4,22,0,0,0,0,48,0,0,0,0,0,0
1253,796559467103,SLAPWOODS 10/5PK DARK EDITION,LT-TAX-COLLECTED,48.0,35,3.69,0.58,44.99,44.99,44.99,44.99,41.17,3.82,8.5,Stable,-1.9,Stable,0.0,2025-03-13,2025-08-31,6,13,0,0,0,0,0,0,35,0,0,0,0
1254,300450449108,TYLENOL E/STRENGTH 50/2CT,MEDICINE,48.0,33,6.86,0.0,16.99,16.99,16.99,16.99,12.99,4.0,23.5,Down,-24.0,Stable,-0.0,2025-03-11,2025-04-25,134,7,0,0,0,0,0,33,0,0,0,0,0
1255,OKF SMOOTHIE ,OKF SMOOTHIE 16.9OZ 20CT,DRINKS,48.0,14,4.36,2.33,26.99,26.99,26.99,26.99,22.5,4.49,16.6,Stable,-1.0,Stable,0.0,2025-04-05,2025-09-02,3,11,0,0,0,0,0,0,14,0,0,0,0
1256,042037104610,BC 24/6CT FAST PAIN RELIEF,MEDICINE,48.0,48,2.4,2.0,39.99,39.99,39.99,39.99,31.75,8.24,20.6,Stable,-1.5,Stable,0.0,2025-03-18,2025-08-31,6,20,0,0,0,0,0,0,48,0,0,0,0
1257,028200173003,B&H DELUX MENTHOL 100 BOX 10CT,CIGARETTE,48.0,39,2.09,2.08,110.07,111.38,107.39,112.39,106.14,3.93,3.6,Stable,1.2,Stable,0.2,2025-03-14,2025-09-01,4,23,0,0,0,0,0,0,0,0,39,0,0
1258,8699415913573,VITA ASST HONEY 24CT,VITAMINS,48.0,32,2.4,1.33,11.5,11.2,10.00,18.00,6.98,4.51,39.3,Stable,-3.7,Stable,-0.5,2025-03-10,2025-09-02,3,20,0,0,0,0,0,32,0,0,0,0,0
1259,009800570157,KINDER JOY EGG 15CT,CANDYS,47.0,43,2.47,1.83,29.29,28.41,0.00,29.99,23.74,5.55,18.9,Stable,-1.6,Stable,-0.0,2025-03-10,2025-08-24,12,19,1,0,0,0,0,0,42,0,0,0,0
1260,NEON20,LGT NEON GAS LIGHTERS 1000CT,LIGHTERS,47.0,40,2.24,2.42,89.99,89.99,89.99,89.99,60.0,29.99,33.3,Stable,3.3,Stable,0.0,2025-03-12,2025-09-05,1,21,0,0,0,0,0,0,0,40,0,0,0
1261,762446450206,LONGHORN LC NATURAL 5CT,T7 SMOKELESS GA,47.0,33,2.47,2.25,13.43,13.49,12.99,13.49,12.31,1.12,8.3,Stable,1.6,Stable,0.2,2025-04-02,2025-09-01,4,19,0,0,0,0,0,33,0,0,0,0,0
1262,716053604972,CELLTEKK CTD USBC TYPE-C 10CT,CELLUAR ACCESSORIES,47.0,32,2.61,1.75,14.99,14.99,14.99,14.99,11.0,3.99,26.6,Stable,-4.5,Stable,0.0,2025-03-11,2025-09-03,3,18,0,0,0,0,0,32,0,0,0,0,0
1263,808829060935,FOILRITE 25SQFT ALUMINIUM FOIL,HOUSEHOLD GOODS,47.0,8,6.71,1.75,0.99,0.99,0.99,0.99,0.5,0.49,49.6,Down,-8.0,Stable,-0.0,2025-03-10,2025-08-21,16,7,8,0,0,0,0,0,0,0,0,0,0
1264,PBH250,BEER RING FOR BOTTLE ,MISC,47.0,44,2.14,2.33,32.99,32.99,32.99,32.99,25.0,7.99,24.2,Stable,1.2,Stable,0.0,2025-03-14,2025-09-03,3,22,0,0,0,0,0,0,44,0,0,0,0
1265,762446480104,LONGHORN LC PEACH 5CT,T7 SMOKELESS GA,47.0,29,2.24,2.17,13.37,13.49,12.99,13.49,12.29,1.08,8.1,Stable,2.0,Stable,0.2,2025-03-16,2025-09-01,5,21,0,0,0,0,0,29,0,0,0,0,0
1266,026100805833,NEWPORT MENTHOL BLUE BOX 10CT,CIGARETTE,47.0,42,2.24,2.42,88.82,89.44,86.89,90.49,87.34,1.48,1.7,Stable,2.0,Stable,0.2,2025-03-18,2025-09-04,1,21,0,0,0,0,0,0,0,42,0,0,0
1267,783970792754,FLYING M PREROLL 3G D8 12/2CT,CBD/HEMP,47.0,14,6.71,0.0,50.71,50.71,47.50,60.00,43.64,7.07,13.9,Down,-31.9,Stable,-0.4,2025-03-10,2025-05-25,104,7,0,0,0,0,0,0,2,12,0,0,0
1268,799953039150,STOKERS RED SUP 16OZ $9.98 6CT,LT-TAX-COLLECTED,47.0,17,3.36,0.83,46.76,46.99,46.00,46.99,39.6,7.16,15.3,Down,-14.6,Stable,0.2,2025-03-18,2025-09-04,1,14,0,0,0,0,0,0,17,0,0,0,0
1269,872181000069,FLIPZ MILK CHOC PEG BAG 5OZ,CANDYS,47.0,13,3.92,1.67,3.29,3.29,3.29,3.29,2.74,0.55,16.8,Up,7.4,Stable,0.0,2025-03-15,2025-08-12,25,12,0,0,0,13,0,0,0,0,0,0,0
1270,031700236154,WO MINI 3/1.29 15/3CT SILVER,CIGARS,47.0,39,2.35,2.17,15.49,15.49,15.49,15.49,11.0,4.49,29.0,Stable,-0.9,Stable,0.0,2025-03-16,2025-09-03,2,20,0,0,0,0,0,39,0,0,0,0,0
1271,325866105011,ALEVE TABLETS 24CT,MEDICINE,47.0,11,4.7,0.5,5.49,5.49,5.49,5.49,4.5,0.99,18.0,Stable,2.2,Stable,0.0,2025-03-19,2025-08-25,11,10,0,0,0,0,11,0,0,0,0,0,0
1272,054100939029,ARMOUR VIENNA SMOKED 4.6OZ 1CT,FOOD,47.0,13,4.7,1.33,1.59,1.59,1.59,1.59,1.29,0.3,18.9,Down,-13.8,Stable,0.0,2025-03-16,2025-09-03,3,10,0,13,0,0,0,0,0,0,0,0,0
1273,019200999236,LYSOL DISINFECTANT SPRAY 1.5OZ,CLEANING PRODUCTS,47.0,4,15.67,3.92,2.49,2.49,2.49,2.49,1.5,0.99,39.8,Down,-38.3,Stable,0.0,2025-06-16,2025-08-21,16,3,0,0,4,0,0,0,0,0,0,0,0
1274,012300220835,DORAL GOLD 100 BOX 10CT,CIGARETTE,47.0,37,1.88,1.67,103.6,105.15,101.19,106.59,100.94,2.65,2.6,Stable,-1.4,Stable,0.2,2025-03-13,2025-08-28,9,25,0,0,0,0,0,0,0,0,37,0,0
1275,887930957358,KODAK AAA BATTERY 4PK,BATTERY,47.0,4,11.75,2.0,1.49,1.49,1.49,1.49,0.65,0.84,56.4,Stable,0.9,Stable,0.0,2025-04-10,2025-08-15,22,4,0,4,0,0,0,0,0,0,0,0,0
1276,090600392704,CROWNS LIGHT GREEN 100 BX 10CT,CIGARETTE,47.0,31,2.94,1.25,33.22,33.77,32.99,33.99,31.22,2.0,6.0,Down,-5.2,Stable,0.2,2025-03-19,2025-08-27,9,16,0,0,0,0,0,0,31,0,0,0,0
1277,TEX,HAVOLINE MOTOR OIL 12/1QT,AUTOMOTIVE,46.0,25,3.07,1.42,49.99,49.99,49.99,49.99,40.71,9.28,18.6,Down,-6.3,Stable,0.0,2025-03-18,2025-09-05,1,15,0,0,0,0,0,0,25,0,0,0,0
1278,054100936028,ARMOUR VIENNA BBQ 4.6OZ 1CT,FOOD,46.0,12,5.75,1.5,1.59,1.59,1.59,1.59,1.29,0.3,18.9,Stable,1.2,Stable,0.0,2025-03-13,2025-09-03,3,8,0,12,0,0,0,0,0,0,0,0,0
1279,784762081094,ZIG ZAG WOODS 15/2CT NATURAL,CIGARS,46.0,6,11.5,3.83,14.36,14.36,14.29,14.69,10.95,3.41,23.7,Up,13.9,Stable,-0.8,2025-07-24,2025-09-04,2,4,0,0,0,0,0,6,0,0,0,0,0
1280,858765004067,SHOW Z PALMA 2/99 30CT,CIGARS,46.0,22,3.07,1.25,11.99,11.99,11.99,11.99,7.5,4.49,37.4,Down,-7.6,Stable,0.0,2025-03-16,2025-08-29,8,15,0,0,0,0,0,22,0,0,0,0,0
1281,688149210216,UNCLE AL STAGE PLANKS 12CT,COOKIES,46.0,23,3.07,1.92,5.49,5.49,5.49,5.49,4.56,0.93,16.9,Stable,-2.8,Stable,0.0,2025-03-12,2025-08-21,16,15,0,0,0,0,23,0,0,0,0,0,0
1282,819721011789,BLUNTVILLE CIG 25CT PINK DIVA,CIGARS,46.0,23,3.83,2.42,23.49,23.49,23.49,23.49,17.1,6.39,27.2,Down,-7.1,Stable,0.0,2025-03-13,2025-09-03,3,12,0,0,0,0,0,0,23,0,0,0,0
1283,649964321044,RUSH $1.99 12MG 5CT GREEN MINT,NICOTINE POUCHES,46.0,7,7.67,2.58,5.99,5.99,5.99,5.99,5.0,0.99,16.5,Stable,1.5,Stable,-0.0,2025-06-02,2025-08-25,12,6,0,0,0,0,7,0,0,0,0,0,0
1284,022000135599,WR EXTRA 35STK 6CT - POLAR ICE,GUMS/CHICLETS,46.0,38,3.07,1.5,19.99,19.99,19.99,19.99,16.83,3.16,15.8,Down,-8.2,Stable,0.0,2025-03-16,2025-09-04,1,15,0,0,0,0,0,38,0,0,0,0,0
1285,BUG74,BUGLER CIG PAPER DISPLAY 74CT,CIG ROLLING PAPER,46.0,7,7.67,0.42,31.57,24.0,0.00,47.99,38.0,-6.43,-20.4,Down,-54.4,Down,-16.3,2025-04-15,2025-09-01,5,6,2,0,0,0,0,0,5,0,0,0,0
1286,076013000665,BIG BAMBU PURE HEMP KS 50CT,CIG ROLLING PAPER,46.0,44,2.09,1.83,72.99,72.99,72.99,72.99,61.46,11.53,15.8,Stable,1.2,Stable,0.0,2025-03-25,2025-08-29,8,22,0,0,0,0,0,0,0,44,0,0,0
1287,716165252054,RAW CONES CL BLK 1 1/4 32/6CT,CIG ROLLING PAPER,46.0,42,2.0,2.0,42.75,43.61,39.99,45.99,33.0,9.75,22.8,Stable,2.5,Stable,0.3,2025-03-11,2025-09-05,1,23,0,0,0,0,0,0,42,0,0,0,0
1288,031700238066,GAME LEAF 2/1.49 15/2CT NATURL,CIGARS,46.0,36,2.56,1.5,16.99,16.99,16.99,16.99,12.25,4.74,27.9,Stable,-1.3,Stable,0.0,2025-03-20,2025-08-09,27,18,0,0,0,0,0,36,0,0,0,0,0
1289,090600392629,CROWNS GOLD BOX 10CT,CIGARETTE,46.0,22,3.07,2.0,33.54,33.99,32.99,33.99,31.36,2.18,6.5,Stable,-4.9,Stable,0.3,2025-03-18,2025-09-01,5,15,0,0,0,0,0,0,22,0,0,0,0
1290,041333213019,DURACELL D 2PK 1CT,BATTERY,46.0,16,3.83,2.17,3.99,3.99,3.99,3.99,2.85,1.14,28.6,Stable,0.9,Stable,0.0,2025-03-11,2025-07-28,39,12,0,0,0,16,0,0,0,0,0,0,0
1291,810179220136,DA WOODS LEAF 20CT STICKY ICKY,LT-TAX-COLLECTED,46.0,35,2.42,2.92,13.49,13.49,13.49,13.49,10.99,2.5,18.5,Stable,3.0,Stable,0.0,2025-03-18,2025-09-01,4,19,0,0,0,0,0,35,0,0,0,0,0
1292,043300052089,MISTY MENTHOL 100 BOX 10CT,CIGARETTE,46.0,43,1.92,1.75,99.94,101.18,96.99,102.39,97.75,2.19,2.2,Stable,0.5,Stable,0.3,2025-03-11,2025-09-05,0,24,0,0,0,0,0,0,0,32,11,0,0
1293,761152068934,FLYING H PRE ROLL EXTRM 10/3CT,CBD/HEMP,46.0,21,3.07,0.67,55.76,57.0,55.00,60.00,50.0,5.76,10.3,Stable,-4.8,Stable,0.3,2025-03-10,2025-08-05,32,15,0,0,0,0,0,0,0,21,0,0,0
1294,742978846685,LOOSE LEAF 8/5CT SAN ANDRES,LT-TAX-COLLECTED,46.0,39,2.71,2.5,39.99,39.99,39.99,39.99,32.6,7.39,18.5,Stable,-3.8,Stable,0.0,2025-03-11,2025-09-04,2,17,0,0,0,0,0,0,39,0,0,0,0
1295,312546628694,HALLS 30CT HONEY LEMON PEGBAG,CANDYS,46.0,12,5.11,0.42,2.99,2.99,2.99,2.99,2.28,0.71,23.7,Down,-16.0,Stable,0.0,2025-03-16,2025-07-04,64,9,0,0,12,0,0,0,0,0,0,0,0
1296,719410785123,5-HOUR ENERGY XS 12CT- TROPIC,VITAMINS,46.0,32,2.3,2.08,21.99,21.99,21.99,21.99,21.29,0.7,3.2,Stable,0.8,Stable,-0.0,2025-03-20,2025-09-02,3,20,0,0,0,0,0,0,32,0,0,0,0
1297,792554104005,LIL DRUG NAIL CLIPPER 1CT,COSMETICS & BEAUTY,45.0,9,5.0,2.17,1.29,1.29,1.29,1.29,0.87,0.42,32.2,Up,11.0,Stable,0.0,2025-03-18,2025-09-04,1,9,0,9,0,0,0,0,0,0,0,0,0
1298,042100011265,GRIZZLY POUCH DARK WNTRGRN 5CT,T7 SMOKELESS GA,45.0,18,3.46,1.75,25.61,26.15,24.69,26.49,24.32,1.29,5.1,Down,-6.0,Stable,0.6,2025-03-10,2025-08-24,12,13,0,0,0,0,0,0,18,0,0,0,0
1299,012546011105,TRIDENT 12CT - TROPICAL TWIST,GUMS/CHICLETS,45.0,41,2.05,1.83,14.36,14.74,13.99,15.99,11.01,3.34,23.3,Stable,1.9,Stable,0.4,2025-03-12,2025-08-24,12,22,0,0,0,0,0,41,0,0,0,0,0
1300,071610340169,BACKWOODS 5PK 8/5CT BLACK RUS,CIGARS,45.0,43,2.25,1.58,37.64,37.99,36.99,37.99,26.53,11.11,29.5,Stable,-3.2,Stable,0.2,2025-03-17,2025-09-01,5,20,0,0,0,0,0,0,43,0,0,0,0
1301,817127028387,BIG DOG WRAP 2/$1.99 20CT BLBR,LT-TAX-COLLECTED,45.0,27,2.5,1.67,27.99,27.99,27.99,27.99,22.0,5.99,21.4,Down,-5.4,Stable,0.0,2025-03-12,2025-09-03,3,18,0,0,0,0,0,0,27,0,0,0,0
1302,028200177209,VIRG SL RED BOX 10CT,CIGARETTE,45.0,33,2.05,2.42,97.5,98.29,94.39,99.49,93.15,4.35,4.5,Up,5.4,Stable,0.2,2025-03-13,2025-09-03,3,22,0,0,0,0,0,0,0,33,0,0,0
1303,301490039083,PEPTO-BISMOL 8OZ 1CT,MEDICINE,45.0,14,4.09,1.0,5.99,5.99,5.99,5.99,4.51,1.48,24.6,Down,-8.4,Stable,0.0,2025-03-20,2025-08-25,11,11,0,0,0,0,14,0,0,0,0,0,0
1304,042100025033,COUGAR LC STRAIGHT 5CT,T7 SMOKELESS GA,45.0,22,2.81,1.5,15.56,15.95,14.99,16.49,14.38,1.18,7.6,Stable,-0.8,Stable,0.6,2025-03-13,2025-08-05,31,16,0,0,0,0,0,22,0,0,0,0,0
1305,564228311749,VIVA LA HEMP 3G DISPOSABLE 5CT,ECIG - DISP D8,45.0,8,9.0,3.75,46.44,46.44,45.00,48.50,37.5,8.94,19.2,Down,-5.6,Stable,0.5,2025-06-29,2025-08-26,10,5,0,0,0,0,0,0,8,0,0,0,0
1306,028200174307,VIRG SL SILVER BOX 10CT,CIGARETTE,45.0,39,1.88,2.08,97.67,98.62,94.39,99.49,92.95,4.73,4.8,Stable,2.0,Stable,0.2,2025-03-13,2025-09-05,1,24,0,0,0,0,0,0,0,39,0,0,0
1307,717519001076,AL CAPONE TOWER 60/2CT SWT COG,LIT CIGARS 003251,45.0,38,2.65,2.5,69.96,70.09,66.00,72.99,58.0,11.96,17.1,Stable,-4.5,Stable,0.1,2025-04-27,2025-09-03,2,17,0,0,0,0,0,0,0,38,0,0,0
1308,655708029602,ZYRTEC ALLERGY 20/1CT,MEDICINE,45.0,39,2.5,1.0,28.93,28.99,26.49,28.99,23.52,5.41,18.7,Down,-6.5,Stable,0.0,2025-03-16,2025-08-31,6,18,0,0,0,0,0,0,39,0,0,0,0
1309,305730151108,ADVIL 10 TABS 1CT ,MEDICINE,45.0,6,9.0,2.08,2.99,2.99,2.99,2.99,2.1,0.89,29.8,Down,-7.8,Stable,0.0,2025-05-09,2025-08-10,26,5,0,0,6,0,0,0,0,0,0,0,0
1310,6903148078891,TIDE POWDER 500/508G 1CT,CLEANING PRODUCTS,45.0,6,9.0,3.0,1.58,1.51,0.00,1.89,1.15,0.42,27.0,Down,-6.7,Up,12.5,2025-04-16,2025-08-20,17,5,1,5,0,0,0,0,0,0,0,0,0
1311,041168007203,LONG BOY COCO NUT TUB 130CT,CANDYS,45.0,41,2.14,2.0,16.99,16.99,16.99,16.99,14.3,2.69,15.8,Stable,0.8,Stable,0.0,2025-03-10,2025-08-31,5,21,0,0,0,0,0,41,0,0,0,0,0
1312,742978846647,LOOSE LEAF 8/5CT GRAPE DREAM,LT-TAX-COLLECTED,44.0,41,2.0,1.17,34.99,34.99,34.99,34.99,26.6,8.39,24.0,Stable,-2.7,Stable,0.0,2025-03-10,2025-09-02,4,22,0,0,0,0,0,0,41,0,0,0,0
1313,027200011162,CAPRI MAGENTA 120 BOX 10CT,CIGARETTE,44.0,36,2.0,1.67,124.21,126.03,121.89,127.29,117.51,6.71,5.4,Stable,-0.6,Stable,0.2,2025-03-10,2025-09-04,2,22,0,0,0,0,0,0,0,0,36,0,0
1314,842426165549,GT 4/1.19 4KS 15/4CT WMLN GRPE,CIGAR GA,44.0,40,2.32,1.67,12.02,12.05,11.99,12.99,10.53,1.49,12.4,Stable,-2.0,Stable,0.1,2025-03-11,2025-09-04,1,19,0,0,0,0,0,40,0,0,0,0,0
1315,037900990612,RONSONOL LIGTHTER FUEL 5OZ 1CT,LIGHTERS,44.0,13,4.4,2.0,1.99,1.99,1.99,1.99,1.35,0.64,32.2,Up,14.3,Stable,0.0,2025-03-28,2025-07-11,56,10,0,13,0,0,0,0,0,0,0,0,0
1316,850730000135,BOB M CLASSIC 1.25 PAPER 25CT,CIG ROLLING PAPER,44.0,42,2.2,2.17,17.13,17.27,0.00,17.99,13.15,3.98,23.2,Stable,2.3,Stable,0.2,2025-03-14,2025-08-21,15,20,2,0,0,0,0,40,0,0,0,0,0
1317,080893010508,"LIL AUTO DUCT TAPE 1.5""x10Y ",HARDWARE,44.0,15,4.89,2.08,1.99,1.99,1.99,1.99,1.48,0.51,25.5,Up,8.5,Stable,0.0,2025-03-10,2025-09-05,1,9,0,15,0,0,0,0,0,0,0,0,0
1318,041689159023,ZIPPO BUTANE FUEL 2.6OZ 135ML,LIGHTERS,44.0,7,11.0,0.0,2.49,2.49,2.49,2.49,1.95,0.54,21.7,Up,56.4,Stable,-0.0,2025-03-28,2025-04-17,141,4,0,0,7,0,0,0,0,0,0,0,0
1319,742978846210,LOOSE LEAF 8/5CT DARK LEAF,LT-TAX-COLLECTED,44.0,37,2.44,1.5,34.99,34.99,34.99,34.99,36.0,-1.01,-2.9,Stable,-0.4,Stable,0.0,2025-03-10,2025-09-01,5,18,0,0,0,0,0,0,37,0,0,0,0
1320,033300635849,STARR $2.19 CHEW 12CT REGULAR,LT-TAX PAID,44.0,32,2.44,1.83,20.99,20.99,20.99,20.99,18.9,2.09,10.0,Stable,2.2,Stable,0.0,2025-03-19,2025-09-02,3,18,0,0,0,0,0,0,32,0,0,0,0
1321,020685002878,CAPE COD CHIPS 2OZ 1CT,FOOD,44.0,3,14.67,1.92,0.97,1.45,0.00,1.45,1.18,-0.21,-21.6,Up,34.1,Stable,0.0,2025-04-12,2025-06-10,87,3,1,2,0,0,0,0,0,0,0,0,0
1322,784762078810,ZIG ZAG WRAP 4/99 15/4CT GRN,BLUNT WRAP,44.0,41,2.0,1.67,10.99,10.99,10.99,10.99,10.05,0.94,8.6,Stable,-3.2,Stable,-0.0,2025-03-10,2025-09-02,3,22,0,0,0,0,0,41,0,0,0,0,0
1323,857616004119,GUMMY FACTORY 5OZ PEG BAG 1CT,CANDYS,44.0,6,7.33,0.75,1.69,1.69,1.69,1.69,1.2,0.49,29.0,Down,-19.5,Stable,-0.0,2025-04-01,2025-07-28,40,6,0,6,0,0,0,0,0,0,0,0,0
1324,850008118623,NATTY HEMP 4/99 15/4CT DIAMOND,BLUNT WRAP,44.0,26,2.75,1.17,7.38,7.99,0.00,7.99,7.0,0.38,5.1,Stable,-0.4,Stable,0.8,2025-03-10,2025-08-17,20,16,2,0,0,0,24,0,0,0,0,0,0
1325,SNAK,SNAK CLUB SMALL 1CT,COOKIES,44.0,9,7.33,0.33,2.39,1.34,0.00,2.69,2.29,0.1,4.4,Up,8.6,Down,-7.8,2025-03-16,2025-09-02,3,6,1,0,8,0,0,0,0,0,0,0,0
1326,022000159533,WR EXTRA 10CT POLARICE,GUMS/CHICLETS,44.0,41,2.44,1.92,12.99,12.99,12.99,12.99,10.86,2.13,16.4,Stable,2.8,Stable,0.0,2025-03-20,2025-09-05,1,18,0,0,0,0,0,41,0,0,0,0,0
1327,082665200322,READI BOWLS 20OZ 15CT,HOUSEHOLD GOODS,44.0,9,5.5,2.58,1.39,1.39,1.39,1.39,0.88,0.51,36.6,Stable,3.0,Stable,0.0,2025-03-14,2025-08-31,5,8,0,9,0,0,0,0,0,0,0,0,0
1328,819721010379,BLUNTVILLE CIG 25CT PALMA,CIGARS,44.0,29,2.59,1.75,23.49,23.49,23.49,23.49,15.75,7.74,33.0,Stable,-1.2,Stable,0.0,2025-03-11,2025-09-05,1,17,0,0,0,0,0,0,29,0,0,0,0
1329,040000012320,M & M MILK CHOC PEANUT 48CT,CANDYS,44.0,44,2.1,1.83,59.76,59.99,54.99,59.99,53.04,6.73,11.3,Stable,1.2,Stable,0.2,2025-03-13,2025-08-24,12,21,0,0,0,0,0,0,0,44,0,0,0
1330,842426174909,GT WOODS 2/1.49 15/2CT LE GRAP,CIGAR GA,43.0,22,21.5,3.58,17.49,17.49,17.49,17.49,15.98,1.51,8.6,Up,107.0,Stable,0.0,2025-08-29,2025-09-05,1,2,0,0,0,0,0,22,0,0,0,0,0
1331,742978846173,LOOSE LEAF 8/5CT SWT AROMATIC,LT-TAX-COLLECTED,43.0,41,2.26,1.42,34.99,34.99,34.99,34.99,26.6,8.39,24.0,Stable,-3.2,Stable,0.0,2025-03-18,2025-09-02,4,19,0,0,0,0,0,0,41,0,0,0,0
1332,086216118456,DUST OFF DUSTER SPRAY 1CT,CLEANING PRODUCTS,43.0,15,3.31,0.92,4.99,4.99,4.99,4.99,3.33,1.66,33.2,Down,-5.6,Stable,0.0,2025-03-14,2025-08-26,11,13,0,0,0,15,0,0,0,0,0,0,0
1333,0948501,DIAMOND AC CABLE 25CT USB - C,CELLUAR ACCESSORIES,43.0,37,2.26,1.25,31.99,31.99,31.99,31.99,24.5,7.49,23.4,Stable,1.0,Stable,0.0,2025-03-10,2025-09-02,3,19,0,0,0,0,0,0,37,0,0,0,0
1334,855022005188,ON! 2MG 5CT - MINT,NICOTINE POUCHES,43.0,25,2.15,1.83,17.49,17.49,17.49,17.49,15.78,1.71,9.8,Stable,-1.2,Stable,0.0,2025-03-10,2025-09-05,1,20,0,0,0,0,0,25,0,0,0,0,0
1335,NISSIN CUPS,NISSIN CUPS ALL FLAVORS 24CT,FOOD,43.0,18,3.58,1.67,13.76,13.99,9.92,13.99,11.69,2.07,15.1,Stable,4.4,Stable,0.6,2025-03-13,2025-08-31,5,12,0,0,0,0,1,17,0,0,0,0,0
1336,658238734800,LOOSE LEAF 8/5CT ICE COLD,LT-TAX-COLLECTED,43.0,40,2.15,1.92,34.99,34.99,34.99,34.99,26.6,8.39,24.0,Stable,-1.2,Stable,-0.0,2025-03-16,2025-09-02,3,20,0,0,0,0,0,0,40,0,0,0,0
1337,028200173300,VIRG SL GOLD BOX 10CT,CIGARETTE,43.0,33,2.15,2.25,97.48,98.48,94.39,99.49,93.97,3.51,3.6,Stable,3.0,Stable,0.3,2025-03-20,2025-09-05,1,20,0,0,0,0,0,0,0,33,0,0,0
1338,UNCLE12,UNCLE ALS COOKIES 5OZ 12CT,COOKIES,43.0,23,2.39,2.42,9.88,9.93,4.16,10.49,8.85,1.03,10.5,Stable,1.6,Stable,0.6,2025-03-17,2025-09-02,3,18,0,0,0,1,12,10,0,0,0,0,0
1339,DBL15,DOUBLE SHOT 15.5OZ 12CT,DRINKS,43.0,18,3.31,2.83,39.99,39.99,39.99,39.99,36.35,3.64,9.1,Up,7.1,Stable,0.0,2025-03-14,2025-09-04,1,13,0,0,0,0,0,0,18,0,0,0,0
1340,709215202116,305'S FULL FLVR 100 BOX 10CT,CIGARETTE,43.0,29,2.15,1.5,32.49,32.49,32.49,32.49,31.61,0.88,2.7,Stable,-1.0,Stable,0.0,2025-03-17,2025-08-18,18,20,0,0,0,0,0,0,29,0,0,0,0
1341,655708018736,EXCEDRIN MIGRANE CAPLET 25/2CT,MEDICINE,43.0,41,2.05,2.08,8.99,8.99,8.99,8.99,6.2,2.79,31.0,Stable,1.0,Stable,0.0,2025-03-17,2025-09-01,5,21,0,0,0,0,41,0,0,0,0,0,0
1342,076768112903,AF TIRE INFLATOR CONE 1CT,AUTOMOTIVE,43.0,12,4.78,1.42,2.06,2.29,1.89,2.39,1.36,0.69,33.7,Stable,-0.7,Stable,3.6,2025-04-03,2025-08-03,33,9,0,8,4,0,0,0,0,0,0,0,0
1343,616641496555,OPMS SILVER 18G/30CT GRN MD,VITAMINS,43.0,5,10.75,1.42,4.4,4.12,3.75,4.99,3.18,1.21,27.6,Stable,-2.8,Stable,-4.0,2025-05-07,2025-08-14,23,4,0,0,0,5,0,0,0,0,0,0,0
1344,853272008140,TETON 18 BLUE BOX 10CT,CIGARETTE,43.0,22,2.87,2.58,25.41,25.92,24.79,26.99,23.68,1.73,6.8,Up,9.7,Stable,0.6,2025-03-18,2025-09-02,4,15,0,0,0,0,0,0,22,0,0,0,0
1345,850013248445,GRAVITY 80 KRATOM SHOTS 12CT,VITAMINS,43.0,8,5.38,1.58,87.0,87.0,87.00,87.00,84.0,3.0,3.4,Up,9.1,Stable,0.0,2025-04-02,2025-09-05,1,8,0,0,0,0,0,0,0,8,0,0,0
1346,037000962649,FEBREZE AIR FRESHNER 185ML 1CT,AIR FRESHENER,43.0,7,10.75,3.58,2.56,2.56,0.00,2.99,2.1,0.46,18.1,Up,15.8,Down,-10.9,2025-08-11,2025-09-05,1,4,1,0,6,0,0,0,0,0,0,0,0
1347,080565359010,CAM2 FLAT TIRE SLNT W/HOSE 1CT,AUTOMOTIVE,43.0,12,3.91,1.0,4.99,4.99,4.99,4.99,17.62,-12.64,-253.2,Stable,0.7,Stable,-0.0,2025-04-15,2025-08-17,20,11,0,0,0,12,0,0,0,0,0,0,0
1348,749565326872,LOOSE LEAF 8/5CT FTP,LT-TAX-COLLECTED,43.0,34,3.07,0.25,49.99,49.99,49.99,49.99,41.0,8.99,18.0,Down,-5.9,Stable,-0.0,2025-03-11,2025-06-27,71,14,0,0,0,0,0,0,34,0,0,0,0
1349,070330902831,BIC CRYSTAL BLACK 2PK 1CT,STATIONARY,43.0,10,5.38,0.75,0.89,0.89,0.89,0.89,0.55,0.34,38.2,Down,-6.4,Stable,0.0,2025-03-22,2025-08-18,18,8,10,0,0,0,0,0,0,0,0,0,0
1350,850050895640,DELTA CANNABIS WATER 12OZ 4CT,NOVELTY ITEMS,42.0,8,5.25,2.42,13.12,13.19,12.99,13.99,10.75,2.37,18.1,Up,6.3,Stable,0.1,2025-05-03,2025-09-01,4,8,0,0,0,0,0,8,0,0,0,0,0
1351,810122476276,777 WV ENERGY TABS LEM 10/6CT ,NOVELTY ITEMS,42.0,12,6.0,2.17,125.17,148.33,102.00,160.00,122.0,3.17,2.5,Stable,-2.4,Up,8.5,2025-05-13,2025-08-26,11,7,0,0,0,0,0,0,0,0,12,0,0
1352,10819913015196,JUUL VIRGINIA TOB 5% 2PK 8CT,ECIG - PODS,42.0,8,7.0,3.5,68.68,68.68,65.36,72.99,62.43,6.25,9.1,Down,-13.9,Stable,0.8,2025-06-14,2025-09-03,3,6,0,0,0,0,0,0,0,8,0,0,0
1353,042100026238,COUGAR POUCHES WINTERGRN 5CT,T7 SMOKELESS GA,42.0,23,2.47,1.67,15.68,16.0,14.99,16.49,14.53,1.15,7.3,Stable,2.9,Stable,0.5,2025-03-13,2025-09-05,1,17,0,0,0,0,0,23,0,0,0,0,0
1354,719410740122,5-HOUR ENERGY XS 12CT-STR WMLN,VITAMINS,42.0,39,1.83,1.42,21.99,21.99,21.99,21.99,21.36,0.63,2.9,Stable,-2.5,Stable,0.0,2025-03-12,2025-09-03,3,23,0,0,0,0,0,0,39,0,0,0,0
1355,855022005331,ON! 8MG 5CT - COFFEE,NICOTINE POUCHES,42.0,31,2.0,1.75,17.49,17.49,17.49,17.49,16.1,1.39,7.9,Stable,-0.2,Stable,0.0,2025-03-14,2025-09-03,2,21,0,0,0,0,0,31,0,0,0,0,0
1356,073390005764,MENTOS 1.32OZ 15CT PEPPERMINT,CANDYS,42.0,36,1.83,2.08,15.99,15.99,15.99,15.99,12.9,3.09,19.3,Stable,1.2,Stable,-0.0,2025-03-11,2025-09-03,2,23,0,0,0,0,0,36,0,0,0,0,0
1357,676979902456,PARTY CUP PLASTIC 16OZ 50CT,KITCHEN & TOILET,42.0,16,4.2,0.92,4.93,4.79,3.99,4.99,3.06,1.87,38.0,Stable,-2.6,Stable,-0.6,2025-03-15,2025-08-09,27,10,0,0,0,16,0,0,0,0,0,0,0
1358,090500100140,WINST WHITE 100 BOX 10CT,CIGARETTE,42.0,34,2.21,1.67,82.56,83.59,80.19,83.79,80.13,2.43,2.9,Stable,-4.5,Stable,0.2,2025-03-18,2025-09-01,5,19,0,0,0,0,0,0,0,34,0,0,0
1359,742271561506,SCALE FUZION RT-100O 1000x.1G,NOVELTY ITEMS,42.0,9,4.67,2.42,2.49,2.49,2.49,2.49,1.85,0.64,25.7,Up,13.2,Stable,0.0,2025-04-03,2025-09-03,2,9,0,0,9,0,0,0,0,0,0,0,0
1360,799953221203,STOKERS TUB 12OZ LC MINT,LT-TAX-COLLECTED,42.0,24,3.23,2.42,16.49,16.49,16.49,16.49,15.2,1.29,7.8,Stable,2.6,Stable,0.0,2025-04-16,2025-09-03,2,13,0,0,0,0,0,24,0,0,0,0,0
1361,896887002196,BIGS SUNFLOWER SEEDS 5.35OZ,FOOD,42.0,4,10.5,3.0,2.39,2.39,2.39,2.39,1.78,0.61,25.5,Down,-36.2,Stable,0.0,2025-06-04,2025-07-31,37,4,0,0,4,0,0,0,0,0,0,0,0
1362,016000136090,BUGLES CHURRO CHIPS 3OZ,FOOD,42.0,10,5.25,1.75,2.39,2.39,2.39,2.39,1.81,0.58,24.1,Up,19.0,Stable,0.0,2025-03-18,2025-09-01,4,8,0,0,10,0,0,0,0,0,0,0,0
1363,071610299610,BACKWOODS 3PK 10/3CT SWT AROM,CIGARS,42.0,38,2.1,1.92,31.0,31.49,29.79,31.49,21.15,9.85,31.8,Stable,1.4,Stable,0.4,2025-03-13,2025-09-04,2,20,0,0,0,0,0,0,38,0,0,0,0
1364,878848900727,BOOSTER CABLE 200AMP 12FT 1CT,AUTOMOTIVE,42.0,18,3.5,2.42,5.49,5.49,5.49,5.49,2.92,2.57,46.9,Up,13.2,Stable,-0.0,2025-03-12,2025-09-04,1,12,0,0,0,0,18,0,0,0,0,0,0
1365,191554777026,VASELINE BLISTER COMBO 1CT,COSMETICS & BEAUTY,42.0,10,5.25,0.5,2.49,2.49,2.49,2.49,1.9,0.59,23.7,Down,-10.9,Stable,0.0,2025-03-12,2025-08-19,17,8,0,0,10,0,0,0,0,0,0,0,0
1366,073854016336,PLAYING CARD BICYCLE 12PK 12CT,MISC,42.0,37,2.33,2.0,24.99,24.99,24.99,24.99,19.99,5.0,20.0,Stable,3.0,Stable,0.0,2025-03-15,2025-09-04,2,18,0,0,0,0,0,0,37,0,0,0,0
1367,034000239009,HERSHEYS CKIS N CREAM RS 36CT,CANDYS,42.0,42,2.1,1.5,41.99,41.99,41.99,41.99,33.61,8.38,19.9,Stable,-0.6,Stable,0.0,2025-03-15,2025-09-04,1,20,0,0,0,0,0,0,42,0,0,0,0
1368,658238735616,LOOSE LEAF 8/5CT WATERMELON D,LT-TAX-COLLECTED,42.0,40,2.21,0.58,34.99,34.99,34.99,34.99,26.6,8.39,24.0,Stable,-4.3,Stable,0.0,2025-03-10,2025-07-20,48,19,0,0,0,0,0,0,40,0,0,0,0
1369,VPLAY,VPLAY 20000 PUFFS 5CT,ELECTRONIC CIG,42.0,7,7.0,3.42,40.28,40.33,39.00,42.99,31.96,8.32,20.7,Up,27.8,Stable,-0.8,2025-04-18,2025-08-26,11,6,0,0,0,0,0,0,7,0,0,0,0
1370,071610499546,DM 3PK 20/3CT GREEN,CIGARS,41.0,32,1.95,1.42,42.14,42.49,41.69,42.49,32.58,9.56,22.7,Stable,-2.3,Stable,0.1,2025-03-11,2025-09-02,4,21,0,0,0,0,0,0,32,0,0,0,0
1371,700598108477,OPMS GOLD CAP 2CT/10PK,VITAMINS,41.0,27,2.41,0.75,93.66,96.66,70.00,99.99,85.0,8.66,9.2,Stable,-4.7,Stable,0.3,2025-03-10,2025-09-03,3,17,0,0,0,0,0,0,0,27,0,0,0
1372,792138347569,VITA BB HONEY 15CT,VITAMINS,41.0,29,2.73,2.0,13.07,13.16,10.00,14.99,7.41,5.65,43.3,Down,-7.8,Stable,0.2,2025-05-11,2025-09-05,1,15,0,0,0,0,0,29,0,0,0,0,0
1373,027200205967,PALL MALL SELECT MENT BOX 10CT,CIGARETTE,41.0,38,3.15,3.08,54.4,54.64,52.29,62.29,51.21,3.19,5.9,Stable,-0.5,Stable,-1.1,2025-05-27,2025-09-04,2,13,0,0,0,0,0,0,0,38,0,0,0
1374,725272747414,SCORPIO PREROLL 3x1.5GM 10/3PK,CBD/HEMP,41.0,9,6.83,3.25,58.22,58.31,56.99,62.50,52.5,5.72,9.8,Up,13.0,Stable,-0.7,2025-06-05,2025-08-26,10,6,0,0,0,0,0,0,0,9,0,0,0
1375,784762077325,ZIG ZAG WRAP 4/99 15/4CT DIAMD,BLUNT WRAP,41.0,10,5.86,3.42,10.99,10.99,10.99,10.99,10.05,0.94,8.6,Up,7.3,Stable,-0.0,2025-06-09,2025-09-04,2,7,0,0,0,0,0,10,0,0,0,0,0
1376,020648000255,PARTYTIME FOAM CUPS 12OZ 24 CT,KITCHEN & TOILET,41.0,13,4.56,0.83,1.79,1.79,1.79,1.79,0.93,0.86,47.9,Up,11.3,Stable,0.0,2025-03-22,2025-08-09,27,9,0,13,0,0,0,0,0,0,0,0,0
1377,6291108160220,AL FAKHER 10 X 50GM WMELON ,LT-TAX PAID,41.0,20,2.93,1.92,17.69,18.37,16.49,18.99,16.62,1.07,6.0,Stable,-4.6,Stable,1.2,2025-03-25,2025-08-31,6,14,0,0,0,0,0,20,0,0,0,0,0
1378,BJ,BUG JUICE KID'S DRINKS 24CT,DRINKS,41.0,7,5.86,1.83,21.99,21.99,21.99,21.99,19.49,2.5,11.4,Down,-7.3,Stable,-0.0,2025-03-22,2025-08-31,5,7,0,0,0,0,0,0,7,0,0,0,0
1379,026200392950,PENROSE BIG MAMA SASGE 28OZ,FOOD,41.0,34,2.56,1.42,18.99,18.99,18.99,18.99,15.6,3.39,17.9,Stable,-2.8,Stable,0.0,2025-03-23,2025-09-02,3,16,0,0,0,0,0,34,0,0,0,0,0
1380,012546011129,TRIDENT 12CT - WATERMELON TWST,GUMS/CHICLETS,41.0,37,2.05,1.58,14.37,14.77,13.99,15.99,11.29,3.08,21.4,Stable,-2.1,Stable,0.6,2025-03-12,2025-09-05,1,20,0,0,0,0,0,37,0,0,0,0,0
1381,028000469429,NESCAFE CLASICO 3.5OZ,FOOD,41.0,14,3.15,1.5,5.49,5.49,5.49,5.49,4.62,0.87,15.8,Stable,-3.3,Stable,0.0,2025-03-14,2025-08-28,9,13,0,0,0,0,14,0,0,0,0,0,0
1382,039938270742,CUP PINK 9.5OZ 10CT,KITCHEN & TOILET,41.0,2,20.5,0.42,0.99,0.99,0.99,0.99,0.25,0.74,74.7,Down,-151.2,Stable,0.0,2025-04-22,2025-06-13,85,2,2,0,0,0,0,0,0,0,0,0,0
1383,012546011068,TRIDENT 12CT - SPEARMINT,GUMS/CHICLETS,41.0,40,1.86,1.92,14.44,14.81,13.99,15.99,11.07,3.37,23.4,Stable,-1.2,Stable,0.5,2025-03-11,2025-09-05,1,22,0,0,0,0,0,40,0,0,0,0,0
1384,062338057682,AIRWICK AIR FRESHNER 8OZ 1CT,AIR FRESHENER,41.0,9,5.12,2.33,1.49,1.49,1.49,1.49,1.15,0.34,22.8,Up,10.5,Stable,0.0,2025-03-25,2025-08-18,19,8,0,9,0,0,0,0,0,0,0,0,0
1385,300450482259,TYLENOL PM CAPLETS 24CT,MEDICINE,41.0,8,5.12,1.83,5.99,5.99,5.99,5.99,4.69,1.3,21.7,Stable,0.7,Stable,0.0,2025-03-30,2025-07-28,40,8,0,0,0,0,8,0,0,0,0,0,0
1386,073390910648,MENTOS 1.32OZ 15CT DISCOVERY,CANDYS,41.0,38,1.86,1.5,15.99,15.99,15.99,15.99,12.9,3.09,19.3,Stable,-1.7,Stable,-0.0,2025-03-22,2025-09-02,3,22,0,0,0,0,0,38,0,0,0,0,0
1387,703364823567,ELITE TIRE REPAIR KIT,HARDWARE,41.0,12,4.1,1.83,1.79,1.79,1.79,1.79,1.25,0.54,30.2,Stable,2.5,Stable,0.0,2025-04-11,2025-08-27,10,10,0,12,0,0,0,0,0,0,0,0,0
1388,024100191338,CHEEZ-IT 3OZ 6CT ORIGINAL,CANDYS,41.0,38,1.71,1.5,8.49,8.49,8.49,8.49,6.72,1.77,20.9,Stable,-1.0,Stable,0.0,2025-03-14,2025-09-03,2,24,0,0,0,0,38,0,0,0,0,0,0
1389,070137005889,BLK & MLD 25CT PT APPLE ,CIGARS,40.0,33,2.11,2.0,28.19,28.39,27.29,28.39,20.48,7.71,27.3,Stable,-0.4,Stable,0.2,2025-03-17,2025-08-31,6,19,0,0,0,0,0,0,33,0,0,0,0
1390,028200173508,VIRG SL GOLD 120 BOX 10CT,CIGARETTE,40.0,33,2.0,1.75,97.34,98.29,94.39,99.49,93.29,4.05,4.2,Stable,0.8,Stable,0.3,2025-03-19,2025-09-03,2,20,0,0,0,0,0,0,0,33,0,0,0
1391,PW16,PERRIER WATER 16.9OZ 24CT,DRINKS,40.0,16,4.0,3.33,23.99,23.99,23.99,23.99,20.99,3.0,12.5,Down,-17.9,Stable,0.0,2025-06-16,2025-09-01,4,10,0,0,0,0,0,0,16,0,0,0,0
1392,027200209576,PALL MALL SELECT RED 100 10CT,CIGARETTE,40.0,37,2.86,3.08,54.24,54.41,52.29,62.29,51.21,3.03,5.6,Stable,-0.2,Stable,-0.8,2025-05-27,2025-09-04,2,14,0,0,0,0,0,0,0,37,0,0,0
1393,4800060333201,KOTEX FRESHLINER 40CT,COSMETICS & BEAUTY,40.0,11,4.0,2.0,1.99,1.99,1.99,1.99,1.2,0.79,39.7,Down,-8.5,Stable,0.0,2025-04-19,2025-08-31,5,10,0,11,0,0,0,0,0,0,0,0,0
1394,070330633261,LGT BIC 50CT TRAY PLAYBOY,LIGHTERS,40.0,32,2.67,1.92,81.61,81.99,77.99,81.99,71.68,9.94,12.2,Down,-6.2,Stable,0.1,2025-03-11,2025-08-19,18,15,0,0,0,0,0,0,0,32,0,0,0
1395,070195594400,RED MAN 3OZ 6CT SILVER BLEND,LT-TAX PAID,40.0,27,2.5,1.17,52.99,52.99,52.99,52.99,49.93,3.06,5.8,Stable,0.6,Stable,0.0,2025-03-13,2025-08-11,25,16,0,0,0,0,0,0,0,27,0,0,0
1396,073100002557,CC SWEET SCOTCH SNUFF 12CT,T7 SMOKELESS GA,40.0,36,2.22,1.83,333.18,345.27,309.99,354.99,304.57,28.62,8.6,Stable,-1.2,Stable,0.8,2025-03-23,2025-09-04,1,18,0,0,0,0,0,0,0,0,0,36,0
1397,120057,VEGETABLE OIL 123 1LT,FOOD,40.0,13,3.64,1.58,4.49,4.49,4.49,4.49,3.36,1.13,25.1,Up,9.2,Stable,0.0,2025-03-13,2025-08-22,15,11,0,0,0,13,0,0,0,0,0,0,0
1398,842426172059,GT 4/1.19 4KS 15/4CT CLS GREEN,CIGAR GA,40.0,34,2.0,1.33,12.05,12.13,11.99,12.99,10.51,1.54,12.8,Stable,-1.5,Stable,0.1,2025-03-11,2025-09-04,1,20,0,0,0,0,0,34,0,0,0,0,0
1399,074182268008,SOFTSOAP HAND SOAP 7.5OZ 1CT,CLEANING PRODUCTS,40.0,10,5.0,3.0,1.89,1.93,1.79,1.99,1.22,0.67,35.6,Up,33.3,Stable,1.9,2025-03-18,2025-08-28,8,8,0,10,0,0,0,0,0,0,0,0,0
1400,810179220112,DA WOODS LEAF 20CT PLATINUM,LT-TAX-COLLECTED,40.0,33,2.22,2.33,13.49,13.49,13.49,13.49,10.99,2.5,18.5,Stable,2.5,Stable,0.0,2025-04-02,2025-09-01,4,18,0,0,0,0,0,33,0,0,0,0,0
1401,028200309914,L&M RED 100 BOX 10CT,CIGARETTE,40.0,28,2.35,2.08,81.01,81.54,78.39,82.39,77.03,3.98,4.9,Stable,4.6,Stable,0.3,2025-04-03,2025-09-03,2,17,0,0,0,0,0,0,0,28,0,0,0
1402,028200142405,MARL SOUTHERN CUT 10CT,CIGARETTE,40.0,37,1.9,1.67,81.85,82.99,79.39,83.39,78.25,3.6,4.4,Stable,0.3,Stable,0.3,2025-03-13,2025-09-04,2,21,0,0,0,0,0,0,0,37,0,0,0
1403,810159861571,LOOSE LEAF 2/1.99 20CT RUS GLD,LT-TAX-COLLECTED,40.0,27,10.0,0.0,24.99,24.99,24.99,24.99,18.22,6.77,27.1,Down,-20.0,Stable,-0.0,2025-04-27,2025-05-20,109,4,0,0,0,0,0,0,27,0,0,0,0
1404,305210221277,Q-TIPS PURSE PACK SWABS 30CT,HOUSEHOLD GOODS,40.0,9,6.67,0.92,1.31,1.39,1.29,1.49,1.1,0.21,16.2,Down,-18.0,Stable,2.2,2025-03-12,2025-09-03,2,6,0,9,0,0,0,0,0,0,0,0,0
1405,022000159465,WR EXTRA 10CT WINTERFRESH,GUMS/CHICLETS,40.0,40,1.6,1.5,12.99,12.99,12.99,12.99,10.84,2.15,16.5,Stable,-0.7,Stable,0.0,2025-03-12,2025-09-04,1,25,0,0,0,0,0,40,0,0,0,0,0
1406,3070-1,NOVA PAPER TOWEL 1CT,HOUSEHOLD GOODS,40.0,8,5.0,0.5,1.29,1.29,1.29,1.29,0.73,0.56,43.4,Down,-5.2,Stable,0.0,2025-03-26,2025-07-14,54,8,0,8,0,0,0,0,0,0,0,0,0
1407,725262730709,PIXIE DUST CB9A PRE ROLLS 10CT,CBD/HEMP,40.0,4,10.0,2.33,30.0,30.0,30.00,30.00,25.0,5.0,16.7,Up,40.0,Stable,0.0,2025-05-07,2025-07-15,53,4,0,0,0,0,0,0,4,0,0,0,0
1408,701980365720,FLYING H 8.5G ORCHARD MDLY 5CT,ECIG - DISP D8,40.0,21,3.33,2.75,80.29,80.18,77.50,82.50,73.75,6.54,8.1,Up,5.5,Stable,-0.1,2025-03-10,2025-09-05,1,12,0,0,0,0,0,0,0,21,0,0,0
1409,725272733554,FLYING H PRE ROLL 2GM DIA 30CT,CBD/HEMP,40.0,23,3.64,1.58,88.93,87.68,85.00,99.99,80.0,8.93,10.0,Up,6.8,Stable,-0.4,2025-03-13,2025-09-05,1,11,0,0,0,0,0,0,0,23,0,0,0
1410,817127020800,SHOW 5/$1 15/5CT RUSSIAN GEM,CIGARS,40.0,40,2.35,1.42,10.69,10.69,10.69,10.69,7.34,3.35,31.4,Stable,1.4,Stable,-0.0,2025-03-13,2025-09-05,1,17,0,0,0,0,0,40,0,0,0,0,0
1411,073100019067,SKOAL LC PEACH 5CT,T7 SMOKELESS GA,40.0,27,2.22,1.5,29.98,30.62,28.99,30.79,28.52,1.47,4.9,Stable,2.2,Stable,0.4,2025-03-12,2025-08-29,8,18,0,0,0,0,0,0,27,0,0,0,0
1412,842426181082,GT 3/1.29 HD 15/3CT STRBRY CRM,CIGAR GA,40.0,34,2.11,1.5,13.49,13.49,13.49,13.49,11.92,1.57,11.6,Stable,-1.9,Stable,0.0,2025-03-15,2025-08-24,12,19,0,0,0,0,0,34,0,0,0,0,0
1413,810159861359,LOOSE LEAF 2/1.99 20CT NAT LEF,LT-TAX-COLLECTED,40.0,29,6.67,0.08,24.99,24.99,24.99,24.99,18.0,6.99,28.0,Stable,-4.3,Stable,-0.0,2025-04-26,2025-08-23,14,6,0,0,0,0,0,0,29,0,0,0,0
1414,087393246154,RAVE MENTHON 100 BOX 10CT,CIGARETTE,40.0,33,1.74,1.33,75.84,77.79,72.79,77.79,73.93,1.91,2.5,Stable,0.0,Stable,0.4,2025-03-11,2025-09-03,2,23,0,0,0,0,0,0,0,33,0,0,0
1415,686547826978,FLYING H 5G 3IN1 STONER 6CT,ECIG - DISP D8,40.0,11,8.0,3.33,52.5,52.5,50.00,60.00,45.0,7.5,14.3,Down,-21.2,Stable,1.4,2025-07-24,2025-09-04,2,5,0,0,0,0,0,0,0,11,0,0,0
1416,792554104029,LIL DRUG TOE NAIL CLIPPER 1CT,COSMETICS & BEAUTY,40.0,8,5.71,1.25,1.49,1.49,1.49,1.49,1.03,0.46,31.1,Down,-28.1,Stable,0.0,2025-03-18,2025-08-09,28,7,0,8,0,0,0,0,0,0,0,0,0
1417,073100010651,RED SEAL LC WINTERGREEN 5CT,T7 SMOKELESS GA,40.0,3,40.0,0.0,23.29,23.29,23.29,23.29,22.15,1.14,4.9,Stable,0.0,Stable,0.0,2025-03-18,2025-03-22,167,1,0,0,0,0,0,0,3,0,0,0,0
1418,666186072097,CANABZY PRE ROLL 3GM 5/2CT,CBD/HEMP,40.0,11,5.71,1.75,31.36,30.83,30.00,32.50,24.84,6.52,20.8,Down,-5.6,Stable,-1.3,2025-04-16,2025-08-13,24,7,0,0,0,0,0,0,11,0,0,0,0
1419,KR46,KINGSFORD RED 4LB 6CT,HOUSEHOLD GOODS,39.0,38,2.29,1.67,39.99,39.99,39.99,39.99,30.62,9.37,23.4,Stable,-4.0,Stable,0.0,2025-04-01,2025-09-02,3,17,0,0,0,0,0,0,38,0,0,0,0
1420,719499005372,HIGH HEMP WRAPS 25CT BANANAGOO,BLUNT WRAP,39.0,22,3.0,2.08,9.26,8.99,0.00,11.99,7.18,2.08,22.5,Stable,3.8,Stable,1.3,2025-03-11,2025-09-04,1,13,5,0,0,0,0,17,0,0,0,0,0
1421,854040005262,TWEAKER $1.99 XS 12CT SR APL,VITAMINS,39.0,27,2.17,2.17,12.49,12.49,12.49,12.49,10.72,1.77,14.2,Stable,2.7,Stable,0.0,2025-03-16,2025-08-20,16,18,0,0,0,0,0,27,0,0,0,0,0
1422,878848237380,PROTOUCH CLEAR TAPE 3CT,STATIONARY,39.0,14,3.9,2.83,1.28,1.45,0.99,1.79,0.51,0.77,59.9,Up,19.7,Up,8.6,2025-04-03,2025-09-04,2,10,8,6,0,0,0,0,0,0,0,0,0
1423,KOOL48,KOOLAID MIX ALL  FLAVOR 48CT,FOOD,39.0,13,4.33,1.58,16.99,16.99,16.99,16.99,13.5,3.49,20.5,Down,-12.7,Stable,0.0,2025-03-29,2025-08-26,10,9,0,0,0,0,0,13,0,0,0,0,0
1424,6291100731794,AL FAKHER 10 X 50GM ORAN/MINT,LT-TAX PAID,39.0,28,2.44,1.17,17.2,17.99,16.25,17.99,16.21,0.98,5.7,Stable,1.4,Stable,0.7,2025-03-24,2025-07-28,40,16,0,0,0,0,0,28,0,0,0,0,0
1425,LC30,LIGHTER CLIP PREMIUM 30CT,NOVELTY ITEMS,39.0,39,1.95,1.58,29.91,29.99,27.00,29.99,21.99,7.92,26.5,Stable,1.3,Stable,0.0,2025-03-10,2025-09-02,3,20,0,0,0,0,0,0,39,0,0,0,0
1426,766679206241,HEAT EIGHTIES TABLETS 10/6CT,KRATOM,39.0,17,6.5,3.25,240.76,240.76,228.00,250.00,220.0,20.76,8.6,Down,-15.4,Stable,-0.1,2025-08-01,2025-09-05,1,6,0,0,0,0,0,0,0,0,0,17,0
1427,854915001368,AMERICA FRESH DETERGENT 1LD5PK,CLEANING PRODUCTS,39.0,2,19.5,0.83,0.99,0.99,0.99,0.99,0.06,0.93,93.6,Down,-97.4,Stable,0.0,2025-03-27,2025-06-18,80,2,2,0,0,0,0,0,0,0,0,0,0
1428,872181000540,FLIPZ WHITE FUDGE 5OZ PEGS,CANDYS,39.0,10,5.57,1.75,3.29,3.29,3.29,3.29,2.72,0.57,17.4,Stable,-2.6,Stable,-0.0,2025-03-10,2025-08-12,25,7,0,0,0,10,0,0,0,0,0,0,0
1429,044000082130,OREO GOLDEN DBLESTUFF KS 12CT,COOKIES,39.0,39,3.0,0.75,21.99,21.99,21.99,21.99,17.58,4.41,20.1,Down,-7.3,Stable,0.0,2025-03-13,2025-08-18,18,13,0,0,0,0,0,0,39,0,0,0,0
1430,BKPK3,BACKPACK 3PCS SET 1CT,NOVELTY ITEMS,39.0,6,9.75,3.25,14.42,14.42,13.50,16.00,10.99,3.43,23.8,Down,-25.6,Stable,2.2,2025-06-19,2025-08-09,28,4,0,0,0,0,0,6,0,0,0,0,0
1431,842426182799,GT WOODS NP 15/2CT DK ED WHITE,CIGAR GA,39.0,22,19.5,3.25,21.49,21.49,21.49,21.49,19.61,1.88,8.7,Up,56.4,Stable,0.0,2025-08-29,2025-09-05,0,2,0,0,0,0,0,0,22,0,0,0,0
1432,073100011856,SKOAL POUCH MINT 5CT,T7 SMOKELESS GA,39.0,24,2.17,1.75,29.87,30.25,28.99,30.79,28.71,1.17,3.9,Stable,1.2,Stable,0.3,2025-03-15,2025-09-05,1,18,0,0,0,0,0,0,24,0,0,0,0
1433,784762071613,ZIG ZAG WRAP 2/99 25/2CT APPLE,BLUNT WRAP,39.0,13,3.9,1.83,14.99,14.99,14.99,14.99,13.75,1.24,8.3,Stable,-1.7,Stable,0.0,2025-03-28,2025-09-04,1,10,0,0,0,0,0,13,0,0,0,0,0
1434,817458027097,WILDHEMP WRAP 4/99 20CT PURPZ,BLUNT WRAP,39.0,29,2.29,2.0,12.09,11.46,0.00,12.99,9.5,2.59,21.4,Stable,1.6,Stable,-0.7,2025-03-16,2025-09-04,2,17,2,0,0,0,0,27,0,0,0,0,0
1435,10888109010017,HOSTESS CUPCAKE 6CT - CHOC,FOOD,39.0,38,1.77,1.17,9.99,9.99,9.99,9.99,8.15,1.84,18.4,Stable,-3.4,Stable,0.0,2025-03-14,2025-08-31,6,22,0,0,0,0,38,0,0,0,0,0,0
1436,SKY25K,GEEK SKY 25K PUFFS DISP 5CT,ELECTRONIC CIG,38.0,14,3.8,2.58,52.28,52.46,48.00,53.99,48.0,4.28,8.2,Down,-14.4,Stable,-0.0,2025-03-19,2025-08-22,15,10,0,0,0,0,0,0,1,13,0,0,0
1437,683950658318,MIT 45 SUPER K XTRA STRNG 12CT,VITAMINS,38.0,28,3.17,0.17,134.64,135.0,129.00,141.00,127.0,7.64,5.7,Stable,-1.3,Stable,0.2,2025-03-10,2025-08-27,9,12,0,0,0,0,0,0,0,0,28,0,0
1438,855553008443,NEON BUTANE 11X 25.36OZ 1CT ,LIGHTERS,38.0,10,6.33,2.08,3.49,3.49,3.49,3.49,2.5,0.99,28.4,Up,16.2,Stable,-0.0,2025-05-03,2025-08-25,11,6,0,0,0,10,0,0,0,0,0,0,0
1439,819721010416,BLUNTVILLE CIG 25CT WHT VANILA,CIGARS,38.0,23,2.38,0.75,23.45,23.49,22.50,23.49,15.75,7.7,32.8,Stable,-4.2,Stable,0.0,2025-03-23,2025-09-02,4,16,0,0,0,0,0,0,23,0,0,0,0
1440,090600301430,FORTUNA MENTHOL BOX 10CT,CIGARETTE,38.0,31,2.24,1.75,77.28,78.86,73.59,79.39,73.81,3.47,4.5,Stable,1.5,Stable,0.5,2025-03-11,2025-08-23,14,17,0,0,0,0,0,0,0,31,0,0,0
1441,044000078379,OREO COOKIES SS 10PK,COOKIES,38.0,32,2.24,1.25,7.52,7.56,7.49,7.99,5.9,1.62,21.5,Stable,-1.3,Stable,0.1,2025-03-14,2025-08-20,16,17,0,0,0,0,32,0,0,0,0,0,0
1442,073100011887,RED SEAL FC WINTERGREEN 5CT,T7 SMOKELESS GA,38.0,2,19.0,0.0,23.29,23.29,23.29,23.29,21.82,1.46,6.3,Down,-178.9,Stable,0.0,2025-03-18,2025-03-31,159,2,0,0,0,0,0,0,2,0,0,0,0
1443,643375878753,OPMS BLACK CAP 3CT/10PK,VITAMINS,38.0,28,2.38,0.83,136.96,138.89,130.00,145.00,124.71,12.25,8.9,Stable,-4.8,Stable,0.2,2025-03-10,2025-08-28,8,16,0,0,0,0,0,0,0,0,28,0,0
1444,719499005174,HIGH HEMP WRAPS 25CT HYD LEM,BLUNT WRAP,38.0,18,3.17,2.42,8.66,8.72,0.00,11.99,7.17,1.49,17.2,Stable,2.2,Stable,1.1,2025-03-17,2025-09-03,3,12,5,0,0,0,0,13,0,0,0,0,0
1445,716165178439,RAW CLASSIC 1 1/2  1.5 25CT,CIG ROLLING PAPER,38.0,34,2.0,1.5,18.81,17.49,0.00,19.99,12.49,6.32,33.6,Stable,1.3,Stable,-0.6,2025-03-11,2025-09-04,1,19,2,0,0,0,0,32,0,0,0,0,0
1446,716053604422,CELLTEKK CTD USB C IPHONE 10CT,CELLUAR ACCESSORIES,38.0,28,2.24,1.67,14.95,14.92,14.00,14.99,11.0,3.95,26.4,Stable,-1.8,Stable,-0.0,2025-03-11,2025-09-03,2,17,0,0,0,0,0,28,0,0,0,0,0
1447,028200194909,MARL MENTHOL ICE BOX 10CT,CIGARETTE,38.0,31,2.24,1.58,84.96,86.06,81.99,87.09,81.06,3.9,4.6,Stable,1.2,Stable,0.3,2025-03-13,2025-08-30,7,17,0,0,0,0,0,0,0,31,0,0,0
1448,305730150200,ADVIL TABLETS BOTTLE 24CT,MEDICINE,38.0,9,5.43,0.25,4.92,4.99,4.69,4.99,3.9,1.02,20.7,Stable,2.0,Stable,1.1,2025-03-28,2025-06-11,87,7,0,0,0,9,0,0,0,0,0,0,0
1449,840170618045,VELO PLUS 9MG 5CT - WINTERGRN,NICOTINE POUCHES,38.0,32,2.24,2.33,21.65,21.72,21.49,21.99,20.39,1.25,5.8,Up,5.7,Stable,0.0,2025-04-01,2025-09-01,4,17,0,0,0,0,0,0,32,0,0,0,0
1450,858765008676,SHOW 5/$1 15/5CT WET & FRUITY,CIGARS,38.0,38,2.24,1.25,10.69,10.69,10.69,10.69,7.5,3.19,29.8,Stable,-4.4,Stable,0.0,2025-03-10,2025-08-23,14,17,0,0,0,0,0,38,0,0,0,0,0
1451,784762078919,ZIG ZAG WRAP 4/99 15/4CT GOLD,BLUNT WRAP,38.0,36,1.81,1.5,10.99,10.99,10.99,10.99,10.02,0.97,8.9,Stable,-0.9,Stable,0.0,2025-03-12,2025-09-04,1,21,0,0,0,0,0,36,0,0,0,0,0
1452,025900359041,SS LEAF 10/3CT - PEACH BRANDY,CIGARS,38.0,24,2.92,0.75,26.2,26.82,25.99,26.99,19.32,6.88,26.3,Down,-16.7,Stable,0.4,2025-03-10,2025-08-20,16,13,0,0,0,0,0,0,24,0,0,0,0
1453,4800888221872,DOVE DEO INV SOL 1.4OZ,COSMETICS & BEAUTY,38.0,7,6.33,1.5,2.69,2.69,2.69,2.69,1.95,0.74,27.5,Up,17.1,Stable,0.0,2025-03-28,2025-08-05,31,6,0,0,7,0,0,0,0,0,0,0,0
1454,OC15,OCEAN SPRAY 15.2 OZ 12CT,DRINKS,38.0,23,2.11,2.0,20.99,20.99,20.99,20.99,19.8,1.19,5.7,Stable,0.5,Stable,0.0,2025-03-15,2025-08-27,9,18,0,0,0,0,0,0,23,0,0,0,0
1455,ROCK70,ROCK IT GUMMIES D8 70CT JAR,CBD/HEMP,38.0,28,2.71,2.58,56.34,56.25,50.00,65.00,45.0,11.34,20.1,Up,9.2,Stable,-0.3,2025-05-10,2025-09-01,4,14,0,0,0,0,0,0,0,28,0,0,0
1456,6291100730629,AL FAKHER 10 X 50GM WMLN MNT ,LT-TAX PAID,37.0,22,2.18,1.08,16.56,16.39,0.00,18.99,16.39,0.17,1.0,Stable,-3.9,Stable,-1.2,2025-03-19,2025-09-01,5,17,1,0,0,0,0,21,0,0,0,0,0
1457,763527447610,FLYING H 2.5GM 5CT THCP BLEND,ECIG - DISP D8,37.0,12,4.11,1.33,40.71,40.6,39.50,42.50,37.5,3.21,7.9,Stable,-2.4,Stable,0.3,2025-04-08,2025-07-30,37,9,0,0,0,0,0,0,12,0,0,0,0
1458,031700239056,GAME LEAF 2/1.49 15/2CT PCH SA,CIGARS,37.0,28,1.95,1.08,16.99,16.99,16.99,16.99,12.41,4.58,26.9,Stable,0.3,Stable,0.0,2025-03-12,2025-08-10,26,19,0,0,0,0,0,28,0,0,0,0,0
1459,666186076422,7OXIE PSEUDO 40MG TABS 10/6CT,KRATOM,37.0,8,7.4,3.08,149.75,149.75,138.00,155.00,135.0,14.75,9.8,Down,-55.4,Stable,1.0,2025-07-22,2025-08-26,11,5,0,0,0,0,0,0,0,0,8,0,0
1460,428991,GRIZZLY FC WINTERGREEN 5CT,T7 SMOKELESS GA,37.0,22,2.47,1.83,25.64,26.03,24.69,26.49,24.4,1.24,4.8,Stable,0.1,Stable,0.5,2025-03-18,2025-09-03,2,15,0,0,0,0,0,0,22,0,0,0,0
1461,676979860015,UNIVERSAL RUBBING ALCOHOL 50%,CLEANING PRODUCTS,37.0,10,7.4,3.08,1.79,1.79,1.79,1.79,1.15,0.64,35.8,Down,-20.3,Stable,0.0,2025-08-05,2025-08-31,6,5,0,10,0,0,0,0,0,0,0,0,0
1462,716053607119,CELLTEKK BT HEADSET W21TWS,CELLUAR ACCESSORIES,37.0,9,4.11,1.58,9.99,9.99,9.99,9.99,7.99,2.0,20.0,Stable,1.6,Stable,0.0,2025-05-06,2025-08-10,27,9,0,0,0,0,9,0,0,0,0,0,0
1463,720495900653,TGIF POTATO SKINS 2.25OZ,FOOD,37.0,3,12.33,0.0,1.69,1.69,1.69,1.69,1.4,0.29,17.0,Down,-40.5,Stable,0.0,2025-03-12,2025-04-12,147,3,0,3,0,0,0,0,0,0,0,0,0
1464,6291108166796,AL FAKHER 250GM MINT ,LT-TAX PAID,37.0,10,4.11,0.92,10.04,10.16,9.99,10.49,8.8,1.24,12.4,Up,6.1,Stable,0.3,2025-03-11,2025-09-04,2,9,0,0,0,0,9,1,0,0,0,0,0
1465,111213142736,EARTH KRATOM POWDER 30G,CBD/HEMP,37.0,4,9.25,2.17,3.0,3.0,3.00,3.00,2.5,0.5,16.7,Up,57.3,Stable,0.0,2025-04-08,2025-07-28,39,4,0,0,0,4,0,0,0,0,0,0,0
1466,840158609232,FRE 9MG POUCH 5CT LUSH,NICOTINE POUCHES,37.0,9,6.17,3.08,20.16,20.16,19.99,20.49,19.5,0.66,3.3,Stable,2.3,Stable,-0.0,2025-07-12,2025-09-04,2,6,0,0,0,0,0,6,3,0,0,0,0
1467,810110044326,LOOPER WHIPS ORG 1L N20 1CT,MISC,37.0,5,7.4,1.58,15.8,14.99,14.99,16.50,14.0,1.8,11.4,Up,60.8,Stable,-2.2,2025-04-24,2025-06-11,87,5,0,0,0,0,0,5,0,0,0,0,0
1468,CORE700,CORE WATER 700ML 15CT,DRINKS,37.0,23,2.47,1.17,18.99,18.99,18.99,18.99,12.99,6.0,31.6,Stable,0.1,Stable,0.0,2025-03-14,2025-08-21,16,15,0,0,0,0,0,23,0,0,0,0,0
1469,022000106964,WR SLIM 10CT - SPEARMINT,GUMS/CHICLETS,37.0,37,1.68,1.5,11.99,11.99,11.99,11.99,9.43,2.56,21.3,Stable,1.8,Stable,-0.0,2025-03-12,2025-09-05,1,22,0,0,0,0,0,37,0,0,0,0,0
1470,855022005324,ON! 8MG 5CT - CITRUS,NICOTINE POUCHES,37.0,25,2.31,1.42,17.49,17.49,17.49,17.49,16.1,1.39,7.9,Stable,-0.8,Stable,0.0,2025-03-14,2025-09-03,2,16,0,0,0,0,0,25,0,0,0,0,0
1471,814057002913,SHIELD SILVER 100 BOX 10CT,CIGARETTE,37.0,10,4.11,1.17,42.79,42.79,42.79,42.79,41.65,1.14,2.7,Down,-7.3,Stable,0.0,2025-03-17,2025-09-04,1,9,0,0,0,0,0,0,10,0,0,0,0
1472,090500100553,KOOL MENTHOL BLACK BX 10CT,CIGARETTE,37.0,27,1.95,1.83,83.52,84.29,80.89,84.49,79.68,3.85,4.6,Stable,2.7,Stable,0.2,2025-03-11,2025-09-02,3,19,0,0,0,0,0,0,0,27,0,0,0
1473,073390008376,AIR HEADS 18CT XT RAINBOW BRY,CANDYS,37.0,36,1.95,1.5,21.99,21.99,21.99,21.99,17.68,4.31,19.6,Stable,2.0,Stable,0.0,2025-03-20,2025-08-22,15,19,0,0,0,0,0,0,36,0,0,0,0
1474,784762081124,ZIG ZAG WOODS 15/2CT SLK BERRS,CIGARS,37.0,7,9.25,3.08,14.35,14.35,14.29,14.69,10.95,3.4,23.7,Up,9.7,Stable,-0.8,2025-07-24,2025-09-04,2,4,0,0,0,0,0,7,0,0,0,0,0
1475,666186076347,7OXIE PSEUDO 80MG TABS 10/3CT,KRATOM,36.0,9,9.0,3.0,122.44,122.44,112.50,130.00,110.0,12.44,10.2,Down,-80.0,Stable,2.0,2025-07-20,2025-08-14,22,4,0,0,0,0,0,0,0,0,9,0,0
1476,784762081186,ZIG ZAG WOODS 15/2CT CREME RYL,CIGARS,36.0,6,9.0,3.0,14.36,14.36,14.29,14.69,10.95,3.41,23.7,Up,6.7,Stable,-0.8,2025-07-24,2025-09-04,2,4,0,0,0,0,0,6,0,0,0,0,0
1477,031700237847,WO 2/1.19 30/2CT TROPICAL TWIS,CIGARS,36.0,34,2.0,1.0,25.99,25.99,25.99,25.99,19.88,6.11,23.5,Stable,-5.0,Stable,0.0,2025-03-16,2025-09-05,1,18,0,0,0,0,0,0,34,0,0,0,0
1478,784762081155,ZIG ZAG WOODS 15/2CT SWT AROMA,CIGARS,36.0,6,9.0,3.0,14.36,14.36,14.29,14.69,10.95,3.41,23.7,Up,6.7,Stable,-0.8,2025-07-24,2025-09-04,2,4,0,0,0,0,0,6,0,0,0,0,0
1479,784762078117,ZIG ZAG WRAP 4/99 15/4CT GRAP,BLUNT WRAP,36.0,32,1.8,1.08,10.99,10.99,10.99,10.99,10.05,0.94,8.6,Stable,-2.2,Stable,-0.0,2025-03-10,2025-09-01,5,20,0,0,0,0,0,32,0,0,0,0,0
1480,649964321037,RUSH $1.99 12MG 5CT BERRY ICE,NICOTINE POUCHES,36.0,5,7.2,2.0,5.99,5.99,5.99,5.99,5.0,0.99,16.5,Down,-16.7,Stable,0.0,2025-06-02,2025-08-25,12,5,0,0,0,0,5,0,0,0,0,0,0
1481,849205023434,VUSE MENTHOL 2.4% 5/4CT,ECIG - PODS,36.0,31,2.0,1.42,104.09,104.19,103.99,106.99,101.28,2.81,2.7,Stable,0.1,Stable,0.1,2025-03-15,2025-08-24,12,18,0,0,0,0,0,0,0,0,31,0,0
1482,038000317309,POP TARTS 6CT STRAWBERRY,COOKIES,36.0,35,1.8,1.58,5.99,5.99,5.99,5.99,4.54,1.45,24.2,Stable,-1.0,Stable,0.0,2025-03-13,2025-09-01,5,20,0,0,0,0,35,0,0,0,0,0,0
1483,070137500421,BLK & MLD 10/5PK PT CREAM ,CIGAR GA,36.0,29,1.89,1.25,56.11,56.69,54.59,56.69,49.16,6.95,12.4,Stable,-2.2,Stable,0.2,2025-03-11,2025-08-25,11,19,0,0,0,0,0,0,0,29,0,0,0
1484,037000746577,BOUNTY PAPER TOWEL 1CT,CLEANING PRODUCTS,36.0,8,6.0,0.5,1.39,1.39,1.39,1.39,0.89,0.5,36.0,Down,-41.9,Stable,0.0,2025-03-14,2025-07-24,44,6,0,8,0,0,0,0,0,0,0,0,0
1485,PCG4-90,"PIPE 4"" CLEAR GLASS 90CT P1565",NOVELTY ITEMS,36.0,36,1.89,1.33,18.53,18.15,0.00,19.99,10.0,8.53,46.0,Stable,-5.0,Stable,0.5,2025-03-10,2025-08-31,5,19,1,0,0,0,0,35,0,0,0,0,0
1486,044000006778,RITZ BITZ BIG BAG 3OZ 1CT,COOKIES,36.0,7,5.14,1.17,1.49,1.49,1.49,1.49,1.3,0.19,13.1,Stable,2.1,Stable,0.0,2025-05-07,2025-08-10,26,7,0,7,0,0,0,0,0,0,0,0,0
1487,18666,STP 18666 PWR STR/STP LEAK 6CT,AUTOMOTIVE,36.0,35,2.0,1.92,17.99,17.99,17.99,17.99,11.75,6.24,34.7,Stable,1.8,Stable,0.0,2025-03-18,2025-08-28,8,18,0,0,0,0,0,35,0,0,0,0,0
1488,649964321051,RUSH $1.99 12MG 5CT MANGO FRZ,NICOTINE POUCHES,36.0,5,7.2,2.0,5.99,5.99,5.99,5.99,5.0,0.99,16.5,Down,-15.3,Stable,0.0,2025-06-02,2025-08-25,12,5,0,0,0,0,5,0,0,0,0,0,0
1489,813805000676,EFRUTTI GUMMI CANDY 2.06OZ ,CANDYS,36.0,1,36.0,3.0,2.59,2.59,2.59,2.59,2.08,0.51,19.7,Stable,0.0,Stable,0.0,2025-07-09,2025-07-09,59,1,0,0,1,0,0,0,0,0,0,0,0
1490,801822003114,FLEXIBLE STRAW 150 PC,HOUSEHOLD GOODS,36.0,3,12.0,1.0,1.49,1.49,1.49,1.49,0.45,1.04,69.8,Stable,0.0,Stable,0.0,2025-04-13,2025-08-05,31,3,0,3,0,0,0,0,0,0,0,0,0
1491,649964321013,RUSH $1.99 6MG 5CT MINT,NICOTINE POUCHES,36.0,4,9.0,1.83,5.99,5.99,5.99,5.99,5.0,0.99,16.5,Stable,-4.4,Stable,0.0,2025-06-02,2025-08-25,12,4,0,0,0,0,4,0,0,0,0,0,0
1492,027200731527,PALL MALL ORANGE 100 BOX 10CT,CIGARETTE,36.0,33,1.89,1.58,78.65,79.34,76.69,80.29,75.82,2.84,3.6,Stable,2.7,Stable,0.3,2025-03-18,2025-09-01,4,19,0,0,0,0,0,0,0,33,0,0,0
1493,EFRUTTI,EFRUTTI GUMMI PEG  3.5OZ 1CT,CANDYS,36.0,2,18.0,2.58,1.09,1.09,1.09,1.09,0.76,0.33,29.8,Up,144.4,Stable,0.0,2025-04-28,2025-07-15,53,2,0,2,0,0,0,0,0,0,0,0,0
1494,731946010593,PEPCID COMPLETE 25/1CT,MEDICINE,36.0,36,1.57,1.5,9.99,9.99,9.99,9.99,7.5,2.49,24.9,Stable,1.0,Stable,-0.0,2025-03-11,2025-09-02,3,23,0,0,0,0,36,0,0,0,0,0,0
1495,96125571,DOVE ROLL-ON MEN 50ML 1CT,COSMETICS & BEAUTY,36.0,6,6.0,0.5,1.89,1.89,1.89,1.89,1.25,0.64,33.9,Stable,0.0,Stable,0.0,2025-04-03,2025-06-16,82,6,0,6,0,0,0,0,0,0,0,0,0
1496,400375381542,KODAK AA BATTERY 4PK,BATTERY,36.0,3,12.0,2.0,1.49,1.49,1.49,1.49,0.65,0.84,56.4,Stable,0.0,Stable,0.0,2025-04-13,2025-08-15,22,3,0,3,0,0,0,0,0,0,0,0,0
1497,VITAPP2,VITA PILLS DOUBLE PREMIUM 20CT,VITAMINS,36.0,25,3.27,2.67,24.58,24.67,20.00,28.00,17.84,6.74,27.4,Stable,2.8,Stable,0.1,2025-03-12,2025-08-23,14,11,0,0,0,0,0,0,25,0,0,0,0
1498,655708019498,MORTIN IB TABLET 25/2CT,MEDICINE,36.0,35,3.27,1.67,9.49,9.49,9.49,9.49,7.0,2.49,26.2,Up,8.9,Stable,0.0,2025-03-13,2025-07-08,60,11,0,0,0,0,35,0,0,0,0,0,0
1499,681467003522,SENECA RED KING BOX 10CT,CIGARETTE,36.0,24,2.12,1.58,31.57,31.99,30.99,31.99,29.69,1.88,6.0,Stable,3.5,Stable,0.3,2025-03-21,2025-09-02,3,17,0,0,0,0,0,0,24,0,0,0,0
1500,034000196395,HERSHEYS CKIS N CREAM KS 18CT,CANDYS,36.0,36,1.64,1.17,36.41,35.92,33.99,36.99,29.16,7.25,19.9,Stable,-4.2,Stable,-0.1,2025-03-16,2025-09-02,3,22,0,0,0,0,0,0,36,0,0,0,0
1501,815556020071,MIDOL COMPLETE 20/2CT,MEDICINE,35.0,26,2.33,1.67,11.99,11.99,11.99,11.99,8.99,3.0,25.0,Down,-6.1,Stable,0.0,2025-04-24,2025-08-24,13,15,0,0,0,0,0,26,0,0,0,0,0
1502,842426183840,GT WOODS NP 15/2CT DARK RUSS,CIGAR GA,35.0,17,17.5,2.92,21.49,21.49,21.49,21.49,19.61,1.88,8.7,Up,51.4,Stable,0.0,2025-08-29,2025-09-04,1,2,0,0,0,0,0,0,17,0,0,0,0
1503,070330618961,LGT BIC 50CT TRAY ASTROLOGY,LIGHTERS,35.0,33,2.33,0.67,64.9,65.99,63.99,65.99,54.0,10.9,16.8,Stable,-4.6,Stable,0.3,2025-03-12,2025-07-24,43,15,0,0,0,0,0,0,0,33,0,0,0
1504,025900345549,SS 2/$1.39 30/2CT - GRAPE,CIGARS,35.0,22,11.67,2.92,31.49,31.49,31.49,31.49,24.3,7.19,22.8,Down,-64.3,Stable,0.0,2025-08-17,2025-09-05,1,3,0,0,0,0,0,0,22,0,0,0,0
1505,842426183000,GT WOODS NP 15/2CT DK ED AROMA,CIGAR GA,35.0,16,17.5,2.92,21.49,21.49,21.49,21.49,19.61,1.88,8.7,Up,62.9,Stable,0.0,2025-08-30,2025-09-04,1,2,0,0,0,0,0,0,16,0,0,0,0
1506,725272751282,HIGH GR PRE ROLL 1..5G 25CT,CBD/HEMP,35.0,10,11.67,2.92,48.5,48.5,47.50,52.50,42.5,6.0,12.4,Down,-64.3,Stable,-0.5,2025-08-13,2025-09-04,2,3,0,0,0,0,0,0,9,1,0,0,0
1507,ICEBAG8,BAG ICE 7/8 LB W/STRING 400CT.,SHOPPING BAGS,35.0,27,2.06,1.83,23.99,23.99,23.99,23.99,14.5,9.49,39.6,Stable,0.1,Stable,0.0,2025-03-17,2025-08-25,12,17,0,0,0,0,0,0,27,0,0,0,0
1508,842426183901,GT WOODS NP 15/2CT DARK VANILA,CIGAR GA,35.0,19,17.5,2.92,21.49,21.49,21.49,21.49,19.61,1.88,8.7,Up,5.7,Stable,-0.0,2025-08-29,2025-09-05,1,2,0,0,0,0,0,0,19,0,0,0,0
1509,071610341180,DM 2/1.29 30/2CT SWEET FUSION,CIGARS,35.0,30,2.06,1.33,29.99,29.99,29.99,29.99,23.4,6.59,22.0,Stable,-2.6,Stable,0.0,2025-03-18,2025-09-02,4,17,0,0,0,0,0,0,30,0,0,0,0
1510,855858509225,LUMPS CHERRY 120CT,CANDYS,35.0,25,2.19,1.67,10.99,10.99,10.99,10.99,8.4,2.59,23.6,Up,6.5,Stable,0.0,2025-03-15,2025-08-28,8,16,0,0,0,0,0,25,0,0,0,0,0
1511,067742399991,NATURAL INHALER QUICK ACTION 1,HOUSEHOLD GOODS,35.0,7,5.0,1.58,1.79,1.79,1.79,1.79,0.69,1.1,61.5,Up,19.3,Stable,-0.0,2025-03-14,2025-09-04,1,7,0,7,0,0,0,0,0,0,0,0,0
1512,9344483839049,LOST THC 7.0GM THCP DISP 5CT,ECIG - DISP D8,35.0,9,4.38,0.25,74.5,74.5,72.50,77.50,63.75,10.75,14.4,Down,-14.4,Stable,0.5,2025-03-13,2025-07-14,54,8,0,0,0,0,0,0,0,9,0,0,0
1513,6944399300508,SCRUBBING SPONGE 2SIDED,HOUSEHOLD GOODS,35.0,9,5.83,0.58,0.52,0.59,0.00,0.59,0.03,0.49,93.4,Down,-7.3,Stable,3.4,2025-03-16,2025-06-20,78,6,9,0,0,0,0,0,0,0,0,0,0
1514,071153785724,STP 78572 WATER REMOVER 1CT,AUTOMOTIVE,35.0,10,4.38,1.67,2.99,2.99,2.99,2.99,1.71,1.28,42.9,Stable,-4.6,Stable,0.0,2025-04-16,2025-08-18,18,8,0,0,10,0,0,0,0,0,0,0,0
1515,070137005421,BLK & MLD 25CT PT CREAM ,CIGAR GA,35.0,31,1.94,1.33,28.14,28.39,27.29,28.39,24.58,3.56,12.7,Stable,-2.6,Stable,0.2,2025-03-20,2025-09-04,1,18,0,0,0,0,0,0,31,0,0,0,0
1516,034856168027,WELCH'S FRUIT SNACKS TRAY 16CT,CANDYS,35.0,22,2.19,1.58,13.99,13.99,13.99,13.99,11.52,2.47,17.7,Stable,-0.2,Stable,0.0,2025-03-12,2025-09-01,4,16,0,0,0,0,0,22,0,0,0,0,0
1517,016000512580,BUGLES RANCH CHIPS 3OZ,FOOD,35.0,10,3.89,0.75,2.39,2.39,2.39,2.39,1.81,0.58,24.1,Up,6.0,Stable,0.0,2025-03-18,2025-08-07,29,9,0,0,10,0,0,0,0,0,0,0,0
1518,040000353874,TWIX CARAMEL KS 24CT,CANDYS,35.0,35,1.75,1.5,50.85,51.66,49.99,52.99,41.96,8.89,17.5,Stable,0.6,Stable,0.4,2025-03-18,2025-08-31,6,20,0,0,0,0,0,0,25,10,0,0,0
1519,840352525840,LOST THC 7.5GM THCP DISP 5CT,ECIG - DISP D8,35.0,15,2.92,0.75,78.13,79.4,75.00,81.00,70.65,7.48,9.6,Stable,3.0,Stable,-0.0,2025-03-22,2025-08-06,30,12,0,0,0,0,0,0,0,15,0,0,0
1520,RIF25K,RIFF BAR 40K PUFFS 5CT,ELECTRONIC CIG,35.0,9,8.75,2.92,47.22,47.22,44.99,50.00,39.27,7.95,16.8,Down,-10.3,Stable,-0.4,2025-06-20,2025-07-24,44,4,0,0,0,0,0,0,8,1,0,0,0
1521,819721011994,BLUNTVILLE .99 25CT BLUE,CIGARS,35.0,27,1.84,0.92,19.99,19.99,19.99,19.99,14.5,5.49,27.5,Stable,-2.6,Stable,0.0,2025-03-15,2025-08-31,5,19,0,0,0,0,0,27,0,0,0,0,0
1522,817458027318,WILDHEMP WRAP 4/99 20CT GELATO,BLUNT WRAP,35.0,18,2.92,0.58,12.1,11.13,0.00,12.99,9.5,2.6,21.5,Down,-17.4,Stable,0.0,2025-03-11,2025-08-21,15,12,1,0,0,0,0,17,0,0,0,0,0
1523,814859010918,SCALE AWS-600 600 x 0.1G 1CT,NOVELTY ITEMS,35.0,10,5.0,2.17,5.49,5.49,5.49,5.49,4.25,1.24,22.6,Up,10.0,Stable,-0.0,2025-03-11,2025-09-03,2,7,0,0,0,0,10,0,0,0,0,0,0
1524,716165252061,RAW CONES CL BLK K/S 32/3CT,CIG ROLLING PAPER,35.0,28,2.33,1.17,40.19,41.24,32.50,42.99,30.5,9.69,24.1,Stable,-0.3,Stable,0.6,2025-03-10,2025-08-29,8,15,0,0,0,0,0,0,28,0,0,0,0
1525,840170618168,VELO PLUS 9MG 5CT - SPEARMINT,NICOTINE POUCHES,35.0,28,2.5,2.5,21.58,21.6,21.49,21.99,20.28,1.3,6.0,Stable,4.5,Stable,-0.0,2025-05-10,2025-09-01,5,14,0,0,0,0,0,0,28,0,0,0,0
1526,6291108160251,AL FAKHER 10 X 50GM PEACH ,LT-TAX PAID,34.0,23,2.27,1.5,16.73,16.72,0.00,18.99,16.41,0.32,1.9,Stable,3.8,Stable,-0.4,2025-03-19,2025-09-01,5,15,1,0,0,0,0,22,0,0,0,0,0
1527,051000148797,CAMPBELLS CHUNKY MEAL 15.25OZ,FOOD,34.0,5,6.8,1.42,3.89,3.89,3.89,3.89,3.07,0.82,21.1,Up,5.9,Stable,-0.0,2025-03-11,2025-07-26,41,5,0,0,0,5,0,0,0,0,0,0,0
1528,D1L,DASANI WATER 1 LTR 12CT,WATER,34.0,19,2.83,1.83,19.99,19.99,19.99,19.99,17.41,2.58,12.9,Up,7.9,Stable,0.0,2025-03-15,2025-08-17,19,12,0,0,0,0,0,19,0,0,0,0,0
1529,840170618281,VELO PLUS 9MG 5CT - CITRUS CHL,NICOTINE POUCHES,34.0,28,2.27,2.42,21.6,21.62,21.49,21.99,20.46,1.14,5.3,Up,13.2,Stable,0.0,2025-03-21,2025-08-30,7,15,0,0,0,0,0,0,28,0,0,0,0
1530,MH001,VITA SM HONEY 12CT,VITAMINS,34.0,21,2.27,1.5,7.35,7.49,0.00,10.99,6.0,1.35,18.3,Stable,-3.3,Stable,1.3,2025-03-16,2025-09-02,3,15,1,0,0,0,17,3,0,0,0,0,0
1531,041294973755,PINE-SOL LIQUID 60OZ,CLEANING PRODUCTS,34.0,8,4.86,1.17,9.99,9.99,9.99,9.99,7.5,2.5,25.0,Down,-20.6,Stable,0.0,2025-04-27,2025-07-24,43,7,0,0,0,0,8,0,0,0,0,0,0
1532,027200209545,PALL MALL SELECT BLUE 100 10CT,CIGARETTE,34.0,31,2.62,2.5,54.3,54.59,52.29,62.29,51.21,3.09,5.7,Stable,-3.8,Stable,-1.0,2025-05-26,2025-09-04,2,13,0,0,0,0,0,0,0,31,0,0,0
1533,012300345293,CAMEL SNUS FROST LARGE 5CT,T7 SMOKELESS GA,34.0,23,2.12,1.33,33.12,33.24,32.99,33.49,30.24,2.88,8.7,Stable,-1.7,Stable,0.1,2025-04-06,2025-08-31,5,16,0,0,0,0,0,0,23,0,0,0,0
1534,037695158280,CAKEBITES FILLED CKIE TWIX 8CT,FOOD,34.0,33,1.89,0.92,13.99,13.99,13.99,13.99,10.88,3.11,22.2,Stable,-3.3,Stable,-0.0,2025-03-21,2025-09-02,3,18,0,0,0,0,0,33,0,0,0,0,0
1535,842426166867,GT 3/1.29 HD 15/3CT BERRY FUS,CIGAR GA,34.0,28,1.55,1.25,13.53,13.57,13.49,14.49,11.96,1.57,11.6,Stable,0.7,Stable,0.1,2025-03-15,2025-09-02,4,22,0,0,0,0,0,28,0,0,0,0,0
1536,022000107008,WR SLIM 10CT - WINTERFRESH,GUMS/CHICLETS,34.0,33,1.7,1.42,12.41,11.99,11.99,12.99,9.4,3.01,24.3,Stable,1.1,Stable,-0.6,2025-03-16,2025-09-05,1,20,0,0,0,0,0,33,0,0,0,0,0
1537,784762077417,ZIG ZAG WRAP 4/99 15/4CT SILVR,BLUNT WRAP,34.0,7,5.67,2.83,10.99,10.99,10.99,10.99,10.05,0.94,8.6,Up,12.1,Stable,0.0,2025-06-09,2025-09-04,2,6,0,0,0,0,0,7,0,0,0,0,0
1538,850008118289,NATTY HEMP 4/99 15/4CT BLUEBRY,BLUNT WRAP,34.0,27,2.27,1.33,7.99,7.99,7.99,7.99,7.0,0.99,12.4,Stable,-3.6,Stable,0.0,2025-03-18,2025-09-05,1,15,0,0,0,0,27,0,0,0,0,0,0
1539,840170618465,VELO PLUS 9MG 5CT - WILD BERRY,NICOTINE POUCHES,34.0,30,2.43,2.75,21.67,21.68,21.49,21.99,20.46,1.21,5.6,Up,5.4,Stable,-0.0,2025-05-17,2025-09-01,4,14,0,0,0,0,0,0,30,0,0,0,0
1540,037000524014,DOWNY LIQUID 10OZ 1CT,CLEANING PRODUCTS,34.0,10,3.78,1.33,1.99,1.99,1.99,1.99,0.89,1.1,55.3,Down,-8.4,Stable,0.0,2025-03-16,2025-08-04,32,9,0,10,0,0,0,0,0,0,0,0,0
1541,183689001350,PANDA TISSUE PAPER 4PK 6CT,CLEANING PRODUCTS,34.0,28,1.79,0.92,15.42,14.54,0.00,15.99,12.55,2.87,18.6,Down,-7.2,Stable,-0.8,2025-03-17,2025-09-01,5,19,1,0,0,0,0,27,0,0,0,0,0
1542,850017931176,PROMEDIC D/WIPES LEMON FR 80CT,CLEANING PRODUCTS,34.0,30,3.09,1.67,2.33,2.5,0.00,4.99,3.56,-1.23,-52.9,Stable,0.6,Stable,1.9,2025-03-11,2025-08-29,8,11,16,0,0,14,0,0,0,0,0,0,0
1543,853195010534,EAGLE PT116B TORCH SMALL 20CT,LIGHTERS,34.0,33,1.89,1.17,23.48,23.07,0.00,24.99,18.0,5.48,23.3,Stable,-1.1,Stable,-0.7,2025-03-16,2025-09-01,5,18,2,0,0,0,0,0,31,0,0,0,0
1544,P1L,PEPSI PRODUCTS 1 LTR 15CT,DRINKS,34.0,12,3.4,1.5,27.49,27.49,27.49,27.49,25.75,1.74,6.3,Up,12.1,Stable,0.0,2025-03-12,2025-08-31,5,10,0,0,0,0,0,0,12,0,0,0,0
1545,719499005525,HIGH HEMP WRAPS 25CT 8888888,BLUNT WRAP,34.0,8,4.86,2.17,3.0,4.0,0.00,11.99,7.0,-4.0,-133.5,Stable,0.0,Up,37.5,2025-04-06,2025-09-01,5,7,6,0,0,0,0,2,0,0,0,0,0
1546,079083129502,JOB GOLD 1.25 1 1/4 PAPER 50CT,CIG ROLLING PAPER,34.0,34,1.79,1.25,79.34,76.52,0.00,81.99,73.9,5.44,6.9,Stable,-0.7,Stable,-1.7,2025-03-11,2025-09-01,5,19,1,0,0,0,0,0,0,33,0,0,0
1547,076940197087,LD SILVER BOX 10CT,CIGARETTE,34.0,12,3.4,2.25,30.77,30.99,29.69,30.99,27.16,3.61,11.7,Up,27.1,Stable,0.4,2025-04-28,2025-08-25,11,10,0,0,0,0,0,0,12,0,0,0,0
1548,034000241002,HERSHEYS ALMONDS RS 36CT,CANDYS,34.0,34,1.79,1.5,41.99,41.99,41.99,41.99,33.73,8.26,19.7,Stable,0.2,Stable,0.0,2025-03-11,2025-09-02,3,19,0,0,0,0,0,0,34,0,0,0,0
1549,022000135636,WR 5 35STK - RAIN SPEARMINT,GUMS/CHICLETS,34.0,32,2.0,1.08,24.05,24.99,21.99,24.99,21.39,2.66,11.1,Stable,-4.4,Stable,0.8,2025-03-17,2025-09-05,1,17,0,0,0,0,0,0,32,0,0,0,0
1550,077312410681,AMPRO PRO STY GEL BLK 4.5OZ,COSMETICS & BEAUTY,34.0,8,5.67,0.92,1.49,1.49,1.49,1.49,0.94,0.55,36.9,Down,-30.3,Stable,0.0,2025-03-19,2025-08-19,17,6,0,8,0,0,0,0,0,0,0,0,0
1551,016000172715,BUGLES CHILI CHEESE CHIPS 3OZ,FOOD,34.0,9,4.86,0.75,2.39,2.39,2.39,2.39,1.85,0.54,22.5,Up,19.1,Stable,0.0,2025-03-18,2025-09-01,4,7,0,0,9,0,0,0,0,0,0,0,0
1552,792554701013,BALLPOINT PENS BLUE 3CT,STATIONARY,34.0,11,3.09,1.33,0.99,0.99,0.99,0.99,0.7,0.29,29.3,Up,6.8,Stable,-0.0,2025-03-18,2025-08-31,6,11,11,0,0,0,0,0,0,0,0,0,0
1553,8717163753729,DOVE SOAP BAR 90/100G 4CT,COSMETICS & BEAUTY,34.0,21,2.62,2.25,4.49,4.49,4.49,4.49,2.89,1.6,35.6,Up,9.5,Stable,0.0,2025-03-15,2025-08-31,5,13,0,0,0,21,0,0,0,0,0,0,0
1554,022000135629,WR 5 35STK - COBALT PEPPERMINT,GUMS/CHICLETS,34.0,31,1.79,1.0,24.31,24.99,21.99,24.99,21.39,2.92,12.0,Stable,-2.0,Stable,0.6,2025-03-17,2025-09-02,3,19,0,0,0,0,0,0,31,0,0,0,0
1555,840158609751,FRE 15MG POUCH 5CT SWEET,NICOTINE POUCHES,34.0,7,4.86,2.83,20.2,20.2,19.99,20.49,19.5,0.7,3.5,Up,25.7,Stable,-0.1,2025-07-12,2025-08-26,10,7,0,0,0,0,0,4,3,0,0,0,0
1556,044000082079,OREO KING SIZE  12CT,COOKIES,34.0,34,1.89,1.17,21.99,21.99,21.99,21.99,17.15,4.84,22.0,Down,-7.1,Stable,0.0,2025-03-24,2025-09-05,1,18,0,0,0,0,0,0,34,0,0,0,0
1557,676979826318,SUPERMAXI W/OUT WING 14PK 1CT ,COSMETICS & BEAUTY,34.0,9,5.67,0.08,1.99,1.99,1.99,1.99,0.94,1.05,52.8,Down,-20.2,Stable,0.0,2025-03-22,2025-07-21,46,6,0,9,0,0,0,0,0,0,0,0,0
1558,6001106226046,DETTOL SOAP 175GM 1CT,COSMETICS & BEAUTY,34.0,2,17.0,2.83,1.29,1.29,1.29,1.29,0.71,0.58,45.0,Up,82.4,Stable,0.0,2025-08-14,2025-08-28,9,2,0,2,0,0,0,0,0,0,0,0,0
1559,307660739203,TUMS EXTR/STR 750 AST/FRT 12CT,MEDICINE,34.0,32,1.89,1.42,8.99,8.99,8.99,8.99,7.86,1.12,12.5,Stable,0.0,Stable,0.0,2025-03-10,2025-08-31,6,18,0,0,0,0,32,0,0,0,0,0,0
1560,6941821724512,NEBULA X UNIVERSE 18K PUFF 5CT,ELECTRONIC CIG,34.0,12,2.83,1.67,38.21,37.93,36.00,40.00,32.5,5.71,14.9,Stable,-0.7,Stable,-0.3,2025-03-18,2025-08-20,17,12,0,0,0,0,0,0,12,0,0,0,0
1561,022000121998,LIFESAVERS GUMMY 15CT 5 FLAVOR,CANDYS,34.0,34,1.55,1.25,33.76,32.99,23.33,34.99,27.09,6.68,19.8,Stable,-3.9,Stable,-0.2,2025-03-12,2025-08-31,5,22,0,0,0,0,0,0,34,0,0,0,0
1562,028200305312,BASIC MENTHOL BOX 10CT,CIGARETTE,34.0,21,2.62,2.33,88.19,88.19,88.19,88.19,63.67,24.52,27.8,Stable,2.7,Stable,0.0,2025-05-05,2025-08-30,7,13,0,0,0,0,0,0,0,21,0,0,0
1563,817127028011,BIG DOG WRAP 2/$1.99 20CT VANI,LT-TAX-COLLECTED,34.0,24,2.12,1.17,27.99,27.99,27.99,27.99,22.0,5.99,21.4,Down,-7.3,Stable,0.0,2025-03-15,2025-09-03,3,16,0,0,0,0,0,0,24,0,0,0,0
1564,027200207008,CAPRI MAGENTA 100 BOX 10CT,CIGARETTE,33.0,19,2.2,0.92,124.31,125.94,121.89,127.29,117.59,6.71,5.4,Down,-8.3,Stable,0.3,2025-03-12,2025-08-28,9,15,0,0,0,0,0,0,0,0,19,0,0
1565,868745657411,FLYING H 9G POWER SPLIT 5CT,ECIG - DISP D8,33.0,12,5.5,2.75,85.17,85.17,82.50,87.50,78.17,7.0,8.2,Down,-10.9,Stable,-0.2,2025-07-17,2025-09-01,5,6,0,0,0,0,0,0,0,12,0,0,0
1566,709215302137,305'S BLUE BOX 10CT,CIGARETTE,33.0,13,3.0,1.17,32.49,32.49,32.49,32.49,31.64,0.85,2.6,Stable,-0.6,Stable,0.0,2025-03-10,2025-08-20,16,11,0,0,0,0,0,0,13,0,0,0,0
1567,8904245400484,SATYA INCENSE 12CT NAG CHAMPA,INCENSE,33.0,28,1.94,1.33,6.99,6.99,6.99,6.99,4.5,2.49,35.6,Stable,-4.0,Stable,0.0,2025-03-10,2025-09-04,2,17,0,0,0,0,28,0,0,0,0,0,0
1568,012546011570,TRIDENT 12CT - PINEAPPLE TWIST,GUMS/CHICLETS,33.0,32,1.74,1.33,14.3,14.66,13.99,14.99,11.44,2.86,20.0,Stable,1.6,Stable,0.5,2025-03-15,2025-09-01,4,19,0,0,0,0,0,32,0,0,0,0,0
1569,016000225633,BUGLES TABASCO 3OZ,FOOD,33.0,9,3.67,0.58,2.39,2.39,2.39,2.39,1.81,0.58,24.1,Stable,-1.4,Stable,0.0,2025-03-18,2025-08-05,32,9,0,0,9,0,0,0,0,0,0,0,0
1570,860003649626,FEEL FREE KAVA+LEAF SHOT 12CT,VITAMINS,33.0,15,3.0,2.08,62.23,61.86,60.00,65.00,58.0,4.23,6.8,Stable,-0.3,Stable,-0.3,2025-04-10,2025-09-05,1,11,0,0,0,0,0,0,0,15,0,0,0
1571,035000462855,PALMOLIVE DISH LIQUID 28OZ 1CT,CLEANING PRODUCTS,33.0,4,11.0,0.17,1.5,0.0,0.00,2.99,2.13,-0.63,-42.5,Down,-127.3,Down,-50.0,2025-04-06,2025-07-04,64,3,2,0,2,0,0,0,0,0,0,0,0
1572,840170618106,VELO PLUS 9MG 5CT - MINT,NICOTINE POUCHES,33.0,25,1.94,2.25,21.57,21.6,21.49,21.99,20.35,1.22,5.6,Up,9.6,Stable,0.0,2025-03-13,2025-09-01,4,17,0,0,0,0,0,0,25,0,0,0,0
1573,842426181839,GT BLK SMOOTH .69 15CT BLK CH,CIGAR GA,33.0,20,2.54,1.42,7.49,7.49,7.49,7.49,6.26,1.23,16.4,Up,9.1,Stable,0.0,2025-03-28,2025-08-28,8,13,0,0,0,0,20,0,0,0,0,0,0
1574,762203339270,FLYING H 3.8GM BLACK 2IN1 5CT,ECIG - DISP D8,33.0,14,4.12,1.5,45.39,44.5,41.00,47.50,40.34,5.05,11.1,Down,-19.3,Stable,-0.1,2025-05-31,2025-08-31,6,8,0,0,0,0,0,0,14,0,0,0,0
1575,031700238844,WO 2/1.19 30/2CT MOON SHINE,CIGARS,33.0,30,1.83,1.0,25.99,25.99,25.99,25.99,19.9,6.09,23.4,Down,-6.6,Stable,0.0,2025-03-20,2025-09-04,1,18,0,0,0,0,0,0,30,0,0,0,0
1576,18669,STP 18669 BRAKE FLUID 12OZ 6CT,AUTOMOTIVE,33.0,33,1.65,1.67,19.99,19.99,19.99,19.99,13.04,6.95,34.8,Up,5.1,Stable,0.0,2025-03-11,2025-09-02,3,20,0,0,0,0,0,33,0,0,0,0,0
1577,731723403259,BERI CRUSH 50K PUFFS 5CT,ELECTRONIC CIG,33.0,7,11.0,2.75,52.07,52.07,50.00,55.00,46.25,5.82,11.2,Down,-50.0,Stable,0.0,2025-07-06,2025-07-24,44,3,0,0,0,0,0,0,0,7,0,0,0
1578,658238734787,LOOSE LEAF 8/5CT BANANA DREAM,LT-TAX-COLLECTED,33.0,28,3.3,0.0,34.99,34.99,34.99,34.99,26.6,8.39,24.0,Up,13.8,Stable,0.0,2025-03-20,2025-05-22,107,10,0,0,0,0,0,0,28,0,0,0,0
1579,615764565827,SCALE FLYING H Z-201 1CT,NOVELTY ITEMS,33.0,9,3.67,1.33,3.29,3.29,3.29,3.29,2.5,0.79,24.0,Stable,4.5,Stable,0.0,2025-03-24,2025-08-23,14,9,0,0,0,9,0,0,0,0,0,0,0
1580,762446491650,LONGHORN POUCH NATURAL 5CT,T7 SMOKELESS GA,33.0,16,2.54,1.5,11.12,11.49,9.99,11.49,9.78,1.34,12.1,Stable,-0.4,Stable,1.1,2025-03-20,2025-08-24,12,13,0,0,0,0,4,12,0,0,0,0,0
1581,676979004020,HARDY TRASH BAGS 30GAL 40CT,SHOPPING BAGS,33.0,6,6.6,2.17,5.99,5.99,5.99,5.99,3.2,2.79,46.6,Up,56.1,Stable,0.0,2025-04-26,2025-08-09,27,5,0,0,0,0,6,0,0,0,0,0,0
1582,525458531611,EARTH KRATOM POWDER 100G,CBD/HEMP,33.0,7,5.5,1.92,6.99,6.99,6.99,7.00,6.0,0.99,14.2,Stable,-0.5,Stable,-0.0,2025-04-24,2025-08-29,8,6,0,0,0,0,7,0,0,0,0,0,0
1583,852682507465,GINSENG LIQUID W/ROOT 10CT,VITAMINS,33.0,30,2.36,1.0,17.99,17.99,17.99,17.99,14.99,3.0,16.7,Down,-7.0,Stable,-0.0,2025-03-17,2025-08-31,6,14,0,0,0,0,0,30,0,0,0,0,0
1584,027200011179,CAPRI MNTH INDIGO 120 BOX 10CT,CIGARETTE,33.0,30,2.06,1.5,124.68,125.7,121.89,127.29,116.83,7.85,6.3,Stable,-4.3,Stable,0.3,2025-03-20,2025-08-31,6,16,0,0,0,0,0,0,0,0,30,0,0
1585,083078113148,CARMEX .35OZ TUBE ORIG 1CT,COSMETICS & BEAUTY,33.0,6,5.5,2.42,1.29,1.29,1.29,1.29,1.02,0.27,20.9,Stable,4.7,Stable,0.0,2025-03-28,2025-09-02,4,6,0,6,0,0,0,0,0,0,0,0,0
1586,850007395315,LOVE MY CARPET DEODIZER 17OZ,CLEANING PRODUCTS,33.0,4,8.25,0.75,1.89,1.89,1.89,1.89,0.89,1.0,52.9,Down,-27.9,Stable,0.0,2025-03-31,2025-08-08,28,4,0,4,0,0,0,0,0,0,0,0,0
1587,022600940500,TROJAN 6/3CT ULTRA RIBBED,CONDOMS,33.0,30,1.83,1.25,8.99,8.99,8.99,8.99,7.72,1.27,14.2,Stable,-1.6,Stable,0.0,2025-03-10,2025-08-18,18,18,0,0,0,0,30,0,0,0,0,0,0
1588,042037104634,GOODYS 6/4CT COOL ORANGE,MEDICINE,33.0,30,1.74,1.42,10.49,10.49,10.49,10.49,7.73,2.76,26.3,Stable,3.3,Stable,0.0,2025-03-25,2025-08-26,10,19,0,0,0,0,0,30,0,0,0,0,0
1589,034000221004,HERSHEYS ALMONDS KS 18CT,CANDYS,33.0,33,2.06,0.92,36.99,36.99,36.99,36.99,29.22,7.77,21.0,Stable,-4.3,Stable,0.0,2025-03-12,2025-09-03,2,16,0,0,0,0,0,0,33,0,0,0,0
1590,090500100058,MAVERICK GOLD 100 BOX 10CT,CIGARETTE,33.0,28,1.83,1.67,64.44,65.13,62.59,65.29,62.65,1.79,2.8,Stable,2.2,Stable,0.2,2025-03-13,2025-08-22,15,18,0,0,0,0,0,0,0,28,0,0,0
1591,6001085120946,VASELINE BLUE SEAL 100ML 1CT,COSMETICS & BEAUTY,33.0,4,8.25,2.17,1.59,1.59,1.59,1.59,1.18,0.41,25.8,Up,61.8,Stable,0.0,2025-03-17,2025-09-03,2,4,0,4,0,0,0,0,0,0,0,0,0
1592,024100315338,CHEEZ-IT 3OZ 6CT WHT CHED JACK,FOOD,33.0,33,1.57,1.33,8.4,8.49,5.66,8.49,6.72,1.69,20.1,Stable,1.9,Stable,-0.0,2025-03-15,2025-09-03,2,21,0,0,0,0,33,0,0,0,0,0,0
1593,026100805802,NEWPORT MNTH BLUE 100 BOX 10CT,CIGARETTE,33.0,28,1.57,1.25,88.56,89.74,86.89,90.49,87.02,1.54,1.7,Stable,2.1,Stable,0.2,2025-03-13,2025-09-02,4,21,0,0,0,0,0,0,0,28,0,0,0
1594,716165201960,RAW CONES ORGANI 1 1/4 32/6PK,CIG ROLLING PAPER,33.0,33,1.65,1.42,36.47,36.93,35.99,39.99,29.99,6.48,17.8,Stable,-0.1,Stable,0.4,2025-03-24,2025-09-03,3,20,0,0,0,0,0,0,33,0,0,0,0
1595,022000121523,WR EXTRA 10CT SMOOTH MINT,GUMS/CHICLETS,32.0,30,1.88,1.5,12.99,12.99,12.99,12.99,10.85,2.14,16.5,Stable,-1.3,Stable,0.0,2025-03-17,2025-09-04,1,17,0,0,0,0,0,30,0,0,0,0,0
1596,817127028370,BIG DOG WRAP 2/$1.99 20CT BANA,LT-TAX-COLLECTED,32.0,21,2.46,0.83,27.99,27.99,27.99,27.99,18.86,9.13,32.6,Stable,-3.1,Stable,0.0,2025-03-15,2025-08-17,19,13,0,0,0,0,0,0,21,0,0,0,0
1597,3616303441043,ADIDAS DEODRANT SPRAY 15ML 1CT,HOUSEHOLD GOODS,32.0,2,16.0,2.67,2.99,2.99,2.99,2.99,2.17,0.82,27.6,Up,100.0,Stable,0.0,2025-08-10,2025-08-21,16,2,0,0,2,0,0,0,0,0,0,0,0
1598,814057002111,SHIELD RED 100 BOX 10CT,CIGARETTE,32.0,12,2.91,1.0,42.79,42.79,42.79,42.79,41.65,1.14,2.7,Stable,-0.6,Stable,0.0,2025-03-18,2025-07-23,45,11,0,0,0,0,0,0,12,0,0,0,0
1599,011000104063,PYRAMID BLUE 100 BX 10CT,CIGARETTE,32.0,23,2.13,0.92,66.8,68.19,66.19,68.19,65.67,1.13,1.7,Up,9.0,Stable,0.3,2025-03-22,2025-08-12,25,15,0,0,0,0,0,0,0,23,0,0,0
1600,888109256654,HOSTESS CUPCAKE 6CT - STRAW,FOOD,32.0,30,1.78,1.08,9.99,9.99,9.99,9.99,8.07,1.92,19.3,Stable,-1.2,Stable,0.0,2025-03-16,2025-08-31,6,18,0,0,0,0,30,0,0,0,0,0,0
1601,850001919654,TWEAKER $0.99 12 CT - FREEDOM ,VITAMINS,32.0,20,2.46,0.92,6.5,6.5,6.50,6.50,5.41,1.09,16.7,Stable,-4.9,Stable,0.0,2025-03-11,2025-08-22,14,13,0,0,0,0,20,0,0,0,0,0,0
1602,850067096931,VIHO TRX 50000 PUFFS DISP 5CT,ELECTRONIC CIG,32.0,4,32.0,2.67,68.38,68.38,67.50,70.00,57.5,10.88,15.9,Stable,0.0,Stable,0.0,2025-09-05,2025-09-05,1,1,0,0,0,0,0,0,0,4,0,0,0
1603,022600953210,TROJAN 6/3CT PLEASURE PACK,CONDOMS,32.0,30,2.0,0.83,10.99,10.99,10.99,10.99,9.28,1.71,15.6,Stable,-2.2,Stable,0.0,2025-03-11,2025-08-20,16,16,0,0,0,0,0,30,0,0,0,0,0
1604,6291108160138,AL FAKHER 10 X 50GM 2 APPLES ,LT-TAX PAID,32.0,22,2.0,1.08,17.33,18.1,16.49,18.99,16.32,1.01,5.8,Stable,-0.1,Stable,0.9,2025-03-13,2025-09-05,1,16,0,0,0,0,0,22,0,0,0,0,0
1605,031700238936,GAME LEAF 5/2.99 8/5CT BLK RSP,CIGARS,32.0,20,2.46,1.17,18.99,18.99,18.99,18.99,14.0,4.99,26.3,Stable,-2.2,Stable,0.0,2025-03-15,2025-07-27,40,13,0,0,0,0,0,20,0,0,0,0,0
1606,719499005310,HIGH HEMP WRAPS 25CT BARE BRY,BLUNT WRAP,32.0,15,2.91,2.0,8.79,8.72,0.00,11.99,7.17,1.63,18.5,Stable,3.4,Stable,1.4,2025-03-25,2025-09-01,5,11,4,0,0,0,0,11,0,0,0,0,0
1607,99921,WARNER USB - IPHONE CABLE 12CT,CELLUAR ACCESSORIES,32.0,28,1.78,1.83,16.49,16.49,16.49,16.49,12.0,4.49,27.2,Stable,-1.0,Stable,0.0,2025-03-18,2025-09-01,5,18,0,0,0,0,0,28,0,0,0,0,0
1608,16285049263383,VIVA ZEN 12CT 2X CONCENTRATE,VITAMINS,32.0,29,1.88,0.92,68.41,68.65,62.00,75.00,59.0,9.41,13.8,Stable,0.4,Stable,-0.0,2025-03-11,2025-08-30,7,17,0,0,0,0,0,0,0,29,0,0,0
1609,GDST1,GOLD STANDARD SHOTS 12CT,VITAMINS,32.0,24,2.0,1.67,26.0,26.23,22.00,31.99,18.0,8.0,30.8,Stable,2.8,Stable,-0.1,2025-03-24,2025-08-28,9,16,0,0,0,0,0,0,24,0,0,0,0
1610,10850026106012,CHEER UP 4 CAPSULES 12/4CT,MISC,32.0,2,16.0,0.0,39.49,39.49,36.00,42.99,36.0,3.49,8.8,Up,187.5,Down,-17.7,2025-05-11,2025-06-01,97,2,0,0,0,0,0,0,2,0,0,0,0
1611,025900297473,SS BLK SAV ON 2 15/2CT GRAPE,CIGARS,32.0,24,2.13,1.08,15.99,15.99,15.99,15.99,9.0,6.99,43.7,Stable,-2.8,Stable,-0.0,2025-03-12,2025-08-28,9,15,0,0,0,0,0,24,0,0,0,0,0
1612,008660007681,ZIG ZAG CONE UB 1 1/4 6PK 24CT,CIG ROLLING PAPER,32.0,11,3.2,1.67,25.9,25.82,23.99,26.99,22.32,3.58,13.8,Up,6.8,Stable,-0.4,2025-03-11,2025-09-04,2,10,0,0,0,0,0,0,11,0,0,0,0
1613,086152750390,ZIPPER SANDWICH BAG 125CT,KITCHEN & TOILET,32.0,17,2.67,1.5,1.59,1.59,1.59,1.59,1.1,0.49,30.8,Stable,0.0,Stable,0.0,2025-03-16,2025-08-28,8,12,0,17,0,0,0,0,0,0,0,0,0
1614,041364084916,SOUR PUNCH 210 COUNT JAR,CANDYS,32.0,27,2.0,1.58,11.99,11.99,11.99,11.99,9.13,2.86,23.9,Stable,-2.4,Stable,0.0,2025-04-05,2025-09-04,1,16,0,0,0,0,0,27,0,0,0,0,0
1615,022000159489,WR EXTRA 10CT CLASSIC BUBBLE,GUMS/CHICLETS,32.0,32,1.68,1.0,12.99,12.99,12.99,12.99,10.87,2.12,16.3,Stable,-2.2,Stable,0.0,2025-03-12,2025-09-04,1,19,0,0,0,0,0,32,0,0,0,0,0
1616,810179220075,DA WOODS LEAF 20CT CHEETAH PIS,LT-TAX-COLLECTED,32.0,25,2.29,1.83,13.49,13.49,13.49,13.49,10.99,2.5,18.5,Stable,2.5,Stable,-0.0,2025-03-19,2025-09-01,4,14,0,0,0,0,0,25,0,0,0,0,0
1617,784762077363,ZIG ZAG WRAP 4/99 15/4CT BLACK,BLUNT WRAP,32.0,7,6.4,2.67,10.99,10.99,10.99,10.99,10.05,0.94,8.6,Up,29.7,Stable,0.0,2025-06-09,2025-08-27,10,5,0,0,0,0,0,7,0,0,0,0,0
1618,073100014802,SKOAL LC BERRY BLEND 5CT,T7 SMOKELESS GA,32.0,23,1.88,1.08,29.76,30.29,28.99,30.79,26.97,2.79,9.4,Stable,-3.9,Stable,0.4,2025-03-16,2025-08-24,12,17,0,0,0,0,0,0,23,0,0,0,0
1619,071610502314,DM 4PK 5/4CT CORONA DELUXE ,CIGARS,32.0,16,2.67,0.5,28.3,28.49,27.99,28.49,21.55,6.75,23.9,Stable,-1.0,Stable,0.2,2025-03-23,2025-08-14,22,12,0,0,0,0,0,0,16,0,0,0,0
1620,757528008949,TAKIS HOT NUTS FUEGO/FLARE 1CT,FOOD,32.0,5,8.0,0.08,1.55,1.94,0.00,1.94,1.53,0.02,1.3,Down,-37.5,Down,-13.3,2025-03-18,2025-09-01,4,4,1,4,0,0,0,0,0,0,0,0,0
1621,840170618014,VELO PLUS 6MG 5CT - WINTERGRN,NICOTINE POUCHES,31.0,22,2.07,2.0,21.63,21.68,21.49,21.99,20.42,1.2,5.6,Up,5.7,Stable,0.0,2025-03-13,2025-09-03,3,15,0,0,0,0,0,0,22,0,0,0,0
1622,044000056940,CHIPS AHOY KS 8CT ORIGINAL,COOKIES,31.0,30,1.82,1.25,14.99,14.99,14.99,14.99,11.51,3.48,23.2,Stable,-2.8,Stable,0.0,2025-03-12,2025-09-03,2,17,0,0,0,0,0,30,0,0,0,0,0
1623,079400561879,SUAVE WOMEN DEO 2.6OZ 1CT,COSMETICS & BEAUTY,31.0,7,5.17,1.5,2.49,2.49,2.49,2.49,1.75,0.74,29.7,Up,17.1,Stable,0.0,2025-03-12,2025-09-05,1,6,0,0,7,0,0,0,0,0,0,0,0
1624,SONG30,SONG OF SUDHAN DISPLAY 64/30CT,INCENSE,31.0,21,2.07,1.42,219.51,219.99,209.99,219.99,184.6,34.91,15.9,Stable,1.0,Stable,0.0,2025-03-11,2025-09-03,2,15,0,0,0,0,0,0,0,0,0,21,0
1625,CKG,COOKIES ELECTRIC GRINDER 1CT,NOVELTY ITEMS,31.0,5,6.2,1.0,3.75,3.75,3.50,4.00,2.75,1.0,26.7,Up,11.3,Stable,0.7,2025-03-13,2025-07-28,39,5,0,0,0,5,0,0,0,0,0,0,0
1626,191554410060,FRESH START LATEX GLOVE M/L 1C,CLEANING PRODUCTS,31.0,5,10.33,2.58,1.49,1.49,1.49,1.49,0.79,0.7,47.0,Up,9.7,Stable,0.0,2025-06-24,2025-07-26,42,3,0,5,0,0,0,0,0,0,0,0,0
1627,071610340916,BACKWOODS SELECT 10/3CT SPECL,CIGARS,31.0,28,2.07,1.5,37.6,37.99,36.99,37.99,27.51,10.09,26.8,Stable,-0.5,Stable,0.3,2025-03-14,2025-08-26,10,15,0,0,0,0,0,0,28,0,0,0,0
1628,666186076361,7OXIE PSEUDO 40MG TABS 10/3CT,KRATOM,31.0,9,6.2,2.58,85.61,85.61,77.50,90.00,75.0,10.61,12.4,Down,-53.2,Stable,2.9,2025-07-22,2025-09-03,2,5,0,0,0,0,0,0,0,9,0,0,0
1629,080893010348,LIL HOSE REPAR TAPE 2.0 X 10 ,HARDWARE,31.0,11,3.44,2.17,2.19,2.19,2.19,2.19,0.8,1.39,63.5,Stable,-3.4,Stable,0.0,2025-05-27,2025-09-01,5,9,0,0,11,0,0,0,0,0,0,0,0
1630,742978847026,LOOSE LEAF CRUSH 10CT RESERVE,LT-TAX-COLLECTED,31.0,23,2.07,1.92,12.99,12.99,12.99,12.99,9.0,3.99,30.7,Up,7.4,Stable,-0.0,2025-04-26,2025-09-04,2,15,0,0,0,0,0,23,0,0,0,0,0
1631,037000928584,CREST TOOTHPASTE 2.7OZ,CLEANING PRODUCTS,31.0,7,5.17,0.0,1.69,1.69,1.69,1.69,1.15,0.54,32.0,Stable,2.8,Stable,-0.0,2025-04-16,2025-05-26,103,6,0,7,0,0,0,0,0,0,0,0,0
1632,022600960034,TROJAN 6/3CT FIRE & ICE,CONDOMS,31.0,31,1.94,1.33,10.99,10.99,10.99,10.99,9.25,1.74,15.8,Stable,-0.7,Stable,0.0,2025-03-16,2025-08-31,5,16,0,0,0,0,0,31,0,0,0,0,0
1633,888109011512,HOSTESS TWINKIES 6CT - ORIG,FOOD,31.0,27,1.82,1.08,9.99,9.99,9.99,9.99,8.15,1.84,18.4,Stable,-0.8,Stable,0.0,2025-03-16,2025-08-29,8,17,0,0,0,0,27,0,0,0,0,0,0
1634,080893010416,"LIL AUTO SLIP JOINT PLIERS 6""",HARDWARE,31.0,9,4.43,0.25,3.99,3.99,3.99,3.99,2.82,1.17,29.3,Down,-8.9,Stable,-0.0,2025-03-14,2025-07-11,57,7,0,0,0,9,0,0,0,0,0,0,0
1635,027200205936,PALL MALL SELECT RED BOX 10CT,CIGARETTE,31.0,31,2.07,2.25,53.97,53.85,52.29,62.29,51.21,2.76,5.1,Stable,-3.5,Stable,-0.8,2025-05-27,2025-09-04,2,15,0,0,0,0,0,0,0,31,0,0,0
1636,862142578133,FLYING H PRE ROLL 2G THCP 30CT,CBD/HEMP,31.0,17,5.17,2.58,58.38,58.38,0.00,67.00,55.0,3.38,5.8,Up,20.5,Up,7.0,2025-07-04,2025-08-07,30,6,1,0,0,0,0,0,0,16,0,0,0
1637,073100023620,SKOAL POUCH STRAIGHT 5CT,T7 SMOKELESS GA,31.0,19,2.21,1.5,30.08,30.46,28.99,30.79,28.87,1.21,4.0,Stable,-2.3,Stable,0.5,2025-03-12,2025-09-02,3,14,0,0,0,0,0,0,19,0,0,0,0
1638,028400055109,LAYS STAX CHIPS 5.5OZ,FOOD,31.0,9,3.88,0.83,2.21,2.49,0.00,2.49,1.96,0.26,11.6,Up,5.2,Stable,4.1,2025-03-16,2025-06-24,73,8,1,0,8,0,0,0,0,0,0,0,0
1639,855022005348,ON! 8MG 5CT - CINNAMON,NICOTINE POUCHES,31.0,23,1.82,0.83,17.49,17.49,17.49,17.49,15.93,1.56,8.9,Stable,-3.9,Stable,0.0,2025-03-10,2025-09-01,4,17,0,0,0,0,0,23,0,0,0,0,0
1640,850008118616,NATTY HEMP 4/99 15/4CT DARK,BLUNT WRAP,31.0,18,2.82,1.5,7.1,7.1,0.00,7.99,7.0,0.1,1.4,Up,5.8,Stable,-3.7,2025-03-18,2025-09-01,5,11,2,0,0,0,16,0,0,0,0,0,0
1641,887969011670,ZONE 9MM 5CT DRAGONFRUIT,NICOTINE POUCHES,31.0,18,2.58,1.58,18.96,18.99,18.49,18.99,17.5,1.46,7.7,Stable,-1.5,Stable,0.0,2025-03-12,2025-09-03,2,12,0,0,0,0,0,18,0,0,0,0,0
1642,028200173904,VIRG SL MENTHOL GOLD 120 BOX,CIGARETTE,31.0,30,1.82,1.33,96.93,98.21,94.39,99.49,92.81,4.12,4.2,Stable,-1.7,Stable,0.4,2025-03-15,2025-09-04,2,17,0,0,0,0,0,0,0,30,0,0,0
1643,079200486976,LAFFY TAFFY ROPE 24CT BL RASP,CANDYS,31.0,30,1.72,1.08,7.99,7.99,7.99,7.99,6.38,1.61,20.2,Stable,-2.3,Stable,-0.0,2025-03-12,2025-08-31,6,18,0,0,0,0,30,0,0,0,0,0,0
1644,090500100560,KOOL MENTHOL BLACK 100 BX 10CT,CIGARETTE,31.0,25,1.72,1.92,83.79,84.4,80.89,84.49,79.1,4.69,5.6,Up,7.0,Stable,0.2,2025-03-11,2025-09-02,3,18,0,0,0,0,0,0,0,25,0,0,0
1645,072250087230,MRS FRESHLEY JUM HONEY BUN 6CT,CANDYS,31.0,24,2.38,0.17,8.99,8.99,8.99,8.99,7.08,1.91,21.2,Down,-10.4,Stable,0.0,2025-03-13,2025-06-27,71,13,0,0,0,0,24,0,0,0,0,0,0
1646,9344483652631,LOST THC 2GM LR THCP DISP 5CT,ECIG - DISP D8,31.0,12,3.44,1.33,50.08,48.75,47.50,55.00,42.5,7.58,15.1,Stable,-2.4,Stable,-1.5,2025-04-11,2025-08-22,14,9,0,0,0,0,0,0,7,5,0,0,0
1647,BM,BLACK/BLUE MASK 50CT,HOUSEHOLD GOODS,31.0,26,1.94,1.17,4.99,4.99,4.99,4.99,1.33,3.66,73.3,Stable,-1.9,Stable,0.0,2025-03-16,2025-09-05,1,16,0,0,0,26,0,0,0,0,0,0,0
1648,028200161307,MARL MIDNIGHT BOX,CIGARETTE,31.0,25,1.72,1.33,81.73,82.7,79.39,83.39,74.43,7.29,8.9,Stable,-0.3,Stable,0.3,2025-03-10,2025-09-01,5,18,0,0,0,0,0,0,0,25,0,0,0
1649,784762080707,TENZ WRAP 8/2CT RUSSIAN CRM,CIGARS,31.0,9,3.44,0.33,41.21,41.49,40.99,41.99,33.87,7.34,17.8,Down,-8.2,Stable,0.2,2025-03-11,2025-09-04,2,9,0,0,0,0,0,0,9,0,0,0,0
1650,079200369675,LAFFY TAFFY ROPE 24CT SOUR APL,CANDYS,31.0,25,2.07,1.17,7.99,7.99,7.99,7.99,6.38,1.61,20.2,Stable,-4.5,Stable,0.0,2025-03-12,2025-08-14,22,15,0,0,0,0,25,0,0,0,0,0,0
1651,6972104324563,BABY TENDER BABY WIPES 80CT,COSMETICS & BEAUTY,31.0,7,4.43,2.58,1.19,1.19,1.19,1.19,0.75,0.44,37.0,Down,-8.9,Stable,-0.0,2025-06-11,2025-08-14,22,7,0,7,0,0,0,0,0,0,0,0,0
1652,842426167017,GT 3/1.29 HD 15/3CT KASH,CIGAR GA,31.0,27,1.94,1.58,13.49,13.49,13.49,13.49,11.92,1.57,11.6,Stable,4.3,Stable,0.0,2025-03-12,2025-08-17,20,16,0,0,0,0,0,27,0,0,0,0,0
1653,300677918067,THERAFLU 6CT NGT TIME CLD/CGH,MEDICINE,31.0,15,2.82,0.92,7.99,7.99,7.99,7.99,5.99,2.0,25.0,Stable,-4.5,Stable,-0.0,2025-04-07,2025-08-20,17,11,0,0,0,0,15,0,0,0,0,0,0
1654,011000288084,EAGLE 20 RED 100 BOX 10CT,CIGARETTE,30.0,13,2.5,1.5,58.76,59.59,57.79,59.59,56.84,1.92,3.3,Stable,3.9,Stable,0.4,2025-03-12,2025-09-03,2,12,0,0,0,0,0,0,0,13,0,0,0
1655,022600019619,TROJAN 6/3CT DOUBLE ECSTASY,CONDOMS,30.0,28,1.58,1.33,12.53,12.12,0.00,12.99,11.25,1.28,10.2,Stable,-2.3,Stable,-0.7,2025-03-16,2025-09-04,1,19,1,0,0,0,0,27,0,0,0,0,0
1656,076940197094,LD SILVER 100 BOX 10CT,CIGARETTE,30.0,10,3.75,2.0,30.47,30.99,29.69,30.99,28.66,1.81,5.9,Up,34.3,Stable,0.8,2025-04-22,2025-08-25,11,8,0,0,0,0,0,0,10,0,0,0,0
1657,853195010510,EAGLE PT101U TORCH 15CT,LIGHTERS,30.0,29,1.88,1.08,31.99,31.99,31.99,31.99,23.39,8.6,26.9,Stable,-3.8,Stable,0.0,2025-03-16,2025-08-25,12,16,0,0,0,0,0,0,29,0,0,0,0
1658,842426183871,GT WOODS NP 15/2CT DK HNY BRY,CIGAR GA,30.0,17,15.0,2.5,21.49,21.49,21.49,21.49,19.61,1.88,8.7,Up,93.3,Stable,0.0,2025-08-30,2025-09-05,1,2,0,0,0,0,0,0,17,0,0,0,0
1659,850008118272,NATTY HEMP 4/99 15/4CT PINAPLE,BLUNT WRAP,30.0,21,1.76,0.67,7.97,7.99,7.50,7.99,7.0,0.97,12.1,Stable,-4.2,Stable,0.1,2025-03-17,2025-08-24,13,17,0,0,0,0,21,0,0,0,0,0,0
1660,025900229559,SS 2/1.29 30/2CT GRAPE,CIGARS,30.0,22,2.5,0.75,27.99,27.99,27.99,27.99,14.5,13.49,48.2,Down,-5.9,Stable,0.0,2025-03-17,2025-09-04,2,12,0,0,0,0,0,0,22,0,0,0,0
1661,878848901090,PROTOUCH PADLOCK 38MM 1CT,HARDWARE,30.0,4,7.5,0.0,1.29,1.29,1.29,1.29,0.52,0.77,59.6,Down,-5.3,Stable,0.0,2025-04-11,2025-06-04,94,4,0,4,0,0,0,0,0,0,0,0,0
1662,676979960517,"WICK & WAX 4"" CANDLE 10CT",CANDLES,30.0,5,6.0,0.33,1.29,1.29,1.29,1.29,0.68,0.61,47.6,Down,-25.0,Stable,0.0,2025-03-15,2025-09-05,1,5,0,5,0,0,0,0,0,0,0,0,0
1663,716165253389,RAW CLSC BLACK KS WIDE 50CT ,CIG ROLLING PAPER,30.0,29,1.58,1.25,39.99,39.99,39.99,39.99,30.0,9.99,25.0,Stable,-1.9,Stable,0.0,2025-03-16,2025-09-05,1,19,0,0,0,0,0,0,29,0,0,0,0
1664,044000029555,CHIPS AHOY KS 8CT CHUNKY,COOKIES,30.0,30,1.58,1.33,14.99,14.99,14.99,14.99,11.47,3.52,23.5,Stable,-0.6,Stable,0.0,2025-03-12,2025-08-18,18,19,0,0,0,0,0,30,0,0,0,0,0
1665,809711063119,PRO MIX 2 CYCLE OIL 3.2Z,AUTOMOTIVE,30.0,4,7.5,0.33,0.99,0.99,0.99,0.99,0.36,0.63,63.6,Down,-29.3,Stable,0.0,2025-04-03,2025-07-11,56,4,4,0,0,0,0,0,0,0,0,0,0
1666,888109011543,HOSTESS DONETTES 10CT POWDERED,FOOD,30.0,28,1.5,0.83,16.49,16.49,16.49,16.49,13.57,2.92,17.7,Stable,-3.0,Stable,-0.0,2025-03-12,2025-08-29,8,20,0,0,0,0,0,28,0,0,0,0,0
1667,10888109050051,HOSTESS DONETTES 10CT CRUNCH,FOOD,30.0,25,2.14,0.92,16.49,16.49,16.49,16.49,13.57,2.92,17.7,Down,-9.0,Stable,-0.0,2025-03-16,2025-09-02,4,14,0,0,0,0,0,25,0,0,0,0,0
1668,833558007043,UMBRELLA BLACK FOLDABLE 1CT,NOVELTY ITEMS,30.0,8,5.0,1.92,2.29,2.29,2.29,2.29,1.17,1.12,49.1,Up,11.4,Stable,-0.0,2025-04-21,2025-08-28,8,6,0,0,8,0,0,0,0,0,0,0,0
1669,10888109050068,HOSTESS DONETTES 10CT GLAZED,FOOD,30.0,27,1.58,0.83,16.18,16.49,8.25,16.49,13.57,2.61,16.2,Stable,-3.2,Stable,0.1,2025-03-12,2025-09-02,4,19,0,0,0,0,1,26,0,0,0,0,0
1670,8714789823782,COLGATE TOOTHBRUSH 12CT,HOUSEHOLD GOODS,30.0,26,2.14,0.83,6.99,6.99,6.99,6.99,4.8,2.19,31.3,Down,-7.4,Stable,0.0,2025-03-31,2025-08-16,21,14,0,0,0,0,26,0,0,0,0,0,0
1671,037000124450,SECRET DEO 1.7OZ 1CT,COSMETICS & BEAUTY,30.0,5,7.5,1.5,2.49,2.49,2.49,2.49,1.58,0.91,36.5,Down,-10.7,Stable,0.0,2025-05-01,2025-09-01,5,4,0,0,5,0,0,0,0,0,0,0,0
1672,073100031724,SKOAL XTRA LC MINT 5CT,T7 SMOKELESS GA,30.0,9,3.75,1.25,29.97,30.2,28.99,30.79,28.72,1.25,4.2,Down,-10.8,Stable,0.7,2025-03-20,2025-08-10,26,8,0,0,0,0,0,0,9,0,0,0,0
1673,716165174226,RAW ORGANIC KS SLIM 50CT,CIG ROLLING PAPER,30.0,28,1.88,0.92,34.92,32.99,0.00,40.99,22.5,12.42,35.6,Stable,-2.2,Stable,0.6,2025-03-24,2025-08-15,22,16,2,0,0,0,0,0,26,0,0,0,0
1674,850069071646,UT BAR 50000 PUFFS DISP 5CT,ELECTRONIC CIG,30.0,3,30.0,2.5,68.67,68.67,68.00,70.00,58.33,10.33,15.0,Stable,0.0,Stable,0.0,2025-09-05,2025-09-05,1,1,0,0,0,0,0,0,0,3,0,0,0
1675,047400670372,GILLETTE FIXED DISP RAZOR 3CT,HOUSEHOLD GOODS,30.0,5,7.5,2.25,1.49,1.49,1.49,1.49,1.0,0.49,32.9,Up,50.7,Stable,0.0,2025-06-07,2025-07-12,56,4,0,5,0,0,0,0,0,0,0,0,0
1676,762446404001,LONGHORN TUB 14.4OZ LC WNTRGRN,T7 SMOKELESS GA,30.0,18,2.31,1.33,16.99,16.99,16.99,16.99,15.22,1.77,10.4,Stable,1.9,Stable,0.0,2025-03-13,2025-08-18,19,13,0,0,0,0,0,18,0,0,0,0,0
1677,035000444424,COLGATE TOOTH PASTE 4OZ 1CT,HOUSEHOLD GOODS,30.0,7,4.29,1.92,1.49,1.49,1.49,1.49,0.94,0.55,37.0,Stable,-4.2,Stable,0.0,2025-03-18,2025-08-31,5,7,0,7,0,0,0,0,0,0,0,0,0
1678,070330654679,LGT BIC 50CT TRAY BOB MARLEY,LIGHTERS,30.0,26,2.5,1.25,81.99,81.99,81.99,81.99,71.91,10.08,12.3,Down,-11.7,Stable,0.0,2025-05-13,2025-08-09,28,12,0,0,0,0,0,0,0,26,0,0,0
1679,8681511382421,ADALYA 250GM LOVE 666,LT-TAX PAID,30.0,8,4.29,0.83,10.37,10.49,9.50,10.49,9.0,1.37,13.2,Stable,-1.7,Stable,0.3,2025-03-29,2025-08-07,29,7,0,0,0,0,1,7,0,0,0,0,0
1680,840158612416,FRE $2.99 9MG POUCH 5CT MINT,NICOTINE POUCHES,30.0,6,6.0,0.58,9.99,9.99,9.99,9.99,9.15,0.84,8.4,Down,-40.0,Stable,0.0,2025-03-11,2025-07-02,65,5,0,0,0,0,6,0,0,0,0,0,0
1681,080893010362,LIL AUTO RUBBER PATCH KIT,AUTOMOTIVE,30.0,8,3.75,1.0,1.69,1.69,1.69,1.69,1.06,0.63,37.0,Stable,4.4,Stable,0.0,2025-03-15,2025-07-27,40,8,0,8,0,0,0,0,0,0,0,0,0
1682,725272743614,HIGH GR PRE ROLL HHC 10/2CT,CBD/HEMP,30.0,15,2.73,0.58,56.37,57.5,55.00,61.50,50.0,6.37,11.3,Stable,-4.0,Stable,0.3,2025-03-12,2025-07-07,61,11,0,0,0,0,0,0,0,15,0,0,0
1683,820524001808,EMPRESS  STRAWS 7.75'' 1CT,NOVELTY ITEMS,30.0,22,1.76,0.75,3.72,3.99,2.99,3.99,1.95,1.77,47.5,Down,-6.8,Stable,1.7,2025-03-10,2025-08-31,5,17,0,0,6,16,0,0,0,0,0,0,0
1684,025900329914,SS 2/$1.19 30/2CT - PEPPERMINT,CIGARS,30.0,28,1.67,1.17,25.99,25.99,25.99,25.99,20.2,5.79,22.3,Stable,-2.0,Stable,0.0,2025-03-11,2025-09-04,1,18,0,0,0,0,0,0,28,0,0,0,0
1685,842426165181,GT 2/1.29 HD 10/2CT PALMA SLVR,CIGAR GA,30.0,27,1.76,1.17,11.99,11.99,11.99,11.99,8.77,3.22,26.9,Down,-5.1,Stable,0.0,2025-03-17,2025-08-25,11,17,0,0,0,0,0,27,0,0,0,0,0
1686,840352522849,FLYING H 9G 3IN1 STONER BL 5CT,ECIG - DISP D8,30.0,15,2.5,2.0,81.53,81.58,78.50,85.00,73.75,7.78,9.5,Down,-10.6,Stable,-0.1,2025-05-27,2025-08-27,10,12,0,0,0,0,0,0,0,15,0,0,0
1687,071610341036,BACKWOODS 5PK 8/5CT BOLD,CIGAR GA,30.0,25,2.14,0.58,38.23,38.99,36.99,38.99,35.54,2.69,7.0,Down,-7.6,Stable,0.3,2025-03-11,2025-08-29,8,14,0,0,0,0,0,0,25,0,0,0,0
1688,033300632541,LANCASTER B1G1 FREE 6CT,LT-TAX PAID,30.0,18,1.76,1.58,41.99,41.99,41.99,41.99,38.89,3.1,7.4,Stable,3.3,Stable,0.0,2025-03-24,2025-08-25,12,17,0,0,0,0,0,0,18,0,0,0,0
1689,19327776032423,ZAPPO FRUIT CHEWS 30CT,CANDYS,30.0,7,6.0,1.83,16.71,12.2,0.00,27.99,22.5,-5.79,-34.7,Up,13.3,Down,-33.7,2025-03-11,2025-08-20,16,5,2,0,0,0,1,0,4,0,0,0,0
1690,686091974651,MIT 45 GO BLACK EXTRACT 12CT,VITAMINS,29.0,11,3.22,0.67,59.45,57.0,57.00,60.00,54.0,5.45,9.2,Stable,-1.0,Stable,-0.6,2025-03-18,2025-09-03,3,9,0,0,0,0,0,0,0,11,0,0,0
1691,009800552016,KINDER BUENO 20CT,CANDYS,29.0,29,1.71,1.08,26.99,26.99,26.99,26.99,20.8,6.19,22.9,Stable,-3.9,Stable,0.0,2025-03-30,2025-09-01,4,17,0,0,0,0,0,0,29,0,0,0,0
1692,725272746776,LAVA THC-P+D8 250MG 10/10CT,CBD/HEMP,29.0,12,2.9,0.33,44.16,55.0,0.00,59.99,43.33,0.83,1.9,Stable,-3.1,Up,6.3,2025-03-15,2025-09-04,2,10,1,0,0,0,0,0,4,7,0,0,0
1693,716165177401,RAW ORIGINAL TIPS 50CT,CIG ROLLING PAPER,29.0,26,1.61,0.75,14.38,12.74,0.00,16.99,12.1,2.28,15.8,Stable,-3.4,Stable,0.8,2025-03-18,2025-08-29,7,18,4,0,0,0,0,22,0,0,0,0,0
1694,034000433001,REESES PB CUP WHITE 24CT,CANDYS,29.0,29,1.61,0.92,27.35,26.29,9.33,27.99,22.32,5.03,18.4,Stable,-0.8,Stable,-0.4,2025-03-13,2025-09-02,3,18,0,0,0,0,1,0,28,0,0,0,0
1695,855022005270,ON! 4MG 5CT - COFFEE,NICOTINE POUCHES,29.0,22,2.23,1.42,17.49,17.49,17.49,17.49,15.83,1.66,9.5,Stable,-0.2,Stable,0.0,2025-04-11,2025-09-03,2,13,0,0,0,0,0,22,0,0,0,0,0
1696,894007001128,EMERALD BRAND FACIAL TISSUE,COSMETICS & BEAUTY,29.0,8,4.14,1.08,1.29,1.29,1.29,1.29,0.33,0.96,74.2,Up,6.0,Stable,-0.0,2025-03-13,2025-07-16,52,7,0,8,0,0,0,0,0,0,0,0,0
1697,858765005859,SHOW 5/$1 15/5CT OG KUSH,CIGARS,29.0,24,1.71,1.17,10.69,10.69,10.69,10.69,7.27,3.42,32.0,Stable,-1.9,Stable,0.0,2025-03-13,2025-09-04,1,17,0,0,0,0,0,24,0,0,0,0,0
1698,842426166898,GT 3/1.29 HD 15/3CT BLUE,CIGAR GA,29.0,22,1.53,1.08,13.58,13.69,13.49,14.49,11.92,1.66,12.2,Stable,-0.8,Stable,0.1,2025-03-18,2025-09-02,4,19,0,0,0,0,0,22,0,0,0,0,0
1699,858765005941,SHOW 5/$1 15/5CT KIWI STRBRY,CIGARS,29.0,28,1.61,1.17,10.69,10.69,10.69,10.69,7.3,3.39,31.7,Stable,0.2,Stable,0.0,2025-03-10,2025-08-26,11,18,0,0,0,0,0,28,0,0,0,0,0
1700,4897136549253,NEXA PIX 35000 PUFFS 5CT,ELECTRONIC CIG,29.0,3,29.0,2.42,57.0,57.0,56.00,57.50,49.0,8.0,14.0,Stable,0.0,Stable,0.0,2025-09-05,2025-09-05,1,1,0,0,0,0,0,0,0,3,0,0,0
1701,310158011064,BC 12/6CT ARTHRITIS GREEN,MEDICINE,29.0,28,1.61,1.17,21.99,21.99,21.99,21.99,16.99,5.0,22.7,Stable,1.0,Stable,0.0,2025-03-18,2025-08-31,6,18,0,0,0,0,0,0,28,0,0,0,0
1702,009800123124,FERRERO ROCHER 12CT,CANDYS,29.0,28,1.53,0.58,18.99,18.99,18.99,18.99,15.36,3.63,19.1,Down,-6.8,Stable,0.0,2025-03-12,2025-09-02,3,19,0,0,0,0,0,28,0,0,0,0,0
1703,04206712,GRIZZLY LC NATURAL 5CT,T7 SMOKELESS GA,29.0,20,1.71,1.58,25.71,26.17,24.69,26.49,24.49,1.22,4.7,Stable,3.7,Stable,0.4,2025-03-20,2025-09-01,5,17,0,0,0,0,0,0,20,0,0,0,0
1704,817458027103,WILDHEMP WRAP 4/99 20CT SWEET,BLUNT WRAP,29.0,22,1.71,0.75,12.29,11.37,0.00,12.99,9.5,2.79,22.7,Stable,-2.0,Stable,-0.6,2025-03-12,2025-09-03,3,17,1,0,0,0,0,21,0,0,0,0,0
1705,849205019925,VUSE MENTHOL 2.4% 5/2CT,ECIG - PODS,29.0,27,1.61,1.0,66.99,66.99,66.99,66.99,60.27,6.72,10.0,Stable,2.9,Stable,0.0,2025-03-13,2025-08-28,8,18,0,0,0,0,0,0,0,27,0,0,0
1706,811020000143,RED DAWN BLACK BOTTLE 8OZ 1CT,VITAMINS,29.0,4,9.67,0.17,16.5,16.5,16.50,16.50,15.0,1.5,9.1,Down,-113.8,Stable,0.0,2025-05-08,2025-06-18,79,3,0,0,0,0,0,4,0,0,0,0,0
1707,305212750003,VASELINE LIP THRAPY 1CT,COSMETICS & BEAUTY,29.0,4,14.5,2.42,1.69,1.69,1.69,1.69,1.19,0.5,29.6,Up,6.9,Stable,0.0,2025-08-03,2025-08-11,26,2,0,4,0,0,0,0,0,0,0,0,0
1708,022600957010,TROJAN 6/3CT CHARGED ORANGE,CONDOMS,29.0,29,1.71,1.42,11.99,11.99,11.99,11.99,9.25,2.74,22.9,Stable,0.6,Stable,0.0,2025-03-10,2025-08-26,10,17,0,0,0,0,0,29,0,0,0,0,0
1709,8681511388775,ADALYA 10 X 50GM LOVE 666,LT-TAX PAID,29.0,22,2.23,1.58,18.31,18.49,17.99,18.99,16.56,1.75,9.6,Stable,0.5,Stable,0.5,2025-03-19,2025-08-31,6,13,0,0,0,0,0,22,0,0,0,0,0
1710,090600301904,FORTUNA BLUE 100 BOX 10CT,CIGARETTE,29.0,18,1.93,1.33,77.35,79.04,73.59,79.39,73.58,3.77,4.9,Stable,4.2,Stable,0.5,2025-03-10,2025-08-31,6,15,0,0,0,0,0,0,0,18,0,0,0
1711,PAP6,PAPER BAG NO 06 500CT,SHOPPING BAGS,29.0,17,2.42,1.5,13.99,13.99,13.99,13.99,9.0,4.99,35.7,Stable,0.4,Stable,-0.0,2025-03-10,2025-08-30,7,12,0,0,0,0,0,17,0,0,0,0,0
1712,10888109010161,HOSTESS CINN ROLL 6CT- ICED,FOOD,29.0,28,1.53,0.83,9.99,9.99,9.99,9.99,8.15,1.84,18.4,Stable,-3.4,Stable,0.0,2025-03-14,2025-09-02,4,19,0,0,0,0,28,0,0,0,0,0,0
1713,761847548864,FRONTO KING MINI LEAF 12CT,LT-TAX PAID,29.0,28,1.71,0.75,20.99,20.99,20.99,20.99,18.0,2.99,14.2,Stable,-3.4,Stable,0.0,2025-03-15,2025-08-05,31,17,0,0,0,0,0,0,28,0,0,0,0
1714,022600947219,TROJAN 6/3CT ECSTASY ULTRA RBD,CONDOMS,29.0,29,1.61,0.83,10.99,10.99,10.99,10.99,9.25,1.74,15.8,Stable,-1.6,Stable,-0.0,2025-03-11,2025-08-26,10,18,0,0,0,0,0,29,0,0,0,0,0
1715,022600927204,TROJAN 6/3CT ULTRA THIN SPMCD,CONDOMS,29.0,28,1.81,1.08,11.99,11.99,11.99,11.99,9.3,2.69,22.5,Stable,-0.1,Stable,0.0,2025-03-28,2025-09-04,2,16,0,0,0,0,0,28,0,0,0,0,0
1716,073170129574,OLD W 4OZ H&S SAUSAGE BITES,FOOD,29.0,2,29.0,0.0,0.0,0.0,0.00,0.00,2.46,-2.46,0.0,Stable,0.0,Stable,0.0,2025-04-05,2025-04-05,154,1,2,0,0,0,0,0,0,0,0,0,0
1717,026200117058,SLIM JIM GIANT 24CT ORIGINAL,FOOD,29.0,28,1.81,0.92,31.99,31.99,31.99,31.99,24.0,7.99,25.0,Stable,0.9,Stable,0.0,2025-03-12,2025-08-03,33,16,0,0,0,0,0,0,28,0,0,0,0
1718,312546627499,HALLS 30CT CHERRY PEG BAG ,CANDYS,29.0,8,4.83,0.25,2.99,2.99,2.99,2.99,2.27,0.72,24.0,Stable,1.8,Stable,0.0,2025-03-22,2025-08-03,33,6,0,0,8,0,0,0,0,0,0,0,0
1719,034000480111,REESES WHITE PB CUP KS 18CT,CANDYS,28.0,27,1.65,0.83,35.4,36.32,15.11,36.99,29.5,5.9,16.7,Stable,0.7,Stable,-0.1,2025-03-17,2025-08-20,17,17,0,0,0,0,0,1,26,0,0,0,0
1720,708926565213,WILDHORSE SILVER 100 BOX 10CT,CIGARETTE,28.0,22,1.33,1.0,40.99,40.99,40.99,40.99,40.25,0.74,1.8,Stable,-0.9,Stable,0.0,2025-03-11,2025-09-02,3,21,0,0,0,0,0,0,22,0,0,0,0
1721,619585004213,DIAPERS BEBIN 14CT MEDIUM SZ 3,KIDS STUFF,28.0,12,3.11,0.5,3.99,3.99,3.99,3.99,1.75,2.24,56.1,Down,-11.3,Stable,0.0,2025-03-22,2025-08-14,23,9,0,0,0,12,0,0,0,0,0,0,0
1722,817127027953,BIG DOG WRAP 2/$1.99 20CT AROM,LT-TAX-COLLECTED,28.0,20,2.33,1.0,27.99,27.99,27.99,27.99,18.7,9.29,33.2,Stable,-2.7,Stable,0.0,2025-03-12,2025-08-13,23,12,0,0,0,0,0,0,20,0,0,0,0
1723,031700236208,GAME LEAF 5/2.99 8/5CT SWT ARM,CIGARS,28.0,26,1.56,1.0,18.99,18.99,18.99,18.99,14.0,4.99,26.3,Stable,-0.3,Stable,0.0,2025-03-15,2025-08-31,5,18,0,0,0,0,0,26,0,0,0,0,0
1724,022000127228,WR 35STK - DOUBLEMINT,GUMS/CHICLETS,28.0,22,2.15,0.67,19.44,19.99,17.99,19.99,14.4,5.04,25.9,Down,-10.5,Stable,1.0,2025-04-03,2025-09-05,1,13,0,0,0,0,0,22,0,0,0,0,0
1725,079200669034,LAFFY TAFFY ROPE 24CT STRAWBRY,CANDYS,28.0,28,1.65,0.92,7.99,7.99,7.99,7.99,6.38,1.61,20.2,Stable,-2.5,Stable,0.0,2025-03-12,2025-08-25,11,17,0,0,0,0,28,0,0,0,0,0,0
1726,99906,WARNER USB - IPHONE CABLE 12CT,CELLUAR ACCESSORIES,28.0,16,2.15,1.08,16.49,16.49,16.49,16.49,12.0,4.49,27.2,Stable,-4.3,Stable,0.0,2025-03-11,2025-08-30,7,13,0,0,0,0,0,16,0,0,0,0,0
1727,840439106108,ZIG ZAG HEMP 25/2CT OG PURPZ,BLUNT WRAP,28.0,20,1.75,0.75,12.34,11.13,0.00,12.99,10.58,1.77,14.3,Stable,-4.9,Stable,-2.4,2025-03-13,2025-09-01,5,16,1,0,0,0,0,19,0,0,0,0,0
1728,FRA12,FRAPPUCINNO 9.5 OZ 12CT,DRINKS,28.0,11,4.0,0.58,26.99,26.99,26.99,26.99,24.35,2.64,9.8,Down,-20.5,Stable,-0.0,2025-04-06,2025-07-16,52,7,0,0,0,0,0,0,11,0,0,0,0
1729,TCR12,TECHNO TORCH REVOLVER 12CT,LIGHTERS,28.0,23,1.75,0.58,27.8,27.91,26.50,28.99,23.5,4.3,15.5,Stable,-3.7,Stable,0.0,2025-03-13,2025-09-01,5,16,0,0,0,0,0,0,23,0,0,0,0
1730,840170618199,VELO PLUS 6MG 5CT - PEPPERMINT,NICOTINE POUCHES,28.0,26,1.56,1.33,21.55,21.6,21.49,21.99,20.19,1.36,6.3,Stable,4.4,Stable,0.0,2025-03-13,2025-08-31,5,18,0,0,0,0,0,0,26,0,0,0,0
1731,666186072059,CANABZY DISP 3.5GM THCP 5CT,ELECTRONIC CIG,28.0,6,4.67,0.0,76.17,76.17,75.00,77.50,70.3,5.87,7.7,Down,-45.3,Stable,-0.1,2025-04-06,2025-05-31,98,6,0,0,0,0,0,0,0,6,0,0,0
1732,10888109010079,HOSTESS CUPCAKE 6CT - ORANGE,FOOD,28.0,27,1.4,0.92,9.99,9.99,9.99,9.99,8.15,1.84,18.4,Stable,-3.7,Stable,-0.0,2025-03-15,2025-09-02,4,20,0,0,0,0,27,0,0,0,0,0,0
1733,814057002722,SHIELD MENTHOL SILVER 100 B0X,CIGARETTE,28.0,6,4.67,0.17,42.79,42.79,42.79,42.79,41.65,1.14,2.7,Stable,-1.2,Stable,0.0,2025-03-24,2025-07-24,43,6,0,0,0,0,0,0,6,0,0,0,0
1734,300672000248,EXCEDRIN REGULAR CAPLET 24CT,MEDICINE,28.0,8,3.5,0.83,5.49,5.49,5.49,5.49,4.25,1.24,22.6,Stable,-0.7,Stable,0.0,2025-03-19,2025-08-10,26,8,0,0,0,0,8,0,0,0,0,0,0
1735,817127028028,BIG DOG WRAP 2/$1.99 20CT PLAT,LT-TAX-COLLECTED,28.0,20,2.55,0.42,27.99,27.99,27.99,27.99,22.0,5.99,21.4,Down,-13.6,Stable,0.0,2025-03-12,2025-09-01,5,11,0,0,0,0,0,0,20,0,0,0,0
1736,802084154552,AFZAL 250GM - CHIEF COMMSNRY,LT-TAX PAID,28.0,23,1.65,1.25,10.36,10.49,9.99,10.49,9.01,1.35,13.0,Stable,-2.4,Stable,0.3,2025-03-19,2025-08-22,15,17,0,0,0,0,6,17,0,0,0,0,0
1737,016000513792,BUGLES NACHO CHEESE CHIPS 3OZ,FOOD,28.0,10,4.0,0.17,2.39,2.39,2.39,2.39,1.81,0.58,24.1,Up,10.7,Stable,0.0,2025-03-18,2025-07-12,55,7,0,0,10,0,0,0,0,0,0,0,0
1738,858765005880,SHOW 5/$1 15/5CT PEACH MANGO,CIGARS,28.0,22,1.75,1.17,10.69,10.69,10.69,10.69,7.5,3.19,29.8,Stable,1.8,Stable,0.0,2025-03-10,2025-09-03,2,16,0,0,0,0,0,22,0,0,0,0,0
1739,070970472596,MIKE & IKE PEG BAGS 5OZ 1CT,CANDYS,28.0,7,4.67,0.17,1.49,1.49,1.49,1.49,1.1,0.39,26.2,Down,-14.7,Stable,0.0,2025-03-18,2025-06-11,86,6,0,7,0,0,0,0,0,0,0,0,0
1740,850008118241,NATTY HEMP 4/99 15/4CT WT GRPE,BLUNT WRAP,28.0,25,1.56,1.33,7.67,7.99,0.00,7.99,7.0,0.67,8.7,Stable,1.3,Stable,0.4,2025-03-10,2025-08-04,33,18,1,0,0,0,24,0,0,0,0,0,0
1741,691835078830,MODUS BREEZY BLEND 7.5GM 5CT,ECIG - DISP D8,28.0,4,14.0,0.0,75.0,75.0,75.00,75.00,69.55,5.45,7.3,Down,-114.3,Stable,0.0,2025-04-01,2025-04-09,150,2,0,0,0,0,0,0,0,4,0,0,0
1742,853272008201,TETON 6 BLUE 100 BOX 10CT,CIGARETTE,28.0,16,2.33,1.58,25.38,25.96,24.79,26.99,23.29,2.09,8.2,Up,19.8,Stable,0.6,2025-03-22,2025-08-27,9,12,0,0,0,0,0,0,16,0,0,0,0
1743,6931571071929,LAB D DOLL 1CT,MISC,28.0,1,28.0,2.33,8.5,8.5,8.50,8.50,8.0,0.5,5.9,Stable,0.0,Stable,0.0,2025-07-23,2025-07-23,45,1,0,0,0,0,1,0,0,0,0,0,0
1744,071610341500,DM 2/1.29 30/2CT SUNSET DREAM,CIGARS,28.0,25,4.0,2.33,29.99,29.99,29.99,29.99,23.16,6.83,22.8,Down,-27.7,Stable,-0.0,2025-07-14,2025-09-05,1,7,0,0,0,0,0,0,25,0,0,0,0
1745,717519000857,AL CAPONE JAR 60/2CT JAMCN BLZ,LIT CIGARS 003251,28.0,25,1.87,1.0,67.49,67.49,67.49,67.49,63.67,3.82,5.7,Stable,-0.2,Stable,0.0,2025-03-13,2025-09-02,3,15,0,0,0,0,0,0,0,25,0,0,0
1746,784762081216,ZIG ZAG WOODS 15/2CT VELVET,CIGARS,28.0,5,7.0,2.33,14.37,14.37,14.29,14.69,10.95,3.42,23.8,Up,8.6,Stable,-0.8,2025-07-24,2025-09-04,2,4,0,0,0,0,0,5,0,0,0,0,0
1747,040000011620,SKITTLES WILDBERRY 36CT,CANDYS,28.0,28,2.0,0.75,47.99,47.99,47.99,47.99,40.39,7.6,15.8,Down,-7.0,Stable,-0.0,2025-03-11,2025-09-05,1,14,0,0,0,0,0,0,28,0,0,0,0
1748,16285049265677,VIVA ZEN 12CT KAVA BLEND,VITAMINS,28.0,14,2.15,0.5,42.75,47.0,39.50,48.00,38.43,4.32,10.1,Stable,4.8,Stable,1.4,2025-03-13,2025-09-02,3,13,0,0,0,0,0,0,14,0,0,0,0
1749,022600019879,TROJAN MAGNUM 6/3CT VARIETY,CONDOMS,28.0,27,1.87,0.92,12.99,12.99,12.99,12.99,11.26,1.73,13.3,Stable,-2.7,Stable,-0.0,2025-04-03,2025-09-02,4,15,0,0,0,0,0,27,0,0,0,0,0
1750,700598108460,OPMS GOLD CAP 3CT/10PK,VITAMINS,28.0,26,1.65,1.08,137.5,137.92,135.00,145.00,124.62,12.88,9.4,Stable,-0.1,Stable,0.1,2025-03-14,2025-09-04,1,17,0,0,0,0,0,0,0,0,26,0,0
1751,8682213100306,BEYOGLU DUBAI CHOC. 95G 6CT,CANDYS,27.0,23,6.75,2.25,38.74,38.74,36.00,39.00,27.0,11.74,30.3,Down,-48.9,Stable,-2.4,2025-08-05,2025-09-05,1,4,0,0,0,0,0,0,23,0,0,0,0
1752,038000311307,POP TARTS 6CT CINNAMON,COOKIES,27.0,21,1.59,0.58,5.99,5.99,5.99,5.99,4.51,1.48,24.7,Down,-8.5,Stable,0.0,2025-03-16,2025-09-01,4,17,0,0,0,0,21,0,0,0,0,0,0
1753,012546011082,TRIDENT 12CT - ORIGINAL,GUMS/CHICLETS,27.0,26,1.5,1.0,14.41,14.99,13.99,15.99,11.08,3.33,23.1,Stable,-1.7,Stable,0.6,2025-03-10,2025-09-03,2,18,0,0,0,0,0,26,0,0,0,0,0
1754,858765007334,SHOW 5/$1 15/5CT CREAM,CIGARS,27.0,23,1.8,0.83,10.69,10.69,10.69,10.69,7.24,3.45,32.3,Stable,1.2,Stable,0.0,2025-03-13,2025-08-18,18,15,0,0,0,0,0,23,0,0,0,0,0
1755,615764565780,SCALE FLYING H STASH-601 1CT,NOVELTY ITEMS,27.0,12,2.7,1.25,13.74,13.82,12.00,13.99,10.8,2.94,21.4,Stable,0.2,Stable,-0.0,2025-03-13,2025-08-23,14,10,0,0,0,0,0,12,0,0,0,0,0
1756,GAIN1,GAIN DERGENT 1 LOAD,CLEANING PRODUCTS,27.0,5,6.75,1.17,0.79,0.79,0.79,0.79,0.5,0.29,36.7,Stable,4.4,Stable,0.0,2025-05-06,2025-08-27,9,4,5,0,0,0,0,0,0,0,0,0,0
1757,842426166836,GT 3/1.29 HD 15/3CT HONEY FSN,CIGAR GA,27.0,20,1.8,1.42,13.54,13.57,13.49,14.49,11.92,1.62,12.0,Stable,-1.0,Stable,0.2,2025-03-22,2025-08-31,6,15,0,0,0,0,0,20,0,0,0,0,0
1758,888109253011,HOSTESS JUMBO HONEY BUN CHOC,FOOD,27.0,23,1.8,0.58,9.99,9.99,9.99,9.99,8.15,1.84,18.4,Down,-6.5,Stable,0.0,2025-03-16,2025-08-30,7,15,0,0,0,0,23,0,0,0,0,0,0
1759,50719,"CLEARANCE 14"" PIPE 1CT #50719",NOVELTY ITEMS,27.0,5,5.4,1.08,18.19,17.99,17.50,19.50,16.0,2.19,12.1,Down,-20.4,Stable,-1.4,2025-03-12,2025-07-06,61,5,0,0,0,0,0,5,0,0,0,0,0
1760,719410725129,5-HOUR ENERGY XS 12CT- CITRUS ,VITAMINS,27.0,26,2.25,0.67,21.99,21.99,21.99,21.99,21.36,0.63,2.9,Down,-10.4,Stable,0.0,2025-04-11,2025-08-28,8,12,0,0,0,0,0,0,26,0,0,0,0
1761,855022005386,ON! 4MG 5CT - ORIGINAL,NICOTINE POUCHES,27.0,18,2.08,1.0,17.49,17.49,17.49,17.49,16.04,1.45,8.3,Stable,4.8,Stable,0.0,2025-03-12,2025-08-30,7,13,0,0,0,0,0,18,0,0,0,0,0
1762,300810730884,NEOSPORIN 0.5OZ 1CT,MEDICINE,27.0,8,3.86,1.0,5.49,5.49,5.49,5.49,4.53,0.96,17.4,Down,-6.5,Stable,-0.0,2025-03-10,2025-08-04,32,7,0,0,0,0,8,0,0,0,0,0,0
1763,034000254019,REESES POPPED SNK MIX 4OZ,CANDYS,27.0,8,3.38,1.17,2.99,2.99,2.99,2.99,1.99,1.0,33.6,Stable,1.8,Stable,0.0,2025-03-28,2025-09-01,4,8,0,0,8,0,0,0,0,0,0,0,0
1764,026200391953,PENROSE TIJUANA MAMA 12CT,FOOD,27.0,23,2.08,1.25,18.99,18.99,18.99,18.99,15.6,3.39,17.9,Stable,-2.9,Stable,0.0,2025-03-14,2025-09-02,3,13,0,0,0,0,0,23,0,0,0,0,0
1765,855022005263,ON! 4MG 5CT - CITRUS,NICOTINE POUCHES,27.0,19,1.93,1.0,17.49,17.49,17.49,17.49,16.1,1.39,7.9,Down,-11.5,Stable,0.0,2025-03-24,2025-09-03,2,14,0,0,0,0,0,19,0,0,0,0,0
1766,792554701730,MAIL TAPE 1.89 X 800.0 1CT,STATIONARY,27.0,12,2.7,0.92,1.99,1.99,1.99,1.99,0.95,1.04,52.3,Stable,-1.1,Stable,0.0,2025-03-27,2025-08-28,9,10,0,12,0,0,0,0,0,0,0,0,0
1767,022200964098,LADY TEEN SPIRIT 0.5OZ 1CT,COSMETICS & BEAUTY,27.0,12,2.7,1.67,1.49,1.49,1.49,1.49,1.25,0.24,16.1,Up,5.6,Stable,0.0,2025-04-02,2025-08-31,5,10,0,12,0,0,0,0,0,0,0,0,0
1768,DBL6,DOUBLESHOT 6.5 OZ 12CT,DRINKS,27.0,17,1.93,1.25,33.99,33.99,33.99,33.99,30.11,3.88,11.4,Stable,1.5,Stable,0.0,2025-04-01,2025-09-04,2,14,0,0,0,0,0,0,17,0,0,0,0
1769,031700420256,GAME SAVE ON 2 30/2CT BLUE,CIGARS,27.0,21,2.25,0.67,29.99,29.99,29.99,29.99,19.32,10.67,35.6,Down,-15.4,Stable,0.0,2025-03-16,2025-08-23,13,12,0,0,0,0,0,0,21,0,0,0,0
1770,041364380513,SOUR PUNCH STRAW 24CT BL RASP,CANDYS,27.0,27,1.69,0.75,23.99,23.99,23.99,23.99,18.72,5.27,22.0,Stable,-1.3,Stable,0.0,2025-03-16,2025-08-14,22,16,0,0,0,0,0,0,27,0,0,0,0
1771,022000105080,WR 5 10CT - SPEARMINT RAIN,GUMS/CHICLETS,27.0,27,1.42,1.0,17.99,17.99,17.99,17.99,14.5,3.49,19.4,Stable,1.9,Stable,0.0,2025-03-14,2025-09-03,2,19,0,0,0,0,0,27,0,0,0,0,0
1772,649964321617,WILDHEMP WRAP 4/99 20CT RAZLET,BLUNT WRAP,27.0,10,2.7,1.17,11.69,10.39,0.00,12.99,9.5,2.19,18.7,Stable,2.5,Stable,-0.7,2025-03-28,2025-09-02,4,10,1,0,0,0,0,9,0,0,0,0,0
1773,888109253806,HOSTESS MEGA MUFFIN 3CT BANANA,FOOD,27.0,25,1.5,0.83,5.49,5.49,5.49,5.49,4.55,0.94,17.1,Stable,-3.1,Stable,0.0,2025-03-16,2025-08-24,13,18,0,0,0,0,25,0,0,0,0,0,0
1774,613200015875,SCALE RED DAWN SM 100 x .01G,NOVELTY ITEMS,27.0,7,5.4,0.58,2.49,2.49,2.49,2.49,2.0,0.49,19.7,Down,-18.5,Stable,0.0,2025-04-11,2025-08-23,14,5,0,0,7,0,0,0,0,0,0,0,0
1775,842426183932,GT WOODS NP 15/2CT DARK BANANA,CIGAR GA,27.0,14,13.5,2.25,21.49,21.49,21.49,21.49,19.61,1.88,8.7,Up,51.9,Stable,0.0,2025-08-30,2025-09-04,2,2,0,0,0,0,0,0,14,0,0,0,0
1776,724087947316,VITA RHINO CHOCO 12CT,VITAMINS,27.0,17,2.08,1.17,14.08,13.93,10.00,14.99,9.81,4.27,30.3,Stable,3.2,Stable,-0.7,2025-03-13,2025-08-05,32,13,0,0,0,0,0,17,0,0,0,0,0
1777,888109130275,HOSTESS DONETTES 10CT DBL CHOC,FOOD,27.0,24,1.59,0.75,16.49,16.49,16.49,16.49,13.57,2.92,17.7,Down,-6.9,Stable,0.0,2025-03-12,2025-08-31,6,17,0,0,0,0,0,24,0,0,0,0,0
1778,6974331908455,VTOUCH 30K PUFF DISP 5CT,ELECTRONIC CIG,27.0,10,4.5,2.08,47.45,47.44,45.00,49.99,35.48,11.97,25.2,Down,-10.8,Stable,-0.5,2025-04-10,2025-08-26,11,6,0,0,0,0,0,0,10,0,0,0,0
1779,04200514,GRIZZLY POUCH MINT 5CT,T7 SMOKELESS GA,27.0,17,2.08,0.75,25.58,26.06,24.69,26.49,24.11,1.47,5.7,Down,-6.9,Stable,0.6,2025-03-17,2025-08-29,8,13,0,0,0,0,0,0,17,0,0,0,0
1780,719410776121,5-HOUR ENERGY XS 12CT- TIDAL T,VITAMINS,26.0,23,1.73,0.83,21.99,21.99,21.99,21.99,21.18,0.81,3.7,Stable,-3.1,Stable,0.0,2025-03-16,2025-08-27,10,15,0,0,0,0,0,0,23,0,0,0,0
1781,034000430963,REESES BIG CUP KS 16CT,CANDYS,26.0,24,1.62,1.08,33.3,33.99,25.50,33.99,26.19,7.12,21.4,Stable,0.0,Stable,0.5,2025-03-13,2025-08-31,5,16,0,0,0,0,0,0,24,0,0,0,0
1782,086400901031,JOB ORANGE BOX 1.25 $.99 100CT,CIG ROLLING PAPER,26.0,14,3.25,0.33,55.28,44.99,0.00,59.99,54.0,1.28,2.3,Down,-13.9,Down,-9.8,2025-03-12,2025-07-04,64,8,1,0,0,0,0,0,0,13,0,0,0
1783,025900443078,OPTIMO 2/99 BLUE CIG 30CT,CIGARS,26.0,22,1.73,0.83,22.99,22.99,22.99,22.99,16.7,6.29,27.4,Stable,2.9,Stable,0.0,2025-03-11,2025-09-03,2,15,0,0,0,0,0,0,22,0,0,0,0
1784,034000223008,MR GOODBAR KS 18CT,CANDYS,26.0,26,1.73,1.17,36.99,36.99,36.99,36.99,29.16,7.83,21.2,Stable,-1.2,Stable,0.0,2025-03-11,2025-09-04,2,15,0,0,0,0,0,0,26,0,0,0,0
1785,842426167642,GT CIG PAPER $.89 1 1/2 100CT,CIG ROLLING PAPER,26.0,25,1.62,1.0,34.99,34.99,34.99,34.99,28.5,6.49,18.5,Stable,1.6,Stable,0.0,2025-03-11,2025-08-09,27,16,0,0,0,0,0,0,25,0,0,0,0
1786,040000011606,SKITTLES ORIGINAL 36CT,CANDYS,26.0,24,2.0,1.08,42.49,43.08,18.00,47.99,35.01,7.48,17.6,Up,5.2,Stable,0.6,2025-03-10,2025-09-04,1,13,0,0,0,0,0,1,23,0,0,0,0
1787,028200172266,B&H PREMIUM BOX 10CT,CIGARETTE,26.0,18,1.73,0.75,109.68,110.68,107.39,112.39,105.54,4.14,3.8,Stable,-2.5,Stable,0.3,2025-03-20,2025-08-13,23,15,0,0,0,0,0,0,0,0,18,0,0
1788,792554201018,LIL NECES CAN OPENER 1CT,HARDWARE,26.0,3,8.67,0.5,1.49,1.49,1.49,1.49,1.09,0.4,26.7,Down,-103.8,Stable,0.0,2025-04-29,2025-08-25,12,3,0,3,0,0,0,0,0,0,0,0,0
1789,810122472148,777 HAPPY HR SHOT MX BRY 12CT ,NOVELTY ITEMS,26.0,15,3.71,1.08,109.13,108.38,105.00,120.00,102.0,7.13,6.5,Down,-30.8,Stable,-1.4,2025-05-14,2025-09-05,1,7,0,0,0,0,0,0,0,0,15,0,0
1790,00041333009612,DURACELL AA 4PK 14/4CT,BATTERY,26.0,26,1.44,1.17,50.91,51.7,49.99,61.99,38.5,12.41,24.4,Stable,0.6,Stable,0.8,2025-03-12,2025-09-05,1,18,0,0,0,0,0,0,24,2,0,0,0
1791,DIA2P,DIAMOND ACC 2 PC 2.4ASET PACK ,CELLUAR ACCESSORIES,26.0,8,3.71,1.08,3.5,3.5,3.50,3.50,2.5,1.0,28.6,Down,-6.7,Stable,0.0,2025-03-24,2025-08-25,11,7,0,0,0,8,0,0,0,0,0,0,0
1792,022000121981,LIFESAVERS GUMMY 15CT COLISION,CANDYS,26.0,26,1.86,1.5,33.57,32.99,32.99,34.99,26.78,6.79,20.2,Stable,2.4,Stable,-0.6,2025-03-10,2025-08-31,5,14,0,0,0,0,0,0,26,0,0,0,0
1793,323900014251,NYQUIL COLD/FLU CHERR 8OZ,MEDICINE,26.0,10,3.71,0.33,8.99,8.99,8.99,8.99,7.4,1.59,17.7,Stable,-4.8,Stable,0.0,2025-04-17,2025-07-15,52,7,0,0,0,0,10,0,0,0,0,0,0
1794,840158608426,FRE 12MG POUCH 5CT SWEET,NICOTINE POUCHES,26.0,8,4.33,2.17,20.18,20.18,19.99,20.49,19.5,0.68,3.4,Down,-9.2,Stable,-0.2,2025-07-12,2025-08-27,10,6,0,0,0,0,0,5,3,0,0,0,0
1795,888109011529,HOSTESS DONETTES 10CT CHOC,FOOD,26.0,25,1.53,0.83,16.49,16.49,16.49,16.49,13.57,2.92,17.7,Stable,-3.0,Stable,0.0,2025-03-12,2025-09-01,4,17,0,0,0,0,0,25,0,0,0,0,0
1796,035000530967,FABULOSO MULTI PURPOSE 33.8OZ,CLEANING PRODUCTS,26.0,10,2.89,0.58,3.49,3.49,3.49,3.49,2.25,1.24,35.5,Down,-5.8,Stable,0.0,2025-03-26,2025-08-19,17,9,0,0,0,10,0,0,0,0,0,0,0
1797,0944850,DIAMOND AC CABLE 25CT USB IPHN,CELLUAR ACCESSORIES,26.0,21,3.71,0.0,31.85,31.85,28.99,31.99,24.5,7.35,23.1,Stable,-3.8,Stable,0.2,2025-03-16,2025-04-29,130,7,0,0,0,0,0,0,21,0,0,0,0
1798,031700238349,GAME LEAF 2/1.29 DK RUM 15/2CT,CIGARS,26.0,24,2.0,0.75,14.99,14.99,14.99,14.99,11.25,3.74,24.9,Stable,-3.0,Stable,0.0,2025-03-12,2025-08-12,24,13,0,0,0,0,0,24,0,0,0,0,0
1799,10888109010048,HOSTESS COFFEE CAKE 8CT CINMN,FOOD,26.0,24,1.73,0.67,12.79,12.79,12.79,12.79,10.86,1.93,15.1,Down,-5.4,Stable,0.0,2025-03-14,2025-09-02,4,15,0,0,0,0,0,24,0,0,0,0,0
1800,708926564049,WILDHORSE MENTHOL SLVR 100 BOX,CIGARETTE,26.0,15,2.6,1.17,40.99,40.99,40.99,40.99,37.18,3.81,9.3,Up,10.7,Stable,0.0,2025-03-13,2025-09-01,5,10,0,0,0,0,0,0,15,0,0,0,0
1801,031700009765,WO 2/99 PINEAPPLE 30CT.,CIGARS,26.0,26,3.71,0.0,21.99,21.99,21.99,21.99,16.65,5.34,24.3,Stable,-1.9,Stable,-0.0,2025-03-13,2025-04-23,136,7,0,0,0,0,0,0,26,0,0,0,0
1802,022000135117,LIFESAVERS GUMMY 15CT W BERRY,CANDYS,26.0,26,1.73,1.0,33.99,32.99,32.99,34.99,27.02,6.98,20.5,Stable,-2.3,Stable,-0.6,2025-03-10,2025-09-02,4,15,0,0,0,0,0,0,26,0,0,0,0
1803,842426171458,GT 4/1.19 4KS 15/4CT BLK DIAMN,CIGAR GA,26.0,22,1.86,0.67,12.04,12.16,11.99,12.99,10.51,1.53,12.7,Stable,-2.6,Stable,0.2,2025-03-11,2025-09-04,1,14,0,0,0,0,0,22,0,0,0,0,0
1804,079083127249,JOB GOLD 1.25 1 1/4 PAPER 24CT,CIG ROLLING PAPER,26.0,26,1.37,0.75,39.41,40.99,0.00,40.99,36.95,2.46,6.3,Stable,-0.6,Stable,0.1,2025-03-12,2025-08-19,17,19,1,0,0,0,0,0,25,0,0,0,0
1805,689076935722,BLUNTVILLE CIG 25CT CANDLA HNY,CIGARS,26.0,16,1.86,0.92,23.49,23.49,23.49,23.49,15.75,7.74,33.0,Down,-5.4,Stable,-0.0,2025-04-05,2025-09-04,2,14,0,0,0,0,0,0,16,0,0,0,0
1806,028000752262,LAFFY TAFFY ROPE 24CT BANANA,CANDYS,26.0,25,1.53,1.08,7.99,7.99,7.99,7.99,6.38,1.61,20.2,Stable,0.3,Stable,0.0,2025-03-12,2025-08-31,6,17,0,0,0,0,25,0,0,0,0,0,0
1807,801822202777,ELECTRONIKS EXTNSN CORD 12FT,HARDWARE,26.0,12,2.6,1.08,3.49,3.49,3.49,3.49,1.95,1.54,44.1,Up,6.5,Stable,0.0,2025-03-10,2025-07-15,53,10,0,0,0,12,0,0,0,0,0,0,0
1808,037695188027,CAKEBITES M & M'S 12CT,FOOD,26.0,23,2.17,1.0,16.08,11.81,0.00,19.99,16.2,-0.12,-0.8,Stable,3.6,Stable,-4.9,2025-03-18,2025-08-18,18,12,4,0,0,0,1,18,0,0,0,0,0
1809,024100372768,CHEEZ-IT GRAB N GO 6CT HOT SPC,COOKIES,26.0,26,1.53,0.67,8.49,8.49,8.49,8.49,6.72,1.77,20.9,Down,-5.8,Stable,0.0,2025-03-15,2025-08-31,5,17,0,0,0,0,26,0,0,0,0,0,0
1810,658331999250,MOTRIN TABLETS 25/2CT,MEDICINE,26.0,25,2.6,1.42,8.99,8.99,8.99,8.99,6.75,2.24,25.0,Stable,1.4,Stable,0.0,2025-05-19,2025-08-26,10,10,0,0,0,0,25,0,0,0,0,0,0
1811,016000204324,FOOT FRUIT BY 4CT PEG 3OZ,CANDYS,26.0,6,5.2,1.0,2.29,2.29,2.29,2.29,1.6,0.69,30.0,Stable,1.9,Stable,0.0,2025-03-17,2025-07-24,43,5,0,0,6,0,0,0,0,0,0,0,0
1812,709215401892,305'S MENTHOL KING BOX 10CT,CIGARETTE,26.0,22,1.73,1.08,32.49,32.49,32.49,32.49,31.64,0.85,2.6,Stable,-0.2,Stable,0.0,2025-04-01,2025-08-23,13,15,0,0,0,0,0,0,22,0,0,0,0
1813,031700420270,GAME SAVE ON 2 30/2CT SILVER,CIGARS,26.0,23,1.86,0.67,29.99,29.99,29.99,29.99,19.32,10.67,35.6,Stable,3.3,Stable,0.0,2025-03-14,2025-08-17,19,14,0,0,0,0,0,0,23,0,0,0,0
1814,012546097277,DENTYNE ICE 9CT ARCTIC CHILL,GUMS/CHICLETS,26.0,25,1.44,1.0,10.99,10.99,10.99,10.99,8.73,2.26,20.6,Stable,-1.0,Stable,-0.0,2025-03-12,2025-09-01,4,18,0,0,0,0,0,25,0,0,0,0,0
1815,10888109010055,HOSTESS ZINGERS 6CT - DEVIL FD,FOOD,26.0,25,1.53,0.75,9.99,9.99,9.99,9.99,8.15,1.84,18.4,Stable,-4.6,Stable,0.0,2025-03-18,2025-09-02,4,17,0,0,0,0,25,0,0,0,0,0,0
1816,732409290385,KADO BAR i-PRO 35000 5CT,ELECTRONIC CIG,26.0,18,2.17,0.42,45.22,46.2,40.00,50.00,41.25,3.97,8.8,Down,-20.3,Stable,0.1,2025-03-13,2025-08-17,19,12,0,0,0,0,0,0,16,2,0,0,0
1817,719499005341,HIGH HEMP WRAPS 25CT PINAPL PR,BLUNT WRAP,26.0,6,4.33,0.67,4.0,6.0,0.00,11.99,7.25,-3.25,-81.4,Down,-39.6,Up,34.3,2025-04-06,2025-09-01,5,6,4,0,0,0,0,2,0,0,0,0,0
1818,815556020385,BAYER ASPIRIN 325MG 25/2CT,MEDICINE,26.0,26,1.53,0.75,7.99,7.99,7.99,7.99,5.5,2.49,31.2,Stable,1.8,Stable,0.0,2025-03-29,2025-08-26,11,17,0,0,0,0,26,0,0,0,0,0,0
1819,062644695134,PARTYTIME FOAM CUPS 16OZ  20CT,HOUSEHOLD GOODS,26.0,8,5.2,1.17,1.69,1.69,1.69,1.69,0.93,0.76,44.9,Stable,0.0,Stable,0.0,2025-03-12,2025-08-13,23,5,0,8,0,0,0,0,0,0,0,0,0
1820,852682507687,PANAX GINSENG EXTRCT 8KMG 30CT,VITAMINS,26.0,22,2.17,0.67,7.49,7.49,7.49,7.49,5.75,1.74,23.2,Down,-11.0,Stable,0.0,2025-03-24,2025-09-05,1,12,0,0,0,0,22,0,0,0,0,0,0
1821,018505138951,BUTT BUCKET LUMINOUS 12CT,NOVELTY ITEMS,26.0,24,1.62,0.67,12.95,12.87,12.00,12.99,8.95,4.0,30.9,Down,-5.8,Stable,-0.0,2025-03-10,2025-08-05,32,16,0,0,0,0,0,24,0,0,0,0,0
1822,842426181112,GT 3/1.29 HD 15/3CT PEACHES,CIGAR GA,26.0,20,2.17,0.67,13.54,13.69,13.49,14.49,11.92,1.62,12.0,Stable,-2.9,Stable,0.3,2025-03-24,2025-09-02,4,12,0,0,0,0,0,20,0,0,0,0,0
1823,031700234822,GARCIA VEGA 2/1.29 SWEET 30CT,CIGARS,25.0,19,1.92,0.83,14.99,14.99,14.99,14.99,11.0,3.99,26.6,Stable,-3.7,Stable,0.0,2025-03-10,2025-08-22,15,13,0,0,0,0,0,19,0,0,0,0,0
1824,840170618250,VELO PLUS 6MG 5CT - CITRUS CHL,NICOTINE POUCHES,25.0,24,1.92,1.58,21.53,21.55,21.49,21.99,20.34,1.19,5.5,Up,11.1,Stable,0.0,2025-03-17,2025-08-30,7,13,0,0,0,0,0,0,24,0,0,0,0
1825,031700239162,WO 2/1.19 30/2CT SWT PEACH TEA,CIGARS,25.0,23,1.67,0.83,25.99,25.99,25.99,25.99,19.88,6.11,23.5,Stable,-0.9,Stable,-0.0,2025-03-10,2025-09-01,5,15,0,0,0,0,0,0,23,0,0,0,0
1826,658238734862,LOOSE LEAF CRUSH 10CT BANANA ,LT-TAX-COLLECTED,25.0,24,2.08,0.33,12.99,12.99,12.99,12.99,9.9,3.09,23.8,Stable,0.8,Stable,0.0,2025-03-11,2025-06-13,85,12,0,0,0,0,0,24,0,0,0,0,0
1827,072250051064,MRS FRESHLEY OREO BROWNIE 8CT,CANDYS,25.0,23,1.67,0.83,12.99,12.99,12.99,12.99,10.41,2.58,19.9,Stable,-0.4,Stable,-0.0,2025-03-13,2025-09-02,4,15,0,0,0,0,0,23,0,0,0,0,0
1828,080893010355,LIL AUTO TIRE REP KIT STRIP ,HARDWARE,25.0,7,5.0,0.25,2.79,2.79,2.79,2.79,2.05,0.74,26.5,Down,-18.0,Stable,0.0,2025-03-24,2025-08-19,17,5,0,0,7,0,0,0,0,0,0,0,0
1829,022000105066,WR 5 10CT - COBALT PEPPERMINT,GUMS/CHICLETS,25.0,25,1.19,1.17,17.99,17.99,17.99,17.99,13.64,4.35,24.2,Stable,1.4,Stable,0.0,2025-03-12,2025-09-03,2,21,0,0,0,0,0,25,0,0,0,0,0
1830,014007753005,WRIST ELASTIC SUPORT WITH LOOP,COSMETICS & BEAUTY,25.0,5,5.0,1.5,1.79,1.79,1.79,1.79,0.65,1.14,63.7,Stable,-0.0,Stable,0.0,2025-05-17,2025-08-21,16,5,0,5,0,0,0,0,0,0,0,0,0
1831,NOS24,NOS ENERGY 16OZ 24CT,DRINKS,25.0,17,1.79,1.08,41.99,41.99,41.99,41.99,38.69,3.3,7.9,Stable,-2.1,Stable,0.0,2025-03-15,2025-08-31,6,14,0,0,0,0,0,0,17,0,0,0,0
1832,676979912660,U TOOTHPICK SHAKERS 4CT,HOUSEHOLD GOODS,25.0,14,2.27,0.92,0.99,0.99,0.99,0.99,0.37,0.62,62.2,Stable,-2.4,Stable,-0.0,2025-03-14,2025-08-18,19,11,14,0,0,0,0,0,0,0,0,0,0
1833,097339000030,VALENTINA SALSA RED 34OZ 1CT,FOOD,25.0,12,2.27,1.25,2.49,2.49,2.49,2.49,2.04,0.45,18.0,Up,6.0,Stable,-0.0,2025-03-20,2025-09-01,5,11,0,0,12,0,0,0,0,0,0,0,0
1834,817127027977,BIG DOG WRAP 2/$1.99 20CT DKLF,LT-TAX-COLLECTED,25.0,15,2.78,0.67,27.99,27.99,27.99,27.99,22.0,5.99,21.4,Stable,-1.2,Stable,0.0,2025-03-15,2025-08-13,24,9,0,0,0,0,0,0,15,0,0,0,0
1835,012300344968,CAMEL SNUS MELLOW 5CT,T7 SMOKELESS GA,25.0,17,1.92,1.0,33.14,33.3,32.99,33.49,30.09,3.05,9.2,Stable,3.7,Stable,0.1,2025-03-12,2025-09-03,2,13,0,0,0,0,0,0,17,0,0,0,0
1836,071610340466,BACKWOODS 3PK 10/3CT HONEY,CIGARS,25.0,24,1.79,0.83,30.64,31.49,29.79,31.49,21.15,9.49,31.0,Stable,-3.6,Stable,0.6,2025-03-11,2025-09-04,1,14,0,0,0,0,0,0,24,0,0,0,0
1837,854152008434,WIZARD AIRFRESHNER 10OZ 1CT,HOUSEHOLD GOODS,25.0,4,6.25,0.58,1.39,1.39,1.39,1.39,0.75,0.64,46.0,Up,20.8,Stable,0.0,2025-03-10,2025-07-28,40,4,0,4,0,0,0,0,0,0,0,0,0
1838,8991111102603,J&J BABY SHAMPOO 100ML 1CT,COSMETICS & BEAUTY,25.0,6,5.0,1.08,1.59,1.59,1.59,1.59,0.95,0.64,40.3,Down,-10.0,Stable,0.0,2025-03-24,2025-09-01,5,5,0,6,0,0,0,0,0,0,0,0,0
1839,073390614805,AIR HEADS 18CT XT VERY BERRY,CANDYS,25.0,24,2.08,0.67,21.99,21.99,21.99,21.99,17.79,4.2,19.1,Down,-11.9,Stable,0.0,2025-03-20,2025-07-10,58,12,0,0,0,0,0,0,24,0,0,0,0
1840,850011675137,WHIP-IT N20 CREAM CHARGES 24CT,MISC,25.0,1,25.0,0.0,14.99,14.99,14.99,14.99,9.87,5.12,34.2,Stable,0.0,Stable,0.0,2025-05-16,2025-05-16,113,1,0,0,0,0,0,1,0,0,0,0,0
1841,643375878746,OPMS BLACK CAP 2CT/10PK,VITAMINS,25.0,17,2.27,0.33,95.7,97.24,90.00,99.99,85.62,10.08,10.5,Down,-12.4,Stable,0.6,2025-03-10,2025-08-28,8,11,0,0,0,0,0,0,0,17,0,0,0
1842,5061067870291,ADJUST MYCOOL 40K PUFFS 5CT,ELECTRONIC CIG,25.0,9,3.12,1.17,42.67,43.2,41.50,45.00,35.0,7.67,18.0,Stable,-1.1,Stable,0.8,2025-03-19,2025-08-31,5,8,0,0,0,0,0,0,9,0,0,0,0
1843,676979826264,MAXI REG WITHOUT WING 14PK 1CT,MEDICINE,25.0,6,6.25,1.0,1.99,1.99,1.99,1.99,0.85,1.14,57.1,Down,-43.2,Stable,0.0,2025-03-16,2025-08-31,5,4,0,6,0,0,0,0,0,0,0,0,0
1844,676979890074,WOMENS 3 BLADE W/4 CART RAZOR,HOUSEHOLD GOODS,25.0,5,5.0,0.33,1.79,1.79,1.79,1.79,0.69,1.1,61.5,Stable,4.0,Stable,0.0,2025-04-02,2025-08-18,19,5,0,5,0,0,0,0,0,0,0,0,0
1845,024291150695,SALUTE PIERCE CAN&BOTLE OPENER,HOUSEHOLD GOODS,25.0,2,12.5,0.0,0.99,0.99,0.99,0.99,0.31,0.68,68.4,Down,-152.0,Stable,0.0,2025-03-18,2025-05-19,109,2,2,0,0,0,0,0,0,0,0,0,0
1846,094781282502,LION OF JUDAH KS 50CT,CIG ROLLING PAPER,25.0,21,1.56,1.25,25.71,21.81,0.00,29.99,25.0,0.71,2.7,Up,7.8,Stable,-2.4,2025-04-03,2025-09-01,5,16,3,0,0,0,0,0,18,0,0,0,0
1847,817127028394,BIG DOG WRAP 2/$1.99 20CT KIWI,LT-TAX-COLLECTED,25.0,20,1.79,1.08,27.99,27.99,27.99,27.99,22.0,5.99,21.4,Stable,-2.8,Stable,-0.0,2025-03-15,2025-09-04,2,14,0,0,0,0,0,0,20,0,0,0,0
1848,073390005948,MENTOS 1.32OZ 15CT RAINBOW,CANDYS,25.0,25,1.67,0.67,15.99,15.99,15.99,15.99,12.9,3.09,19.3,Down,-7.5,Stable,-0.0,2025-03-24,2025-09-03,2,15,0,0,0,0,0,25,0,0,0,0,0
1849,038000765407,RICE KRISPIES TREATS ORIG 20CT,COOKIES,25.0,25,1.67,1.17,15.99,15.99,15.99,15.99,13.15,2.84,17.8,Stable,-2.4,Stable,-0.0,2025-03-27,2025-08-28,8,15,0,0,0,0,0,25,0,0,0,0,0
1850,655708017920,ADVIL LIQUI GELS 25/2CT,MEDICINE,25.0,21,1.92,1.67,9.99,9.99,9.99,9.99,6.7,3.29,32.9,Up,6.3,Stable,0.0,2025-03-30,2025-09-02,3,13,0,0,0,0,21,0,0,0,0,0,0
1851,024100928415,CHEEZ-IT DUOZ 4.3OZ 1CT,COOKIES,25.0,7,3.57,0.25,1.99,1.99,1.99,1.99,1.58,0.41,20.5,Stable,-0.0,Stable,0.0,2025-03-18,2025-08-09,28,7,0,7,0,0,0,0,0,0,0,0,0
1852,CHEV,CHEVRON MOTOR OIL 12/1QT,AUTOMOTIVE,25.0,11,2.78,0.58,49.99,49.99,49.99,49.99,37.0,12.99,26.0,Down,-16.2,Stable,0.0,2025-03-16,2025-09-02,3,9,0,0,0,0,0,0,11,0,0,0,0
1853,666186073254,CANABZY GUMMY THCP 24/2CT,CBD/HEMP,25.0,8,5.0,0.33,38.0,37.0,37.00,42.50,32.0,6.0,15.8,Stable,-2.0,Stable,-2.7,2025-03-24,2025-07-15,53,5,0,0,0,0,0,0,8,0,0,0,0
1854,801822811542,BOWL CLEANER & FRESHENER 1CT,AIR FRESHENER,25.0,4,6.25,0.33,1.49,1.49,1.49,1.49,0.55,0.94,63.1,Down,-84.8,Stable,0.0,2025-03-22,2025-07-03,64,4,0,4,0,0,0,0,0,0,0,0,0
1855,676979810256,U COTTON SWABS 500CT,COSMETICS & BEAUTY,25.0,9,4.17,1.42,1.29,1.29,1.29,1.29,0.62,0.67,51.6,Up,7.5,Stable,0.0,2025-03-18,2025-08-21,16,6,0,9,0,0,0,0,0,0,0,0,0
1856,012300327916,CAMEL TURKISH SILVER BOX 10CT,CIGARETTE,25.0,22,1.67,1.0,96.67,98.14,94.09,99.49,91.75,4.92,5.1,Stable,1.5,Stable,0.5,2025-03-13,2025-09-03,3,15,0,0,0,0,0,0,0,22,0,0,0
1857,646117721881,PLOOX 75000 PUFFS DISP 5CT,ELECTRONIC CIG,25.0,6,12.5,2.08,49.58,49.58,47.50,50.00,40.0,9.58,19.3,Down,-120.0,Stable,1.3,2025-08-27,2025-09-05,0,2,0,0,0,0,0,0,1,5,0,0,0
1858,842426182850,GT WOODS NP 15/2CT DK ED BOLD,CIGAR GA,25.0,13,12.5,2.08,21.49,21.49,21.49,21.49,19.61,1.88,8.7,Up,56.0,Stable,0.0,2025-08-30,2025-09-04,1,2,0,0,0,0,0,0,13,0,0,0,0
1859,888109012175,HOSTESS JUMBO DONUT 6CT STRBRY,FOOD,25.0,23,2.08,0.67,9.99,9.99,9.99,9.99,8.15,1.84,18.4,Stable,-4.2,Stable,0.0,2025-03-16,2025-08-26,11,12,0,0,0,0,23,0,0,0,0,0,0
1860,10888109010116,HOSTESS ZINGERS 6CT - VANILLA,FOOD,25.0,22,1.67,0.5,9.99,9.99,9.99,9.99,8.15,1.84,18.4,Down,-7.7,Stable,0.0,2025-03-12,2025-09-02,4,15,0,0,0,0,22,0,0,0,0,0,0
1861,025900240684,SS MINI 3/1.29 15/3CT GRAPE,CIGARS,25.0,22,1.47,0.67,15.49,15.49,15.49,15.49,10.97,4.52,29.2,Stable,-4.7,Stable,-0.0,2025-03-12,2025-09-04,1,17,0,0,0,0,0,22,0,0,0,0,0
1862,8681511388720,ADALYA 10 X 50GM LADY KILLER,LT-TAX PAID,24.0,19,1.85,1.42,18.25,18.41,17.99,18.99,16.46,1.79,9.8,Stable,3.0,Stable,0.5,2025-03-19,2025-08-29,7,13,0,0,0,0,0,19,0,0,0,0,0
1863,312546050808,HALLS HONEY LEMON 20CT,MEDICINE,24.0,24,2.0,0.08,24.38,24.99,13.99,24.99,20.64,3.74,15.3,Stable,0.0,Stable,1.6,2025-03-29,2025-06-11,86,12,0,0,0,0,0,1,23,0,0,0,0
1864,046500018428,OFF DEEP WOODS 60Z,HOUSEHOLD GOODS,24.0,10,3.43,1.75,6.99,6.99,6.99,6.99,5.5,1.49,21.3,Stable,-3.1,Stable,-0.0,2025-04-17,2025-09-01,4,7,0,0,0,0,10,0,0,0,0,0,0
1865,011000283089,EAGLE 20 RED KING BOX 10CT,CIGARETTE,24.0,19,1.41,1.33,58.93,59.59,57.79,59.59,57.28,1.64,2.8,Stable,1.6,Stable,0.3,2025-03-12,2025-08-31,5,17,0,0,0,0,0,0,0,19,0,0,0
1866,676979858913,WICK & WAX JUMBO CANDLE 6CT,CANDLES,24.0,1,24.0,0.0,1.29,1.29,1.29,1.29,0.78,0.51,39.5,Stable,0.0,Stable,0.0,2025-04-11,2025-04-11,148,1,0,1,0,0,0,0,0,0,0,0,0
1867,070137500889,BLK & MLD 10/5PK PT APPLE ,CIGAR GA,24.0,19,1.71,0.92,61.87,62.09,59.99,62.09,41.49,20.38,32.9,Stable,-0.3,Stable,0.2,2025-03-10,2025-08-26,11,14,0,0,0,0,0,0,0,19,0,0,0
1868,742521641514,COCOUS MOUTH TIP 50CT,NOVELTY ITEMS,24.0,7,4.0,0.83,2.99,2.99,2.99,2.99,0.95,2.04,68.2,Down,-42.9,Stable,0.0,2025-04-08,2025-08-12,24,6,0,0,7,0,0,0,0,0,0,0,0
1869,009800053872,TIC TAC 1.7OZ 12CT FRUIT ADV ,CANDYS,24.0,23,1.41,0.92,21.51,22.08,20.99,23.99,19.4,2.11,9.8,Stable,-1.0,Stable,0.5,2025-03-16,2025-09-05,1,17,0,0,0,0,0,0,23,0,0,0,0
1870,034000226009,KIT KAT CHOCOLATE KS 24CT,CANDYS,24.0,22,1.5,1.42,49.76,49.68,45.00,49.99,39.43,10.33,20.8,Stable,-2.0,Stable,0.0,2025-03-16,2025-08-31,6,16,0,0,0,0,0,0,22,0,0,0,0
1871,7468572202223,"SUNNY FOAM PLATES 8"" 25CT",KITCHEN & TOILET,24.0,4,8.0,2.0,1.59,1.59,1.59,1.59,1.01,0.58,36.5,Down,-25.0,Stable,0.0,2025-08-09,2025-08-22,15,3,0,4,0,0,0,0,0,0,0,0,0
1872,134539776416,HIGH GRAVITY GUMMY JAR 80CT,CBD/HEMP,24.0,19,2.0,1.25,65.13,65.0,65.00,67.50,60.0,5.13,7.9,Stable,-4.9,Stable,-0.1,2025-03-16,2025-09-04,1,12,0,0,0,0,0,0,0,19,0,0,0
1873,011000492085,PYRAMID RED BOX 10CT,CIGARETTE,24.0,16,1.6,1.25,67.44,68.19,66.19,68.19,65.92,1.52,2.3,Stable,3.8,Stable,0.3,2025-03-19,2025-09-03,2,15,0,0,0,0,0,0,0,16,0,0,0
1874,819913014987,JUUL VIRG TOBACCO 3% 2PK 1CT,ECIG - PODS,24.0,3,8.0,0.67,8.82,9.15,8.65,9.15,7.5,1.32,14.9,Stable,0.0,Stable,2.8,2025-04-02,2025-06-25,72,3,0,0,0,0,3,0,0,0,0,0,0
1875,012300839136,DORAL MENTHOL 100 BOX 10CT,CIGARETTE,24.0,21,1.71,0.83,103.38,105.58,101.19,106.59,99.94,3.44,3.3,Down,-7.9,Stable,0.4,2025-03-23,2025-09-01,4,14,0,0,0,0,0,0,0,0,21,0,0
1876,819913015199,JUUL VIRG TOBACCO 5% 2PK 1CT,ECIG - PODS,24.0,3,8.0,1.33,8.81,8.89,8.63,9.15,6.15,2.66,30.2,Stable,0.0,Stable,-0.1,2025-04-02,2025-07-10,58,3,0,0,0,0,3,0,0,0,0,0,0
1877,076452700560,JEWELS HAVA 10/5PK SWEET,CIGARS,24.0,5,6.0,1.0,58.79,58.99,57.99,58.99,46.13,12.66,21.5,Down,-26.7,Stable,0.5,2025-04-25,2025-09-03,3,4,0,0,0,0,0,0,0,5,0,0,0
1878,040000011637,SKITTLES TROPICAL 36CT,CANDYS,24.0,24,1.33,1.0,47.99,47.99,47.99,47.99,40.53,7.46,15.5,Stable,2.5,Stable,0.0,2025-03-12,2025-09-05,1,18,0,0,0,0,0,0,24,0,0,0,0
1879,008660007179,ZIG ZAG CONE 1 1/4 24/6CT,CIG ROLLING PAPER,24.0,12,2.18,0.58,19.16,15.59,0.00,26.99,22.32,-3.16,-16.5,Stable,-1.7,Stable,-4.2,2025-03-11,2025-09-01,5,11,3,0,0,0,0,0,9,0,0,0,0
1880,040000011057,SNICKERS ALMOND BAR 24CT,CANDYS,24.0,24,1.71,0.83,34.86,34.99,31.99,34.99,26.48,8.39,24.1,Down,-6.7,Stable,0.2,2025-03-15,2025-08-26,10,14,0,0,0,0,0,0,24,0,0,0,0
1881,676979557038,HOUSE CARE TOILT CLEAN GEL 1CT,CLEANING PRODUCTS,24.0,1,24.0,2.0,0.99,0.99,0.99,0.99,0.52,0.47,47.5,Stable,0.0,Stable,0.0,2025-08-21,2025-08-21,16,1,1,0,0,0,0,0,0,0,0,0,0
1882,305730169202,ADVIL LIQUID GELS CAPSULE 20CT,MEDICINE,24.0,5,4.8,0.5,4.81,5.0,4.69,5.00,3.93,0.89,18.4,Down,-20.8,Stable,1.9,2025-04-18,2025-09-02,3,5,0,0,0,3,2,0,0,0,0,0,0
1883,878848872192,PROTOUCH CARTONSEALIN TAPE 1CT,HOUSEHOLD GOODS,24.0,12,2.4,0.75,1.69,1.69,1.69,1.69,0.62,1.07,63.0,Down,-9.6,Stable,0.0,2025-03-21,2025-08-28,9,10,0,12,0,0,0,0,0,0,0,0,0
1884,300677917060,THERAFLU 6CT DAYTIME CLD/COGH,MEDICINE,24.0,12,3.0,0.67,7.99,7.99,7.99,7.99,5.99,2.0,25.0,Down,-10.3,Stable,0.0,2025-04-17,2025-08-24,13,8,0,0,0,0,12,0,0,0,0,0,0
1885,6291108160558,AL FAKHER 250GM BLUEBERRY MINT,LT-TAX PAID,24.0,7,3.43,1.25,9.99,9.99,9.99,9.99,8.87,1.12,11.2,Down,-7.3,Stable,0.0,2025-03-30,2025-07-25,43,7,0,0,0,0,7,0,0,0,0,0,0
1886,041333214016,DURACELL C 2PK 1CT,BATTERY,24.0,8,3.43,1.17,4.05,4.09,3.99,4.49,2.85,1.2,29.7,Stable,-4.2,Stable,1.3,2025-04-05,2025-08-24,12,7,0,0,0,8,0,0,0,0,0,0,0
1887,044000078386,CHIPS AHOY ORIGINAL 10PK,COOKIES,24.0,22,1.71,0.83,7.49,7.49,7.49,7.49,6.16,1.33,17.7,Stable,-1.3,Stable,0.0,2025-03-14,2025-09-05,1,14,0,0,0,0,22,0,0,0,0,0,0
1888,10888109010086,HOSTESS ZINGERS 6CT - RASPBRY,FOOD,24.0,21,1.6,0.5,9.99,9.99,9.99,9.99,8.15,1.84,18.4,Stable,-3.6,Stable,0.0,2025-03-12,2025-08-19,17,15,0,0,0,0,21,0,0,0,0,0,0
1889,G0032G0032,GILETTE GOOD NEWS RAZORS 30CT ,MEDICINE,24.0,20,2.0,0.83,12.99,12.99,12.99,12.99,9.75,3.24,24.9,Stable,-3.1,Stable,0.0,2025-03-11,2025-08-05,32,12,0,0,0,0,0,20,0,0,0,0,0
1890,027200205905,PALL MALL SELECT BLUE BOX 10CT,CIGARETTE,24.0,23,2.0,1.75,54.12,54.4,52.29,62.29,51.21,2.91,5.4,Down,-5.6,Stable,-1.0,2025-05-27,2025-08-29,8,12,0,0,0,0,0,0,0,23,0,0,0
1891,32TJ32,DART CUPS 32OZ 500CT,HOUSEHOLD GOODS,24.0,24,1.85,1.25,74.99,74.99,74.99,74.99,58.94,16.04,21.4,Stable,0.6,Stable,0.0,2025-03-27,2025-09-02,3,13,0,0,0,0,0,0,0,24,0,0,0
1892,855022005393,ON! 8MG 5CT - ORIGINAL,NICOTINE POUCHES,24.0,18,2.0,0.83,17.49,17.49,17.49,17.49,16.1,1.39,7.9,Stable,-4.9,Stable,0.0,2025-03-24,2025-08-20,16,12,0,0,0,0,0,18,0,0,0,0,0
1893,080893012281,LIL AUTO ASST HOSE CLAMP 6CT,HARDWARE,24.0,7,4.0,0.5,2.79,2.79,2.79,2.79,1.81,0.98,35.0,Down,-8.6,Stable,-0.0,2025-03-14,2025-07-11,57,6,0,0,7,0,0,0,0,0,0,0,0
1894,031700420317,GAME SAVE ON 2 30/2CT SWEETS,CIGARS,24.0,20,1.6,0.58,29.99,29.99,29.99,29.99,19.32,10.67,35.6,Down,-8.7,Stable,0.0,2025-03-16,2025-09-02,3,15,0,0,0,0,0,0,20,0,0,0,0
1895,16SL,DART LIDS 16/20OZ 1000CT,HOUSEHOLD GOODS,24.0,24,1.5,1.17,39.99,39.99,39.99,39.99,27.86,12.13,30.3,Stable,2.4,Stable,0.0,2025-03-14,2025-09-02,3,16,0,0,0,0,0,0,24,0,0,0,0
1896,888109012113,HOSTESS CUPCAKE 6CT - BDAY,FOOD,24.0,22,2.18,0.08,9.99,9.99,9.99,9.99,8.15,1.84,18.4,Stable,-2.9,Stable,0.0,2025-03-15,2025-06-10,88,11,0,0,0,0,22,0,0,0,0,0,0
1897,194040036072,KANGVAPE 60K 5CT,ELECTRONIC CIG,24.0,6,8.0,2.0,50.5,50.5,48.00,52.50,40.0,10.5,20.8,Down,-68.8,Stable,2.5,2025-06-14,2025-07-14,53,3,0,0,0,0,0,0,1,5,0,0,0
1898,792554741033,LIL NECES CORKSCREW 1CT,HARDWARE,24.0,5,4.8,1.17,1.99,1.99,1.99,1.99,1.45,0.54,27.0,Up,14.6,Stable,0.0,2025-04-17,2025-09-05,1,5,0,5,0,0,0,0,0,0,0,0,0
1899,878848992456,PROTOUCH PADLOCK 40MM 1CT,HARDWARE,24.0,7,3.43,0.83,1.79,1.79,1.79,1.79,1.06,0.73,40.6,Stable,-3.1,Stable,-0.0,2025-03-13,2025-08-18,18,7,0,7,0,0,0,0,0,0,0,0,0
1900,719410739126,5-HOUR ENERGY XS 12CT- HWI BRZ,VITAMINS,24.0,22,1.41,1.08,21.99,21.99,21.99,21.99,21.36,0.63,2.9,Stable,-1.4,Stable,0.0,2025-03-11,2025-08-28,8,17,0,0,0,0,0,0,22,0,0,0,0
1901,034000203505,REESES FAST BREAK KING 18CT,CANDYS,24.0,24,1.6,0.75,35.86,33.99,33.99,36.99,29.54,6.33,17.6,Stable,-2.7,Stable,-0.8,2025-03-10,2025-08-31,5,15,0,0,0,0,0,0,24,0,0,0,0
1902,658238735562,LOOSE LEAF MINI 8/5CT RUS CRM,LT-TAX-COLLECTED,24.0,17,1.85,1.58,24.99,24.99,24.99,24.99,18.0,6.99,28.0,Stable,0.9,Stable,0.0,2025-04-26,2025-09-02,3,13,0,0,0,0,0,0,17,0,0,0,0
1903,312547493826,VISINE BLISTER PACK 3CT ,MEDICINE,24.0,6,12.0,2.0,8.99,8.99,8.99,8.99,6.96,2.03,22.6,Up,183.3,Stable,0.0,2025-06-30,2025-07-12,55,2,0,0,0,0,6,0,0,0,0,0,0
1904,810149700088,NEW MIT45 SUPER K XS 12CT,VITAMINS,24.0,21,1.71,1.5,149.33,149.44,145.00,164.99,136.24,13.09,8.8,Stable,-1.5,Stable,-0.1,2025-05-06,2025-09-03,3,14,0,0,0,0,0,0,0,0,21,0,0
1905,676979855967,CLEAR FOOD WRAP 100 SQ FT 1CT,KITCHEN & TOILET,24.0,6,4.0,0.75,1.29,1.29,1.29,1.29,0.68,0.61,47.3,Stable,2.9,Stable,0.0,2025-03-12,2025-07-24,43,6,0,6,0,0,0,0,0,0,0,0,0
1906,042037000844,GOODYS 6/4CT HANGOVER,MEDICINE,24.0,23,1.26,1.17,13.49,13.49,13.49,13.49,10.5,2.99,22.2,Stable,2.1,Stable,0.0,2025-03-10,2025-08-31,5,19,0,0,0,0,0,23,0,0,0,0,0
1907,022600999218,TROJAN 6/3CT NIRVANA,CONDOMS,24.0,22,1.6,1.0,13.99,13.99,13.99,13.99,11.25,2.74,19.6,Stable,-4.2,Stable,0.0,2025-03-10,2025-08-12,25,15,0,0,0,0,0,22,0,0,0,0,0
1908,012546011488,TRIDENT 12CT - MINT BLISS,GUMS/CHICLETS,24.0,24,1.6,1.17,14.53,14.92,13.99,15.99,11.15,3.38,23.3,Stable,-2.7,Stable,0.7,2025-03-12,2025-09-05,1,15,0,0,0,0,0,24,0,0,0,0,0
1909,044000082109,OREO DBLESTUFF KS 12CT,COOKIES,24.0,24,2.0,0.5,21.99,21.99,21.99,21.99,17.61,4.38,19.9,Down,-13.3,Stable,0.0,2025-03-16,2025-08-18,18,12,0,0,0,0,0,0,24,0,0,0,0
1910,784762078414,ZIG ZAG WRAP 4/99 15/4CT PRPL,BLUNT WRAP,24.0,20,1.85,0.75,10.99,10.99,10.99,10.99,9.92,1.07,9.8,Stable,4.8,Stable,0.0,2025-03-12,2025-09-04,1,13,0,0,0,0,0,20,0,0,0,0,0
1911,650075994614,OPMS SILVER 288G/480CT RED MD,VITAMINS,24.0,10,3.43,2.0,24.9,24.9,24.00,27.50,21.51,3.39,13.6,Up,14.6,Stable,0.7,2025-06-18,2025-08-27,9,7,0,0,0,0,0,0,10,0,0,0,0
1912,072799055707,MAMBA 2.8OZ 24CT TROPICS,CANDYS,24.0,24,1.6,0.75,27.99,27.99,27.99,27.99,22.32,5.67,20.3,Down,-5.8,Stable,0.0,2025-03-16,2025-08-29,7,15,0,0,0,0,0,0,24,0,0,0,0
1913,GLOCK12,TECHNO GLOCK PISTOL LGT 12CT,LIGHTERS,24.0,21,2.0,0.92,35.45,36.05,33.50,38.50,29.35,6.1,17.2,Down,-15.0,Stable,0.2,2025-04-21,2025-09-02,3,12,0,0,0,0,0,0,21,0,0,0,0
1914,676979860022,RUBBING ALCOHOL 50% 120Z GREEN,CLEANING PRODUCTS,24.0,5,4.8,2.0,1.49,1.49,1.49,1.49,0.83,0.66,44.4,Down,-8.3,Stable,0.0,2025-07-24,2025-08-31,6,5,0,5,0,0,0,0,0,0,0,0,0
1915,10857545012053,BOB M HEMP WRAP OGK 25/2CT,BLUNT WRAP,24.0,19,1.85,0.58,13.99,13.99,13.99,13.99,12.02,1.97,14.1,Down,-8.3,Stable,0.0,2025-03-22,2025-09-01,5,13,0,0,0,0,0,19,0,0,0,0,0
1916,764053424137,GT FOAM BOWLS 24OZ 10CT ,KITCHEN & TOILET,24.0,4,6.0,1.67,1.39,1.39,1.39,1.39,0.88,0.51,36.7,Down,-10.0,Stable,0.0,2025-03-21,2025-08-25,12,4,0,4,0,0,0,0,0,0,0,0,0
1917,707670213463,TECHNO TORCH AK47/AR TORCH 1CT,LIGHTERS,23.0,2,11.5,1.5,7.0,7.0,7.00,7.00,5.75,1.25,17.9,Up,113.0,Stable,0.0,2025-06-07,2025-06-27,71,2,0,0,0,0,2,0,0,0,0,0,0
1918,888109253707,HOSTESS MEGA MUFFIN 3CT DBL CH,FOOD,23.0,22,1.44,0.58,5.49,5.49,5.49,5.49,4.55,0.94,17.1,Stable,-3.4,Stable,0.0,2025-03-16,2025-08-24,13,16,0,0,0,0,22,0,0,0,0,0,0
1919,031700239100,GAME 2/1.29 30/2CT RED RUBY,CIGAR GA,23.0,21,2.56,0.0,27.99,27.99,27.99,27.99,21.5,6.49,23.2,Down,-5.9,Stable,-0.0,2025-03-11,2025-05-15,113,9,0,0,0,0,0,0,21,0,0,0,0
1920,080893010478,LIL AUTO PADLOCK KEY 1CT,HARDWARE,23.0,10,2.56,0.5,3.99,3.99,3.99,3.99,3.1,0.89,22.4,Stable,1.3,Stable,0.0,2025-03-23,2025-08-23,14,9,0,0,0,10,0,0,0,0,0,0,0
1921,784762080493,TENZ WRAP 8/2CT ATL,CIGARS,23.0,15,1.77,0.75,45.79,47.28,40.99,49.99,34.73,11.06,24.2,Stable,-3.4,Stable,1.1,2025-03-11,2025-09-05,1,13,0,0,0,0,0,0,15,0,0,0,0
1922,A1L,AQUA FINA   1 LTR 15CT,WATER,23.0,15,1.92,1.25,27.49,27.49,27.49,27.49,26.05,1.44,5.2,Up,5.3,Stable,0.0,2025-03-11,2025-08-20,17,12,0,0,0,0,0,0,15,0,0,0,0
1923,040000012665,SKITTLES SOUR 24CT,CANDYS,23.0,23,1.64,0.92,32.51,32.99,31.99,32.99,26.29,6.22,19.1,Stable,3.3,Stable,0.3,2025-03-12,2025-08-16,20,14,0,0,0,0,0,0,23,0,0,0,0
1924,034000151417,REESES STICKS 20CT,CANDYS,23.0,23,1.44,1.17,22.99,22.99,22.99,22.99,18.6,4.39,19.1,Stable,2.4,Stable,0.0,2025-03-25,2025-08-25,11,16,0,0,0,0,0,0,23,0,0,0,0
1925,716165255581,RAW ORG LYRICAL WRAP KS 50CT,CIG ROLLING PAPER,23.0,21,1.44,0.5,54.99,54.99,54.99,54.99,45.0,9.99,18.2,Down,-6.0,Stable,0.0,2025-03-11,2025-07-29,38,16,0,0,0,0,0,0,0,21,0,0,0
1926,786468817779,VITA BB HONEY 12CT,VITAMINS,23.0,17,1.77,0.33,9.94,9.75,9.00,11.00,5.0,4.94,49.7,Down,-13.4,Stable,-0.4,2025-03-10,2025-09-02,4,13,0,0,0,0,3,14,0,0,0,0,0
1927,VITAH,VITA HONEY 12CT,VITAMINS,23.0,13,2.88,1.17,7.57,6.5,0.00,9.99,5.0,2.57,34.0,Up,9.5,Stable,-0.3,2025-03-23,2025-08-03,34,8,1,0,0,0,12,0,0,0,0,0,0
1928,815556020057,CLARITIN ALLERGY 20/1CT,MEDICINE,23.0,21,3.29,0.08,24.99,24.99,24.99,24.99,18.6,6.39,25.6,Stable,3.3,Stable,-0.0,2025-03-22,2025-06-09,88,7,0,0,0,0,0,0,21,0,0,0,0
1929,10840048219296,JUUL 5% 6/4CT 33.99 CLSC MENTH,ECIG - PODS,23.0,13,2.56,1.42,75.45,76.49,71.99,76.99,61.8,13.65,18.1,Up,8.5,Stable,1.1,2025-05-22,2025-08-22,15,9,0,0,0,0,0,0,0,13,0,0,0
1930,025900296339,SS 2/.99 30/2CT TROPICAL  FSN,CIGARS,23.0,20,1.77,0.92,21.99,21.99,21.99,21.99,16.5,5.49,25.0,Down,-7.8,Stable,0.0,2025-03-19,2025-08-17,19,13,0,0,0,0,0,0,20,0,0,0,0
1931,073135011289,AUTOGUARD PSF 12OZ 1CT,AUTOMOTIVE,23.0,6,3.83,0.08,1.69,1.69,1.69,1.69,1.16,0.53,31.2,Down,-14.2,Stable,-0.0,2025-03-11,2025-08-03,34,6,0,6,0,0,0,0,0,0,0,0,0
1932,854040006894,TWEAKER $0.99 12 CT - STR LEM,VITAMINS,23.0,18,2.09,1.42,6.5,6.5,6.50,6.50,5.43,1.07,16.5,Up,7.8,Stable,0.0,2025-03-20,2025-08-20,16,11,0,0,0,0,18,0,0,0,0,0,0
1933,307660745358,TUMS ULTRA  PEPPERMINT 12CT,MEDICINE,23.0,23,1.77,1.0,12.19,13.28,10.99,14.49,12.49,-0.3,-2.5,Stable,2.5,Stable,2.6,2025-04-15,2025-09-03,2,13,0,0,0,0,0,23,0,0,0,0,0
1934,719410200121,5-HOUR ENERGY 12CT- GRAPE,VITAMINS,23.0,23,1.35,1.42,19.99,19.99,19.99,19.99,18.96,1.03,5.2,Stable,1.8,Stable,0.0,2025-03-18,2025-08-31,6,17,0,0,0,0,0,23,0,0,0,0,0
1935,275SK,NOVA SINGLEFOLD TOWEL 16CT,HOUSEHOLD GOODS,23.0,18,1.44,0.83,24.99,25.99,19.99,25.99,19.75,5.24,21.0,Stable,-1.9,Stable,1.4,2025-03-13,2025-08-30,7,16,0,0,0,0,0,3,15,0,0,0,0
1936,012546076203,TRIDENT 9CT WHITE PEPPERMINT ,GUMS/CHICLETS,23.0,22,1.77,1.33,10.99,10.99,10.99,10.99,8.73,2.26,20.6,Up,8.1,Stable,0.0,2025-03-17,2025-09-01,5,13,0,0,0,0,0,22,0,0,0,0,0
1937,012300345026,CAMEL SNUS FROST 5CT,T7 SMOKELESS GA,23.0,14,2.3,0.5,33.13,33.32,32.99,33.49,29.93,3.2,9.7,Down,-10.3,Stable,0.2,2025-03-12,2025-09-03,2,10,0,0,0,0,0,0,14,0,0,0,0
1938,044000882105,RITZ CRACKERS 8CT PEANUT BTR,COOKIES,23.0,20,1.92,0.67,4.29,4.29,4.29,4.29,3.69,0.6,14.0,Stable,-0.9,Stable,0.0,2025-03-10,2025-08-21,16,12,0,0,0,20,0,0,0,0,0,0,0
1939,713310630910,KRATO KRATOM EXTRACT SHOT 12CT,NOVELTY ITEMS,23.0,15,2.09,0.83,86.67,86.86,84.00,90.00,81.0,5.67,6.5,Stable,-0.4,Stable,0.0,2025-03-14,2025-09-01,5,11,0,0,0,0,0,0,0,15,0,0,0
1940,855022005225,ON! 2MG 5CT - CINNAMON,NICOTINE POUCHES,23.0,16,2.09,0.92,17.49,17.49,17.49,17.49,15.6,1.89,10.8,Stable,-0.9,Stable,0.0,2025-03-24,2025-08-24,12,11,0,0,0,0,0,16,0,0,0,0,0
1941,043300065188,PALL MALL NON FILTER KING BOX,CIGARETTE,23.0,19,1.44,0.75,121.51,122.99,119.99,124.49,117.42,4.08,3.4,Stable,-2.6,Stable,0.2,2025-03-16,2025-08-16,20,16,0,0,0,0,0,0,0,0,19,0,0
1942,615764565872,SCALE FLYING H MX PRO-700 1CT,NOVELTY ITEMS,23.0,9,2.88,1.67,11.47,11.53,10.00,11.99,9.0,2.47,21.5,Stable,2.9,Stable,0.3,2025-04-03,2025-08-23,14,8,0,0,0,0,0,9,0,0,0,0,0
1943,850008118258,NATTY HEMP 4/99 15/4CT WTRMLN,BLUNT WRAP,23.0,21,1.77,0.58,7.99,7.99,7.99,7.99,7.0,0.99,12.4,Stable,-0.3,Stable,0.0,2025-03-11,2025-06-29,68,13,0,0,0,0,21,0,0,0,0,0,0
1944,764053428333,GT FOAM BOWLS 12OZ 20CT ,HOUSEHOLD GOODS,23.0,5,4.6,1.5,1.39,1.39,1.39,1.39,0.8,0.59,42.8,Up,10.9,Stable,0.0,2025-04-16,2025-07-18,49,5,0,5,0,0,0,0,0,0,0,0,0
1945,667742493004,SIGNAL MARIJUANA DRUG TEST 1CT,MEDICINE,23.0,9,7.67,0.92,1.29,1.29,1.29,1.29,0.85,0.44,34.1,Down,-65.2,Stable,0.0,2025-05-12,2025-08-04,33,3,0,9,0,0,0,0,0,0,0,0,0
1946,819721010386,BLUNTVILLE CIG 25CT PINK BERRY,CIGARS,23.0,19,1.77,0.92,23.49,23.49,23.49,23.49,15.75,7.74,33.0,Stable,-1.2,Stable,0.0,2025-03-13,2025-09-02,4,13,0,0,0,0,0,0,19,0,0,0,0
1947,694854185411,FANCY GRINDER 1CT,NOVELTY ITEMS,23.0,8,3.29,1.08,7.12,7.06,6.50,7.50,6.37,0.75,10.6,Stable,2.2,Stable,-0.0,2025-03-12,2025-08-26,10,7,0,0,0,0,8,0,0,0,0,0,0
1948,762446493654,LONGHORN POUCH MINT 5CT,T7 SMOKELESS GA,23.0,11,2.88,0.42,11.08,11.49,9.99,11.49,9.35,1.74,15.7,Stable,2.9,Stable,1.9,2025-03-24,2025-08-17,19,8,0,0,0,0,3,8,0,0,0,0,0
1949,681467003553,SENECA BLUE KING BOX,CIGARETTE,23.0,10,2.88,0.42,31.29,31.99,30.99,31.99,29.69,1.6,5.1,Down,-13.7,Stable,0.6,2025-03-18,2025-08-23,13,8,0,0,0,0,0,0,10,0,0,0,0
1950,840439106047,ZIG ZAG HEMP 25/2CT ISLAND VBS,BLUNT WRAP,23.0,20,1.44,0.83,12.34,11.69,0.00,12.99,9.9,2.44,19.8,Stable,-3.0,Stable,-2.4,2025-03-13,2025-09-01,5,16,1,0,0,0,0,19,0,0,0,0,0
1951,722429500175,AWESOME OXY DISH LIQUID 50OZ,CLEANING PRODUCTS,23.0,4,7.67,1.75,2.49,2.49,2.49,2.49,1.33,1.16,46.6,Up,130.4,Stable,0.0,2025-03-18,2025-07-14,53,3,0,0,4,0,0,0,0,0,0,0,0
1952,649964321570,WILDHEMP WRAP 4/99 20CT RUS CR,BLUNT WRAP,23.0,20,1.64,1.33,11.69,11.13,0.00,12.99,9.5,2.19,18.7,Stable,3.3,Stable,-0.7,2025-03-24,2025-09-03,3,14,2,0,0,0,0,18,0,0,0,0,0
1953,FIFTY20,FIFTY BAR 20K PUFFS 5CT,ELECTRONIC CIG,23.0,4,5.75,1.92,45.87,45.87,44.99,46.50,39.31,6.56,14.3,Up,36.5,Stable,0.3,2025-06-20,2025-07-18,50,4,0,0,0,0,0,0,4,0,0,0,0
1954,325866558206,ALEVE 10 TBL  POCKET PK,MEDICINE,22.0,5,4.4,0.67,3.49,3.49,3.49,3.49,2.11,1.38,39.5,Stable,-2.3,Stable,0.0,2025-05-09,2025-07-30,38,5,0,0,0,5,0,0,0,0,0,0,0
1955,676979906607,U CHOICE BUTTER CKIE 4OZ 1CT,COOKIES,22.0,4,7.33,1.83,1.49,1.49,1.49,1.49,0.7,0.79,53.0,Stable,0.0,Stable,0.0,2025-08-05,2025-08-27,9,3,0,4,0,0,0,0,0,0,0,0,0
1956,016000504257,BUGLES SWEET&SALTY CARAM 3OZ,FOOD,22.0,6,3.67,0.25,2.99,2.99,2.99,2.99,2.65,0.34,11.5,Down,-7.8,Stable,0.0,2025-03-17,2025-09-01,4,6,0,0,6,0,0,0,0,0,0,0,0
1957,023100103648,PEDIGREE DOG FOOD CHIX 3.5LB,FOOD,22.0,9,2.75,0.33,11.32,8.99,8.99,29.99,8.41,2.92,25.8,Stable,-1.7,Down,-8.5,2025-03-18,2025-06-13,85,8,0,0,0,0,8,0,1,0,0,0,0
1958,38688645,FANCY GRINDER 1CT,NOVELTY ITEMS,22.0,10,3.14,1.08,8.32,8.16,7.99,8.50,7.17,1.15,13.8,Up,26.1,Stable,0.1,2025-03-13,2025-08-09,28,7,0,0,0,0,10,0,0,0,0,0,0
1959,012300844130,DORAL SILVER BOX 10CT,CIGARETTE,22.0,17,1.38,1.0,104.05,105.39,101.19,106.59,100.87,3.18,3.1,Stable,1.9,Stable,0.4,2025-03-13,2025-08-28,9,16,0,0,0,0,0,0,0,0,17,0,0
1960,615629687374,DOGGY SPRITZ THC 7MG 12OZ 4CT,NOVELTY ITEMS,22.0,8,4.4,0.0,15.81,15.81,15.00,17.00,13.8,2.01,12.7,Up,9.1,Stable,-1.1,2025-04-09,2025-05-26,103,5,0,0,0,0,0,8,0,0,0,0,0
1961,THERMAL,THERMAL LONG SLEEVES CT,NOVELTY ITEMS,22.0,3,7.33,1.83,5.25,5.25,5.25,5.25,4.17,1.08,20.6,Down,-40.9,Stable,0.0,2025-06-10,2025-08-13,23,3,0,0,0,0,3,0,0,0,0,0,0
1962,008660007377,ZIG ZAG RP HEMP GRN 1.25  24CT,CIG ROLLING PAPER,22.0,7,4.4,1.67,9.64,8.9,0.00,22.99,20.4,-10.76,-111.6,Up,61.4,Up,11.1,2025-04-06,2025-09-04,2,5,4,0,0,0,0,0,3,0,0,0,0
1963,8712561423717,AXE BODY WASH 250ML 1CT,COSMETICS & BEAUTY,22.0,5,4.4,0.75,1.99,1.99,1.99,1.99,1.19,0.8,40.3,Down,-27.3,Stable,0.0,2025-03-24,2025-08-31,5,5,0,5,0,0,0,0,0,0,0,0,0
1964,817127026307,SHOW 5/$1 15/5CT MOTA ISLAND,CIGARS,22.0,21,1.47,0.58,10.69,10.69,10.69,10.69,7.5,3.19,29.8,Stable,0.0,Stable,0.0,2025-03-11,2025-08-26,11,15,0,0,0,0,0,21,0,0,0,0,0
1965,072799055646,MAMBA 2.8OZ 24CT ORIGINAL,CANDYS,22.0,22,1.57,0.83,27.99,27.99,27.99,27.99,22.32,5.67,20.3,Down,-5.9,Stable,-0.0,2025-03-23,2025-09-01,4,14,0,0,0,0,0,0,22,0,0,0,0
1966,716165202110,RAW CONES ORGANIC K/S 32/3PK,CIG ROLLING PAPER,22.0,21,1.57,1.0,36.28,36.54,35.99,38.99,30.99,5.29,14.6,Stable,1.1,Stable,0.2,2025-03-24,2025-09-05,1,14,0,0,0,0,0,0,21,0,0,0,0
1967,079083159004,JOB GOLD 1.5 PAPER 100CT/BOX,CIG ROLLING PAPER,22.0,20,1.57,0.75,153.18,161.99,0.00,161.99,147.8,5.38,3.5,Stable,-1.4,Stable,0.8,2025-03-14,2025-08-17,20,14,1,0,0,0,0,0,0,0,19,0,0
1968,305730164207,ADVIL PM CAPLETS BOTTLE 20CT,MEDICINE,22.0,5,4.4,0.5,4.99,4.99,4.99,4.99,4.0,0.99,19.8,Stable,-4.5,Stable,0.0,2025-03-12,2025-06-20,78,5,0,0,0,5,0,0,0,0,0,0,0
1969,716053607232,CELLTEKK 5000MAH POWER BANK,CELLUAR ACCESSORIES,22.0,6,4.4,0.58,12.99,12.99,12.99,12.99,9.75,3.24,24.9,Down,-13.6,Stable,0.0,2025-05-06,2025-08-21,16,5,0,0,0,0,0,6,0,0,0,0,0
1970,855022005171,ON! 2MG 5CT - WINTERGREEN,NICOTINE POUCHES,22.0,12,2.2,0.58,17.49,17.49,17.49,17.49,15.52,1.97,11.3,Stable,-5.0,Stable,0.0,2025-03-21,2025-09-05,1,10,0,0,0,0,0,12,0,0,0,0,0
1971,SMART20,SMART WATER 20OZ 24CT,WATER,22.0,15,3.67,0.0,32.99,32.99,32.99,32.99,28.49,4.5,13.6,Up,21.8,Stable,0.0,2025-03-13,2025-04-26,133,6,0,0,0,0,0,0,15,0,0,0,0
1972,PEAK5050 1CT,PEAK ANTIFREEZE 50/50 1CT,AUTOMOTIVE,22.0,8,3.14,0.75,6.99,6.99,6.99,6.99,5.99,1.0,14.3,Down,-6.8,Stable,-0.0,2025-03-31,2025-07-23,45,7,0,0,0,0,8,0,0,0,0,0,0
1973,025900229597,SS 2/1.29 30/2CT STRAWBERRY,CIGARS,22.0,19,1.83,0.75,27.99,27.99,27.99,27.99,14.5,13.49,48.2,Stable,-0.4,Stable,0.0,2025-03-12,2025-09-05,1,12,0,0,0,0,0,0,19,0,0,0,0
1974,041168016267,CHICK-O-STICK JAR 160CT,CANDYS,22.0,20,1.69,1.17,23.99,23.99,23.99,23.99,22.24,1.75,7.3,Stable,4.2,Stable,0.0,2025-03-24,2025-09-02,3,13,0,0,0,0,0,0,20,0,0,0,0
1975,028200137708,MARL MENTHOL BLUE 100 10CT,CIGARETTE,22.0,13,1.83,1.17,85.2,86.02,81.99,87.09,81.04,4.16,4.9,Down,-5.7,Stable,0.6,2025-03-25,2025-08-25,11,12,0,0,0,0,0,0,0,13,0,0,0
1976,842426183819,GT WOODS NP 15/2CT DARK SWEET,CIGAR GA,22.0,14,11.0,1.83,21.49,21.49,21.49,21.49,19.61,1.88,8.7,Up,72.7,Stable,0.0,2025-08-30,2025-09-04,1,2,0,0,0,0,0,0,14,0,0,0,0
1977,0951439,DIAMOND AC HOME CHG 25CT TYP-C,CELLUAR ACCESSORIES,22.0,21,2.0,0.33,49.99,49.99,49.99,49.99,43.75,6.24,12.5,Down,-5.9,Stable,0.0,2025-03-12,2025-06-26,71,11,0,0,0,0,0,0,21,0,0,0,0
1978,038000003004,POP TARTS 6CT FROSTED CHERRY,COOKIES,22.0,22,1.57,0.75,5.99,5.99,5.99,5.99,4.51,1.48,24.7,Stable,-3.1,Stable,-0.0,2025-03-13,2025-08-30,7,14,0,0,0,0,22,0,0,0,0,0,0
1979,840395804377,SOLARIS 25000 PUFFS 5CT,ELECTRONIC CIG,22.0,9,4.4,1.83,50.67,50.67,49.00,52.50,39.75,10.92,21.5,Stable,2.3,Stable,-0.5,2025-07-04,2025-08-18,19,5,0,0,0,0,0,0,1,8,0,0,0
1980,312546627543,HALLS 30CT DEFENCE PEG BAG ,CANDYS,22.0,8,3.14,0.5,2.99,2.99,2.99,2.99,2.28,0.71,23.7,Up,21.6,Stable,-0.0,2025-03-10,2025-07-04,64,7,0,0,8,0,0,0,0,0,0,0,0
1981,762446701001,TW FC NATURAL 5CT,T7 SMOKELESS GA,22.0,8,3.67,0.42,23.06,23.29,22.99,23.29,22.1,0.96,4.2,Down,-29.6,Stable,0.3,2025-03-24,2025-08-13,24,6,0,0,0,0,0,0,8,0,0,0,0
1982,802284004695,EDGEFIELD MENTHOL 100 BOX 10CT,CIGARETTE,22.0,16,1.69,0.75,36.48,36.69,34.99,36.69,35.29,1.19,3.3,Down,-8.4,Stable,0.2,2025-03-24,2025-08-17,20,13,0,0,0,0,0,0,16,0,0,0,0
1983,842426181778,GT BLK SMOOTH .69 15CT BLK CLS,CIGAR GA,22.0,14,2.44,1.17,7.49,7.49,7.49,7.49,6.26,1.23,16.4,Up,12.3,Stable,-0.0,2025-03-11,2025-08-27,10,9,0,0,0,0,14,0,0,0,0,0,0
1984,312546629363,HALLS 30CT MENTHOL PEG BAG ,CANDYS,22.0,6,3.67,0.5,2.99,2.99,2.99,2.99,2.28,0.71,23.7,Down,-14.0,Stable,0.0,2025-03-22,2025-08-03,33,6,0,0,6,0,0,0,0,0,0,0,0
1985,071610341470,DM 2/1.29 30/2CT TROPICAL,CIGARS,22.0,19,3.67,1.83,29.99,29.99,29.99,29.99,23.12,6.87,22.9,Down,-42.1,Stable,-0.0,2025-07-14,2025-08-27,10,6,0,0,0,0,0,0,19,0,0,0,0
1986,012546011594,TRIDENT 12CT - ISLAND BERRY,CANDYS,22.0,20,1.57,1.17,14.59,14.99,13.99,15.99,11.65,2.94,20.1,Stable,2.8,Stable,0.9,2025-03-12,2025-08-24,13,14,0,0,0,0,0,20,0,0,0,0,0
1987,828868000020,TAR BAR CIGAR DISP FILTRS 30CT,NOVELTY ITEMS,22.0,5,4.4,0.08,29.11,29.99,25.60,29.99,23.6,5.51,18.9,Up,38.6,Stable,-1.5,2025-03-24,2025-06-24,74,5,0,0,0,0,0,0,5,0,0,0,0
1988,725272752456,HIGH GR PERKS TABLETS 10/4CT,KRATOM,22.0,8,3.67,1.83,114.38,114.38,110.00,120.00,100.0,14.38,12.6,Down,-6.2,Stable,0.3,2025-07-06,2025-08-30,7,6,0,0,0,0,0,0,0,0,8,0,0
1989,HIPSTER,GRINDERS 1CT HERB  HIPSTER ,NOVELTY ITEMS,22.0,7,3.14,0.25,4.71,4.75,4.50,4.99,3.75,0.96,20.4,Up,13.6,Stable,0.4,2025-03-12,2025-07-21,46,7,0,0,0,7,0,0,0,0,0,0,0
1990,840158612560,FRE $2.99 9MG POUCH 5CT WNTGR,NICOTINE POUCHES,22.0,4,5.5,0.58,9.99,9.99,9.99,9.99,9.15,0.84,8.4,Down,-25.5,Stable,0.0,2025-03-11,2025-06-26,72,4,0,0,0,0,4,0,0,0,0,0,0
1991,028000890810,BUTTER FINGER KING SIZE 18CT,CANDYS,22.0,22,1.47,0.67,35.54,36.49,34.99,37.99,28.55,6.99,19.7,Stable,-4.1,Stable,0.7,2025-03-16,2025-08-24,12,15,0,0,0,0,0,0,22,0,0,0,0
1992,6291108167700,AL FAKHER 10 X 50GM MAGIC LOVE,LT-TAX PAID,22.0,17,1.38,1.08,17.75,18.26,16.49,18.99,16.68,1.08,6.1,Stable,-0.2,Stable,0.9,2025-03-19,2025-08-29,7,16,0,0,0,0,0,17,0,0,0,0,0
1993,011000104070,PYRAMID MENTHOL SILVER 100 BOX,CIGARETTE,22.0,14,1.83,0.92,67.48,68.19,66.19,68.19,65.88,1.6,2.4,Stable,-1.5,Stable,0.4,2025-03-13,2025-08-24,12,12,0,0,0,0,0,0,0,14,0,0,0
1994,810006220100,THRUST START FLUID 11OZ 1CT,AUTOMOTIVE,22.0,8,3.14,0.75,3.29,3.29,3.29,3.29,2.7,0.59,17.9,Stable,-2.3,Stable,-0.0,2025-04-08,2025-08-02,35,7,0,0,0,8,0,0,0,0,0,0,0
1995,019320000430,CHIPS AHY MINI PEG BAG 3OZ 1CT,COOKIES,22.0,6,4.4,0.0,1.99,1.99,1.99,1.99,1.31,0.68,34.1,Down,-9.1,Stable,0.0,2025-03-18,2025-05-12,117,5,0,6,0,0,0,0,0,0,0,0,0
1996,856343343171,FLYING THC 2.5GM FSD BLEND 5CT,CBD/HEMP,22.0,6,3.67,0.0,33.92,33.92,32.50,35.00,29.25,4.66,13.8,Up,29.6,Stable,-0.1,2025-03-27,2025-06-04,94,6,0,0,0,0,0,0,6,0,0,0,0
1997,784762071637,ZIG ZAG WRAP 2/99 25/2CT CHERY,BLUNT WRAP,22.0,18,1.69,0.5,14.99,14.99,14.99,14.99,13.75,1.24,8.3,Down,-5.2,Stable,0.0,2025-03-18,2025-08-05,31,13,0,0,0,0,0,18,0,0,0,0,0
1998,4902430357968,ORAL B TOOTHBRUSH  12CT,HOUSEHOLD GOODS,22.0,17,2.0,0.67,6.99,6.99,6.99,6.99,2.8,4.19,59.9,Stable,-2.3,Stable,0.0,2025-03-10,2025-07-17,51,11,0,0,0,0,17,0,0,0,0,0,0
1999,034000240005,HERSHEYS MILK BAR 36CT,CANDYS,22.0,22,1.38,1.42,40.63,41.28,35.99,41.99,33.14,7.49,18.4,Stable,0.4,Stable,0.8,2025-05-17,2025-09-03,2,16,0,0,0,0,0,0,22,0,0,0,0
2000,312546050822,HALLS MENTHO LYPTUS 20CT,MEDICINE,22.0,22,1.69,0.5,24.49,24.99,13.99,24.99,20.6,3.89,15.9,Down,-5.2,Stable,1.5,2025-03-29,2025-09-03,2,13,0,0,0,0,0,1,21,0,0,0,0
2001,GOLDATF,GOLD STAR ATF 12/1 CS,AUTOMOTIVE,22.0,11,3.14,0.25,39.99,39.99,39.99,39.99,32.65,7.34,18.4,Stable,-4.5,Stable,0.0,2025-03-10,2025-09-05,1,7,0,0,0,0,0,0,11,0,0,0,0
2002,265431536478,FANCY GRINDER 1CT,NOVELTY ITEMS,22.0,8,2.75,0.42,6.18,6.25,5.99,6.50,4.99,1.19,19.3,Down,-7.8,Stable,0.9,2025-03-12,2025-08-13,23,8,0,0,0,0,8,0,0,0,0,0,0
2003,071610340893,BACKWOODS SELECT 10/3CT HOND,CIGARS,22.0,20,3.14,1.83,37.99,37.99,37.99,37.99,28.79,9.2,24.2,Down,-11.4,Stable,0.0,2025-07-15,2025-08-26,10,7,0,0,0,0,0,0,20,0,0,0,0
2004,984344334437,FLYING H GUMMY 96KMG JAR 80CT,CBD/HEMP,22.0,21,2.44,0.17,78.48,83.74,74.00,89.99,72.5,5.98,7.6,Down,-13.6,Stable,0.9,2025-03-31,2025-06-26,72,9,0,0,0,0,0,0,0,21,0,0,0
2005,720464110113,FUN SWEETS COTTON CANDY 1.5OZ,CANDYS,22.0,5,5.5,0.5,1.49,1.49,1.49,1.49,1.04,0.45,30.2,Stable,-3.6,Stable,0.0,2025-04-03,2025-06-28,70,4,0,5,0,0,0,0,0,0,0,0,0
2006,716053604446,CELLTEKK CTD IPH HDPHONE 10CT,CELLUAR ACCESSORIES,22.0,12,2.2,0.33,36.99,36.99,36.99,36.99,27.5,9.49,25.7,Down,-23.1,Stable,0.0,2025-03-18,2025-09-05,1,10,0,0,0,0,0,0,12,0,0,0,0
2007,842426181808,GT BLK SMOOTH .69 15CT BLK SWT,CIGAR GA,22.0,12,2.2,1.33,7.49,7.49,7.49,7.49,6.26,1.23,16.4,Up,10.5,Stable,0.0,2025-03-20,2025-08-28,9,10,0,0,0,0,12,0,0,0,0,0,0
2008,038000282584,PRINGLES MINGLES PEG BAG 1CT,FOOD,22.0,5,4.4,0.08,1.51,1.89,0.00,1.89,1.54,-0.03,-2.0,Down,-13.6,Up,12.5,2025-04-12,2025-07-07,61,5,1,4,0,0,0,0,0,0,0,0,0
2009,840170618137,VELO PLUS 6MG 5CT - SPEARMINT,NICOTINE POUCHES,22.0,21,1.47,1.17,21.59,21.64,21.49,21.99,20.22,1.37,6.3,Stable,3.7,Stable,0.0,2025-03-13,2025-08-31,5,15,0,0,0,0,0,0,21,0,0,0,0
2010,028000362263,LAFFY TAFFY ROPE 24CT GRAPE,CANDYS,22.0,22,1.47,0.67,7.99,7.99,7.99,7.99,6.38,1.61,20.2,Down,-5.8,Stable,0.0,2025-03-12,2025-08-14,22,15,0,0,0,0,22,0,0,0,0,0,0
2011,209352230251,EARTH KRATOM CAPSULES 500CT,CBD/HEMP,21.0,13,2.33,0.75,23.46,23.36,22.50,24.00,21.0,2.46,10.5,Down,-10.0,Stable,-0.4,2025-03-19,2025-08-27,9,9,0,0,0,0,0,0,13,0,0,0,0
2012,033300616763,KAYAK LC PEACH TOWER 10CT,T7 SMOKELESS GA,21.0,12,2.33,1.08,23.99,23.99,23.99,23.99,22.53,1.46,6.1,Stable,2.1,Stable,0.0,2025-03-27,2025-08-20,17,9,0,0,0,0,0,0,12,0,0,0,0
2013,525272785610,BABY STONER GUN LIGHTER 1CT,LIGHTERS,21.0,4,7.0,1.75,5.99,5.99,5.99,6.00,4.75,1.24,20.7,Down,-14.3,Stable,0.1,2025-07-09,2025-08-18,19,3,0,0,0,0,4,0,0,0,0,0,0
2014,010700963239,PAYDAY PEANUT CARAMEL 24CT,CANDYS,21.0,21,1.5,1.0,27.99,27.99,27.99,27.99,22.32,5.67,20.3,Stable,-4.0,Stable,-0.0,2025-03-16,2025-09-03,2,14,0,0,0,0,0,0,21,0,0,0,0
2015,6291109097549,AL FAKHER 10 X 50GM GA PCH PIE,LT-TAX PAID,21.0,21,1.5,0.75,17.54,18.32,16.49,18.99,16.45,1.09,6.2,Stable,0.1,Stable,1.1,2025-03-30,2025-08-29,7,14,0,0,0,0,0,21,0,0,0,0,0
2016,842426183789,GT WOODS NP 15/2CT DARK LEAF,CIGAR GA,21.0,11,10.5,1.75,21.49,21.49,21.49,21.49,19.61,1.88,8.7,Down,-9.5,Stable,0.0,2025-08-30,2025-09-04,1,2,0,0,0,0,0,0,11,0,0,0,0
2017,044000036577,NUTTER BUTTER KS 10/3.5OZ,COOKIES,21.0,20,1.62,0.75,18.0,18.0,18.00,18.00,14.26,3.74,20.8,Stable,-2.0,Stable,0.0,2025-03-14,2025-08-21,16,13,0,0,0,0,0,20,0,0,0,0,0
2018,10853195000495,EAGLE PT116BN TORCH SMALL 20CT,LIGHTERS,21.0,21,1.62,0.83,25.99,25.99,25.99,25.99,21.0,4.99,19.2,Stable,-0.7,Stable,0.0,2025-03-16,2025-07-23,44,13,0,0,0,0,0,0,21,0,0,0,0
2019,196177225824,BOB M ULTRA THIN KS PAPER 50CT,CIG ROLLING PAPER,21.0,20,2.1,1.58,28.79,28.44,0.00,31.99,26.24,2.55,8.8,Stable,-1.4,Stable,-1.0,2025-06-06,2025-09-02,4,10,2,0,0,0,0,0,18,0,0,0,0
2020,072799055677,MAMBA 2.8OZ 24CT SOUR,CANDYS,21.0,21,1.5,0.67,27.99,27.99,27.99,27.99,22.32,5.67,20.3,Stable,-2.2,Stable,-0.0,2025-03-16,2025-09-01,4,14,0,0,0,0,0,0,21,0,0,0,0
2021,676979860138,"WICK & WAX 1.5"" CANDLE 10CT",CANDLES,21.0,3,7.0,1.08,0.99,0.99,0.99,0.99,0.5,0.49,49.6,Down,-14.3,Stable,0.0,2025-04-11,2025-08-20,16,3,3,0,0,0,0,0,0,0,0,0,0
2022,8684154701468,LEXUS DUBAI CHOC CONE 10CT,CANDYS,21.0,9,10.5,1.75,8.88,8.88,0.00,9.99,7.0,1.88,21.2,Down,-161.9,Down,-200.0,2025-07-22,2025-09-01,5,2,1,0,0,0,8,0,0,0,0,0,0
2023,850008118630,NATTY HEMP 4/99 15/4CT PALMA,BLUNT WRAP,21.0,16,1.91,0.75,6.49,6.85,0.00,7.99,7.0,-0.51,-7.8,Stable,0.0,Stable,3.9,2025-03-19,2025-08-17,19,11,3,0,0,0,13,0,0,0,0,0,0
2024,028200304513,BASIC MNTH GOLD 100 BOX 10CT,CIGARETTE,21.0,14,1.91,1.0,88.19,88.19,88.19,88.19,66.39,21.8,24.7,Stable,1.9,Stable,0.0,2025-03-15,2025-08-24,12,11,0,0,0,0,0,0,0,14,0,0,0
2025,6291108161067,AL FAKHER 10 X 50GM KIWI ,LT-TAX PAID,21.0,17,1.62,0.5,17.2,17.99,16.49,17.99,16.21,0.99,5.8,Stable,-0.7,Stable,0.9,2025-03-10,2025-07-28,40,13,0,0,0,0,0,17,0,0,0,0,0
2026,716165253365,RAW CLSC KING SIZE WIDE 50CT ,CIG ROLLING PAPER,21.0,20,1.17,0.83,39.99,39.99,39.99,39.99,29.75,10.24,25.6,Stable,1.7,Stable,0.0,2025-03-13,2025-08-19,17,18,0,0,0,0,0,0,20,0,0,0,0
2027,763527448181,FLYING H PRE ROLL 3x2GM 10/3CT,CBD/HEMP,21.0,9,2.62,0.83,73.89,73.75,70.00,80.00,65.0,8.89,12.0,Down,-5.9,Stable,-0.0,2025-03-15,2025-08-03,33,8,0,0,0,0,0,0,0,9,0,0,0
2028,027200731459,PALL MALL ORANGE BOX 10CT,CIGARETTE,21.0,21,1.31,1.08,78.58,79.46,76.69,80.29,75.85,2.72,3.5,Stable,-0.1,Stable,0.4,2025-03-12,2025-08-28,9,16,0,0,0,0,0,0,0,21,0,0,0
2029,691835081335,MODUS BREEZY BLEND 5/20CT,CBD/HEMP,21.0,5,7.0,0.17,56.5,57.5,52.50,57.50,52.5,4.0,7.1,Down,-78.6,Stable,1.5,2025-03-30,2025-06-08,89,3,0,0,0,0,0,0,0,5,0,0,0
2030,070330611252,LGT BIC 50CT TRAY GEORMETRY,LIGHTERS,21.0,20,1.75,1.0,65.59,65.99,63.99,65.99,49.5,16.09,24.5,Stable,5.0,Stable,0.3,2025-03-22,2025-08-15,22,12,0,0,0,0,0,0,0,20,0,0,0
2031,784762071606,ZIG ZAG WRAP 2/99 25/2CT BLBRY,BLUNT WRAP,21.0,18,1.62,0.75,14.99,14.99,14.99,14.99,13.75,1.24,8.3,Stable,-1.4,Stable,0.0,2025-03-11,2025-09-04,1,13,0,0,0,0,0,18,0,0,0,0,0
2032,041116006258,RING POPS 24CT,CANDYS,21.0,21,1.4,0.75,16.99,16.99,16.99,16.99,13.68,3.31,19.5,Stable,-4.1,Stable,-0.0,2025-03-28,2025-08-14,22,15,0,0,0,0,0,21,0,0,0,0,0
2033,044000069902,OREO CAKESTERS KS 8CT,COOKIES,21.0,20,1.5,0.75,14.99,14.99,14.99,14.99,11.83,3.16,21.1,Stable,4.8,Stable,-0.0,2025-04-04,2025-09-02,3,14,0,0,0,0,0,20,0,0,0,0,0
2034,024100573813,CHEEZ-IT GRAB N GO 6CT PPR JCK,COOKIES,21.0,20,1.75,0.67,8.49,8.49,8.49,8.49,6.72,1.77,20.9,Stable,0.6,Stable,0.0,2025-03-18,2025-08-24,12,12,0,0,0,0,20,0,0,0,0,0,0
2035,033300616770,KAYAK LC APPLE TOWER 10CT,T7 SMOKELESS GA,21.0,19,1.5,1.08,23.99,23.99,23.99,23.99,22.53,1.46,6.1,Stable,-1.0,Stable,-0.0,2025-03-13,2025-09-02,3,14,0,0,0,0,0,0,19,0,0,0,0
2036,070330622418,LGT BIC 50CT TRAY FASHION,LIGHTERS,21.0,16,1.91,0.25,64.74,65.99,63.99,65.99,49.5,15.24,23.5,Down,-13.8,Stable,0.4,2025-03-16,2025-08-22,14,11,0,0,0,0,0,0,0,16,0,0,0
2037,885131788856,GERBER CLEAR BOTTLE 5.0Z 6CT,KIDS STUFF,21.0,21,1.5,0.75,8.99,8.99,8.99,8.99,6.66,2.33,25.9,Down,-5.7,Stable,0.0,2025-03-16,2025-09-01,4,14,0,0,0,0,21,0,0,0,0,0,0
2038,028000662264,LAFFY TAFFY ROPE 24CT MYSTERY,CANDYS,21.0,20,1.5,0.83,7.99,7.99,7.99,7.99,6.38,1.61,20.2,Stable,1.0,Stable,-0.0,2025-03-12,2025-08-13,23,14,0,0,0,0,20,0,0,0,0,0,0
2039,655708138007,FIRST AID KIT ZIP BAG,MEDICINE,21.0,5,4.2,0.33,2.69,2.69,2.69,2.69,2.0,0.69,25.7,Up,28.6,Stable,0.0,2025-03-14,2025-07-16,52,5,0,0,5,0,0,0,0,0,0,0,0
2040,738435712860,SONG OF SUDAN 72CT BOX,INCENSE,21.0,21,1.91,1.08,27.99,27.99,27.99,27.99,23.04,4.95,17.7,Stable,3.3,Stable,0.0,2025-03-18,2025-08-13,24,11,0,0,0,0,0,0,21,0,0,0,0
2041,027800173574,KEEBLER WAFERS KS 9CT STRBRY,COOKIES,21.0,21,1.31,0.83,18.99,18.99,18.99,18.99,15.57,3.42,18.0,Stable,1.5,Stable,0.0,2025-03-22,2025-08-21,16,16,0,0,0,0,0,21,0,0,0,0,0
2042,799953209300,STOKERS TUB 12OZ FC NATURAL,LT-TAX PAID,21.0,15,1.4,0.83,16.49,16.49,16.49,16.49,14.2,2.29,13.9,Down,-5.9,Stable,-0.0,2025-03-12,2025-09-03,2,15,0,0,0,0,0,15,0,0,0,0,0
2043,070970472572,HOT TAMALES 5OZ PEG BAGS 1CT,CANDYS,21.0,5,4.2,0.25,1.49,1.49,1.49,1.49,1.1,0.39,26.2,Down,-19.0,Stable,0.0,2025-03-18,2025-06-11,86,5,0,5,0,0,0,0,0,0,0,0,0
2044,4800060331009,KOTEX FRESHLINER 20CT,COSMETICS & BEAUTY,21.0,7,4.2,1.08,1.29,1.29,1.29,1.29,0.65,0.64,49.6,Stable,0.0,Stable,0.0,2025-04-03,2025-08-31,5,5,0,7,0,0,0,0,0,0,0,0,0
2045,619585004312,DIAPERS BEBIN 14CT LARGE SZ 4,KIDS STUFF,21.0,9,3.0,0.08,3.99,3.99,3.99,3.99,1.95,2.04,51.1,Down,-25.0,Stable,-0.0,2025-03-25,2025-06-18,79,7,0,0,0,9,0,0,0,0,0,0,0
2046,885131761408,GERBER CLEAR BOTTLE 9.OZ 6CT.,KIDS STUFF,21.0,20,1.4,1.08,8.99,8.99,8.99,8.99,6.83,2.16,24.0,Up,5.6,Stable,0.0,2025-03-11,2025-09-03,2,15,0,0,0,0,20,0,0,0,0,0,0
2047,028534110019,HERBS RED EGGS 50CT,FOOD,21.0,18,2.1,0.67,23.99,23.99,23.99,23.99,19.0,4.99,20.8,Stable,4.9,Stable,0.0,2025-03-16,2025-07-31,36,10,0,0,0,0,0,0,18,0,0,0,0
2048,028000922269,LAFFY TAFFY ROPE 24CT CHERRY,CANDYS,21.0,19,1.62,0.5,7.9,7.99,6.33,7.99,6.38,1.52,19.3,Down,-7.1,Stable,0.1,2025-03-12,2025-08-31,6,13,0,0,0,0,19,0,0,0,0,0,0
2049,GUP,GINSENG UP 12OZ 24CT,DRINKS,21.0,8,3.5,0.5,24.99,24.99,24.99,24.99,22.99,2.0,8.0,Down,-33.5,Stable,0.0,2025-03-20,2025-07-18,50,6,0,0,0,0,0,0,8,0,0,0,0
2050,042037000639,GOODYS 6/4CT MIXED BERRY BLAST,MEDICINE,21.0,18,1.62,1.17,10.69,10.69,10.69,10.69,7.75,2.94,27.5,Stable,3.4,Stable,0.0,2025-04-03,2025-08-26,11,13,0,0,0,0,0,18,0,0,0,0,0
2051,716165171454,RAW CLSC KS SUPREME 24CT,CIG ROLLING PAPER,21.0,21,1.4,0.83,32.99,32.99,32.99,32.99,24.99,8.0,24.2,Stable,-3.3,Stable,0.0,2025-03-14,2025-08-25,11,15,0,0,0,0,0,0,21,0,0,0,0
2052,850050895398,DELTA LIGHT THC CKTL 12OZ 4CT,NOVELTY ITEMS,21.0,10,2.62,0.67,11.05,10.33,10.00,12.00,7.79,3.26,29.5,Stable,-2.3,Stable,-1.8,2025-03-13,2025-09-01,4,8,0,0,0,0,0,10,0,0,0,0,0
2053,888109257668,HOSTESS TWINKIES 6CT - CHOC,FOOD,21.0,20,1.62,1.0,9.49,9.08,0.00,9.99,8.15,1.34,14.1,Stable,-2.4,Stable,0.3,2025-03-10,2025-08-27,9,13,1,0,0,0,19,0,0,0,0,0,0
2054,040000322474,SNICKERS ALMOND KS 24CT,CANDYS,21.0,21,1.4,0.83,54.32,53.59,52.99,54.99,42.26,12.06,22.2,Stable,-1.5,Stable,-0.3,2025-03-16,2025-08-27,9,15,0,0,0,0,0,0,0,21,0,0,0
2055,692345001585,GRINDERS 4 PARTS 1CT ,NOVELTY ITEMS,21.0,6,5.25,0.0,4.75,4.75,4.50,4.99,3.75,1.0,21.0,Up,5.7,Stable,-0.0,2025-03-26,2025-04-25,133,4,0,0,0,6,0,0,0,0,0,0,0
2056,028534110033,HERBS PIGS FEET 10 - 12CT,FOOD,21.0,14,1.91,1.08,15.99,15.99,15.99,15.99,12.75,3.24,20.3,Up,10.0,Stable,0.0,2025-03-16,2025-08-31,6,11,0,0,0,0,0,14,0,0,0,0,0
2057,047400240407,GILLETTE SHAVE FOAM 11OZ 1CT,COSMETICS & BEAUTY,21.0,4,5.25,1.75,2.69,2.69,2.69,2.69,1.95,0.74,27.5,Up,55.2,Stable,0.0,2025-08-15,2025-09-05,1,4,0,0,4,0,0,0,0,0,0,0,0
2058,751667313704,DJARUM 10/12PK SILVER,CIGARS,21.0,15,1.5,0.75,55.99,55.99,55.99,55.99,40.89,15.1,27.0,Stable,2.8,Stable,0.0,2025-03-11,2025-08-13,23,14,0,0,0,0,0,0,0,15,0,0,0
2059,079400507303,DOVE WOMEN DEODRANT 2.6OZ 1CT,COSMETICS & BEAUTY,21.0,4,10.5,1.5,3.69,3.79,3.59,3.79,2.58,1.11,30.2,Up,142.9,Up,5.4,2025-03-18,2025-08-23,14,2,0,0,0,4,0,0,0,0,0,0,0
2060,PC20,POKER CHIP LIGHTERS 20CT,LIGHTERS,21.0,18,2.1,0.25,43.97,45.0,42.00,46.00,37.5,6.47,14.7,Down,-6.1,Stable,0.1,2025-03-13,2025-08-26,10,10,0,0,0,0,0,0,18,0,0,0,0
2061,012546097284,DENTYNE ICE 9CT PEPPERMINT,GUMS/CHICLETS,21.0,21,1.5,1.0,10.99,10.99,10.99,10.99,8.68,2.31,21.0,Stable,-0.7,Stable,0.0,2025-03-16,2025-09-01,4,14,0,0,0,0,0,21,0,0,0,0,0
2062,719499005143,HIGH HEMP WRAPS 25CT GRAPEADE,BLUNT WRAP,21.0,15,1.75,0.5,11.99,11.99,11.99,11.99,7.0,4.99,41.6,Stable,-0.6,Stable,0.0,2025-03-11,2025-09-03,3,12,0,0,0,0,0,15,0,0,0,0,0
2063,840439106542,ZIG ZAG HEMP 25/2CT MELLOW HZE,BLUNT WRAP,21.0,12,2.33,1.0,11.66,10.71,0.00,12.99,10.5,1.16,9.9,Stable,4.3,Stable,-4.6,2025-03-16,2025-09-04,2,9,1,0,0,0,0,11,0,0,0,0,0
2064,6739799004763,PARTY CUPS 12OZ 20CT,HOUSEHOLD GOODS,21.0,4,7.0,1.75,1.19,1.19,1.19,1.19,0.52,0.67,56.3,Down,-50.0,Stable,0.0,2025-08-09,2025-08-20,17,3,0,4,0,0,0,0,0,0,0,0,0
2065,6924513906212,HALLS 20CT HONEY LEMON,CANDYS,21.0,21,1.75,1.67,16.99,16.99,16.99,16.99,13.63,3.36,19.8,Down,-5.4,Stable,0.0,2025-06-07,2025-08-31,5,12,0,0,0,0,0,21,0,0,0,0,0
2066,016500510208,CUTTER INSECT REPLENT 6 OZ,HOUSEHOLD GOODS,21.0,6,3.5,1.5,3.99,3.99,3.99,3.99,3.13,0.86,21.5,Up,17.1,Stable,-0.0,2025-06-06,2025-09-04,1,6,0,0,0,6,0,0,0,0,0,0,0
2067,679523789374,TABZ VITA PILLS 6CT,KRATOM,21.0,7,3.5,0.5,114.0,114.0,114.00,114.00,102.0,12.0,10.5,Up,25.3,Stable,0.0,2025-03-28,2025-06-25,72,6,0,0,0,0,0,0,0,0,7,0,0
2068,041608087475,SUMMER'S EVE VNG WTR 2PK/4.5OZ,MEDICINE,20.0,5,4.0,1.0,2.83,2.86,2.79,2.99,1.87,0.96,33.9,Up,7.5,Stable,1.4,2025-04-24,2025-08-20,16,5,0,0,5,0,0,0,0,0,0,0,0
2069,2050,THERMAL 2.1/4 X 50 50CT,STATIONARY,20.0,20,1.33,1.17,17.99,17.99,17.99,17.99,7.0,10.99,61.1,Stable,1.3,Stable,0.0,2025-03-14,2025-09-01,4,15,0,0,0,0,0,20,0,0,0,0,0
2070,3605848595144,HOOKAH KING 50000 PUFFS 5CT,ELECTRONIC CIG,20.0,3,20.0,1.67,45.17,45.17,44.00,46.50,37.5,7.67,17.0,Stable,0.0,Stable,0.0,2025-08-11,2025-08-15,22,1,0,0,0,0,0,0,3,0,0,0,0
2071,721874012134,POP ROCKS COTTON CANDY ,CANDYS,20.0,19,1.43,0.92,14.99,14.99,14.99,14.99,12.24,2.75,18.3,Stable,-1.2,Stable,-0.0,2025-03-17,2025-08-12,24,14,0,0,0,0,0,19,0,0,0,0,0
2072,850008118494,NATTY HEMP 4/99 15/4CT MANGO,BLUNT WRAP,20.0,20,1.43,0.75,7.99,7.99,7.99,7.99,7.0,0.99,12.4,Stable,-3.4,Stable,-0.0,2025-03-26,2025-08-24,13,14,0,0,0,0,20,0,0,0,0,0,0
2073,850001919685,TWEAKER $1.99 XS 12 CT - FREDM,VITAMINS,20.0,10,2.86,1.0,11.39,11.99,9.99,11.99,10.18,1.21,10.6,Down,-5.0,Stable,3.8,2025-03-13,2025-07-28,40,7,0,0,0,0,3,7,0,0,0,0,0
2074,071610341692,DM LEAF 2/1.49  30/2CT RUS CRM,CIGARS,20.0,17,1.43,0.58,32.99,32.99,32.99,32.99,24.6,8.39,25.4,Down,-6.5,Stable,0.0,2025-03-18,2025-08-28,9,14,0,0,0,0,0,0,17,0,0,0,0
2075,033300616916,KAYAK FC NATURAL TOWER 10CT,T7 SMOKELESS GA,20.0,14,1.67,0.92,23.99,23.99,23.99,23.99,22.29,1.7,7.1,Stable,-3.8,Stable,0.0,2025-03-18,2025-08-20,16,12,0,0,0,0,0,0,14,0,0,0,0
2076,034000220007,HERSHEYS MILK CHOC KS 18CT,CANDYS,20.0,20,1.43,0.5,36.54,36.49,33.99,36.99,29.16,7.38,20.2,Stable,-3.4,Stable,-0.2,2025-03-12,2025-08-31,6,14,0,0,0,0,0,0,20,0,0,0,0
2077,022000116031,WR 5 10CT - WATERMELON PRISM,GUMS/CHICLETS,20.0,20,1.33,0.75,17.99,17.99,17.99,17.99,14.51,3.48,19.3,Stable,-3.2,Stable,0.0,2025-03-16,2025-08-17,20,15,0,0,0,0,0,20,0,0,0,0,0
2078,676979826226,PANTILINER UNSCENTED 25PK 1CT,MEDICINE,20.0,5,5.0,0.17,1.69,1.69,1.69,1.69,0.66,1.03,61.2,Down,-48.0,Stable,0.0,2025-03-22,2025-07-31,37,4,0,5,0,0,0,0,0,0,0,0,0
2079,090600301393,FORTUNA BLUE BOX 10CT,CIGARETTE,20.0,13,1.82,1.42,78.3,79.11,73.59,79.39,72.79,5.51,7.0,Up,17.5,Stable,0.6,2025-03-25,2025-09-03,2,11,0,0,0,0,0,0,0,13,0,0,0
2080,20J16,DART CUPS 20OZ 500CT,HOUSEHOLD GOODS,20.0,20,1.33,0.92,49.99,49.99,49.99,49.99,37.71,12.28,24.6,Stable,1.6,Stable,0.0,2025-03-27,2025-09-02,3,15,0,0,0,0,0,0,20,0,0,0,0
2081,860006433819,CANDYMANS MINT BALLS 200CT,CANDYS,20.0,16,1.67,0.75,6.99,6.99,6.99,6.99,4.75,2.24,32.0,Down,-6.3,Stable,0.0,2025-03-13,2025-09-05,1,12,0,0,0,0,16,0,0,0,0,0,0
2082,041168636311,CHICK-O-STICK 36CT,CANDYS,20.0,20,1.82,1.17,9.71,9.99,4.44,9.99,8.64,1.07,11.0,Stable,2.5,Stable,1.0,2025-03-20,2025-09-02,3,11,0,0,0,1,19,0,0,0,0,0,0
2083,038000251146,RICE KRISPIES BIG BAR ORG 12CT,COOKIES,20.0,20,1.43,0.83,15.99,15.99,15.99,15.99,13.02,2.97,18.6,Stable,2.5,Stable,-0.0,2025-03-14,2025-09-03,2,14,0,0,0,0,0,20,0,0,0,0,0
2084,031700234853,GAME LEAF 2/1.29 NATURAL 15/2C,CIGARS,20.0,19,1.67,1.17,14.99,14.99,14.99,14.99,11.0,3.99,26.6,Stable,-2.9,Stable,0.0,2025-04-03,2025-08-28,8,12,0,0,0,0,0,19,0,0,0,0,0
2085,011000282082,EAGLE 20 BLUE KING BOX 10CT,CIGARETTE,20.0,14,1.67,1.17,58.95,59.59,57.79,59.59,57.89,1.06,1.8,Stable,4.2,Stable,0.3,2025-04-02,2025-08-27,9,12,0,0,0,0,0,0,0,14,0,0,0
2086,676979854847,COTTON SWABS TRAVEL PACK 2CT,COSMETICS & BEAUTY,20.0,4,10.0,1.67,1.29,1.29,1.29,1.29,0.52,0.77,59.7,Up,120.0,Stable,0.0,2025-08-11,2025-08-18,19,2,0,4,0,0,0,0,0,0,0,0,0
2087,840352515933,FLYING H 3GM 5CT KNOCKOUT BLND,ECIG - DISP D8,20.0,8,3.33,0.17,32.56,32.5,32.00,35.00,30.0,2.56,7.9,Down,-8.6,Stable,-0.6,2025-03-25,2025-08-04,33,6,0,0,0,0,0,0,8,0,0,0,0
2088,527432522509,MARL RED LABEL BOX 10CT,CIGARETTE,20.0,15,1.82,0.67,81.31,83.09,79.39,83.39,77.41,3.9,4.8,Stable,-3.5,Stable,0.6,2025-03-11,2025-08-16,20,11,0,0,0,0,0,0,0,15,0,0,0
2089,840439106078,ZIG ZAG HEMP 25/2CT BLUE DREAM,BLUNT WRAP,20.0,18,1.43,0.58,12.27,12.99,0.00,12.99,10.56,1.71,14.0,Stable,3.7,Stable,2.1,2025-03-18,2025-07-31,36,14,1,0,0,0,0,17,0,0,0,0,0
2090,191554360259,IDEAL CLEAR COMBO 48CT,HOUSEHOLD GOODS,20.0,6,3.33,1.0,1.19,1.19,1.19,1.19,0.59,0.6,50.4,Up,18.9,Stable,-0.0,2025-03-13,2025-08-27,9,6,0,6,0,0,0,0,0,0,0,0,0
2091,298651096378,ZEN POWER CAPSULES 6/20CT,VITAMINS,20.0,11,2.86,0.0,59.73,59.73,57.00,60.00,57.0,2.73,4.6,Up,13.7,Stable,-0.5,2025-03-25,2025-06-01,97,7,0,0,0,0,0,0,0,11,0,0,0
2092,719410783129,5-HOUR ENERGY XS 12CT- CHERRY,VITAMINS,20.0,20,1.54,0.75,21.99,21.99,21.99,21.99,21.19,0.8,3.6,Stable,1.8,Stable,0.0,2025-03-11,2025-08-28,8,13,0,0,0,0,0,0,20,0,0,0,0
2093,793945545483,K VITA PILLS PR 10/4CT,KRATOM,20.0,1,20.0,1.67,145.0,145.0,145.00,145.00,132.5,12.5,8.6,Stable,0.0,Stable,0.0,2025-07-10,2025-07-10,57,1,0,0,0,0,0,0,0,0,1,0,0
2094,793945548286,K VITA PILLS RD 10/4CT,KRATOM,20.0,1,20.0,1.67,105.0,105.0,105.00,105.00,92.5,12.5,11.9,Stable,0.0,Stable,0.0,2025-07-10,2025-07-10,57,1,0,0,0,0,0,0,0,0,1,0,0
2095,817127027441,SHOW 5/$1 15/5CT LEMON ICE,CIGARS,20.0,17,1.67,0.83,10.69,10.69,10.69,10.69,7.5,3.19,29.8,Down,-6.3,Stable,0.0,2025-03-11,2025-09-02,3,12,0,0,0,0,0,17,0,0,0,0,0
2096,888109253745,HOSTESS MEGA MUFFIN 3CT BLBRY,FOOD,20.0,20,1.33,0.33,5.49,5.49,5.49,5.49,4.55,0.94,17.1,Stable,-4.0,Stable,0.0,2025-03-14,2025-08-24,13,15,0,0,0,0,20,0,0,0,0,0,0
2097,716165255635,RAW ETHERAL KS SLIM 50CT ,CIG ROLLING PAPER,20.0,20,1.43,1.0,62.99,62.99,62.99,62.99,51.0,11.99,19.0,Stable,4.3,Stable,0.0,2025-03-12,2025-09-05,1,14,0,0,0,0,0,0,0,20,0,0,0
2098,762446704200,TW LC STRAIGHT 5CT,T7 SMOKELESS GA,20.0,13,2.5,1.0,23.24,23.29,22.99,23.29,22.2,1.04,4.5,Stable,-0.0,Stable,0.1,2025-04-22,2025-08-31,5,8,0,0,0,0,0,0,13,0,0,0,0
2099,028200195807,VIRG SL SILVER 120 BOX 10CT,CIGARETTE,20.0,14,2.22,1.08,98.08,99.01,94.39,99.49,86.14,11.93,12.2,Up,11.2,Stable,0.7,2025-03-14,2025-09-05,1,9,0,0,0,0,0,0,0,14,0,0,0
2100,812934027400,WARNER PHONE HOLDER CH004 1CT,CELLUAR ACCESSORIES,20.0,11,2.22,0.92,5.99,5.99,5.99,5.99,3.5,2.49,41.6,Stable,3.7,Stable,0.0,2025-03-14,2025-09-01,5,9,0,0,0,0,11,0,0,0,0,0,0
2101,073100011955,SKOAL BANDIT MINT 5CT,T7 SMOKELESS GA,20.0,3,6.67,0.08,29.59,30.79,28.99,30.79,28.2,1.39,4.7,Down,-127.5,Stable,3.0,2025-03-18,2025-09-03,2,3,0,0,0,0,0,0,3,0,0,0,0
2102,073100025976,COPENHAGEN XTRA LC NATURAL 5CT,T7 SMOKELESS GA,20.0,6,3.33,1.5,25.49,25.51,25.39,25.99,24.16,1.33,5.2,Up,13.7,Stable,0.3,2025-06-04,2025-08-13,24,6,0,0,0,0,0,0,6,0,0,0,0
2103,6291108164457,AL FAKHER 10 X 50GM CTRS MINT ,LT-TAX PAID,20.0,15,1.43,1.0,17.52,18.24,16.49,18.99,16.43,1.09,6.2,Stable,-0.3,Stable,1.1,2025-03-25,2025-08-29,7,14,0,0,0,0,0,15,0,0,0,0,0
2104,029000022126,PLANTERS 2/1.09 SLTD PNTS 18CT,FOOD,20.0,18,1.43,0.67,7.99,7.99,7.99,7.99,6.34,1.65,20.7,Stable,0.6,Stable,-0.0,2025-03-10,2025-08-21,16,14,0,0,0,0,18,0,0,0,0,0,0
2105,FB250,BEER RING FLAT BOTTLE 250CT,STATIONARY,20.0,18,2.0,1.67,39.99,39.99,39.99,39.99,29.99,10.0,25.0,Down,-5.5,Stable,0.0,2025-06-21,2025-08-27,9,10,0,0,0,0,0,0,18,0,0,0,0
2106,012300130134,VANTAGE KING BOX 10CT,CIGARETTE,20.0,11,1.82,0.75,124.1,125.94,121.89,127.29,117.74,6.35,5.1,Up,9.0,Stable,0.5,2025-03-22,2025-08-11,25,11,0,0,0,0,0,0,0,0,11,0,0
2107,650075994607,OPMS SILVER 144G/240CT RED MD,VITAMINS,20.0,6,4.0,0.33,15.42,14.5,14.50,16.00,13.7,1.72,11.1,Up,12.5,Stable,-1.1,2025-03-12,2025-08-11,25,5,0,0,0,0,0,6,0,0,0,0,0
2108,709215302151,305'S BLUE 100 BOX 10CT,CIGARETTE,20.0,14,2.0,0.58,32.49,32.49,32.49,32.49,31.59,0.9,2.8,Stable,2.4,Stable,0.0,2025-03-18,2025-08-30,6,10,0,0,0,0,0,0,14,0,0,0,0
2109,031700234808,GARCIA VEGA 2/1.29 BROWN 30CT,CIGARS,20.0,15,1.67,0.83,14.99,14.99,14.99,14.99,11.0,3.99,26.6,Stable,2.5,Stable,0.0,2025-03-17,2025-09-04,1,12,0,0,0,0,0,15,0,0,0,0,0
2110,878848817001,PROTOUCH PADLOCK 20MM 2CT,HARDWARE,20.0,4,6.67,0.25,1.99,1.99,1.99,1.99,0.52,1.47,73.8,Down,-75.0,Stable,0.0,2025-04-13,2025-07-26,42,3,0,4,0,0,0,0,0,0,0,0,0
2111,655708016503,MUCINEX DM TABLETS 20/2CT,MEDICINE,20.0,19,1.82,1.5,27.99,27.99,27.99,27.99,22.95,5.04,18.0,Stable,2.5,Stable,0.0,2025-03-15,2025-08-31,5,11,0,0,0,0,0,0,19,0,0,0,0
2112,022000119445,ECLIPSE 8CT SF PEPPERMINT,GUMS/CHICLETS,20.0,20,1.43,0.83,8.99,8.99,8.99,8.99,7.58,1.41,15.7,Stable,-2.2,Stable,0.0,2025-03-17,2025-09-03,2,14,0,0,0,0,20,0,0,0,0,0,0
2113,20688149260031,SUGAR WAFERS 12CT STRAWBERRY,COOKIES,20.0,20,1.43,0.58,10.99,10.99,10.99,10.99,8.64,2.35,21.4,Stable,-4.9,Stable,0.0,2025-03-12,2025-08-31,6,14,0,0,0,0,0,20,0,0,0,0,0
2114,012040801165,LGT SOL/LUX CLEAR LIGHTER 50CT,LIGHTERS,20.0,1,20.0,0.0,4.5,4.5,4.50,4.50,2.85,1.65,36.7,Stable,0.0,Stable,0.0,2025-04-27,2025-04-27,131,1,0,0,0,1,0,0,0,0,0,0,0
2115,817127021043,HEMP ZONE 5/$1 15CT GRAPE,BLUNT WRAP,20.0,4,5.0,0.42,0.0,0.0,0.00,0.00,8.5,-8.5,0.0,Down,-40.0,Stable,0.0,2025-04-06,2025-07-04,64,4,4,0,0,0,0,0,0,0,0,0,0
2116,709215201867,305'S FULL FLAVOR BOX 10CT,CIGARETTE,20.0,18,1.43,0.83,32.49,32.49,32.49,32.49,31.61,0.88,2.7,Stable,-2.5,Stable,0.0,2025-03-10,2025-08-20,16,14,0,0,0,0,0,0,18,0,0,0,0
2117,012546076210,TRIDENT 9CT WHITE SPEARMINT ,GUMS/CHICLETS,19.0,19,1.27,0.67,10.99,10.99,10.99,10.99,8.73,2.26,20.5,Stable,3.1,Stable,-0.0,2025-03-12,2025-09-01,4,15,0,0,0,0,0,19,0,0,0,0,0
2118,801822811962,DAY2DAY RAZOR 3 PCS,COSMETICS & BEAUTY,19.0,5,3.8,1.08,0.99,0.99,0.99,0.99,0.35,0.64,64.6,Stable,2.6,Stable,0.0,2025-04-06,2025-08-01,36,5,5,0,0,0,0,0,0,0,0,0,0
2119,010221786720,BLUNT & MILD INCENSE 72CT,AIR FRESHENER,19.0,18,1.36,0.83,14.99,14.99,14.99,14.99,10.99,4.0,26.7,Stable,3.4,Stable,-0.0,2025-03-29,2025-08-15,22,14,0,0,0,0,0,18,0,0,0,0,0
2120,762446444007,LONGHORN TUB 14.4OZ LC MINT,T7 SMOKELESS GA,19.0,9,2.71,1.0,16.99,16.99,16.99,16.99,15.28,1.71,10.1,Up,10.5,Stable,0.0,2025-03-23,2025-08-24,12,7,0,0,0,0,0,9,0,0,0,0,0
2121,071610340329,DM 2/99 30/2CT ROYAL HAZE,CIGARS,19.0,17,1.46,0.5,22.99,22.99,22.99,22.99,16.26,6.73,29.3,Stable,-4.9,Stable,0.0,2025-03-13,2025-07-24,43,13,0,0,0,0,0,0,17,0,0,0,0
2122,079400265609,DEGREE XTRM BLAST 2.7OZ 1CT,COSMETICS & BEAUTY,19.0,4,6.33,1.58,3.29,3.29,3.29,3.29,2.4,0.89,27.1,Down,-39.5,Stable,0.0,2025-08-18,2025-09-03,2,3,0,0,0,4,0,0,0,0,0,0,0
2123,134598342232,VIVA LA HEMP GUMMY 1600MG 50CT,CBD/HEMP,19.0,8,3.17,1.58,68.25,68.25,65.00,72.50,60.0,8.25,12.1,Stable,0.9,Stable,-1.5,2025-06-23,2025-09-01,5,6,0,0,0,0,0,0,0,8,0,0,0
2124,009800205127,FERRERO ROCHER COLLECTION 12CT,CANDYS,19.0,13,2.38,1.58,21.99,21.99,21.99,21.99,17.31,4.68,21.3,Stable,-1.5,Stable,0.0,2025-06-13,2025-09-03,2,8,0,0,0,0,0,0,13,0,0,0,0
2125,849205023526,VUSE GOLDEN TOBACCO 2.4% 5/4CT,ECIG - PODS,19.0,16,1.73,0.58,106.43,106.99,103.99,106.99,101.28,5.15,4.8,Stable,-0.5,Stable,0.3,2025-03-26,2025-08-14,23,11,0,0,0,0,0,0,0,0,16,0,0
2126,761856466142,HAND SANITIZER 2OZ 30CT,COSMETICS & BEAUTY,19.0,18,1.36,1.0,54.99,54.99,54.99,54.99,45.0,9.99,18.2,Stable,0.5,Stable,0.0,2025-03-13,2025-08-24,13,14,0,0,0,0,0,0,0,18,0,0,0
2127,073390050108,TRIDENT 12CT - PURELY SPEARMIN,GUMS/CHICLETS,19.0,19,1.58,0.67,14.46,15.12,13.99,15.99,12.02,2.44,16.9,Down,-5.5,Stable,0.9,2025-03-29,2025-09-05,1,12,0,0,0,0,0,19,0,0,0,0,0
2128,030100211655,KEEBLER CHEESE CRK/P/B 12 CT,COOKIES,19.0,19,1.36,0.5,8.49,8.49,8.49,8.49,6.58,1.91,22.5,Stable,-3.7,Stable,-0.0,2025-03-13,2025-08-27,9,14,0,0,0,0,19,0,0,0,0,0,0
2129,718027651906,H/S GOLD SHOTS 12CT,VITAMINS,19.0,11,3.17,1.58,26.82,26.82,26.00,28.99,18.0,8.82,32.9,Up,17.1,Stable,0.7,2025-06-26,2025-07-30,38,6,0,0,0,0,0,0,11,0,0,0,0
2130,840045201006,ROGUE 6MG POUCH 5CT CITRUS,NICOTINE POUCHES,19.0,16,2.11,1.58,20.49,20.49,20.49,20.49,19.49,1.0,4.9,Down,-9.5,Stable,0.0,2025-06-11,2025-08-31,5,9,0,0,0,0,0,0,16,0,0,0,0
2131,076013000054,BIG BAMBU CLASSC PAPER 100CT,CIG ROLLING PAPER,19.0,17,1.9,1.0,87.99,87.99,87.99,87.99,78.84,9.15,10.4,Stable,-1.6,Stable,0.0,2025-03-10,2025-08-27,9,10,0,0,0,0,0,0,0,17,0,0,0
2132,742271567805,SCALE SWAG30 1000 x 0.1G 1CT,NOVELTY ITEMS,19.0,6,3.17,1.17,4.99,4.99,4.99,4.99,3.99,1.0,20.0,Down,-13.5,Stable,-0.0,2025-05-24,2025-08-14,22,6,0,0,0,6,0,0,0,0,0,0,0
2133,022000106995,WR SLIM 10CT - BIG RED,GUMS/CHICLETS,19.0,19,1.36,0.83,11.99,11.99,11.99,11.99,9.41,2.58,21.5,Down,-6.0,Stable,0.0,2025-03-24,2025-09-02,3,14,0,0,0,0,0,19,0,0,0,0,0
2134,012300119900,CAMEL CRUSH MENT SMTH SLV 10CT,CIGARETTE,19.0,15,1.27,0.42,84.51,85.71,83.19,86.79,81.96,2.55,3.0,Stable,-3.4,Stable,0.3,2025-03-12,2025-08-20,17,15,0,0,0,0,0,0,0,15,0,0,0
2135,850015847400,ROYAL KRATOM GOLD 1000CT 1CT,VITAMINS,19.0,10,2.71,1.0,25.45,25.35,24.50,26.00,23.2,2.25,8.8,Down,-9.2,Stable,-0.4,2025-03-24,2025-08-11,25,7,0,0,0,0,0,0,10,0,0,0,0
2136,064307000804.,WINDSHIELD WASHER HALCO 1CT,AUTOMOTIVE,19.0,6,3.8,0.58,2.49,2.49,2.49,2.49,1.79,0.7,28.1,Up,5.3,Stable,0.0,2025-04-02,2025-08-20,17,5,0,0,6,0,0,0,0,0,0,0,0
2137,027800173567,KEEBLER WAFERS KS 9CT VANILLA,COOKIES,19.0,19,1.27,1.08,18.99,18.99,18.99,18.99,15.55,3.44,18.1,Stable,1.1,Stable,0.0,2025-03-15,2025-08-31,5,15,0,0,0,0,0,19,0,0,0,0,0
2138,038000012464,CEREAL CUP 6CT FROOT LOOPS,COOKIES,19.0,18,1.46,1.08,9.99,9.99,9.99,9.99,7.23,2.76,27.6,Stable,2.6,Stable,0.0,2025-04-05,2025-08-26,11,13,0,0,0,0,18,0,0,0,0,0,0
2139,716165179221,RAW ORGANIC 1 /2 1.5 25CT,CIG ROLLING PAPER,19.0,6,3.17,0.92,6.66,5.0,0.00,19.99,15.5,-8.84,-132.6,Down,-17.1,Stable,-0.0,2025-05-03,2025-09-01,5,6,4,0,0,0,0,2,0,0,0,0,0
2140,073854000922,PLAYING CARD BEE 12CT,PLAYING CARDS,19.0,19,1.46,0.33,31.99,31.99,31.99,31.99,24.75,7.24,22.6,Stable,-2.6,Stable,0.0,2025-03-24,2025-06-30,67,13,0,0,0,0,0,0,19,0,0,0,0
2141,817127024778,HEMP ZONE 5/$1 15CT LEMONADE,BLUNT WRAP,19.0,5,3.8,0.5,0.0,0.0,0.00,0.00,8.5,-8.5,0.0,Down,-31.6,Stable,0.0,2025-04-06,2025-09-01,5,5,5,0,0,0,0,0,0,0,0,0,0
2142,034000152513,REESES FAST BREAK BAR 18CT,CANDYS,19.0,19,1.73,0.67,20.99,20.99,20.99,20.99,16.74,4.25,20.2,Stable,3.7,Stable,0.0,2025-03-12,2025-09-03,2,11,0,0,0,0,0,0,19,0,0,0,0
2143,895301001333,TWEAKER $1.99 XS 12 CT - MNG P,VITAMINS,19.0,17,1.58,0.92,11.99,11.99,11.99,11.99,11.07,0.92,7.6,Stable,-0.7,Stable,0.0,2025-04-05,2025-08-18,18,12,0,0,0,0,0,17,0,0,0,0,0
2144,818892014636,GT 3/99 HD 15/3CT NAPA GRAPE,CIGAR GA,19.0,15,1.9,1.17,11.99,11.99,11.99,11.99,10.08,1.91,15.9,Up,13.1,Stable,0.0,2025-04-03,2025-09-01,4,10,0,0,0,0,0,15,0,0,0,0,0
2145,082901173885,ACE ALL PURPOSE OIL 3.2OZ,AUTOMOTIVE,19.0,4,6.33,0.92,2.29,2.29,2.29,2.29,0.6,1.68,73.6,Stable,0.0,Stable,0.0,2025-05-15,2025-08-02,35,3,0,0,4,0,0,0,0,0,0,0,0
2146,012300259132,CAMEL 99'S FILTERS 10CT,CIGARETTE,19.0,16,1.46,0.75,84.76,85.89,83.19,86.79,81.94,2.82,3.3,Down,-6.0,Stable,0.4,2025-03-11,2025-08-19,18,13,0,0,0,0,0,0,0,16,0,0,0
2147,716053607164,CELLTEKK BT HEADSET A32TWS,CELLUAR ACCESSORIES,19.0,4,4.75,0.92,9.99,9.99,9.99,9.99,7.99,2.0,20.0,Up,44.2,Stable,0.0,2025-05-06,2025-09-05,1,4,0,0,0,0,4,0,0,0,0,0,0
2148,816374020939,7 DAYS CAKE BAR 8CT,FOOD,19.0,9,3.17,0.0,8.49,8.49,8.49,8.49,7.47,1.02,12.0,Down,-8.1,Stable,0.0,2025-03-13,2025-04-28,130,6,0,0,0,0,9,0,0,0,0,0,0
2149,888109012922,HOSTESS JUMBO DONUT 6CT GLZD,FOOD,19.0,18,1.27,0.58,9.99,9.99,9.99,9.99,8.15,1.84,18.4,Stable,-2.3,Stable,0.0,2025-03-12,2025-08-26,11,15,0,0,0,0,18,0,0,0,0,0,0
2150,6291108160404,AL FAKHER 10 X 50GM GRAPE MINT,LT-TAX PAID,19.0,8,3.8,1.33,17.49,17.89,16.49,17.99,15.5,1.99,11.4,Up,39.5,Stable,2.2,2025-03-25,2025-07-19,49,5,0,0,0,0,0,8,0,0,0,0,0
2151,037900990629,RONSONOL LIGTHTER FUEL 8OZ 1CT,LIGHTERS,19.0,6,3.8,0.25,1.99,1.99,1.99,1.99,1.89,0.1,5.0,Down,-15.8,Stable,0.0,2025-05-03,2025-07-07,60,5,0,6,0,0,0,0,0,0,0,0,0
2152,762446710201,TW LC PEACH 5CT,T7 SMOKELESS GA,19.0,11,1.9,1.33,23.29,23.29,23.29,23.29,22.23,1.06,4.5,Up,8.6,Stable,0.0,2025-05-10,2025-09-03,2,10,0,0,0,0,0,0,11,0,0,0,0
2153,10819913015158,JUUL CLASSIC MENTHL 5% 2PK 8CT,ECIG - PODS,19.0,16,1.36,0.92,70.45,71.43,65.36,72.99,63.76,6.69,9.5,Stable,2.8,Stable,0.4,2025-03-25,2025-09-03,3,14,0,0,0,0,0,0,0,16,0,0,0
2154,721874012066,POP ROCKS BLUE RAZZ 24CT,CANDYS,19.0,18,1.46,0.67,14.99,14.99,14.99,14.99,12.24,2.75,18.3,Stable,-4.5,Stable,0.0,2025-03-11,2025-08-12,24,13,0,0,0,0,0,18,0,0,0,0,0
2155,028200331311,MARL MENTHOL BOLD ICE 10CT,CIGARETTE,19.0,18,1.19,0.67,84.62,85.89,81.99,87.09,80.9,3.72,4.4,Stable,1.6,Stable,0.4,2025-03-13,2025-08-28,9,16,0,0,0,0,0,0,0,18,0,0,0
2156,054642000256,AIRBREEZE AIR FRSHNR6.2OZ 1CT,AIR FRESHENER,19.0,2,9.5,1.58,1.79,1.79,1.79,1.79,0.99,0.8,44.7,Up,31.6,Stable,0.0,2025-08-30,2025-09-03,2,2,0,2,0,0,0,0,0,0,0,0,0
2157,817458027134,WILDHEMP WRAP 4/99 20CT LIMEAD,BLUNT WRAP,19.0,13,1.58,0.75,11.99,10.82,0.00,12.99,9.5,2.49,20.8,Stable,2.9,Stable,-1.1,2025-03-13,2025-08-13,23,12,1,0,0,0,0,12,0,0,0,0,0
2158,B824,GUN TORCH LGT W/CLOCK 1CT,LIGHTERS,19.0,6,3.17,0.0,7.08,7.08,6.45,7.50,6.0,1.08,15.2,Down,-6.3,Stable,0.7,2025-03-15,2025-06-05,92,6,0,0,0,0,6,0,0,0,0,0,0
2159,307667388107,TUMS XTRA BERRIES 12CT,MEDICINE,19.0,18,1.73,0.67,8.66,8.86,8.49,9.99,7.88,0.78,9.0,Down,-5.3,Stable,0.8,2025-03-31,2025-09-03,2,11,0,0,0,0,18,0,0,0,0,0,0
2160,619682999405,BLUNT N ROSES WRAP 25CT,BLUNT WRAP,19.0,9,2.71,0.5,11.99,11.99,11.99,11.99,11.0,0.99,8.3,Stable,-3.9,Stable,-0.0,2025-03-10,2025-08-09,27,7,0,0,0,0,0,9,0,0,0,0,0
2161,025900329877,SS 2/$1.19 30/2CT - WILD RUSH,CIGARS,19.0,17,1.58,1.0,25.99,25.99,25.99,25.99,20.05,5.94,22.8,Stable,2.0,Stable,0.0,2025-04-28,2025-08-29,8,12,0,0,0,0,0,0,17,0,0,0,0
2162,663054102269,VITA HERBAL STRIPS 24CT,VITAMINS,19.0,16,1.36,0.58,43.06,42.86,40.00,47.99,36.0,7.06,16.4,Stable,-2.4,Stable,0.1,2025-03-10,2025-08-25,11,14,0,0,0,0,0,0,16,0,0,0,0
2163,666186073353,CANABZY PRE ROLL 4GM 5/5CT,CBD/HEMP,19.0,7,3.8,0.0,66.43,66.43,65.00,75.00,60.0,6.43,9.7,Up,18.4,Stable,0.5,2025-03-11,2025-04-09,149,5,0,0,0,0,0,0,0,7,0,0,0
2164,716053607126,CELLTEKK BT HEADSET Y35TWS,CELLUAR ACCESSORIES,19.0,4,4.75,1.5,9.99,9.99,9.99,9.99,7.99,2.0,20.0,Up,65.3,Stable,0.0,2025-05-06,2025-09-05,1,4,0,0,0,0,4,0,0,0,0,0,0
2165,3574660395150,J&J BABY OIL 100ML 1CT,COSMETICS & BEAUTY,19.0,5,6.33,0.0,1.49,1.49,1.49,1.49,1.55,-0.06,-4.0,Down,-23.7,Stable,0.0,2025-03-26,2025-05-08,121,3,0,5,0,0,0,0,0,0,0,0,0
2166,TC47,TECHNO TORCH AK-47/AR15 12CT,LIGHTERS,19.0,17,1.46,0.42,55.35,57.5,52.50,60.00,47.25,8.1,14.6,Stable,0.8,Stable,0.5,2025-03-10,2025-07-30,38,13,0,0,0,0,0,0,0,17,0,0,0
2167,7506195159545,DOWNY FABRIC SOFTNER 750/800ML,CLEANING PRODUCTS,19.0,5,3.8,1.17,1.79,2.24,0.00,2.99,2.06,-0.26,-14.6,Down,-13.2,Stable,0.0,2025-05-03,2025-09-01,5,5,2,0,3,0,0,0,0,0,0,0,0
2168,073390030087,AIR HEADS 18CT BITES FRUIT,CANDYS,19.0,19,1.36,0.83,21.99,21.99,21.99,21.99,17.83,4.16,18.9,Stable,4.0,Stable,0.0,2025-03-16,2025-08-20,17,14,0,0,0,0,0,0,19,0,0,0,0
2169,076940197070,LD LIGHT GREEN 100 BOX 10CT,CIGARETTE,19.0,8,2.71,1.58,30.99,30.99,30.99,30.99,30.14,0.85,2.7,Up,6.6,Stable,-0.0,2025-07-16,2025-09-03,3,7,0,0,0,0,0,0,8,0,0,0,0
2170,MAG96,TROJAN MAGNUM JAR 96CT,CONDOMS,19.0,17,4.75,1.58,40.23,40.23,39.99,41.99,32.23,8.0,19.9,Down,-10.5,Stable,1.5,2025-08-13,2025-09-02,4,4,0,0,0,0,0,0,17,0,0,0,0
2171,616421024336,BLISS XTRA KAVA+KRATOM 12CT,VITAMINS,18.0,11,2.0,0.75,42.77,42.75,42.50,44.00,40.0,2.77,6.5,Stable,-3.3,Stable,-0.1,2025-03-31,2025-09-02,3,9,0,0,0,0,0,0,11,0,0,0,0
2172,024100116256,CHEEZ-IT GRAB N GO 6CT X TOSTY,COOKIES,18.0,18,1.38,0.42,8.49,8.49,8.49,8.49,6.72,1.77,20.9,Stable,-2.0,Stable,0.0,2025-03-15,2025-08-24,12,13,0,0,0,0,18,0,0,0,0,0,0
2173,707670190207,"TECHNO FIRE EXT TORCH 10""",LIGHTERS,18.0,10,2.57,0.58,11.55,11.0,10.00,12.99,8.35,3.2,27.7,Down,-23.6,Stable,-1.0,2025-04-15,2025-08-09,28,7,0,0,0,0,0,10,0,0,0,0,0
2174,046500739644,RAID ANT& ROACH 120Z 1CT,HOUSEHOLD GOODS,18.0,4,4.5,0.08,4.99,4.99,4.99,4.99,3.7,1.29,25.9,Down,-75.6,Stable,0.0,2025-03-13,2025-06-19,79,4,0,0,0,4,0,0,0,0,0,0,0
2175,073390005801,MENTOS 1.32OZ 15CT GREEN APPLE,CANDYS,18.0,18,1.64,0.75,15.87,15.99,13.86,15.99,12.9,2.97,18.7,Stable,-2.2,Stable,0.1,2025-03-28,2025-07-21,47,11,0,0,0,0,0,18,0,0,0,0,0
2176,686464447201,KM SOUR FLUSH CANDY 12CT,CANDYS,18.0,17,1.38,0.75,12.99,12.99,12.99,12.99,11.04,1.95,15.0,Stable,0.4,Stable,0.0,2025-03-10,2025-07-27,40,13,0,0,0,0,0,17,0,0,0,0,0
2177,679523792992,TABZ VITA SHOTS 30CT,KRATOM,18.0,5,4.5,0.0,180.0,180.0,180.00,180.00,165.0,15.0,8.3,Down,-44.4,Stable,0.0,2025-03-28,2025-06-03,94,4,0,0,0,0,0,0,0,0,5,0,0
2178,044000006808,OREO MINI BIG BAG 3OZ 1CT,COOKIES,18.0,5,3.6,0.0,1.59,1.59,1.59,1.59,1.31,0.28,17.6,Stable,0.0,Stable,0.0,2025-03-13,2025-05-12,117,5,0,5,0,0,0,0,0,0,0,0,0
2179,012300843928,CAMEL TURKISH BLND ROYAL 10CT,CIGARETTE,18.0,17,1.2,0.58,84.57,85.5,83.19,86.79,78.01,6.55,7.8,Stable,-0.9,Stable,0.3,2025-03-22,2025-08-17,19,15,0,0,0,0,0,0,0,17,0,0,0
2180,041364057927,SOUR PUNCH STRAWS 24CT RAINBOW,CANDYS,18.0,18,1.38,0.5,23.99,23.99,23.99,23.99,18.72,5.27,22.0,Stable,-3.6,Stable,0.0,2025-03-10,2025-08-14,22,13,0,0,0,0,0,0,18,0,0,0,0
2181,00041333087610,DURACELL AA 2PK 14/2CT,BATTERY,18.0,18,1.5,0.75,30.77,31.55,29.99,36.99,23.66,7.11,23.1,Stable,-1.4,Stable,1.6,2025-03-12,2025-09-05,1,12,0,0,0,0,0,0,18,0,0,0,0
2182,042100001266,PEACH SWEET SNUFF 12CT,T7 SMOKELESS GA,18.0,18,1.38,0.58,208.43,216.56,194.99,222.99,195.7,12.74,6.1,Up,5.6,Stable,1.1,2025-03-18,2025-08-30,7,13,0,0,0,0,0,0,0,0,4,14,0
2183,5701092106292,AIRWICK AIR FRSHNR REFIL 250ML,AIR FRESHENER,18.0,2,9.0,1.5,3.49,3.49,3.49,3.49,2.25,1.24,35.5,Down,-66.7,Stable,0.0,2025-08-21,2025-09-05,1,2,0,0,0,2,0,0,0,0,0,0,0
2184,037000736394,CREST MOUTWASH 3.3OZ 1CT,MEDICINE,18.0,4,4.5,0.17,1.79,1.79,1.79,1.79,1.29,0.5,27.9,Down,-31.1,Stable,0.0,2025-04-03,2025-06-16,82,4,0,4,0,0,0,0,0,0,0,0,0
2185,072867941178,WINE & BOTTLE OPENER 1CT,MISC,18.0,6,3.0,0.92,1.99,1.99,1.99,1.99,0.79,1.2,60.3,Down,-15.2,Stable,0.0,2025-04-17,2025-09-03,2,6,0,6,0,0,0,0,0,0,0,0,0
2186,676979820798,GARDEN TEAL LIGHT CANDLE 15CT,CANDLES,18.0,3,6.0,0.25,1.79,1.79,1.79,1.79,1.15,0.64,36.0,Stable,0.0,Stable,0.0,2025-04-10,2025-07-03,64,3,0,3,0,0,0,0,0,0,0,0,0
2187,ROCK12,ROCKSTAR ENERGY DRINK 16OZ 12C,DRINKS,18.0,5,3.6,0.83,20.89,19.24,16.50,21.99,20.04,0.85,4.1,Stable,2.8,Down,-5.3,2025-03-12,2025-07-31,36,5,0,0,0,0,0,1,4,0,0,0,0
2188,022000292797,WR EXTRA 10CT PINK LEMONADE,GUMS/CHICLETS,18.0,18,1.5,0.25,12.99,12.99,12.99,12.99,10.96,2.03,15.7,Stable,1.4,Stable,0.0,2025-03-12,2025-07-13,54,12,0,0,0,0,0,18,0,0,0,0,0
2189,842426155281,GT WOODS WRAP 30/2CT RUSS CRM,BLUNT WRAP,18.0,17,1.38,0.67,32.99,32.99,32.99,32.99,30.0,2.99,9.1,Stable,-3.2,Stable,0.0,2025-03-30,2025-09-02,3,13,0,0,0,0,0,0,17,0,0,0,0
2190,676979859415,U SCENT BOOSTERS 120Z 1CT,CLEANING PRODUCTS,18.0,1,18.0,1.5,1.49,1.49,1.49,1.49,0.78,0.71,47.7,Stable,0.0,Stable,0.0,2025-07-30,2025-07-30,37,1,0,1,0,0,0,0,0,0,0,0,0
2191,072250916431,MRS FRESHLEY HERSHEY CC 6CT,CANDYS,18.0,16,2.0,0.25,4.99,4.99,4.99,4.99,2.92,2.07,41.5,Down,-6.7,Stable,0.0,2025-03-20,2025-06-19,79,9,0,0,0,16,0,0,0,0,0,0,0
2192,768537268309,"MEASURE TAPE 60"" 1CT",NOVELTY ITEMS,18.0,6,3.6,0.0,0.99,0.99,0.99,0.99,0.27,0.72,72.7,Up,8.3,Stable,0.0,2025-04-06,2025-06-04,93,5,6,0,0,0,0,0,0,0,0,0,0
2193,CURLY,MRS FRESHLEY CREAMY CURLY 9CT,CANDYS,18.0,17,1.64,0.5,12.99,12.99,12.99,12.99,10.61,2.38,18.3,Stable,4.4,Stable,0.0,2025-03-22,2025-07-15,53,11,0,0,0,0,0,17,0,0,0,0,0
2194,799953321279,STOKERS LC MINT 5CT,LT-TAX-COLLECTED,18.0,13,1.8,0.67,16.99,16.99,16.99,16.99,14.67,2.32,13.7,Stable,-4.0,Stable,0.0,2025-03-28,2025-08-24,12,10,0,0,0,0,0,13,0,0,0,0,0
2195,039101028125,JOHNSEN'S P/STERING FLUID 12OZ,AUTOMOTIVE,18.0,4,4.5,0.67,1.69,1.69,1.69,1.69,1.05,0.64,37.9,Down,-8.9,Stable,0.0,2025-03-29,2025-08-11,25,4,0,4,0,0,0,0,0,0,0,0,0
2196,700598108996,OPMS SILVER 36G/60CT GRN MALAY,VITAMINS,18.0,7,2.57,0.58,5.95,5.58,5.50,6.99,4.65,1.3,21.8,Up,12.5,Stable,-2.4,2025-03-12,2025-07-14,54,7,0,0,0,0,7,0,0,0,0,0,0
2197,025900359034,SS LEAF 10/3CT - COGNAC,CIGARS,18.0,13,2.0,0.67,26.3,26.66,25.99,26.99,10.0,16.3,62.0,Stable,-3.3,Stable,0.6,2025-03-25,2025-08-07,29,9,0,0,0,0,0,0,13,0,0,0,0
2198,029000022164,PLANTERS 2/1.09 18CT HEAT PNTS,FOOD,18.0,18,1.5,0.58,7.99,7.99,7.99,7.99,6.34,1.65,20.7,Stable,1.4,Stable,0.0,2025-03-10,2025-08-07,29,12,0,0,0,0,18,0,0,0,0,0,0
2199,632365122150,KOKO ICEE/SLUSH SPRAY 12CT,CANDYS,18.0,11,2.25,0.42,13.81,13.99,12.99,13.99,10.5,3.31,24.0,Down,-13.8,Stable,1.0,2025-03-26,2025-09-02,3,8,0,0,0,0,0,11,0,0,0,0,0
2200,073390005795,MENTOS 1.32OZ 15CT STRAWBERRY,CANDYS,18.0,18,1.38,0.92,15.99,15.99,15.99,15.99,12.9,3.09,19.3,Stable,-1.2,Stable,0.0,2025-03-25,2025-09-03,2,13,0,0,0,0,0,18,0,0,0,0,0
2201,6291108160312,AL FAKHER 10 X 50GM MANGO ,LT-TAX PAID,18.0,12,1.64,0.92,17.74,18.49,16.49,18.99,16.58,1.16,6.5,Stable,3.9,Stable,1.6,2025-03-29,2025-08-30,7,11,0,0,0,0,0,12,0,0,0,0,0
2202,619585004114,DIAPERS BEBIN SMALL SZ 2 14CT,KIDS STUFF,18.0,6,3.0,0.25,3.99,3.99,3.99,3.99,1.75,2.24,56.1,Down,-15.2,Stable,-0.0,2025-03-28,2025-08-14,23,6,0,0,0,6,0,0,0,0,0,0,0
2203,817127029766,HEMP ZONE 5/$1 15CT KUSH,BLUNT WRAP,18.0,4,4.5,0.67,0.0,0.0,0.00,0.00,8.5,-8.5,0.0,Down,-22.2,Stable,0.0,2025-04-06,2025-07-04,64,4,4,0,0,0,0,0,0,0,0,0,0
2204,6977097423262,ZERO GRAVITY 50K PUFF DISP 5CT,ELECTRONIC CIG,18.0,4,6.0,1.5,48.12,48.12,47.50,50.00,37.5,10.62,22.1,Down,-125.0,Stable,-1.3,2025-08-04,2025-09-05,1,3,0,0,0,0,0,0,3,1,0,0,0
2205,039000086639,LIBBY VIENNA SAUSAGE 4.6OZ 1CT,FOOD,18.0,5,3.6,0.67,1.15,0.99,0.99,1.39,0.68,0.47,40.9,Down,-13.9,Down,-10.4,2025-03-11,2025-08-05,31,5,3,2,0,0,0,0,0,0,0,0,0
2206,16J16,DART CUPS 16OZ 1000CT,HOUSEHOLD GOODS,18.0,18,1.38,0.83,79.99,79.99,79.99,79.99,63.46,16.53,20.7,Stable,-2.0,Stable,0.0,2025-03-22,2025-08-31,5,13,0,0,0,0,0,0,0,18,0,0,0
2207,010220786240,BLUNT & MILD INCENSE 24/30CT,AIR FRESHENER,18.0,15,1.64,0.75,42.99,42.99,42.99,42.99,34.99,8.0,18.6,Stable,5.0,Stable,0.0,2025-03-16,2025-09-04,1,11,0,0,0,0,0,0,15,0,0,0,0
2208,6974456350559,POD KING KADO BAR 5000 5CT,ELECTRONIC CIG,18.0,10,2.57,1.08,40.85,42.31,35.00,50.00,33.35,7.5,18.4,Down,-5.6,Stable,0.9,2025-05-07,2025-08-12,25,7,0,0,0,0,0,0,9,1,0,0,0
2209,010700963277,PAYDAY PEANUT CARAMEL KS 18CT,CANDYS,18.0,18,1.29,0.83,35.66,35.19,33.99,36.99,29.46,6.19,17.4,Stable,2.4,Stable,-0.3,2025-03-17,2025-09-03,2,14,0,0,0,0,0,0,18,0,0,0,0
2210,7622210529671,HALLS 12CT EXTRA STONG MINT,CANDYS,18.0,18,1.38,0.33,8.49,8.49,8.49,8.49,6.93,1.56,18.4,Stable,-4.4,Stable,0.0,2025-03-15,2025-09-04,1,13,0,0,0,0,18,0,0,0,0,0,0
2211,812934027394,WARNER PHONE HOLDER CH003 1CT,CELLUAR ACCESSORIES,18.0,11,2.57,0.83,5.99,5.99,5.99,5.99,3.5,2.49,41.6,Up,15.3,Stable,-0.0,2025-04-08,2025-08-20,17,7,0,0,0,0,11,0,0,0,0,0,0
2212,888109011536,HOSTESS HO HOS 6CT - CHOC,FOOD,18.0,16,1.38,0.67,9.37,8.74,0.00,9.99,8.15,1.22,13.0,Down,-7.5,Stable,0.0,2025-03-18,2025-08-24,13,13,1,0,0,0,15,0,0,0,0,0,0
2213,676979555942,U CHOICE BATH BOMB 3CT ,CLEANING PRODUCTS,18.0,3,9.0,1.5,1.15,1.15,1.15,1.15,0.57,0.58,50.4,Up,177.8,Stable,0.0,2025-08-09,2025-08-21,16,2,0,3,0,0,0,0,0,0,0,0,0
2214,090600301386,FORTUNA RED BOX 10CT,CIGARETTE,18.0,11,2.0,0.25,76.03,77.99,73.59,79.39,72.21,3.82,5.0,Down,-8.3,Stable,0.7,2025-03-21,2025-08-22,15,9,0,0,0,0,0,0,0,11,0,0,0
2215,076061211464,PINE GLO CLEANER 40OZ,CLEANING PRODUCTS,18.0,4,4.5,1.5,1.89,1.89,1.89,1.89,0.9,0.99,52.4,Down,-26.7,Stable,0.0,2025-06-19,2025-08-19,17,4,0,4,0,0,0,0,0,0,0,0,0
2216,649964320948,RUSH $1.99 6MG 5CT MANGO FRZ,NICOTINE POUCHES,18.0,2,9.0,0.5,5.99,5.99,5.99,5.99,5.0,0.99,16.5,Down,-66.7,Stable,0.0,2025-06-02,2025-06-16,82,2,0,0,0,0,2,0,0,0,0,0,0
2217,SKU-CTKK-20TCC-J,CELLTEKK JAR TYPE-C USB 20CT,CELLUAR ACCESSORIES,18.0,18,1.29,0.75,24.99,24.99,24.99,24.99,19.8,5.19,20.8,Stable,0.3,Stable,-0.0,2025-03-18,2025-09-04,1,14,0,0,0,0,0,0,18,0,0,0,0
2218,MH006,VITA ASST HONEY 12CT CLEARANCE,VITAMINS,18.0,12,2.0,0.08,5.82,5.99,0.00,10.00,5.17,0.66,11.3,Down,-8.3,Stable,-2.9,2025-03-11,2025-08-12,24,9,1,0,0,0,10,1,0,0,0,0,0
2219,9899247650908,OCEAN DUBAI CHOC. 200G 6CT,CANDYS,18.0,16,3.6,1.5,69.0,69.0,69.00,69.00,57.0,12.0,17.4,Down,-19.4,Stable,0.0,2025-08-05,2025-09-05,1,5,0,0,0,0,0,0,0,16,0,0,0
2220,766679204247,MODUS PSEUDO SHOTS 12CT,KRATOM,18.0,8,3.0,0.42,77.5,75.0,75.00,80.00,65.0,12.5,16.1,Down,-47.6,Stable,-1.5,2025-05-16,2025-08-20,16,6,0,0,0,0,0,0,0,8,0,0,0
2221,801822811597,DS AIR FRESHNER FRUIT 1CT,AIR FRESHENER,18.0,4,6.0,0.33,1.49,1.49,1.49,1.49,0.65,0.84,56.4,Down,-8.3,Stable,0.0,2025-04-30,2025-06-26,71,3,0,4,0,0,0,0,0,0,0,0,0
2222,034000249855,HERSHEY MILK CHOC 36CT,CANDYS,18.0,17,2.0,0.0,38.99,38.99,38.99,38.99,30.96,8.03,20.6,Stable,0.8,Stable,0.0,2025-03-11,2025-05-15,114,9,0,0,0,0,0,0,17,0,0,0,0
2223,020400052683,MISTY MENTHOL SILVER 100 10CT,CIGARETTE,18.0,14,1.64,0.42,99.11,100.77,96.99,102.39,97.46,1.65,1.7,Stable,-4.4,Stable,0.6,2025-03-18,2025-09-03,2,11,0,0,0,0,0,0,0,12,2,0,0
2224,062644696247,PARTYTIME FOAM CUPS 20O Z 21CT,KITCHEN & TOILET,17.0,7,2.83,0.42,2.49,2.49,2.49,2.49,1.4,1.09,43.6,Up,15.1,Stable,0.0,2025-03-19,2025-08-09,27,6,0,0,7,0,0,0,0,0,0,0,0
2225,PJR12,PREMIER JUMBO ROLL TT 12CT,HOUSEHOLD GOODS,17.0,8,4.25,1.42,24.99,24.99,24.99,24.99,18.5,6.49,26.0,Down,-7.1,Stable,0.0,2025-08-08,2025-09-02,3,4,0,0,0,0,0,0,8,0,0,0,0
2226,9899247650885,OCEAN DUBAI CHOC. 100G 6CT,CANDYS,17.0,16,4.25,1.42,54.0,54.0,54.00,54.00,45.0,9.0,16.7,Down,-21.2,Stable,0.0,2025-08-05,2025-09-04,1,4,0,0,0,0,0,0,0,16,0,0,0
2227,009800057719,TIC TAC 1OZ 12CT FRESHMINT,CANDYS,17.0,17,1.42,0.58,13.99,13.99,13.99,13.99,11.4,2.59,18.5,Stable,-3.2,Stable,-0.0,2025-03-13,2025-08-12,25,12,0,0,0,0,0,17,0,0,0,0,0
2228,784762080462,TENZ WRAP 8/2CT DARK LEAF,CIGARS,17.0,7,3.4,0.33,41.42,41.66,40.99,41.99,33.63,7.79,18.8,Down,-20.6,Stable,0.1,2025-03-28,2025-09-04,2,5,0,0,0,0,0,0,7,0,0,0,0
2229,073100031687,SKOAL XTRA POUCH MINT 5CT,T7 SMOKELESS GA,17.0,11,1.89,0.5,29.74,30.29,28.99,30.79,28.32,1.42,4.8,Up,5.3,Stable,0.5,2025-03-20,2025-08-29,8,9,0,0,0,0,0,0,11,0,0,0,0
2230,784762071583,ZIG ZAG WRAP 2/99 25/2CT GRAPE,BLUNT WRAP,17.0,16,1.42,0.42,14.99,14.99,14.99,14.99,13.75,1.24,8.3,Stable,0.7,Stable,0.0,2025-03-18,2025-09-04,1,12,0,0,0,0,0,16,0,0,0,0,0
2231,024100117727,CHEEZ-IT GRAB N GO 6CT X CHSY,COOKIES,17.0,17,1.89,0.08,7.83,5.33,5.33,7.99,6.83,1.0,12.8,Stable,-3.5,Stable,-2.3,2025-03-18,2025-06-20,77,9,0,0,0,0,17,0,0,0,0,0,0
2232,676979826271,MAXI REG WITH WINGS 12PK 1CT ,MEDICINE,17.0,5,3.4,1.42,1.99,1.99,1.99,1.99,0.78,1.21,60.7,Stable,0.0,Stable,0.0,2025-08-04,2025-08-31,5,5,0,5,0,0,0,0,0,0,0,0,0
2233,041348004268,XCESS STYLEING GEL 16OZ,COSMETICS & BEAUTY,17.0,3,5.67,1.25,1.49,1.49,1.49,1.49,0.85,0.64,43.0,Up,52.9,Stable,0.0,2025-03-19,2025-07-31,37,3,0,3,0,0,0,0,0,0,0,0,0
2234,008660007353,ZIG ZAG RP UNBLCHD 1.25 24CT,CIG ROLLING PAPER,17.0,5,3.4,1.25,4.6,0.0,0.00,22.99,20.02,-15.42,-335.4,Up,41.2,Down,-50.0,2025-04-06,2025-09-01,5,5,4,0,0,0,0,0,1,0,0,0,0
2235,676979912202,PLASTIC COLORING CUP 12OZ 50CT,HOUSEHOLD GOODS,17.0,3,8.5,1.42,2.99,2.99,2.99,2.99,1.66,1.33,44.5,Up,58.8,Stable,0.0,2025-08-03,2025-08-14,22,2,0,0,3,0,0,0,0,0,0,0,0
2236,088168556195,"I LOVE YOU ROSE 6"" 24CT",NOVELTY ITEMS,17.0,15,1.42,0.58,8.99,8.99,8.99,8.99,6.25,2.74,30.5,Down,-7.7,Stable,0.0,2025-03-12,2025-09-02,3,12,0,0,0,0,15,0,0,0,0,0,0
2237,676979890111,WOMENS 3 BLADES 3 CART RAZ 1CT,HOUSEHOLD GOODS,17.0,4,4.25,1.17,1.49,1.49,1.49,1.49,0.57,0.92,61.7,Up,25.9,Stable,0.0,2025-04-02,2025-08-18,19,4,0,4,0,0,0,0,0,0,0,0,0
2238,888109012199,HOSTESS JUMBO DONUT 6CT BLBRY,FOOD,17.0,17,1.42,0.42,9.7,9.99,5.00,9.99,8.15,1.55,15.9,Stable,-4.2,Stable,0.3,2025-03-12,2025-08-24,13,12,0,0,0,0,17,0,0,0,0,0,0
2239,040000044314,M & M MILK CHOCOLATE KS 24CT,CANDYS,17.0,17,1.55,0.75,49.99,49.99,49.99,49.99,42.59,7.4,14.8,Up,5.3,Stable,0.0,2025-03-12,2025-08-07,29,11,0,0,0,0,0,0,17,0,0,0,0
2240,077170511445,TOP PAPER JAR 144CT,CIG ROLLING PAPER,17.0,17,1.31,0.75,159.99,159.99,159.99,159.99,142.72,17.27,10.8,Stable,-2.5,Stable,0.0,2025-04-03,2025-08-20,16,13,0,0,0,0,0,0,0,0,17,0,0
2241,028200304216,BASIC MENTHOL GOLD BOX 10CT,CIGARETTE,17.0,12,1.7,0.67,88.19,88.19,88.19,88.19,67.15,21.04,23.9,Down,-5.3,Stable,0.0,2025-03-18,2025-08-31,6,10,0,0,0,0,0,0,0,12,0,0,0
2242,031700238264,WO 2/1.19 30/2CT PAIR WTPCH SN,CIGARS,17.0,17,1.21,0.67,25.99,25.99,25.99,25.99,19.87,6.12,23.5,Stable,-0.2,Stable,-0.0,2025-03-14,2025-08-18,18,14,0,0,0,0,0,0,17,0,0,0,0
2243,017000009506,ARMOUR POTTED MEAT 5.5OZ 1CT,FOOD,17.0,3,5.67,1.42,1.59,1.59,1.59,1.59,1.01,0.58,36.5,Down,-44.1,Stable,0.0,2025-06-10,2025-07-30,37,3,0,3,0,0,0,0,0,0,0,0,0
2244,022000290106,HUBBA BUBBA BL RASP 18CT,GUMS/CHICLETS,17.0,17,1.31,0.75,13.99,13.99,13.99,13.99,11.06,2.93,20.9,Stable,0.8,Stable,0.0,2025-03-22,2025-08-29,8,13,0,0,0,0,0,17,0,0,0,0,0
2245,011000104087,PYRAMID RED 100 BOX 10CT,CIGARETTE,17.0,13,1.42,0.42,67.11,68.19,66.19,68.19,65.11,2.0,3.0,Stable,-4.7,Stable,0.4,2025-03-18,2025-08-20,16,12,0,0,0,0,0,0,0,13,0,0,0
2246,079656122213,BANANA BOAT SUNCREEN SPRAY 1CT,CLEANING PRODUCTS,17.0,4,4.25,1.42,2.99,2.99,2.99,2.99,1.95,1.04,34.8,Up,7.1,Stable,0.0,2025-06-10,2025-08-21,16,4,0,0,4,0,0,0,0,0,0,0,0
2247,719410186128,5-HOUR ENERGY XS 12CT- TRANSFS,VITAMINS,17.0,17,1.89,0.33,21.99,21.99,21.99,21.99,21.36,0.63,2.9,Down,-16.8,Stable,-0.0,2025-04-11,2025-08-28,8,9,0,0,0,0,0,0,17,0,0,0,0
2248,8908019927689,EVAIR PREMIU CAR FRESHNER 10CT,AIR FRESHENER,17.0,12,2.43,0.75,37.99,37.99,37.99,37.99,32.5,5.49,14.5,Down,-29.4,Stable,0.0,2025-06-06,2025-09-05,1,7,0,0,0,0,0,0,12,0,0,0,0
2249,029000075689,PLANTERS CASHEWS 1.5OZ 18CT,FOOD,17.0,17,1.55,0.58,20.99,20.99,20.99,20.99,17.91,3.08,14.7,Down,-5.3,Stable,0.0,2025-03-11,2025-08-21,16,11,0,0,0,0,0,0,17,0,0,0,0
2250,833558007036,UMBRELLA BLACK WOODHANDLE 1CT,NOVELTY ITEMS,17.0,3,5.67,0.08,2.49,2.49,2.49,2.49,1.17,1.32,53.1,Down,-17.6,Stable,0.0,2025-03-20,2025-08-23,14,3,0,0,3,0,0,0,0,0,0,0,0
2251,040000514497,M & M MILK CHOCOLATE RS 36CT,CANDYS,17.0,17,1.42,0.75,46.58,47.99,44.99,47.99,39.6,6.98,15.0,Stable,-2.7,Stable,0.8,2025-04-05,2025-08-31,5,12,0,0,0,0,0,0,17,0,0,0,0
2252,023604213065,TWANG SALT 10CT LEMON LIME,FOOD,17.0,15,1.42,0.5,11.99,11.99,11.99,11.99,9.1,2.89,24.1,Stable,0.2,Stable,0.0,2025-03-14,2025-07-19,48,12,0,0,0,0,0,15,0,0,0,0,0
2253,028200136909,MARL RED LABEL 100 BOX 10CT,CIGARETTE,17.0,16,1.21,0.75,81.6,82.72,79.39,83.39,77.91,3.7,4.5,Stable,2.0,Stable,0.4,2025-03-12,2025-08-11,26,14,0,0,0,0,0,0,0,16,0,0,0
2254,073390005771,MENTOS 1.32OZ 15CT FRUIT,CANDYS,17.0,17,1.42,0.83,15.99,15.99,15.99,15.99,13.01,2.98,18.7,Stable,1.2,Stable,0.0,2025-03-11,2025-09-03,2,12,0,0,0,0,0,17,0,0,0,0,0
2255,672935781073,AIM DENTAL FLOSS 2PK 100+12YDS,HOUSEHOLD GOODS,17.0,2,17.0,1.42,1.49,1.49,1.49,1.49,0.79,0.7,47.0,Stable,0.0,Stable,0.0,2025-09-02,2025-09-05,1,1,0,2,0,0,0,0,0,0,0,0,0
2256,041116018701,JUICY DROPS GUMMIES 16CT,CANDYS,17.0,16,1.42,0.67,30.99,30.99,30.99,30.99,25.76,5.23,16.9,Stable,-1.7,Stable,0.0,2025-04-06,2025-08-25,12,12,0,0,0,0,0,0,16,0,0,0,0
2257,071153666559,STP VISION BLADE 1 SHOT 1CT,AUTOMOTIVE,17.0,4,5.67,0.25,2.49,2.49,2.49,2.49,0.9,1.59,63.9,Down,-52.9,Stable,0.0,2025-04-07,2025-07-11,56,3,0,0,4,0,0,0,0,0,0,0,0
2258,022000110459,WR 5 10CT - SOUR STRAWBERRY ,GUMS/CHICLETS,17.0,17,1.31,0.75,17.99,17.99,17.99,17.99,14.55,3.44,19.1,Stable,-2.5,Stable,0.0,2025-03-31,2025-08-17,20,13,0,0,0,0,0,17,0,0,0,0,0
2259,MG037,GRINDERS 4 PARTS FANCY MG-037,NOVELTY ITEMS,17.0,4,4.25,0.5,6.44,6.5,6.25,6.50,5.5,0.94,14.6,Up,44.7,Stable,-0.4,2025-04-10,2025-07-07,60,4,0,0,0,0,4,0,0,0,0,0,0
2260,041167100462,ROLAIDS U/STRENTH FRUIT 12ROLL,MEDICINE,17.0,16,1.42,0.58,10.99,10.99,10.99,10.99,8.4,2.59,23.6,Stable,0.2,Stable,0.0,2025-03-17,2025-08-03,34,12,0,0,0,0,0,16,0,0,0,0,0
2261,8992812805480,KOTEX SLIM NON WING 10CT,COSMETICS & BEAUTY,17.0,5,3.4,0.33,1.49,1.49,1.49,1.49,0.75,0.74,49.7,Stable,2.9,Stable,0.0,2025-03-11,2025-06-16,82,5,0,5,0,0,0,0,0,0,0,0,0
2262,012546005456,DENTYNE ICE 9CT WINTER CHILL,GUMS/CHICLETS,17.0,17,1.13,0.83,10.99,10.99,10.99,10.99,8.73,2.26,20.6,Stable,-0.3,Stable,-0.0,2025-03-15,2025-09-01,4,15,0,0,0,0,0,17,0,0,0,0,0
2263,027200207046,CAPRI VIOLET 100 BOX 10CT,CIGARETTE,17.0,15,1.42,0.83,124.95,125.94,121.89,127.29,107.55,17.4,13.9,Stable,-1.7,Stable,0.4,2025-04-03,2025-09-02,3,12,0,0,0,0,0,0,0,0,15,0,0
2264,700598115734,OPMS SILVER 144G/240CT GRN MLY,VITAMINS,17.0,7,3.4,1.0,16.14,16.0,15.99,17.00,14.9,1.24,7.7,Up,26.5,Stable,-1.2,2025-03-18,2025-08-10,27,5,0,0,0,0,0,7,0,0,0,0,0
2265,072799118341,MAMBA 2.8OZ 24CT BERRYTASTY,CANDYS,17.0,17,1.7,0.58,27.99,27.99,27.99,27.99,22.79,5.2,18.6,Stable,-3.2,Stable,0.0,2025-03-16,2025-09-01,4,10,0,0,0,0,0,0,17,0,0,0,0
2266,014200338634,BLOW POP 48CT WATERMELON ,CANDYS,17.0,17,1.31,0.83,8.99,8.99,8.99,8.99,7.24,1.75,19.5,Stable,0.4,Stable,0.0,2025-04-27,2025-09-01,5,13,0,0,0,0,17,0,0,0,0,0,0
2267,308691156106,SWAN ALCOHOL 70% 16OZ 1CT,MEDICINE,17.0,7,4.25,1.42,1.29,1.29,1.29,1.29,0.99,0.3,23.3,Stable,-2.4,Stable,0.0,2025-08-09,2025-08-24,12,4,0,7,0,0,0,0,0,0,0,0,0
2268,658238734909,LOOSE LEAF MINI 8/5CT STRBR DR,LT-TAX-COLLECTED,17.0,14,1.55,0.42,24.99,24.99,24.99,24.99,16.0,8.99,36.0,Down,-8.2,Stable,0.0,2025-04-25,2025-08-10,27,11,0,0,0,0,0,0,14,0,0,0,0
2269,689076935920,BLUNTVILLE CIG 25CT SWEET,CIGARS,17.0,11,2.12,0.67,23.49,23.49,23.49,23.49,15.75,7.74,33.0,Down,-7.3,Stable,0.0,2025-04-17,2025-08-27,9,8,0,0,0,0,0,0,11,0,0,0,0
2270,8412131605214,LAB D MINI DOLL 12CT,MISC,17.0,15,2.83,1.42,34.13,34.13,32.00,39.00,27.0,7.13,20.9,Down,-23.2,Stable,-1.3,2025-07-25,2025-08-26,11,6,0,0,0,0,0,0,15,0,0,0,0
2271,8696150701304,CHOCOLART DUBAI CHOC 6CT,CANDYS,17.0,14,5.67,1.42,39.7,39.7,36.00,39.99,33.0,6.7,16.9,Up,44.1,Stable,-0.8,2025-08-20,2025-09-03,3,3,0,0,0,0,0,0,14,0,0,0,0
2272,840045200825,ROGUE 6MG POUCH 5CT BERRY,NICOTINE POUCHES,17.0,10,4.25,1.42,20.49,20.49,20.49,20.49,19.89,0.6,2.9,Down,-11.8,Stable,0.0,2025-08-06,2025-08-25,12,4,0,0,0,0,0,0,10,0,0,0,0
2273,PAP1,PAPER BAG NO 01 ,SHOPPING BAGS,17.0,9,1.89,1.08,6.99,6.99,6.99,6.99,3.8,3.19,45.6,Up,8.8,Stable,0.0,2025-05-06,2025-08-25,12,9,0,0,0,0,9,0,0,0,0,0,0
2274,812615006755,CLIPPER CIGAR 10CT CHERRY,CIGARS,17.0,12,1.42,0.25,11.99,11.99,11.99,11.99,7.55,4.44,37.0,Stable,4.7,Stable,0.0,2025-03-10,2025-06-16,81,12,0,0,0,0,0,12,0,0,0,0,0
2275,010700519511,JOLLY RANCHER CHEWS 12CT,CANDYS,17.0,14,1.89,0.33,13.91,13.99,12.83,13.99,11.16,2.75,19.8,Stable,-3.5,Stable,0.1,2025-03-16,2025-06-22,76,9,0,0,0,0,0,14,0,0,0,0,0
2276,700598114676,OPMS SILVER 72G/120CT GRN THAI,VITAMINS,17.0,7,2.83,0.67,9.05,9.17,8.75,9.75,8.08,0.97,10.7,Up,15.1,Stable,1.0,2025-03-16,2025-07-15,53,6,0,0,0,0,7,0,0,0,0,0,0
2277,017000009469,ARMOUR POTTED MEAT 3OZ 1CT,FOOD,17.0,4,4.25,0.42,1.29,1.29,1.29,1.29,0.78,0.51,39.5,Up,11.8,Stable,0.0,2025-03-18,2025-06-10,88,4,0,4,0,0,0,0,0,0,0,0,0
2278,742978845398,LOOSE LEAF CRUSH 10CT GRAPE,LT-TAX-COLLECTED,17.0,17,1.42,0.25,12.99,12.99,12.99,12.99,9.9,3.09,23.8,Stable,2.7,Stable,0.0,2025-03-22,2025-06-16,82,12,0,0,0,0,0,17,0,0,0,0,0
2279,044000078355,NUTTER BUTTER SS 10CT,COOKIES,17.0,15,1.42,0.83,7.12,6.99,6.99,7.49,5.77,1.35,19.0,Stable,3.2,Stable,-0.8,2025-04-04,2025-08-15,22,12,0,0,0,0,15,0,0,0,0,0,0
2280,0920210,DIAMOND AC CAR CHG 25CT TYPE-C,CELLUAR ACCESSORIES,17.0,17,1.42,0.42,44.99,44.99,44.99,44.99,37.5,7.49,16.6,Down,-11.1,Stable,0.0,2025-03-18,2025-08-12,25,12,0,0,0,0,0,0,17,0,0,0,0
2281,013000008525,HEINZ WHITE VINEGAR 16OZ 1CT,FOOD,16.0,5,3.2,0.5,1.69,1.69,1.69,1.69,1.38,0.31,18.3,Stable,-3.1,Stable,0.0,2025-04-18,2025-06-15,83,5,0,5,0,0,0,0,0,0,0,0,0
2282,840170618229,VELO PLUS 9MG 5CT - PEPPERMINT,NICOTINE POUCHES,16.0,11,2.67,1.17,21.49,21.49,21.49,21.49,20.63,0.86,4.0,Up,10.7,Stable,0.0,2025-03-15,2025-09-01,5,6,0,0,0,0,0,0,11,0,0,0,0
2283,LSPINK,LIFESTYLE PINK BOX 50CT,CONDOMS,16.0,12,1.6,0.25,12.99,12.99,12.99,12.99,8.5,4.49,34.6,Down,-9.1,Stable,0.0,2025-03-23,2025-08-14,22,10,0,0,0,0,0,12,0,0,0,0,0
2284,815556020118,DRAMAMINE TABLETS 25/2CT,MEDICINE,16.0,15,1.23,0.75,14.99,14.99,14.99,14.99,11.6,3.39,22.6,Stable,0.9,Stable,0.0,2025-04-09,2025-08-12,24,13,0,0,0,0,0,15,0,0,0,0,0
2285,J8,JARRITOS 1.5L 8CT,DRINKS,16.0,3,5.33,0.33,14.95,14.95,14.95,14.95,12.95,2.0,13.4,Down,-56.2,Stable,0.0,2025-03-22,2025-08-31,5,3,0,0,0,0,0,3,0,0,0,0,0
2286,031700238783,GAME LEAF 5/2.99 8/5CT DARKRUM,CIGARS,16.0,14,1.6,0.58,18.99,18.99,18.99,18.99,13.4,5.59,29.4,Down,-8.3,Stable,0.0,2025-03-23,2025-08-04,32,10,0,0,0,0,0,14,0,0,0,0,0
2287,009060349708,RIP ROLLS 24CT BLUE RASPBERRY,CANDYS,16.0,15,1.33,0.83,22.99,22.99,22.99,22.99,18.72,4.27,18.6,Up,5.2,Stable,0.0,2025-04-08,2025-08-12,25,12,0,0,0,0,0,0,15,0,0,0,0
2288,655708018606,TUMS ANTACID CHEWY BITE 20/2CT,MEDICINE,16.0,16,1.45,0.5,10.99,10.99,10.99,10.99,8.45,2.54,23.1,Stable,1.2,Stable,0.0,2025-03-11,2025-09-05,1,11,0,0,0,0,0,16,0,0,0,0,0
2289,027800262704,SOFT BATCH CHOCOLATE CHIP 12CT,COOKIES,16.0,15,1.6,0.67,11.99,11.99,11.99,11.99,9.66,2.33,19.4,Down,-5.3,Stable,0.0,2025-03-13,2025-07-24,44,10,0,0,0,0,0,15,0,0,0,0,0
2290,009800053513,TIC TAC 1.7OZ 12CT CITRUS ADV ,CANDYS,16.0,16,1.23,0.58,21.55,22.28,20.99,23.99,19.5,2.05,9.5,Stable,-0.4,Stable,0.8,2025-03-16,2025-09-05,1,13,0,0,0,0,0,0,16,0,0,0,0
2291,041168008286,MINT TWISTS JAR 240CT,CANDYS,16.0,11,1.45,0.5,14.99,14.99,14.99,14.99,12.0,2.99,19.9,Stable,1.3,Stable,-0.0,2025-03-13,2025-08-09,27,11,0,0,0,0,0,11,0,0,0,0,0
2292,746477741205,ZEN POWER CAPSULES 24/2CT,VITAMINS,16.0,7,3.2,0.25,32.42,31.66,31.00,32.99,28.0,4.42,13.6,Down,-28.1,Stable,-1.5,2025-04-16,2025-08-21,15,5,0,0,0,0,0,0,7,0,0,0,0
2293,672935781400,CLOSE-UP FLOSS PICK 50+10CT,HOUSEHOLD GOODS,16.0,6,3.2,0.83,1.49,1.49,1.49,1.49,0.98,0.51,34.4,Stable,0.0,Stable,0.0,2025-04-18,2025-09-03,2,5,0,6,0,0,0,0,0,0,0,0,0
2294,681467003256,SENECA SILVER 100 BOX,CIGARETTE,16.0,10,1.78,1.0,32.05,32.22,30.99,33.59,30.59,1.46,4.6,Stable,-2.8,Stable,0.5,2025-04-05,2025-09-05,1,9,0,0,0,0,0,0,10,0,0,0,0
2295,037000127833,GAIN LIQUID 16 LOADS 25OZ,CLEANING PRODUCTS,16.0,4,5.33,1.33,5.74,5.74,4.99,5.99,4.03,1.71,29.7,Down,-37.5,Stable,4.3,2025-08-10,2025-09-02,4,3,0,0,0,1,3,0,0,0,0,0,0
2296,012546011556,TRIDENT 12CT - MINTY SWT TWIST,GUMS/CHICLETS,16.0,16,1.33,0.75,14.24,14.43,13.99,15.99,11.29,2.95,20.7,Up,6.8,Stable,0.7,2025-03-12,2025-09-05,1,12,0,0,0,0,0,16,0,0,0,0,0
2297,026200140612,SLIM JIM MONSTER 18CT ORIGINAL,FOOD,16.0,15,1.6,0.75,42.99,42.99,42.99,42.99,33.3,9.69,22.5,Stable,-1.5,Stable,0.0,2025-03-26,2025-08-27,9,10,0,0,0,0,0,0,15,0,0,0,0
2298,99908,WARNER USB - TYPE C CABLE 12CT,CELLUAR ACCESSORIES,16.0,12,1.45,0.83,16.49,16.49,16.49,16.49,10.8,5.69,34.5,Stable,-3.7,Stable,0.0,2025-03-11,2025-08-24,12,11,0,0,0,0,0,12,0,0,0,0,0
2299,850008118647,NATTY HEMP 4/99 15/4CT PETAL,BLUNT WRAP,16.0,14,1.23,0.42,7.42,7.99,0.00,7.99,7.0,0.42,5.7,Stable,-1.3,Stable,1.2,2025-03-10,2025-08-20,16,13,1,0,0,0,13,0,0,0,0,0,0
2300,027800054842,KEEBLER FUDGE STRIPES K/S 10CT,COOKIES,16.0,16,1.33,0.42,20.99,20.99,20.99,20.99,17.13,3.86,18.4,Stable,-0.0,Stable,0.0,2025-03-14,2025-09-01,4,12,0,0,0,0,0,0,16,0,0,0,0
2301,840439105804,ZIG ZAG HEMP B4G1 ASST 5CT,BLUNT WRAP,16.0,7,2.67,0.67,13.43,0.0,0.00,47.99,44.0,-30.57,-227.7,Down,-10.7,Down,-63.2,2025-04-06,2025-09-01,5,6,5,0,0,0,0,0,2,0,0,0,0
2302,887982093981,BOB M ORGANIC 1.25 PAPER 25CT,CIG ROLLING PAPER,16.0,13,1.78,0.75,16.07,12.66,0.00,18.99,13.99,2.08,12.9,Up,13.1,Down,-5.6,2025-03-28,2025-07-04,64,9,2,0,0,0,0,11,0,0,0,0,0
2303,028200195906,VIRG SL MENTHOL SILVR 120 10CT,CIGARETTE,16.0,8,2.29,0.33,96.08,97.09,94.39,97.09,92.58,3.5,3.6,Stable,3.1,Stable,0.5,2025-03-14,2025-06-26,72,7,0,0,0,0,0,0,0,8,0,0,0
2304,012546011433,TRIDENT 12CT - BUBBLE GUM,GUMS/CHICLETS,16.0,15,1.33,0.67,14.52,15.13,13.99,15.99,11.29,3.23,22.3,Stable,0.5,Stable,1.1,2025-03-12,2025-08-12,25,12,0,0,0,0,0,15,0,0,0,0,0
2305,615764565865,SCALE FLYING H MX PRO-500 1CT,NOVELTY ITEMS,16.0,8,2.29,0.92,11.56,11.59,10.00,11.99,9.0,2.55,22.1,Stable,-4.7,Stable,0.3,2025-03-23,2025-08-23,14,7,0,0,0,0,0,8,0,0,0,0,0
2306,20819500024850,FUTUROLA TYSON BLUNT CONES 12C,BLUNT WRAP,16.0,6,2.67,1.0,21.99,11.0,0.00,32.99,24.74,-2.75,-12.5,Up,32.1,Down,-25.7,2025-03-13,2025-09-01,5,6,2,0,0,0,0,0,4,0,0,0,0
2307,071610299580,BACKWOODS 3PK 10/3CT HONEY BRY,CIGARS,16.0,14,1.45,0.42,30.76,31.49,29.79,31.49,21.15,9.61,31.2,Stable,0.6,Stable,0.8,2025-03-17,2025-09-04,2,11,0,0,0,0,0,0,14,0,0,0,0
2308,079400847201,SUAVE BODY WASH 15OZ,COSMETICS & BEAUTY,16.0,6,3.2,0.67,1.99,1.99,1.99,1.99,1.3,0.69,34.7,Down,-12.5,Stable,0.0,2025-04-15,2025-08-05,32,5,0,6,0,0,0,0,0,0,0,0,0
2309,813121413129,EARTH KRATOM POWDER 250G,CBD/HEMP,16.0,3,5.33,0.0,12.33,12.33,12.00,12.50,11.0,1.33,10.8,Up,56.3,Stable,0.0,2025-03-16,2025-06-04,94,3,0,0,0,0,0,3,0,0,0,0,0
2310,842426166928,GT 3/1.29 HD 15/3CT COGNAC,CIGAR GA,16.0,8,2.29,0.33,13.49,13.49,13.49,13.49,11.92,1.57,11.6,Down,-14.1,Stable,-0.0,2025-03-12,2025-08-20,17,7,0,0,0,0,0,8,0,0,0,0,0
2311,888109011857,HOSTESS DING DONG 6CT - CHOC,FOOD,16.0,15,1.33,0.42,9.99,9.99,9.99,9.99,8.15,1.84,18.4,Stable,-0.5,Stable,0.0,2025-03-12,2025-08-24,13,12,0,0,0,0,15,0,0,0,0,0,0
2312,041364380490,SOUR PUNCH STRAWS 24CT WMLN,CANDYS,16.0,16,1.14,0.75,23.99,23.99,23.99,23.99,18.72,5.27,22.0,Stable,-0.0,Stable,-0.0,2025-04-08,2025-08-14,22,14,0,0,0,0,0,0,16,0,0,0,0
2313,721874011977,POP ROCKS CRACKLING GUM24CT,CANDYS,16.0,12,1.45,0.58,14.99,14.99,14.99,14.99,12.24,2.75,18.3,Down,-10.0,Stable,-0.0,2025-04-04,2025-08-18,18,11,0,0,0,0,0,12,0,0,0,0,0
2314,KB46,KINGSFORD BLUE 4LB 6CT,HOUSEHOLD GOODS,16.0,16,1.45,0.83,29.99,29.99,29.99,29.99,22.83,7.16,23.9,Stable,-2.5,Stable,0.0,2025-04-01,2025-09-02,3,11,0,0,0,0,0,0,16,0,0,0,0
2315,5059001011466,AIRWICK CANDLES - AASORTED 1CT,CANDLES,16.0,2,8.0,0.0,2.39,2.39,2.39,2.39,1.65,0.74,31.0,Up,100.0,Stable,0.0,2025-04-08,2025-04-19,140,2,0,0,2,0,0,0,0,0,0,0,0
2316,717519000840,AL CAPONE JAR 60/2CT SWT COGN,LIT CIGARS 003251,16.0,15,2.29,0.0,69.99,69.99,69.99,69.99,63.67,6.32,9.0,Down,-12.5,Stable,0.0,2025-03-24,2025-05-21,108,7,0,0,0,0,0,0,0,15,0,0,0
2317,716053603081,CELLTEKK CTD CAR CHG 1USB 10CT,CELLUAR ACCESSORIES,16.0,13,1.78,0.67,14.99,14.99,14.99,14.99,11.5,3.49,23.3,Up,5.6,Stable,0.0,2025-03-20,2025-08-23,14,9,0,0,0,0,0,13,0,0,0,0,0
2318,887969011779,ZONE 9MM 5CT WINTERGREEN,NICOTINE POUCHES,16.0,14,1.6,1.0,18.99,18.99,18.99,18.99,17.5,1.49,7.8,Stable,2.3,Stable,0.0,2025-03-12,2025-08-29,8,10,0,0,0,0,0,14,0,0,0,0,0
2319,BOUNCE1,BOUNCE 2 SHEETS/4IN1  1CT,CLEANING PRODUCTS,16.0,3,5.33,0.83,0.69,0.69,0.69,0.69,0.5,0.19,27.5,Up,9.4,Stable,0.0,2025-05-12,2025-08-09,27,3,3,0,0,0,0,0,0,0,0,0,0
2320,042100007725,LEVI GARRETT TOBACCO 12CT,LT-TAX PAID,16.0,16,1.23,0.5,236.3,252.16,221.99,254.99,208.69,27.62,11.7,Stable,-1.8,Stable,1.3,2025-03-13,2025-09-02,4,13,0,0,0,0,0,0,0,0,0,16,0
2321,887969011892,ZONE 6MM 5CT WINTERGREEN,NICOTINE POUCHES,16.0,12,2.0,1.08,18.99,18.99,18.99,18.99,17.5,1.49,7.8,Down,-10.7,Stable,0.0,2025-04-09,2025-08-29,8,8,0,0,0,0,0,12,0,0,0,0,0
2322,022000121134,HUBBA BUBBA BUBBLE TAPE 6CT,GUMS/CHICLETS,16.0,15,1.33,0.58,6.99,6.99,6.99,6.99,5.75,1.24,17.7,Stable,2.6,Stable,0.0,2025-03-12,2025-09-03,3,12,0,0,0,0,15,0,0,0,0,0,0
2323,8908004953389,SUPER HIT 15GM 12CT INSENCE,INCENSE,16.0,13,1.78,0.33,6.45,6.99,0.00,6.99,5.2,1.25,19.4,Stable,-0.9,Stable,0.6,2025-03-13,2025-08-28,9,9,1,0,0,0,12,0,0,0,0,0,0
2324,4987176179883,TIDE LIQUID 28.74OZ 1CT,CLEANING PRODUCTS,16.0,4,4.0,0.83,5.99,5.99,5.99,5.99,4.0,1.99,33.2,Down,-5.0,Stable,0.0,2025-03-27,2025-07-28,40,4,0,0,0,0,4,0,0,0,0,0,0
2325,840439106603,ZIG ZAG HEMP 25/2CT SUMMER SLC,BLUNT WRAP,16.0,10,1.78,1.17,7.5,7.75,0.00,12.99,10.5,-3.0,-40.1,Up,15.0,Up,12.5,2025-04-06,2025-09-04,2,9,4,0,0,0,0,6,0,0,0,0,0
2326,842426155434,GT 4/.99 4K WRAP 30/4CT DIAMND,BLUNT WRAP,16.0,7,3.2,0.0,18.99,18.99,18.99,18.99,16.99,2.0,10.5,Up,12.5,Stable,0.0,2025-03-28,2025-06-05,92,5,0,0,0,0,0,7,0,0,0,0,0
2327,037900990636,RONSONOL LIGTHTER FUEL 12OZ 1C,LIGHTERS,16.0,6,2.67,0.42,2.99,2.99,2.99,2.99,2.65,0.34,11.4,Stable,4.3,Stable,0.0,2025-04-09,2025-07-07,60,6,0,0,6,0,0,0,0,0,0,0,0
2328,676979823270,NATURAL FRAGANCIA REFIL 1CT,AIR FRESHENER,16.0,1,16.0,1.33,1.99,1.99,1.99,1.99,0.78,1.21,60.8,Stable,0.0,Stable,0.0,2025-08-18,2025-08-18,19,1,0,1,0,0,0,0,0,0,0,0,0
2329,819466011440,HIFI 5/$0.99 15/5CT 98 DIAMOND,CIGARS,16.0,11,2.0,0.5,11.9,11.82,10.99,11.99,9.0,2.9,24.4,Down,-20.2,Stable,0.1,2025-04-06,2025-08-14,23,8,0,0,0,0,0,11,0,0,0,0,0
2330,312546051041,HALLS 20CT (US) STRAWBERRY,MEDICINE,16.0,16,1.6,1.33,19.05,19.05,13.99,19.99,15.68,3.37,17.7,Down,-6.8,Stable,1.4,2025-06-10,2025-09-01,4,10,0,0,0,0,0,16,0,0,0,0,0
2331,073141350044,POCKY 10CT CHOCOLATE ,CANDYS,16.0,12,1.78,0.5,18.32,19.99,0.00,19.99,16.0,2.32,12.7,Down,-18.8,Stable,1.7,2025-03-27,2025-09-03,3,9,1,0,0,0,0,11,0,0,0,0,0
2332,840170618434,VELO PLUS 6MG 5CT - WILD BERRY,NICOTINE POUCHES,16.0,16,1.6,1.17,21.55,21.56,21.49,21.99,20.39,1.16,5.4,Up,9.1,Stable,-0.0,2025-05-17,2025-09-04,2,10,0,0,0,0,0,0,16,0,0,0,0
2333,090600301898,FORTUNA RED 100 BOX 10CT,CIGARETTE,16.0,13,1.78,0.42,77.21,79.39,73.59,79.39,64.95,12.26,15.9,Stable,-2.8,Stable,1.0,2025-03-11,2025-08-22,15,9,0,0,0,0,0,0,0,13,0,0,0
2334,676979860091,RUBBING ALCOHOL 70%  WG 1CT,MEDICINE,16.0,3,5.33,1.33,1.49,1.49,1.49,1.49,0.93,0.56,37.5,Down,-18.8,Stable,0.0,2025-08-05,2025-09-01,5,3,0,3,0,0,0,0,0,0,0,0,0
2335,072320600109,YAN YAN CRACKER DIP 10CT CHOC,CANDYS,16.0,13,2.29,0.58,10.4,10.99,3.30,10.99,9.2,1.2,11.5,Down,-9.4,Stable,1.3,2025-03-18,2025-09-05,1,7,0,0,0,1,0,12,0,0,0,0,0
2336,OXBAR,OXBAR BAR 35000 PUFFS 5CT,ELECTRONIC CIG,16.0,5,4.0,1.33,48.6,48.6,45.00,52.00,38.75,9.85,20.3,Down,-20.0,Stable,1.5,2025-07-12,2025-09-02,3,4,0,0,0,0,0,0,3,2,0,0,0
2337,850008118500,NATTY HEMP 4/99 15/4CT GOJI BR,BLUNT WRAP,16.0,10,1.78,0.58,6.39,6.66,0.00,7.99,7.0,-0.61,-9.5,Down,-5.6,Stable,2.0,2025-03-11,2025-09-02,3,9,2,0,0,0,8,0,0,0,0,0,0
2338,679523789640,TABZ XS VITA PILLS 6CT,KRATOM,16.0,5,3.2,0.58,155.8,160.0,135.00,162.00,150.0,5.8,3.7,Up,9.4,Stable,1.3,2025-03-28,2025-08-14,23,5,0,0,0,0,0,0,0,0,5,0,0
2339,028534220046,HERBS SMK RED HOT SAUSG 20CT,FOOD,16.0,14,1.33,0.58,11.99,11.99,11.99,11.99,9.4,2.59,21.6,Up,7.3,Stable,0.0,2025-03-14,2025-07-31,37,12,0,0,0,0,0,14,0,0,0,0,0
2340,676979826219,PANTILINER SCENTED 25CT ,COSMETICS & BEAUTY,16.0,5,3.2,0.33,1.49,1.49,1.49,1.49,0.66,0.83,56.0,Up,18.8,Stable,0.0,2025-03-22,2025-07-16,52,5,0,5,0,0,0,0,0,0,0,0,0
2341,742271567782,SCALE SWAG28 500 x 0.1G 1CT,NOVELTY ITEMS,15.0,4,5.0,0.58,2.99,2.99,2.99,2.99,2.25,0.74,24.7,Down,-50.0,Stable,0.0,2025-05-21,2025-07-27,40,3,0,0,4,0,0,0,0,0,0,0,0
2342,SLEEP20,SLEEP WALKER 20CAP 12CT,VITAMINS,15.0,15,1.25,0.67,102.37,102.81,98.00,110.00,96.0,6.37,6.2,Stable,-0.8,Stable,0.4,2025-03-11,2025-09-05,1,12,0,0,0,0,0,0,0,8,7,0,0
2343,031700235614,WO MINI 3/1.29 15/3CT SWEETS,CIGARS,15.0,12,1.5,0.67,15.49,15.49,15.49,15.49,11.0,4.49,29.0,Up,12.5,Stable,0.0,2025-03-18,2025-08-24,12,10,0,0,0,0,0,12,0,0,0,0,0
2344,00041333151618,DURACELL AAA 2PK 18/2CT,BATTERY,15.0,15,1.36,0.5,40.52,41.32,39.99,47.99,28.62,11.9,29.4,Down,-6.7,Stable,0.9,2025-03-12,2025-09-05,1,11,0,0,0,0,0,0,15,0,0,0,0
2345,040000017325,M & M PEANUT PEG BAG 5.3OZ 1CT,CANDYS,15.0,3,5.0,0.25,2.99,2.99,2.99,2.99,2.18,0.81,27.1,Down,-80.0,Stable,0.0,2025-04-18,2025-08-09,28,3,0,0,3,0,0,0,0,0,0,0,0
2346,031700238547,WO 2/99 PAIRS CHRY VANILA 30CT,CIGARS,15.0,7,2.5,0.25,21.99,21.99,21.99,21.99,16.65,5.34,24.3,Down,-26.3,Stable,0.0,2025-04-13,2025-08-24,13,6,0,0,0,0,0,0,7,0,0,0,0
2347,855022005287,ON! 4MG 5CT - CINNAMON,NICOTINE POUCHES,15.0,11,1.67,0.5,17.49,17.49,17.49,17.49,15.46,2.03,11.6,Stable,1.0,Stable,0.0,2025-04-11,2025-08-27,9,9,0,0,0,0,0,11,0,0,0,0,0
2348,022000102645,HUBBA BUBBA 12CT ORIGINAL ,GUMS/CHICLETS,15.0,15,1.36,0.92,13.99,13.99,13.99,13.99,10.95,3.04,21.7,Up,7.3,Stable,0.0,2025-03-20,2025-08-29,8,11,0,0,0,0,0,15,0,0,0,0,0
2349,034000432905,REESES MINI CUP PEG BAG 4.65OZ,CANDYS,15.0,4,3.75,0.33,2.79,2.79,2.79,2.79,2.1,0.69,24.7,Up,13.3,Stable,0.0,2025-04-01,2025-08-10,26,4,0,0,4,0,0,0,0,0,0,0,0
2350,073100012648,COPENHAGEN SF POUCH G MINT 5CT,T7 SMOKELESS GA,15.0,11,1.5,0.67,25.52,25.65,24.99,25.99,24.31,1.2,4.7,Stable,-2.8,Stable,0.3,2025-03-17,2025-08-20,16,10,0,0,0,0,0,0,11,0,0,0,0
2351,071610341609,DM 3PK 20/3CT GRAPE,CIGARS,15.0,13,1.15,0.58,42.18,42.49,41.69,42.49,32.48,9.7,23.0,Stable,1.4,Stable,0.2,2025-03-13,2025-09-03,3,13,0,0,0,0,0,0,13,0,0,0,0
2352,868954712352,ROYAL EARTH KRATOM 75CT ,VITAMINS,15.0,3,5.0,1.25,3.06,3.06,3.00,3.19,2.25,0.81,26.6,Stable,0.0,Stable,-3.1,2025-07-30,2025-09-01,5,3,0,0,0,3,0,0,0,0,0,0,0
2353,SKU-CTKK-1801MC-2B,CELLTEKK MICRO + CAR CHARGER,CELLUAR ACCESSORIES,15.0,2,7.5,1.25,3.49,3.49,3.49,3.49,2.49,1.0,28.7,Up,120.0,Stable,0.0,2025-07-15,2025-08-27,10,2,0,0,0,2,0,0,0,0,0,0,0
2354,742271567744,SCALE SWAG24 1000 x 0.1G 1CT,NOVELTY ITEMS,15.0,4,5.0,0.5,3.49,3.49,3.49,3.49,2.5,0.99,28.4,Down,-60.0,Stable,0.0,2025-05-21,2025-07-27,40,3,0,0,0,4,0,0,0,0,0,0,0
2355,072084056204,FRUNAS 48CT STRAWBERRY,CANDYS,15.0,13,1.5,0.67,4.69,4.69,4.69,4.69,3.48,1.21,25.8,Stable,1.2,Stable,0.0,2025-04-05,2025-08-27,9,10,0,0,0,13,0,0,0,0,0,0,0
2356,812934027370,WARNER PHONE HOLDER CH001 1CT,CELLUAR ACCESSORIES,15.0,9,1.88,0.83,5.32,4.99,0.00,5.99,3.5,1.82,34.3,Up,7.0,Down,-9.5,2025-04-28,2025-09-01,5,8,1,0,0,0,8,0,0,0,0,0,0
2357,728370496185,BLISS XTRA KRATOM SHOTS 12CT,VITAMINS,15.0,8,2.5,0.75,32.06,32.0,31.50,32.50,29.0,3.06,9.6,Stable,-3.4,Stable,-0.5,2025-04-30,2025-08-29,8,6,0,0,0,0,0,0,8,0,0,0,0
2358,073170124067,OLD W 4OZ BEEF SAUSAGE BITES,FOOD,15.0,2,15.0,0.0,0.0,0.0,0.00,0.00,2.46,-2.46,0.0,Stable,0.0,Stable,0.0,2025-04-05,2025-04-05,154,1,2,0,0,0,0,0,0,0,0,0,0
2359,037695167343,CAKEBITES ITALIAN RAINBOW 12CT,FOOD,15.0,14,1.36,0.08,19.99,19.99,19.99,19.99,14.16,5.83,29.2,Down,-12.0,Stable,0.0,2025-03-12,2025-06-19,79,11,0,0,0,0,0,14,0,0,0,0,0
2360,072250077255,MRS FRESHLEY JELLY HNY BUN 9CT,CANDYS,15.0,13,1.88,0.17,12.99,12.99,12.99,12.99,10.61,2.38,18.3,Down,-5.7,Stable,0.0,2025-03-12,2025-07-01,67,8,0,0,0,0,0,13,0,0,0,0,0
2361,073100031670,SKOAL XTRA POUCH WNTGRN 5CT,T7 SMOKELESS GA,15.0,6,2.5,0.42,29.69,30.29,28.99,30.79,27.58,2.11,7.1,Down,-14.9,Stable,1.1,2025-03-17,2025-07-28,40,6,0,0,0,0,0,0,6,0,0,0,0
2362,012300220804,DORAL RED 100 BOX 10CT,CIGARETTE,15.0,11,1.88,0.58,103.64,105.51,101.19,106.59,100.01,3.64,3.5,Stable,-3.2,Stable,0.9,2025-03-28,2025-08-31,6,8,0,0,0,0,0,0,0,0,11,0,0
2363,037000426882,ALWAYS PANTY  LINERS 20 CT ,COSMETICS & BEAUTY,15.0,4,3.75,0.0,0.99,0.99,0.99,0.99,0.87,0.12,12.1,Stable,-2.7,Stable,0.0,2025-04-03,2025-06-08,90,4,4,0,0,0,0,0,0,0,0,0,0
2364,035000498632,AJAX DISH LIQUID 52OZ 1CT,CLEANING PRODUCTS,15.0,6,2.5,0.25,5.24,5.49,4.99,5.49,3.43,1.81,34.5,Down,-10.3,Stable,2.5,2025-03-10,2025-09-04,2,6,0,0,0,3,3,0,0,0,0,0,0
2365,022000105219,SKITTLES WILD BERRY KS 24CT,CANDYS,15.0,15,1.25,0.58,52.99,52.99,52.99,52.99,43.29,9.7,18.3,Stable,-4.2,Stable,0.0,2025-03-11,2025-08-20,17,12,0,0,0,0,0,0,0,15,0,0,0
2366,6291100605729,FLAIR DUBAI CAKE BAR 28GM 20CT,CANDYS,15.0,14,5.0,1.25,51.99,51.99,51.99,51.99,42.0,9.99,19.2,Stable,0.0,Stable,0.0,2025-08-20,2025-09-05,1,3,0,0,0,0,0,0,0,14,0,0,0
2367,047995855314,AMERICAN SPIRIT CELADON 10CT,CIGARETTE,15.0,13,1.5,0.5,91.17,91.79,89.09,92.69,87.83,3.33,3.7,Down,-6.1,Stable,0.3,2025-04-10,2025-09-01,4,10,0,0,0,0,0,0,0,13,0,0,0
2368,840439106511,ZIG ZAG HEMP 25/2CT SOUR SQUZE,BLUNT WRAP,15.0,9,2.14,1.0,8.49,8.41,0.00,12.99,11.0,-2.51,-29.5,Up,11.7,Stable,1.7,2025-04-26,2025-09-04,2,7,3,0,0,0,0,6,0,0,0,0,0
2369,030100211471,KEEBLER CHEESE & CHED 12 CT,FOOD,15.0,14,1.5,0.42,8.49,8.49,8.49,8.49,6.49,2.0,23.6,Down,-10.1,Stable,0.0,2025-03-12,2025-08-27,9,10,0,0,0,0,14,0,0,0,0,0,0
2370,851681008157,HI-CHEW 15CT - STRAWBERRY,GUMS/CHICLETS,15.0,15,1.15,0.5,19.99,19.99,19.99,19.99,16.13,3.86,19.3,Stable,-2.4,Stable,0.0,2025-03-11,2025-08-31,5,13,0,0,0,0,0,15,0,0,0,0,0
2371,070137833154,BLK & MLD 10/5PK $2.99 FT SWT,CIGARS,15.0,7,15.0,0.0,22.99,22.99,22.99,22.99,17.35,5.64,24.5,Stable,0.0,Stable,0.0,2025-03-10,2025-03-11,179,1,0,0,0,0,0,0,7,0,0,0,0
2372,040000044604,SKITTLES ORIGNL KING SIZE 24CT,CANDYS,15.0,15,1.25,0.58,52.99,52.99,52.99,52.99,43.29,9.7,18.3,Stable,1.4,Stable,0.0,2025-03-16,2025-09-02,3,12,0,0,0,0,0,0,0,15,0,0,0
2373,716165174189,RAW ORGANIC 1 1/4 1.25 24CT,CIG ROLLING PAPER,15.0,14,1.5,0.5,15.78,16.99,0.00,16.99,11.99,3.79,24.0,Stable,-2.8,Stable,1.6,2025-04-01,2025-07-28,39,10,1,0,0,0,0,13,0,0,0,0,0
2374,033300666416,KAYAK LC STRAIGHT $2.29 10CT,T7 SMOKELESS GA,15.0,11,2.5,1.25,12.99,12.99,12.99,12.99,11.43,1.56,12.0,Down,-5.7,Stable,0.0,2025-07-30,2025-09-03,2,6,0,0,0,0,0,11,0,0,0,0,0
2375,410136,HEAVENLY SOFT P TOWEL 30CT,HOUSEHOLD GOODS,15.0,14,1.5,0.83,34.99,34.99,34.99,34.99,23.74,11.25,32.2,Stable,2.8,Stable,0.0,2025-03-23,2025-08-30,6,10,0,0,0,0,0,0,14,0,0,0,0
2376,070195354035,DAYS WORK PLUGC/T 15CT,T7 SMOKELESS GA,15.0,15,1.25,0.58,157.99,157.99,157.99,157.99,147.82,10.17,6.4,Stable,0.3,Stable,0.0,2025-03-11,2025-07-22,45,12,0,0,0,0,0,0,0,0,15,0,0
2377,024100203611,CHEEZ-IT GRAB N GO 6CT CHDR JK,COOKIES,15.0,14,1.25,0.5,8.49,8.49,8.49,8.49,6.72,1.77,20.9,Stable,2.5,Stable,0.0,2025-03-15,2025-08-24,12,12,0,0,0,0,14,0,0,0,0,0,0
2378,028200318510,MARL 83 BOX 10CT,CIGARETTE,15.0,12,1.5,0.25,81.31,83.39,79.39,83.39,77.25,4.06,5.0,Stable,1.2,Stable,0.6,2025-03-10,2025-08-25,11,10,0,0,0,0,0,0,0,12,0,0,0
2379,887969011717,ZONE 9MM 5CT MINT,NICOTINE POUCHES,15.0,10,2.14,1.0,18.99,18.99,18.99,18.99,17.5,1.49,7.8,Stable,-1.7,Stable,0.0,2025-03-12,2025-08-20,17,7,0,0,0,0,0,10,0,0,0,0,0
2380,073390012144,MENTOS GUM 6CT - FRESH SPRMNT,GUMS/CHICLETS,15.0,15,1.67,0.67,21.99,21.99,21.99,21.99,19.09,2.9,13.2,Stable,-1.0,Stable,0.0,2025-04-20,2025-09-01,4,9,0,0,0,0,0,0,15,0,0,0,0
2381,655708137925,TRAVEL KIT FOR WOMENS 1CT,COSMETICS & BEAUTY,15.0,5,3.0,0.5,5.99,5.99,5.99,5.99,4.65,1.34,22.4,Stable,0.0,Stable,0.0,2025-03-22,2025-08-01,35,5,0,0,0,0,5,0,0,0,0,0,0
2382,32SL,DART LIDS 32OZ 1000CT,HOUSEHOLD GOODS,15.0,15,1.67,0.83,89.99,89.99,89.99,89.99,71.83,18.16,20.2,Stable,-2.0,Stable,-0.0,2025-04-05,2025-09-02,3,9,0,0,0,0,0,0,0,15,0,0,0
2383,855022005706,ON! 2MG 5CT - COFFEE,NICOTINE POUCHES,15.0,11,1.5,0.58,17.49,17.49,17.49,17.49,15.28,2.21,12.6,Down,-7.7,Stable,0.0,2025-04-16,2025-09-03,2,10,0,0,0,0,0,11,0,0,0,0,0
2384,814057001015,SHIELD RED KING BOX 10CT,CIGARETTE,15.0,8,3.0,0.83,42.79,42.79,42.79,42.79,41.65,1.14,2.7,Stable,3.3,Stable,0.0,2025-05-09,2025-08-07,30,5,0,0,0,0,0,0,8,0,0,0,0
2385,686464201117,KM DOUBLE BUBBLE GUMBALL 12CT,CANDYS,15.0,13,1.67,0.0,13.99,13.99,13.99,13.99,11.97,2.02,14.4,Up,8.0,Stable,0.0,2025-03-11,2025-05-27,102,9,0,0,0,0,0,13,0,0,0,0,0
2386,025900329891,SS 2/$1.19 30/2CT - HNY BANANA,CIGARS,15.0,15,1.15,0.33,25.99,25.99,25.99,25.99,19.98,6.01,23.1,Stable,-2.9,Stable,0.0,2025-03-21,2025-08-07,30,13,0,0,0,0,0,0,15,0,0,0,0
2387,070330658547,LGT BIC 50CT TRAY OUTDOORS,LIGHTERS,15.0,15,1.36,0.75,65.99,65.99,65.99,65.99,57.5,8.49,12.9,Stable,4.0,Stable,0.0,2025-05-08,2025-09-02,4,11,0,0,0,0,0,0,0,15,0,0,0
2388,676979960524,"WICK & WAX 5"" CANDLE 8CT",CANDLES,15.0,3,5.0,0.42,1.29,1.29,1.29,1.29,0.68,0.61,47.6,Down,-80.0,Stable,0.0,2025-03-15,2025-08-12,24,3,0,3,0,0,0,0,0,0,0,0,0
2389,070330639027,LGT BIC 50CT TRAY CASINO,LIGHTERS,15.0,14,1.88,0.42,65.99,65.99,65.99,65.99,56.5,9.49,14.4,Stable,-3.2,Stable,0.0,2025-05-08,2025-09-02,4,8,0,0,0,0,0,0,0,14,0,0,0
2390,658238735722,LOOSE LEAF CRUSH 10CT WMLN,LT-TAX-COLLECTED,15.0,15,2.5,0.0,12.99,12.99,12.99,12.99,9.9,3.09,23.8,Stable,-1.1,Stable,0.0,2025-03-14,2025-04-25,133,6,0,0,0,0,0,15,0,0,0,0,0
2391,764053428302,"GT FOAM PLATES 6"" 25CT",HOUSEHOLD GOODS,15.0,3,5.0,1.0,1.39,1.39,1.39,1.39,0.8,0.6,42.8,Down,-10.0,Stable,0.0,2025-05-07,2025-07-18,49,3,0,3,0,0,0,0,0,0,0,0,0
2392,040000560487,SNICKERS KING WHITE 24CT,CANDYS,15.0,15,1.25,0.58,50.99,52.13,49.99,52.99,42.86,8.13,16.0,Up,5.3,Stable,0.6,2025-04-01,2025-08-20,17,12,0,0,0,0,0,0,10,5,0,0,0
2393,SMKS10,SMOKE SET W/CASE 11PCS,NOVELTY ITEMS,15.0,8,1.88,0.5,19.75,19.5,19.00,20.00,16.99,2.76,14.0,Up,12.1,Stable,-0.4,2025-03-23,2025-07-22,45,8,0,0,0,0,0,2,6,0,0,0,0
2394,650075994591,OPMS SILVER 72G/120CT RED MD,VITAMINS,15.0,5,3.75,0.33,9.75,9.75,9.75,9.75,7.98,1.77,18.1,Up,18.7,Stable,0.0,2025-03-12,2025-07-07,61,4,0,0,0,0,5,0,0,0,0,0,0
2395,842426165150,GT 2/1.29 HD 10/2CT PALMA GRN,CIGAR GA,15.0,10,1.88,0.5,11.99,11.99,11.99,11.99,8.77,3.22,26.9,Down,-17.1,Stable,0.0,2025-03-23,2025-08-19,17,8,0,0,0,0,0,10,0,0,0,0,0
2396,X002KW44D1,SCALE FUZION MT-100 100x.01G,NOVELTY ITEMS,15.0,3,5.0,0.0,2.99,2.99,2.99,2.99,2.25,0.74,24.7,Up,20.0,Stable,0.0,2025-04-11,2025-05-25,103,3,0,0,3,0,0,0,0,0,0,0,0
2397,025900426835,SS 2/.99 30/2CT COASTL COKTAIL,CIGARS,15.0,11,1.5,0.92,21.99,21.99,21.99,21.99,16.5,5.49,25.0,Up,10.9,Stable,0.0,2025-04-28,2025-09-02,4,10,0,0,0,0,0,0,11,0,0,0,0
2398,686464610209,KM PUNCHY MONKEY 12CT,CANDYS,15.0,15,1.25,0.33,12.99,12.99,12.99,12.99,10.86,2.13,16.4,Stable,-4.2,Stable,0.0,2025-03-14,2025-09-01,4,12,0,0,0,0,0,15,0,0,0,0,0
2399,044000040680,BELVITA COOKIES 8CT,FOOD,15.0,12,1.67,0.75,8.99,8.99,8.99,8.99,7.26,1.73,19.3,Stable,5.0,Stable,0.0,2025-03-13,2025-08-19,17,9,0,0,0,0,12,0,0,0,0,0,0
2400,20819500026205,FUTUROLA SNOOP BLUNT CONES 12C,BLUNT WRAP,15.0,6,2.5,0.92,18.66,0.0,0.00,27.99,23.5,-4.84,-25.9,Up,51.4,Down,-34.3,2025-04-07,2025-09-01,5,6,2,0,0,0,0,0,4,0,0,0,0
2401,0957340,DIAMOND AC CABLE 25CT USBC - C,CELLUAR ACCESSORIES,15.0,13,1.36,0.67,44.99,44.99,44.99,44.99,31.25,13.74,30.5,Stable,-4.7,Stable,0.0,2025-03-16,2025-09-01,5,11,0,0,0,0,0,0,13,0,0,0,0
2402,766679204445,MODUS CHROME DISP 2GM 5CT,ECIG - DISP D8,15.0,6,3.75,0.0,49.58,49.58,48.50,50.00,45.48,4.1,8.3,Down,-40.0,Stable,-0.2,2025-04-09,2025-05-25,104,4,0,0,0,0,0,0,2,4,0,0,0
2403,842426181501,GT BLK SMOOTH .69 15CT CLASSIC,CIGAR GA,15.0,12,1.88,0.33,7.49,7.49,7.49,7.49,6.26,1.23,16.4,Down,-10.8,Stable,0.0,2025-03-10,2025-08-27,10,8,0,0,0,0,12,0,0,0,0,0,0
2404,709215485229,305'S SILVER KING BOX 10CT,CIGARETTE,15.0,12,1.25,0.92,32.49,32.49,32.49,32.49,31.74,0.75,2.3,Stable,0.8,Stable,0.0,2025-03-17,2025-08-24,12,12,0,0,0,0,0,0,12,0,0,0,0
2405,026200615097,SLIM JIM ORIGINAL 100STK 2/$1 ,FOOD,15.0,15,1.15,0.5,54.99,54.99,54.99,54.99,48.0,6.99,12.7,Stable,-0.0,Stable,0.0,2025-03-18,2025-09-03,3,13,0,0,0,0,0,0,0,15,0,0,0
2406,801822500408,"CARPENTER PINCER 6 """,HARDWARE,15.0,9,1.88,0.58,2.49,2.49,2.49,2.49,1.0,1.49,59.8,Stable,0.6,Stable,0.0,2025-03-31,2025-08-23,14,8,0,0,9,0,0,0,0,0,0,0,0
2407,071153783805,STP 78380 DIESEL TREATMENT 1CT,AUTOMOTIVE,15.0,4,3.75,0.5,5.99,5.99,5.99,5.99,4.73,1.26,21.0,Down,-24.0,Stable,0.0,2025-05-08,2025-08-18,18,4,0,0,0,0,4,0,0,0,0,0,0
2408,713310631535,KRATO EX 1.9OZ KRATOM 12CT,NOVELTY ITEMS,15.0,11,1.67,0.5,41.82,42.0,40.00,42.00,38.0,3.82,9.1,Down,-6.0,Stable,0.1,2025-03-27,2025-08-23,14,9,0,0,0,0,0,0,11,0,0,0,0
2409,T24,TROPICAL ALOE VERA 16.9OZ 24CT,DRINKS,15.0,7,3.0,0.08,17.14,23.99,0.00,23.99,21.99,-4.85,-28.3,Down,-26.7,Up,18.8,2025-04-03,2025-06-23,75,5,2,0,0,0,0,0,5,0,0,0,0
2410,849205018591,VUSE ALTO POWER UNIT 1CT,NOVELTY ITEMS,15.0,4,3.75,0.92,6.29,6.29,6.29,6.29,5.37,0.92,14.7,Up,18.7,Stable,0.0,2025-04-27,2025-06-22,76,4,0,0,0,0,4,0,0,0,0,0,0
2411,840170618496,VELO PLUS 6MG 5CT - DRAGON FRU,NICOTINE POUCHES,15.0,12,1.5,1.0,21.62,21.64,21.49,21.99,20.34,1.27,5.9,Stable,2.8,Stable,-0.1,2025-05-17,2025-09-05,1,10,0,0,0,0,0,0,12,0,0,0,0
2412,FOAM CONTAINER 3 COMPART,FOAM CONTAINER 3 COMPART 100CT,HOUSEHOLD GOODS,15.0,1,15.0,0.0,9.99,9.99,9.99,9.99,7.08,2.92,29.2,Stable,0.0,Stable,0.0,2025-03-22,2025-03-22,167,1,0,0,0,0,1,0,0,0,0,0,0
2413,719410800123,5-HOUR ENERGY 12CT- POMGRNTE,VITAMINS,15.0,15,1.15,0.67,19.99,19.99,19.99,19.99,18.96,1.03,5.2,Stable,3.8,Stable,0.0,2025-03-23,2025-08-13,23,13,0,0,0,0,0,15,0,0,0,0,0
2414,072250021197,MRS FRESHLEY HERSHEY TC 6CT,CANDYS,15.0,14,1.88,0.0,4.99,4.99,4.99,4.99,2.92,2.07,41.5,Down,-5.7,Stable,0.0,2025-03-20,2025-05-31,98,8,0,0,0,14,0,0,0,0,0,0,0
2415,044000052317,OREO GOLDEN MINI PEG BAG,COOKIES,15.0,4,5.0,0.0,1.69,1.69,1.69,1.69,1.22,0.47,27.8,Down,-30.0,Stable,0.0,2025-05-07,2025-05-26,102,3,0,4,0,0,0,0,0,0,0,0,0
2416,038000310300,POP TARTS 6CT BLUEBERRY,COOKIES,15.0,15,1.25,0.42,5.99,5.99,5.99,5.99,4.51,1.48,24.7,Stable,2.0,Stable,0.0,2025-03-21,2025-07-29,38,12,0,0,0,0,15,0,0,0,0,0,0
2417,040000522089,3 MUSKETEERS REGULAR 36CT,CANDYS,14.0,14,1.4,0.42,45.42,46.19,44.99,47.99,38.78,6.64,14.6,Down,-6.9,Stable,0.6,2025-03-30,2025-07-28,39,10,0,0,0,0,0,0,14,0,0,0,0
2418,026200463780,D+S PUMPKIN SEEDS 5OZ,FOOD,14.0,1,14.0,0.0,3.19,3.19,3.19,3.19,2.65,0.54,16.9,Stable,0.0,Stable,0.0,2025-03-27,2025-03-27,162,1,0,0,0,1,0,0,0,0,0,0,0
2419,018804055133,ICEE 9CT MINI CHERRY SOUR ,GUMS/CHICLETS,14.0,14,1.17,0.42,13.99,13.99,13.99,13.99,11.52,2.47,17.7,Stable,-3.0,Stable,-0.0,2025-03-22,2025-09-01,4,12,0,0,0,0,0,14,0,0,0,0,0
2420,810159860307,LOOSE LEAF 2/2.99 20CT NATURAL,LT-TAX-COLLECTED,14.0,7,7.0,0.0,34.99,34.99,34.99,34.99,26.6,8.39,24.0,Down,-57.1,Stable,0.0,2025-03-10,2025-03-18,172,2,0,0,0,0,0,0,7,0,0,0,0
2421,035000510884,COLGATE TOOTHPASTE 6OZ 1CT,HOUSEHOLD GOODS,14.0,2,7.0,0.92,2.99,2.99,2.99,2.99,1.6,1.39,46.5,Up,114.3,Stable,0.0,2025-03-21,2025-08-18,19,2,0,0,2,0,0,0,0,0,0,0,0
2422,8436581946086,REEBOK SHOWER GEL 250ML 1CT,COSMETICS & BEAUTY,14.0,3,4.67,0.0,1.99,1.99,1.99,1.99,1.4,0.59,29.5,Down,-21.4,Stable,0.0,2025-03-24,2025-04-08,151,3,0,3,0,0,0,0,0,0,0,0,0
2423,ORION,ORION 7500 PUFF DISP 10CT,ELECTRONIC CIG,14.0,8,2.0,0.75,39.75,49.5,10.00,62.99,40.0,-0.25,-0.6,Up,25.0,Up,12.4,2025-04-08,2025-07-22,46,7,0,0,0,0,0,1,5,2,0,0,0
2424,034000454327,HERSHEYS MILK CHO WAFF KS 18CT,CANDYS,14.0,14,1.17,0.67,36.99,36.99,36.99,36.99,29.76,7.23,19.6,Stable,-2.4,Stable,0.0,2025-03-11,2025-08-09,28,12,0,0,0,0,0,0,14,0,0,0,0
2425,840439106573,ZIG ZAG HEMP 25/2CT GA FIELDS,BLUNT WRAP,14.0,7,2.0,0.92,10.71,12.24,0.00,12.99,10.5,0.21,1.9,Up,14.3,Up,10.5,2025-04-06,2025-09-04,2,7,1,0,0,0,0,6,0,0,0,0,0
2426,855022005201,ON! 2MG 5CT - CITRUS,NICOTINE POUCHES,14.0,9,2.0,0.92,17.49,17.49,17.49,17.49,15.54,1.95,11.1,Stable,3.6,Stable,0.0,2025-03-27,2025-09-03,2,7,0,0,0,0,0,9,0,0,0,0,0
2427,072799037222,WERTHER'S CHEWY PEG BAG 4.51OZ,CANDYS,14.0,3,4.67,0.33,2.99,2.99,2.99,2.99,2.04,0.95,31.6,Down,-21.4,Stable,0.0,2025-05-01,2025-07-11,57,3,0,0,3,0,0,0,0,0,0,0,0
2428,022000119650,ECLIPSE 8CT SF SPEARMINT,GUMS/CHICLETS,14.0,14,1.27,0.67,8.99,8.99,8.99,8.99,7.58,1.41,15.7,Stable,0.7,Stable,0.0,2025-03-10,2025-08-27,9,11,0,0,0,0,14,0,0,0,0,0,0
2429,858765001653,SHOW 5/$1 15/5CT JAMAICAN BUZZ,CIGARS,14.0,13,1.17,0.58,10.69,10.69,10.69,10.69,7.0,3.69,34.5,Stable,-1.2,Stable,0.0,2025-03-13,2025-09-04,1,12,0,0,0,0,0,13,0,0,0,0,0
2430,6291108166734,AL FAKHER 250GM KIWI,LT-TAX PAID,14.0,11,1.56,0.67,10.08,10.16,9.99,10.49,8.91,1.17,11.6,Up,9.6,Stable,0.3,2025-03-29,2025-08-12,24,9,0,0,0,0,9,2,0,0,0,0,0
2431,842426167611,GT CIG PAPER $.79 1 1/4 100CT,CIG ROLLING PAPER,14.0,14,1.56,0.67,32.99,32.99,32.99,32.99,26.3,6.69,20.3,Stable,2.1,Stable,0.0,2025-03-13,2025-08-26,10,9,0,0,0,0,0,0,14,0,0,0,0
2432,012300265713,CAMEL TURKISH GOLD BOX 10CT,CIGARETTE,14.0,11,1.56,0.58,96.3,97.87,94.09,99.49,73.47,22.83,23.7,Down,-7.5,Stable,0.7,2025-03-30,2025-08-03,33,9,0,0,0,0,0,0,0,11,0,0,0
2433,CANLINER 24X33,CAN LINER 24X33 13GL 1000CT,SHOPPING BAGS,14.0,11,1.4,0.5,29.99,29.99,29.99,29.99,13.0,16.99,56.7,Down,-5.2,Stable,0.0,2025-03-23,2025-08-30,6,10,0,0,0,0,0,0,11,0,0,0,0
2434,WRPADS,WRITING PAD SMALL 1CT,STATIONARY,14.0,5,4.67,0.5,1.29,1.29,1.29,1.29,0.79,0.5,38.8,Up,32.1,Stable,0.0,2025-03-18,2025-08-14,22,3,0,5,0,0,0,0,0,0,0,0,0
2435,043300020583,CARLTON MENTHOL 100 BOX 10CT,CIGARETTE,14.0,9,2.0,0.67,122.59,123.67,119.89,125.29,118.88,3.71,3.0,Down,-10.7,Stable,0.6,2025-04-22,2025-09-01,4,7,0,0,0,0,0,0,0,0,9,0,0
2436,VPP1,VITA PILLS SINGLE PREMIUM,VITAMINS,14.0,13,2.0,1.08,18.23,18.25,16.00,21.99,13.15,5.07,27.8,Up,32.1,Stable,-2.6,2025-03-12,2025-07-31,37,7,0,0,0,0,0,12,1,0,0,0,0
2437,KB20K,KADO BAR VINTAGE 20K PUFF 5CT,ELECTRONIC CIG,14.0,11,1.4,0.58,37.82,38.2,36.50,39.00,35.0,2.82,7.5,Up,5.2,Stable,0.7,2025-03-14,2025-08-12,25,10,0,0,0,0,0,0,11,0,0,0,0
2438,MF008,SUPER HOOKAH 1CT,NOVELTY ITEMS,14.0,5,3.5,0.17,9.99,9.99,9.99,9.99,5.99,4.0,40.0,Down,-5.7,Stable,0.0,2025-04-25,2025-07-04,64,4,0,0,0,0,5,0,0,0,0,0,0
2439,073100029622,COPENHAGEN FC WINTERGREEN 5CT,T7 SMOKELESS GA,14.0,6,2.33,0.33,29.19,29.29,28.69,29.29,27.94,1.25,4.3,Down,-26.9,Stable,0.3,2025-03-29,2025-07-14,54,6,0,0,0,0,0,0,6,0,0,0,0
2440,719499005051,HIGH HEMP WRAPS 25CT MAUI MNGO,BLUNT WRAP,14.0,13,1.56,0.67,11.07,10.28,0.00,11.99,7.0,4.07,36.8,Up,11.8,Down,-7.5,2025-03-13,2025-09-01,5,9,1,0,0,0,0,12,0,0,0,0,0
2441,038000504709,POP TARTS 6CT H/FUDGE SUNDAE,COOKIES,14.0,14,1.08,0.58,5.99,5.99,5.99,5.99,4.51,1.48,24.7,Stable,1.5,Stable,-0.0,2025-03-29,2025-08-18,18,13,0,0,0,0,14,0,0,0,0,0,0
2442,446985523569,XTREME KRATOM GUMMIES 6CT,KRATOM,14.0,8,2.0,0.83,34.81,35.0,33.50,35.00,32.0,2.81,8.1,Up,10.7,Stable,0.5,2025-05-06,2025-08-05,31,7,0,0,0,0,0,0,8,0,0,0,0
2443,039593752508,2'X55YD CLEAR PACKAGING TAPE,MISC,14.0,7,2.0,0.42,1.89,1.89,1.89,1.89,1.1,0.79,41.8,Stable,1.8,Stable,-0.0,2025-03-10,2025-08-04,33,7,0,7,0,0,0,0,0,0,0,0,0
2444,655708018422,MIDOL COMPLETE 25/2CT,MEDICINE,14.0,14,1.56,0.33,12.99,12.99,12.99,12.99,9.99,3.0,23.1,Down,-11.8,Stable,0.0,2025-03-10,2025-07-17,51,9,0,0,0,0,0,14,0,0,0,0,0
2445,676979860619,WICK & WAX TUMBLER CANDLE 1CT,CANDLES,14.0,3,4.67,0.67,0.99,0.99,0.99,0.99,0.55,0.44,44.4,Stable,0.0,Stable,0.0,2025-05-07,2025-08-20,16,3,3,0,0,0,0,0,0,0,0,0,0
2446,022000125446,STARBURST ALL PINK 24CT,CANDYS,14.0,14,1.27,0.67,33.85,32.99,32.99,34.99,26.98,6.86,20.3,Stable,2.1,Stable,-0.8,2025-03-15,2025-08-14,22,11,0,0,0,0,0,0,14,0,0,0,0
2447,094187030837,"DUCT TAPE 2 x 120"" 2CT",HOUSEHOLD GOODS,14.0,7,2.33,0.92,2.99,2.99,2.99,2.99,1.7,1.29,43.1,Down,-9.8,Stable,0.0,2025-04-27,2025-08-23,14,6,0,0,7,0,0,0,0,0,0,0,0
2448,030100211631,KEEBLER CLUB CKR&CHED CH 12 CT,FOOD,14.0,14,1.4,0.25,8.49,8.49,8.49,8.49,6.53,1.96,23.0,Down,-9.5,Stable,0.0,2025-03-13,2025-08-03,33,10,0,0,0,0,14,0,0,0,0,0,0
2449,16285049268579,VIVA ZEN 10/10CT 20MG CAPS,VITAMINS,14.0,8,2.0,0.08,102.31,109.99,99.50,109.99,95.0,7.31,7.1,Up,19.6,Stable,0.8,2025-03-27,2025-07-17,51,7,0,0,0,0,0,0,0,1,7,0,0
2450,855553008078,NEON BARBEQUE LIGHTER 1CT,HOUSEHOLD GOODS,14.0,4,4.67,0.0,1.39,1.39,1.39,1.39,0.62,0.77,55.2,Up,10.7,Stable,0.0,2025-04-11,2025-05-05,124,3,0,4,0,0,0,0,0,0,0,0,0
2451,028200330611,MARL MENTHOL SMOOTH ICE 10CT,CIGARETTE,14.0,14,1.56,0.75,85.55,86.02,84.69,87.09,80.34,5.21,6.1,Down,-6.4,Stable,0.4,2025-04-14,2025-08-25,11,9,0,0,0,0,0,0,0,14,0,0,0
2452,704260230879,HOTBOX 7500 5CT - ALL FLVRS,ELECTRONIC CIG,14.0,3,7.0,1.17,29.99,29.99,29.99,29.99,28.45,1.54,5.1,Down,-171.4,Stable,0.0,2025-08-17,2025-08-31,5,2,0,0,0,0,0,0,3,0,0,0,0
2453,040000541486,SNICKERS PB SQUARE KS 18CT,CANDYS,14.0,14,1.08,0.58,38.99,38.99,38.99,38.99,32.18,6.81,17.5,Stable,2.0,Stable,0.0,2025-03-16,2025-08-17,19,13,0,0,0,0,0,0,14,0,0,0,0
2454,012300844017,CAMEL TURKISH BLND GOLD 10CT,CIGARETTE,14.0,11,1.75,0.58,85.64,86.49,83.19,86.79,75.6,10.05,11.7,Down,-12.2,Stable,0.6,2025-03-26,2025-08-24,12,8,0,0,0,0,0,0,0,11,0,0,0
2455,040000551911,TWIX KS 20CT COOKIES N CRM,CANDYS,14.0,14,1.17,0.75,41.99,41.99,41.99,41.99,35.64,6.35,15.1,Stable,1.2,Stable,0.0,2025-03-18,2025-09-03,2,12,0,0,0,0,0,0,14,0,0,0,0
2456,09392716,DIAMOND AC CABLE 25CT C - IPH,CELLUAR ACCESSORIES,14.0,14,1.27,0.58,49.99,49.99,49.99,49.99,31.75,18.24,36.5,Stable,3.6,Stable,0.0,2025-03-17,2025-08-16,20,11,0,0,0,0,0,0,14,0,0,0,0
2457,726597628112,FADED GUMMY XTREME 20CT,CBD/HEMP,14.0,3,4.67,0.0,9.17,9.17,9.00,9.50,8.0,1.17,12.7,Down,-21.4,Stable,0.0,2025-04-09,2025-04-30,128,3,0,0,0,0,3,0,0,0,0,0,0
2458,8414646310003,SUPER GLUE 3GMS,STATIONARY,14.0,4,3.5,0.83,0.79,0.79,0.79,0.79,0.42,0.37,46.8,Down,-28.6,Stable,0.0,2025-04-03,2025-09-05,1,4,4,0,0,0,0,0,0,0,0,0,0
2459,619682999146,TRUE HEMP 25/2CT RUS CREAM,BLUNT WRAP,14.0,3,4.67,0.42,3.33,5.0,0.00,9.99,8.0,-4.67,-140.2,Down,-53.6,Stable,0.0,2025-04-06,2025-09-01,5,3,2,0,0,0,1,0,0,0,0,0,0
2460,051497221782,BLAZY SUSAN PINK 53MM 50CT,CIG ROLLING PAPER,14.0,5,3.5,0.75,10.79,10.49,9.99,10.99,7.47,3.32,30.8,Up,5.7,Stable,-0.9,2025-04-21,2025-08-31,6,4,0,0,0,0,1,4,0,0,0,0,0
2461,023604231038,TWANG SALT 24CT LEMON LIME,FOOD,14.0,14,1.75,0.25,34.99,34.99,34.99,34.99,28.32,6.67,19.1,Down,-5.4,Stable,0.0,2025-03-24,2025-06-15,82,8,0,0,0,0,0,0,14,0,0,0,0
2462,8587650073111,SHOW 5/$1 15/5CT TROPICAL TWST,CIGARS,14.0,12,1.75,0.08,10.69,10.69,10.69,10.69,7.5,3.19,29.8,Down,-5.4,Stable,0.0,2025-03-10,2025-07-10,57,8,0,0,0,0,0,12,0,0,0,0,0
2463,4987176191205,VICKS VAPORAB 25ML + 5ML 1CT,MEDICINE,14.0,2,7.0,1.17,2.69,2.69,2.69,2.69,1.51,1.18,43.9,Down,-85.7,Stable,0.0,2025-08-05,2025-08-17,19,2,0,0,2,0,0,0,0,0,0,0,0
2464,616641496524,OPMS SILVER 18G/30CT GRN THAI,VITAMINS,14.0,4,3.5,0.42,4.5,4.5,4.49,4.50,3.43,1.07,23.7,Up,17.1,Stable,0.0,2025-03-24,2025-07-20,48,4,0,0,0,4,0,0,0,0,0,0,0
2465,043100752127,MEAD ENVELOPE 80 SECURITY,STATIONARY,14.0,10,2.0,0.33,2.49,2.49,2.49,2.49,1.2,1.29,51.8,Down,-8.9,Stable,-0.0,2025-03-12,2025-08-31,6,7,0,0,10,0,0,0,0,0,0,0,0
2466,6291108162422,AL FAKHER 10 X 50GM ORANGE ,LT-TAX PAID,14.0,13,1.56,0.42,17.22,17.99,16.49,17.99,16.19,1.03,6.0,Down,-5.4,Stable,1.4,2025-03-11,2025-07-07,60,9,0,0,0,0,0,13,0,0,0,0,0
2467,792554104043,LIL SLANT TWEEZER,COSMETICS & BEAUTY,14.0,3,4.67,0.92,1.29,1.29,1.29,1.29,0.82,0.47,36.7,Up,32.1,Stable,0.0,2025-04-10,2025-09-04,1,3,0,3,0,0,0,0,0,0,0,0,0
2468,044000882112,RITZ CRACKERS 8CT CHEESE,COOKIES,14.0,12,1.4,0.33,4.29,4.29,4.29,4.29,3.69,0.6,14.0,Stable,-2.6,Stable,0.0,2025-03-22,2025-08-03,33,10,0,0,0,12,0,0,0,0,0,0,0
2469,707568716052,SOMA 300 CHOCOLATE MINT 12CT,NOVELTY ITEMS,14.0,5,2.8,0.5,117.5,117.5,117.50,117.50,112.2,5.3,4.5,Up,14.3,Stable,0.0,2025-03-12,2025-08-30,7,5,0,0,0,0,0,0,0,0,5,0,0
2470,010700156808,JOLLY RANCHER 5LB BAG 1CT,CANDYS,14.0,14,1.27,0.75,15.95,15.99,15.49,15.99,12.82,3.13,19.6,Stable,0.7,Stable,0.1,2025-03-24,2025-08-13,23,11,0,0,0,0,0,14,0,0,0,0,0
2471,025900426828,SS 2/.99 30/2CT BANANA SMASH,CIGARS,14.0,13,1.17,0.33,21.99,21.99,21.99,21.99,16.5,5.49,25.0,Down,-6.0,Stable,0.0,2025-03-20,2025-08-17,19,12,0,0,0,0,0,0,13,0,0,0,0
2472,SMART1.5L,SMART WATER 1.5LTR 12CT,WATER,14.0,8,2.8,0.0,29.99,29.99,29.99,29.99,24.49,5.5,18.3,Down,-21.4,Stable,0.0,2025-03-15,2025-04-07,151,5,0,0,0,0,0,0,8,0,0,0,0
2473,040000017448,M & M PEANUT BUTTER 5.10OZ,CANDYS,14.0,2,14.0,0.0,3.19,3.19,3.19,3.19,2.19,1.0,31.3,Stable,0.0,Stable,0.0,2025-04-27,2025-04-29,129,1,0,0,0,2,0,0,0,0,0,0,0
2474,012300844185,CAMEL TURKISH BLEND SILVER 10C,CIGARETTE,14.0,13,1.27,0.42,84.57,85.71,83.19,86.79,82.0,2.58,3.0,Stable,1.4,Stable,0.5,2025-03-22,2025-08-21,15,11,0,0,0,0,0,0,0,13,0,0,0
2475,738435728991,"SONG OF SUDAN 19"" DISP 24/30CT",INCENSE,14.0,13,1.75,0.33,75.37,76.24,74.99,79.99,63.6,11.77,15.6,Down,-17.7,Stable,0.6,2025-04-14,2025-08-15,22,8,0,0,0,0,0,0,0,13,0,0,0
2476,070462012347,SOUR PATCH KIDS 24CT,CANDYS,14.0,14,1.27,0.42,28.99,28.99,28.99,28.99,23.04,5.95,20.5,Stable,-4.3,Stable,0.0,2025-03-12,2025-08-14,22,11,0,0,0,0,0,0,14,0,0,0,0
2477,031700900376,WO BLUNTS 50CT BOX - PEACH,CIGAR GA,14.0,11,1.56,0.58,37.99,37.99,37.99,37.99,31.0,6.99,18.4,Stable,1.1,Stable,0.0,2025-03-10,2025-08-10,26,9,0,0,0,0,0,0,11,0,0,0,0
2478,073170127006,OLD W 4OZ TURKEY BITES,FOOD,14.0,2,14.0,0.0,0.0,0.0,0.00,0.00,2.46,-2.46,0.0,Stable,0.0,Stable,0.0,2025-04-05,2025-04-05,154,1,2,0,0,0,0,0,0,0,0,0,0
2479,008660007025,ZIG ZAG RP WHITE 1.5 24CT,CIG ROLLING PAPER,14.0,5,2.8,0.42,14.6,20.0,0.00,39.99,32.99,-18.39,-126.0,Stable,-3.6,Up,54.8,2025-04-06,2025-09-04,2,5,3,0,0,0,0,0,2,0,0,0,0
2480,850046584299,SCALE D-TEK DT3-750 750x.1G,NOVELTY ITEMS,14.0,4,4.67,0.75,3.74,3.33,0.00,4.99,3.5,0.24,6.5,Up,10.7,Down,-30.0,2025-04-23,2025-09-03,2,3,1,0,0,3,0,0,0,0,0,0,0
2481,070330658530,LGT BIC 50CT TRAY MARBELS,LIGHTERS,14.0,14,1.75,0.67,65.99,65.99,65.99,65.99,57.5,8.49,12.9,Down,-12.2,Stable,0.0,2025-05-11,2025-08-25,12,8,0,0,0,0,0,0,0,14,0,0,0
2482,044000003067,NUTTER BUTTER PEG BAG 3OZ 1CT,COOKIES,14.0,4,4.67,0.0,1.89,1.89,1.89,1.89,1.29,0.6,31.7,Up,10.7,Stable,0.0,2025-03-18,2025-05-12,117,3,0,4,0,0,0,0,0,0,0,0,0
2483,3014260427863,GILLETTE SINGLE RAZOR CARD 12C,COSMETICS & BEAUTY,14.0,6,2.8,0.42,4.99,4.99,4.99,4.99,3.5,1.49,29.9,Down,-14.3,Stable,0.0,2025-05-07,2025-08-19,17,5,0,0,0,6,0,0,0,0,0,0,0
2484,080893010317,LIL TOP BATTERY TERMINAL,AUTOMOTIVE,14.0,4,3.5,0.33,1.49,1.49,1.49,1.49,1.0,0.49,33.1,Stable,-0.0,Stable,0.0,2025-03-14,2025-06-12,86,4,0,4,0,0,0,0,0,0,0,0,0
2485,TREE48,LITTLE TREE CAR FRESH 48CT,AIR FRESHENER,14.0,5,3.5,0.17,32.58,32.99,30.94,32.99,27.5,5.08,15.6,Down,-28.6,Stable,0.3,2025-03-17,2025-08-29,8,4,0,0,0,0,0,0,5,0,0,0,0
2486,8710522768273,DOVE MEN+CARE SOAP 100G 1CT,COSMETICS & BEAUTY,14.0,5,2.8,0.67,1.29,1.29,1.29,1.29,0.65,0.64,49.6,Down,-7.1,Stable,0.0,2025-03-25,2025-07-09,59,5,0,5,0,0,0,0,0,0,0,0,0
2487,044000088453,NUTTER BUTTER SS 12CT,COOKIES,14.0,13,1.75,0.17,8.49,8.49,8.49,8.49,6.36,2.13,25.1,Down,-12.2,Stable,0.0,2025-03-13,2025-06-22,76,8,0,0,0,0,13,0,0,0,0,0,0
2488,051497036959,BLAZY SUSAN PINK 1-1/4 126CT,CIG ROLLING PAPER,14.0,12,1.56,0.42,29.99,29.99,29.99,29.99,22.5,7.49,25.0,Stable,-2.1,Stable,-0.0,2025-03-17,2025-08-18,18,9,0,0,0,0,0,0,12,0,0,0,0
2489,197644309047,BREZ THC COCKTAIL 12OZ 4CT,NOVELTY ITEMS,14.0,5,4.67,0.0,19.5,19.5,18.00,20.99,15.79,3.71,19.0,Stable,0.0,Stable,-3.9,2025-03-13,2025-04-30,128,3,0,0,0,0,0,2,3,0,0,0,0
2490,655708014431,PRIME AID STOMACH RLIF 36/2CT,MEDICINE,14.0,13,1.27,0.5,14.99,14.99,14.99,14.99,10.81,4.18,27.9,Stable,-2.1,Stable,-0.0,2025-03-20,2025-08-20,17,11,0,0,0,0,0,13,0,0,0,0,0
2491,787188873168,HS GOLD PILLS 24CT,VITAMINS,14.0,13,2.0,1.17,25.23,25.23,22.00,28.99,17.0,8.23,32.6,Stable,-3.6,Stable,-1.5,2025-06-26,2025-08-04,32,7,0,0,0,0,0,0,13,0,0,0,0
2492,070462012323,SOUR PATCH 24CT WATERMELON,CANDYS,14.0,14,1.27,0.67,28.99,28.99,28.99,28.99,23.04,5.95,20.5,Stable,1.4,Stable,0.0,2025-03-16,2025-08-05,31,11,0,0,0,0,0,0,14,0,0,0,0
2493,761856815667,"PIPES 4"" JAR 90CT P-1566",NOVELTY ITEMS,14.0,14,1.56,0.92,38.42,38.36,35.99,39.99,29.7,8.72,22.7,Stable,-1.1,Stable,0.0,2025-04-25,2025-08-27,9,9,0,0,0,0,0,0,14,0,0,0,0
2494,8414646310119,SUPER POWERFLEX GEL 3GMS,STATIONARY,14.0,2,7.0,0.0,0.89,0.89,0.89,0.89,0.53,0.36,40.4,Down,-28.6,Stable,0.0,2025-03-14,2025-04-03,155,2,2,0,0,0,0,0,0,0,0,0,0
2495,717519011112,AL CAPONE 10/10CT JAMAICAN BLZ,LIT CIGARS 003251,14.0,14,1.27,0.67,57.99,57.99,57.99,57.99,52.2,5.79,10.0,Stable,0.7,Stable,0.0,2025-03-10,2025-08-31,5,11,0,0,0,0,0,0,0,14,0,0,0
2496,041116118005,BABY BOTTLE POP 8CT,CANDYS,14.0,12,1.75,0.58,15.99,15.99,15.99,15.99,13.36,2.63,16.4,Stable,-4.1,Stable,0.0,2025-03-23,2025-09-02,3,8,0,0,0,0,0,12,0,0,0,0,0
2497,851681008676,HI-CHEW 15CT - WATERMELON,GUMS/CHICLETS,14.0,14,1.27,0.5,19.99,19.99,19.99,19.99,16.13,3.86,19.3,Stable,-2.9,Stable,0.0,2025-03-22,2025-08-14,22,11,0,0,0,0,0,14,0,0,0,0,0
2498,041840831843,YARDLEY LIQUID HAND SOAP 14OZ,CLEANING PRODUCTS,14.0,8,2.0,0.92,1.49,1.49,1.49,1.49,0.89,0.6,40.3,Up,10.7,Stable,0.0,2025-04-03,2025-08-28,8,7,0,8,0,0,0,0,0,0,0,0,0
2499,20688149260017,SUGAR WAFERS 12CT VANILLA,COOKIES,14.0,14,1.4,0.5,10.99,10.99,10.99,10.99,8.64,2.35,21.4,Stable,-1.7,Stable,0.0,2025-03-12,2025-08-05,31,10,0,0,0,0,0,14,0,0,0,0,0
2500,00041333014616,DURACELL AAA 4PK 18/4CT,BATTERY,14.0,13,1.4,0.42,69.84,71.19,68.99,79.99,52.02,17.82,25.5,Stable,-1.7,Stable,0.9,2025-03-12,2025-08-19,18,10,0,0,0,0,0,0,0,13,0,0,0
2501,817127027984,BIG DOG WRAP 2/$1.99 20CT NATR,LT-TAX-COLLECTED,14.0,13,1.17,0.33,27.99,27.99,27.99,27.99,22.0,5.99,21.4,Stable,-3.0,Stable,0.0,2025-03-26,2025-08-28,9,12,0,0,0,0,0,0,13,0,0,0,0
2502,858765005934,SHOW 5/$1 15/5CT BLACK NATURAL,CIGARS,14.0,14,1.4,0.58,10.69,10.69,10.69,10.69,7.5,3.19,29.8,Stable,2.6,Stable,0.0,2025-04-07,2025-08-24,12,10,0,0,0,0,0,14,0,0,0,0,0
2503,840158612621,FRE $2.99 15MG POUCH 5CT WNTGR,NICOTINE POUCHES,14.0,4,4.67,0.0,9.99,9.99,9.99,9.99,9.15,0.84,8.4,Up,64.3,Stable,0.0,2025-03-12,2025-04-03,156,3,0,0,0,0,4,0,0,0,0,0,0
2504,072084056242,FRUNAS 48CT WATERMELON,CANDYS,14.0,10,1.56,0.75,4.69,4.69,4.69,4.69,3.48,1.21,25.8,Stable,-0.0,Stable,0.0,2025-03-23,2025-08-27,9,9,0,0,0,10,0,0,0,0,0,0,0
2505,655466046279,MITRA KRATOM SELTZER 12OZ,NOVELTY ITEMS,14.0,2,7.0,0.0,3.74,3.74,3.50,3.99,3.0,0.75,19.9,Down,-85.7,Up,13.1,2025-05-01,2025-05-19,110,2,0,0,0,2,0,0,0,0,0,0,0
2506,851681008164,HI-CHEW 15CT - GREEN APPLE,GUMS/CHICLETS,14.0,14,1.17,0.58,19.99,19.99,19.99,19.99,16.13,3.86,19.3,Stable,-1.2,Stable,0.0,2025-03-10,2025-09-02,3,12,0,0,0,0,0,14,0,0,0,0,0
2507,449656443388,VIVA LA HEMP PR 4.5GM 6/2CT,CBD/HEMP,14.0,9,2.0,1.17,45.11,45.11,43.00,47.99,39.0,6.11,13.5,Down,-5.4,Stable,-0.5,2025-06-23,2025-09-04,2,7,0,0,0,0,0,0,9,0,0,0,0
2508,071153651487,STP 66079 OIL TRTMT 15OZ 1CT,AUTOMOTIVE,14.0,4,3.5,0.58,4.19,4.19,4.19,4.19,3.02,1.17,27.9,Stable,-0.0,Stable,0.0,2025-04-15,2025-09-02,3,4,0,0,0,4,0,0,0,0,0,0,0
2509,700598114683,OPMS SILVER 72G/120CT GRN MALY,VITAMINS,14.0,4,4.67,1.0,9.69,9.67,9.50,9.75,8.84,0.85,8.7,Up,42.9,Stable,0.0,2025-05-07,2025-08-10,27,3,0,0,0,0,4,0,0,0,0,0,0
2510,022000114846,ORBIT GUM 12CT SPEARMINT,GUMS/CHICLETS,14.0,14,1.17,0.5,13.99,13.99,13.99,13.99,11.29,2.7,19.3,Stable,-1.8,Stable,-0.0,2025-03-12,2025-09-03,2,12,0,0,0,0,0,14,0,0,0,0,0
2511,017000003481,DIAL BODY WASH 16OZ,COSMETICS & BEAUTY,14.0,5,4.67,0.92,1.99,1.99,1.99,1.99,1.49,0.5,25.1,Down,-10.7,Stable,0.0,2025-03-24,2025-08-01,36,3,0,5,0,0,0,0,0,0,0,0,0
2512,073100012631,COPENHAGEN SF POUCH B MINT 5CT,T7 SMOKELESS GA,14.0,12,1.27,0.5,25.51,25.69,24.99,25.99,24.26,1.25,4.9,Stable,-1.4,Stable,0.3,2025-04-07,2025-08-31,5,11,0,0,0,0,0,0,12,0,0,0,0
2513,860006433802,CANDYMANS MINT BALLS 120CT,CANDYS,13.0,7,2.17,0.83,3.42,3.32,0.00,3.99,3.0,0.42,12.3,Up,11.9,Up,10.3,2025-05-01,2025-08-31,5,6,1,0,0,6,0,0,0,0,0,0,0
2514,851681008171,HI-CHEW 15CT - MANGO,GUMS/CHICLETS,13.0,13,1.08,0.42,19.99,19.99,19.99,19.99,16.13,3.86,19.3,Stable,-2.3,Stable,0.0,2025-03-22,2025-07-30,38,12,0,0,0,0,0,13,0,0,0,0,0
2515,655708018965,THERAFLU DAY TIME 20CT,MEDICINE,13.0,13,1.18,0.58,23.99,23.99,23.99,23.99,19.6,4.39,18.3,Up,6.2,Stable,0.0,2025-03-21,2025-08-15,22,11,0,0,0,0,0,0,13,0,0,0,0
2516,034000116010,REESES PIECES PNUT BUTTER PEG,CANDYS,13.0,3,4.33,0.83,2.69,2.69,2.69,2.69,2.1,0.59,21.9,Up,11.5,Stable,0.0,2025-03-11,2025-07-31,37,3,0,0,3,0,0,0,0,0,0,0,0
2517,041420052156,LEMONHEAD JAR 150CT,CANDYS,13.0,13,1.3,0.75,16.99,16.99,16.99,16.99,13.52,3.47,20.4,Up,5.1,Stable,0.0,2025-03-20,2025-08-27,9,10,0,0,0,0,0,13,0,0,0,0,0
2518,663701902631,LOVE BITES 12CT,VITAMINS,13.0,11,1.62,0.58,9.99,9.99,9.99,9.99,10.0,-0.01,-0.1,Down,-6.6,Stable,0.0,2025-03-23,2025-09-01,5,8,0,0,0,0,11,0,0,0,0,0,0
2519,011020002202,SLEEP WALKER SHOT 12CT ORIG,VITAMINS,13.0,13,1.3,0.58,33.69,33.99,32.00,34.99,30.0,3.69,10.9,Stable,4.2,Stable,0.4,2025-04-08,2025-08-17,19,10,0,0,0,0,0,0,13,0,0,0,0
2520,022000100641,HUBBA BUBBA STRW/WATRM 18CT,CANDYS,13.0,13,1.44,0.58,13.99,13.99,13.99,13.99,10.95,3.04,21.7,Stable,3.5,Stable,0.0,2025-03-18,2025-08-29,8,9,0,0,0,0,0,13,0,0,0,0,0
2521,042100025095,COUGAR SNUFF 5CT,T7 SMOKELESS GA,13.0,7,2.17,1.08,15.98,15.98,15.59,16.49,14.55,1.42,8.9,Down,-33.0,Stable,1.3,2025-06-12,2025-08-04,32,6,0,0,0,0,0,7,0,0,0,0,0
2522,039593380015,KNIFE RETRACTABLE UTILITY,HOUSEHOLD GOODS,13.0,6,2.17,0.5,2.39,2.39,2.39,2.39,1.35,1.04,43.5,Stable,1.3,Stable,0.0,2025-03-15,2025-08-17,20,6,0,0,6,0,0,0,0,0,0,0,0
2523,028000476359,BUTTER FINGER REGULAR 36CT,CANDYS,13.0,12,1.3,0.67,39.12,38.5,18.00,51.52,31.82,7.3,18.7,Up,6.1,Stable,-0.1,2025-03-22,2025-08-31,5,10,0,0,0,0,0,1,10,1,0,0,0
2524,842426155342,GT 4/.99 4K WRAP 30/4CT SWT DL,BLUNT WRAP,13.0,8,1.62,1.0,18.99,18.99,18.99,18.99,16.99,2.0,10.5,Down,-5.1,Stable,0.0,2025-06-02,2025-08-24,12,8,0,0,0,0,0,8,0,0,0,0,0
2525,027200207060,CAPRI MENTHOL JADE 100 BX 10CT,CIGARETTE,13.0,12,1.18,0.58,124.82,126.13,121.89,127.29,107.55,17.26,13.8,Down,-7.7,Stable,0.5,2025-04-08,2025-09-05,1,11,0,0,0,0,0,0,0,0,12,0,0
2526,040000044017,MILKY WAY KS 24CT,CANDYS,13.0,13,1.44,0.5,54.99,54.99,54.99,54.99,41.92,13.07,23.8,Stable,3.5,Stable,0.0,2025-03-16,2025-09-03,2,9,0,0,0,0,0,0,0,13,0,0,0
2527,575463289786,FLYING H GUMMY VEGAN 10/5CT,CBD/HEMP,13.0,6,2.6,0.83,52.58,52.1,50.00,55.00,45.0,7.58,14.4,Stable,-3.8,Stable,-0.5,2025-05-05,2025-09-01,5,5,0,0,0,0,0,0,0,6,0,0,0
2528,676979859538,U FLOSS PICK 60CT,HOUSEHOLD GOODS,13.0,3,6.5,0.0,1.19,1.19,1.19,1.19,0.52,0.67,56.3,Down,-107.7,Stable,0.0,2025-04-07,2025-04-18,140,2,0,3,0,0,0,0,0,0,0,0,0
2529,070195596169,BIG DUKE CHEW $9.99 16OZ 6CT,LT-TAX PAID,13.0,7,2.17,0.67,46.63,46.99,44.50,46.99,43.63,3.0,6.4,Down,-9.2,Stable,0.8,2025-04-30,2025-08-24,12,6,0,0,0,0,0,0,7,0,0,0,0
2530,6291109092889,AL FAKHER 10 X 50GM DRM SCAPE,LT-TAX PAID,13.0,13,1.44,0.58,17.72,18.42,16.49,18.99,16.54,1.18,6.7,Stable,1.2,Stable,1.9,2025-03-30,2025-08-29,7,9,0,0,0,0,0,13,0,0,0,0,0
2531,083078123154,CARMEX 12CT ORIGINAL JAR,COSMETICS & BEAUTY,13.0,13,1.18,0.08,14.99,14.99,14.99,14.99,12.99,2.0,13.3,Stable,3.1,Stable,-0.0,2025-03-18,2025-08-12,25,11,0,0,0,0,0,13,0,0,0,0,0
2532,713091015,PACKWOODS D8 2G PRE ROLL 1CT,CBD/HEMP,13.0,1,13.0,0.0,7.5,7.5,7.50,7.50,5.5,2.0,26.7,Stable,0.0,Stable,0.0,2025-03-13,2025-03-13,176,1,0,0,0,0,1,0,0,0,0,0,0
2533,849205023557,VUSE GOLDEN TOBACCO 5.0% 5/4CT,ECIG - PODS,13.0,12,1.3,0.5,105.99,106.99,103.99,106.99,99.39,6.6,6.2,Stable,-1.4,Stable,0.4,2025-03-10,2025-09-05,1,10,0,0,0,0,0,0,0,0,12,0,0
2534,717340440013,CAKE CART LIVE RESIN D10 5CT,ECIG - PODS D8,13.0,6,2.6,0.17,38.25,37.5,32.50,45.00,31.25,7.0,18.3,Down,-34.6,Stable,3.6,2025-03-17,2025-06-23,75,5,0,0,0,0,0,0,6,0,0,0,0
2535,034000212743,HERSHEYS MINIATURE 4.80 Z PEG,CANDYS,13.0,4,4.33,0.0,2.69,2.69,2.69,2.69,2.11,0.58,21.6,Down,-46.2,Stable,0.0,2025-03-10,2025-05-04,124,3,0,0,4,0,0,0,0,0,0,0,0
2536,799953209201,STOKERS TUB 12OZ LC NATURAL,T7 SMOKELESS GA,13.0,8,1.86,0.5,16.49,16.49,16.49,16.49,15.11,1.38,8.4,Up,5.8,Stable,0.0,2025-03-24,2025-08-25,11,7,0,0,0,0,0,8,0,0,0,0,0
2537,686464455206,KM FLASH POP CANDY 12CT,CANDYS,13.0,12,1.44,0.42,12.99,12.99,12.99,12.99,10.85,2.14,16.5,Stable,2.3,Stable,0.0,2025-03-26,2025-09-03,2,9,0,0,0,0,0,12,0,0,0,0,0
2538,6291109092872,AL FAKHER 10 X 50GM DMND DUST,LT-TAX PAID,13.0,13,1.3,0.42,17.53,18.39,16.49,18.99,16.46,1.07,6.1,Stable,2.3,Stable,1.4,2025-03-19,2025-08-29,7,10,0,0,0,0,0,13,0,0,0,0,0
2539,040000246039,3 MUSKETEERS KS 24CT,CANDYS,13.0,13,1.3,0.58,49.99,49.99,49.99,49.99,42.45,7.54,15.1,Stable,-0.5,Stable,0.0,2025-03-24,2025-08-24,12,10,0,0,0,0,0,0,13,0,0,0,0
2540,071610340282,BACKWOODS 5PK 8/5CT COGNAC,CIGARS,13.0,10,1.44,0.33,37.59,37.99,36.99,37.99,26.53,11.06,29.4,Down,-9.2,Stable,0.4,2025-03-24,2025-08-14,22,9,0,0,0,0,0,0,10,0,0,0,0
2541,850007395681,XTRA LAUNDRY LIQUID 22OZ,CLEANING PRODUCTS,13.0,3,4.33,0.0,1.89,1.89,1.89,1.89,1.15,0.74,39.2,Up,11.5,Stable,0.0,2025-03-27,2025-05-12,117,3,0,3,0,0,0,0,0,0,0,0,0
2542,716053606228,CELLTEKK JAR USB C - IPH 20CT,CELLUAR ACCESSORIES,13.0,12,1.18,0.58,24.99,24.99,24.99,24.99,17.8,7.19,28.8,Stable,3.8,Stable,0.0,2025-03-24,2025-08-20,16,11,0,0,0,0,0,0,12,0,0,0,0
2543,742978846166,LOOSE LEAF 8/5CT PEACH DREAM,LT-TAX-COLLECTED,13.0,13,1.62,0.0,34.99,34.99,34.99,34.99,26.6,8.39,24.0,Down,-5.1,Stable,0.0,2025-03-18,2025-05-20,108,8,0,0,0,0,0,0,13,0,0,0,0
2544,029000022140,PLANTERS 2/1.09 18CT PNTS HR,FOOD,13.0,13,1.3,0.33,7.99,7.99,7.99,7.99,6.34,1.65,20.7,Stable,-0.5,Stable,0.0,2025-03-18,2025-07-14,53,10,0,0,0,0,13,0,0,0,0,0,0
2545,878848874905,ELECTRONIKS A19 LED 6W BULB 1C,HOUSEHOLD GOODS,13.0,5,2.6,0.58,0.99,0.99,0.99,0.99,0.51,0.48,48.4,Up,7.7,Stable,0.0,2025-04-22,2025-08-02,35,5,5,0,0,0,0,0,0,0,0,0,0
2546,073100022142,SKOAL LC CITRUS BLEND 5CT,T7 SMOKELESS GA,13.0,9,1.62,0.75,30.26,30.62,28.99,30.79,28.94,1.32,4.4,Up,5.1,Stable,0.9,2025-04-15,2025-08-28,9,8,0,0,0,0,0,0,9,0,0,0,0
2547,033300611041,HONEY BEE SWEET SNUFF 12CT,T7 SMOKELESS GA,13.0,11,1.3,0.42,144.99,144.99,144.99,144.99,135.91,9.08,6.3,Down,-5.1,Stable,0.0,2025-03-18,2025-08-01,36,10,0,0,0,0,0,0,0,0,11,0,0
2548,10080893740389,LIL AUTO VINYL ELEC TAPE 4CT,HARDWARE,13.0,11,1.44,0.92,6.49,6.49,6.49,6.49,4.26,2.23,34.4,Up,5.8,Stable,0.0,2025-05-30,2025-08-28,8,9,0,0,0,0,11,0,0,0,0,0,0
2549,78623231,XTRON 30K PUFF SMART DISP 5CT,ELECTRONIC CIG,13.0,7,1.86,0.5,46.14,48.0,42.50,49.99,41.96,4.18,9.1,Stable,3.8,Stable,2.4,2025-03-18,2025-07-15,52,7,0,0,0,0,0,0,7,0,0,0,0
2550,051497221744,BLAZY SUSAN 98MM 50CT PINK,CIG ROLLING PAPER,13.0,4,3.25,0.08,10.99,10.99,10.99,10.99,7.47,3.52,32.0,Down,-33.8,Stable,0.0,2025-03-11,2025-08-31,6,4,0,0,0,0,0,4,0,0,0,0,0
2551,031700236680,GAME MINI 15/3CT BLUE,CIGARS,13.0,11,1.44,0.33,18.49,18.49,18.49,18.49,13.5,4.99,27.0,Up,5.8,Stable,0.0,2025-03-13,2025-07-24,44,9,0,0,0,0,0,11,0,0,0,0,0
2552,058847189204,FIRSTFORCE ALL CLEANER 64OZ,CLEANING PRODUCTS,13.0,4,3.25,0.0,1.79,1.79,1.79,1.79,0.92,0.88,48.9,Up,15.4,Stable,0.0,2025-04-03,2025-05-19,110,4,0,4,0,0,0,0,0,0,0,0,0
2553,TIDE1,TIDE DETERGENT 1 LOAD,CLEANING PRODUCTS,13.0,4,3.25,1.08,0.79,0.79,0.79,0.79,0.5,0.29,36.7,Up,9.2,Stable,0.0,2025-06-19,2025-07-28,40,4,4,0,0,0,0,0,0,0,0,0,0
2554,072320700779,HELLO PANDA CHOCOLATE 6CT,CANDYS,13.0,12,1.62,0.33,6.99,6.99,6.99,6.99,5.82,1.17,16.7,Stable,2.2,Stable,0.0,2025-04-04,2025-08-04,32,8,0,0,0,0,12,0,0,0,0,0,0
2555,014200338610,BLOW POP 48CT CHERRY,CANDYS,13.0,13,1.44,0.58,8.99,8.99,8.99,8.99,7.24,1.75,19.5,Stable,1.2,Stable,0.0,2025-03-25,2025-08-31,5,9,0,0,0,0,13,0,0,0,0,0,0
2556,872181005033,TURTLES KS 24CT NUT CLUSTERS,CANDYS,13.0,10,1.62,0.58,39.59,39.85,38.99,39.99,32.54,7.05,17.8,Down,-21.2,Stable,0.5,2025-03-24,2025-09-02,3,8,0,0,0,0,0,0,10,0,0,0,0
2557,076150232264,ACTII POPCORN BUTTER 18CT,FOOD,13.0,12,1.18,0.42,13.99,13.99,13.99,13.99,10.68,3.31,23.7,Stable,-0.8,Stable,0.0,2025-03-16,2025-08-03,33,11,0,0,0,0,0,12,0,0,0,0,0
2558,012546076227,TRIDENT 9CT WHITE WINTERGREEN ,GUMS/CHICLETS,13.0,13,1.44,0.42,10.99,10.99,10.99,10.99,8.71,2.28,20.7,Up,10.4,Stable,0.0,2025-03-12,2025-09-03,3,9,0,0,0,0,0,13,0,0,0,0,0
2559,20819500026212,FUTUROLA SNOOP BLUNT WRAPS 25C,BLUNT WRAP,13.0,13,1.3,0.42,41.53,35.99,0.00,44.99,37.5,4.03,9.7,Stable,-4.2,Stable,-1.6,2025-04-07,2025-08-12,24,10,1,0,0,0,0,0,12,0,0,0,0
2560,850046584268,SCALE D-TEK DT1-650 650x.1G,NOVELTY ITEMS,13.0,5,3.25,0.17,2.99,2.99,2.99,2.99,2.29,0.7,23.4,Down,-33.8,Stable,0.0,2025-03-13,2025-07-08,59,4,0,0,5,0,0,0,0,0,0,0,0
2561,817127029780,HEMP ZONE 5/$1 15CT SWEET,BLUNT WRAP,13.0,3,4.33,0.33,0.0,0.0,0.00,0.00,8.5,-8.5,0.0,Up,11.5,Stable,0.0,2025-04-06,2025-06-08,89,3,3,0,0,0,0,0,0,0,0,0,0
2562,DKG,D&K GRINDER POCKET SIZED 1CT ,NOVELTY ITEMS,13.0,6,3.25,0.92,4.29,4.31,4.00,4.49,3.25,1.04,24.2,Up,21.5,Stable,0.8,2025-04-23,2025-08-14,23,4,0,0,0,6,0,0,0,0,0,0,0
2563,034000202003,REESES STICKS KS 24CT,CANDYS,13.0,13,1.18,0.5,47.99,47.99,47.99,47.99,38.88,9.11,19.0,Stable,1.5,Stable,0.0,2025-03-10,2025-08-31,6,11,0,0,0,0,0,0,13,0,0,0,0
2564,012546010030,BUBBLICIOUS WATERMELON 18CT,GUMS/CHICLETS,13.0,12,1.18,0.67,13.24,14.13,11.99,16.99,10.64,2.6,19.6,Stable,-1.5,Stable,4.1,2025-03-22,2025-08-29,8,11,0,0,0,0,0,12,0,0,0,0,0
2565,840204578031,AIM FLOSS PICK 60CT,HOUSEHOLD GOODS,13.0,3,4.33,0.33,1.39,1.39,1.39,1.39,0.82,0.57,41.0,Up,11.5,Stable,0.0,2025-05-07,2025-07-02,66,3,0,3,0,0,0,0,0,0,0,0,0
2566,010700904140,ZERO REGULAR SIZE 24CT,CANDYS,13.0,13,1.3,0.42,27.99,27.99,27.99,27.99,22.37,5.62,20.1,Down,-7.0,Stable,0.0,2025-03-11,2025-08-18,19,10,0,0,0,0,0,0,13,0,0,0,0
2567,850031542976,CRESCENT 9 WOBBLE THC 12OZ 4CT,NOVELTY ITEMS,13.0,5,2.6,0.33,11.0,11.0,11.00,11.00,8.91,2.09,19.0,Up,11.5,Stable,0.0,2025-04-09,2025-06-22,76,5,0,0,0,0,0,5,0,0,0,0,0
2568,026200117355,SLIM JIM GIANT 24CT TABASCO,FOOD,13.0,13,1.62,0.08,29.53,31.99,0.00,31.99,24.0,5.53,18.7,Stable,3.7,Stable,4.1,2025-03-22,2025-07-06,61,8,1,0,0,0,0,0,12,0,0,0,0
2569,817127021050,HEMP ZONE 5/$1 15CT MANGO,BLUNT WRAP,13.0,8,1.62,0.83,6.24,5.99,0.00,9.99,8.5,-2.26,-36.1,Up,22.7,Stable,1.9,2025-04-06,2025-09-01,5,8,3,0,0,0,5,0,0,0,0,0,0
2570,JJ12,J&J BANDAGE FLEXIBLE 12/8CT,MEDICINE,13.0,13,1.62,0.58,10.99,10.99,10.99,10.99,7.77,3.22,29.3,Stable,-0.7,Stable,0.0,2025-03-22,2025-09-04,1,8,0,0,0,0,0,13,0,0,0,0,0
2571,028200304810,BASIC MNTH SILVER 100 BOX,CIGARETTE,13.0,7,1.86,1.08,88.19,88.19,88.19,88.19,61.84,26.35,29.9,Up,13.5,Stable,-0.0,2025-06-16,2025-08-31,5,7,0,0,0,0,0,0,0,7,0,0,0
2572,072799035426,WERTHER'S ORIG TOFFEE 12CT,CANDYS,13.0,3,4.33,0.25,1.39,1.39,1.39,1.39,0.92,0.47,33.8,Down,-34.6,Stable,0.0,2025-05-06,2025-08-11,25,3,0,3,0,0,0,0,0,0,0,0,0
2573,840045200979,ROGUE 3MG POUCH 5CT CITRUS,NICOTINE POUCHES,13.0,7,2.6,0.0,20.49,20.49,20.49,20.49,19.49,1.0,4.9,Up,34.6,Stable,0.0,2025-03-22,2025-04-26,133,5,0,0,0,0,0,0,7,0,0,0,0
2574,817127024747,HEMP ZONE 5/$1 15CT FRENCH VAN,BLUNT WRAP,13.0,5,2.6,0.83,0.0,0.0,0.00,0.00,8.5,-8.5,0.0,Up,30.8,Stable,0.0,2025-04-06,2025-09-01,5,5,5,0,0,0,0,0,0,0,0,0,0
2575,737488029192,CLICKIT RUGER LRG REVLVER 10CT,LIGHTERS,13.0,12,1.3,0.33,45.71,45.5,44.50,47.00,40.83,4.88,10.7,Stable,-0.5,Stable,0.0,2025-03-13,2025-08-16,21,10,0,0,0,0,0,0,12,0,0,0,0
2576,676979903446,PARTY BOWLS 12OZ 12CT,HOUSEHOLD GOODS,13.0,4,3.25,0.42,1.49,1.49,1.49,1.49,0.73,0.76,51.0,Down,-15.4,Stable,0.0,2025-03-14,2025-08-10,27,4,0,4,0,0,0,0,0,0,0,0,0
2577,719499005556,HIGH HEMP WRAPS 25CT DUTCH CRM,BLUNT WRAP,13.0,13,1.3,0.67,11.99,11.99,11.99,11.99,7.0,4.99,41.6,Up,5.1,Stable,0.0,2025-03-15,2025-08-26,11,10,0,0,0,0,0,13,0,0,0,0,0
2578,040000522065,MILKY WAY 36CT,CANDYS,13.0,13,1.3,0.58,43.37,44.56,41.99,47.99,35.27,8.1,18.7,Stable,0.5,Stable,1.7,2025-03-22,2025-08-03,34,10,0,0,0,0,0,0,13,0,0,0,0
2579,8999999030582,DOVE BODY WASH 200/250ML 1CT,COSMETICS & BEAUTY,13.0,2,6.5,1.08,1.89,1.89,1.89,1.89,1.0,0.89,47.1,Down,-76.9,Stable,0.0,2025-08-18,2025-09-05,1,2,0,2,0,0,0,0,0,0,0,0,0
2580,041364380537,SOUR PUNCH STRAW 24CT S BERRY,CANDYS,13.0,12,1.62,0.42,23.99,23.99,23.99,23.99,18.72,5.27,22.0,Stable,0.7,Stable,0.0,2025-04-08,2025-08-14,22,8,0,0,0,0,0,0,12,0,0,0,0
2581,686464577205,KM WACKY MONKEY TOY CANDY 12CT,CANDYS,13.0,12,1.44,0.5,12.99,12.99,12.99,12.99,9.94,3.05,23.5,Stable,-1.2,Stable,0.0,2025-03-12,2025-07-28,40,9,0,0,0,0,0,12,0,0,0,0,0
2582,030100211679,KEEBLER TOAST CRK W/PB 12CT,COOKIES,13.0,13,1.3,0.33,8.34,7.99,7.99,8.49,6.56,1.78,21.4,Stable,-2.3,Stable,-0.8,2025-03-14,2025-08-27,9,10,0,0,0,0,13,0,0,0,0,0,0
2583,022200960526,LADY SPEED STICK 2.3OZ 1CT,COSMETICS & BEAUTY,13.0,3,6.5,1.08,2.59,2.59,2.59,2.59,1.54,1.05,40.5,Up,138.5,Stable,0.0,2025-06-30,2025-09-03,2,2,0,0,3,0,0,0,0,0,0,0,0
2584,028534110040,HERBS HOT PIG FEET 10-12CT,FOOD,13.0,6,2.17,0.67,15.99,15.99,15.99,15.99,12.75,3.24,20.3,Up,11.9,Stable,0.0,2025-03-23,2025-07-13,54,6,0,0,0,0,0,6,0,0,0,0,0
2585,784762071644,ZIG ZAG WRAP 2/99 25/2CT MELON,BLUNT WRAP,13.0,7,2.17,0.33,14.99,14.99,14.99,14.99,13.75,1.24,8.3,Stable,1.3,Stable,0.0,2025-03-10,2025-08-05,31,6,0,0,0,0,0,7,0,0,0,0,0
2586,025900379315,SS 2/$1.19 30/2CT - GOLD ,CIGARS,13.0,13,1.18,0.33,25.99,25.99,25.99,25.99,19.98,6.01,23.1,Stable,-2.3,Stable,0.0,2025-03-15,2025-08-20,16,11,0,0,0,0,0,0,13,0,0,0,0
2587,783495607533,KXNG CRUSH DK CRUSH 18GM 20CT,LT-TAX PAID,13.0,13,1.3,0.5,49.99,49.99,49.99,49.99,44.0,5.99,12.0,Stable,-2.3,Stable,0.0,2025-03-12,2025-08-04,32,10,0,0,0,0,0,0,13,0,0,0,0
2588,038000097218,POP TARTS 6CT CHOC CHIP,CANDYS,12.5,13,1.39,0.33,5.99,5.99,5.99,5.99,4.51,1.48,24.7,Up,6.0,Stable,-0.0,2025-03-13,2025-09-03,2,9,0,0,0,0,13,0,0,0,0,0,0
2589,784762080431,TENZ WRAP 8/2CT SWEET,CIGARS,12.0,7,2.0,0.25,41.28,41.66,40.99,41.99,33.9,7.37,17.9,Stable,-2.9,Stable,0.4,2025-03-11,2025-09-05,1,6,0,0,0,0,0,0,7,0,0,0,0
2590,028200324214,MARL SLATE BOX 10CT,CIGARETTE,12.0,12,1.2,0.67,82.49,82.94,81.59,83.39,74.22,8.27,10.0,Stable,-0.0,Stable,0.3,2025-05-05,2025-08-26,11,10,0,0,0,0,0,0,0,12,0,0,0
2591,30076171526336,LITTLE TREE CAR VENT 4PK,NOVELTY ITEMS,12.0,8,2.4,0.25,6.99,6.99,6.99,6.99,5.99,1.0,14.3,Up,12.5,Stable,0.0,2025-03-10,2025-06-20,77,5,0,0,0,0,8,0,0,0,0,0,0
2592,025900327637,SS 2/.99 30/2CT STICKY SWEETS,CIGARS,12.0,12,1.71,0.08,21.99,21.99,21.99,21.99,16.5,5.49,25.0,Down,-16.7,Stable,-0.0,2025-03-16,2025-06-30,67,7,0,0,0,0,0,0,12,0,0,0,0
2593,716165252450,RAW ORGANIC BLK KS SLIM 50CT,CIG ROLLING PAPER,12.0,11,1.33,0.67,29.99,29.99,29.99,29.99,21.0,8.99,30.0,Down,-5.0,Stable,-0.0,2025-04-11,2025-08-26,11,9,0,0,0,0,0,0,11,0,0,0,0
2594,817127021036,HEMP ZONE 5/$1 15CT BANANA,BLUNT WRAP,12.0,8,2.0,0.83,3.75,4.28,0.00,9.99,8.5,-4.75,-126.9,Down,-25.7,Up,17.1,2025-04-06,2025-09-01,5,6,5,0,0,0,3,0,0,0,0,0,0
2595,014200328567,BLOW POP SUPER POP 48CT ASST,CANDYS,12.0,12,1.33,0.67,15.49,15.49,15.49,15.49,12.26,3.23,20.9,Up,15.0,Stable,0.0,2025-04-04,2025-09-04,2,9,0,0,0,0,0,12,0,0,0,0,0
2596,034000243006,MR GOODBAR REG 36CT,CANDYS,12.0,12,1.33,0.58,39.95,38.49,17.50,41.99,34.18,5.76,14.4,Stable,3.7,Stable,-0.0,2025-04-10,2025-08-31,5,9,0,0,0,0,0,1,11,0,0,0,0
2597,040000602996,TWIX SNICKERDOODLE RS 20CT ,CANDYS,12.0,12,3.0,1.0,27.99,27.99,27.99,27.99,22.38,5.61,20.0,Down,-33.3,Stable,0.0,2025-07-06,2025-07-31,37,4,0,0,0,0,0,0,12,0,0,0,0
2598,686464495202,KM SWEET SOAKER CANDY 12CT,CANDYS,12.0,12,1.33,0.42,12.99,12.99,12.99,12.99,10.93,2.06,15.9,Stable,-0.0,Stable,0.0,2025-04-03,2025-07-31,36,9,0,0,0,0,0,12,0,0,0,0,0
2599,812934025932,WARNER HOME + IPHN CABLE 22204,CELLUAR ACCESSORIES,12.0,2,6.0,0.42,3.79,3.79,3.79,3.79,2.5,1.29,34.0,Down,-33.3,Stable,0.0,2025-05-13,2025-07-15,53,2,0,0,0,2,0,0,0,0,0,0,0
2600,040000603030,TWIX SNICKERDDL KS 24CT,CANDYS,12.0,12,2.4,1.0,42.32,42.32,41.99,42.99,35.2,7.12,16.8,Down,-29.2,Stable,-0.5,2025-07-06,2025-08-10,26,5,0,0,0,0,0,0,12,0,0,0,0
2601,812934025901,WARNER CAR + IPHN CABLE 22202,CELLUAR ACCESSORIES,12.0,2,6.0,0.33,3.79,3.79,3.79,3.79,2.5,1.29,34.0,Down,-66.7,Stable,0.0,2025-03-30,2025-07-15,53,2,0,0,0,2,0,0,0,0,0,0,0
2602,012300215138,CAMEL PLATINUM BOX 10CT,CIGARETTE,12.0,8,1.5,0.75,97.13,98.14,94.09,99.49,73.47,23.66,24.4,Stable,1.6,Stable,0.9,2025-03-24,2025-09-02,3,8,0,0,0,0,0,0,0,8,0,0,0
2603,028200324313,MARL MENTHL SLATE 100 BOX 10CT,CIGARETTE,12.0,9,1.5,0.83,82.35,82.88,79.39,83.39,74.03,8.32,10.1,Up,9.5,Stable,0.6,2025-03-12,2025-08-22,14,8,0,0,0,0,0,0,0,9,0,0,0
2604,744096520201,SOFT & SILKY NAPKINS 1CT,KITCHEN & TOILET,12.0,4,6.0,0.0,1.49,1.49,1.49,1.49,0.91,0.58,38.9,Up,33.3,Stable,0.0,2025-03-13,2025-03-17,172,2,0,4,0,0,0,0,0,0,0,0,0
2605,055500017263,CLOROX LIQ BLEACH 1.27L,CLEANING PRODUCTS,12.0,5,3.0,1.0,2.79,2.79,0.00,3.49,2.45,0.34,12.2,Down,-33.3,Down,-40.0,2025-08-10,2025-09-01,5,4,1,0,0,4,0,0,0,0,0,0,0
2606,012546011617,TRIDENT 12CT - WINTERGREEN,GUMS/CHICLETS,12.0,12,1.2,0.58,14.66,15.13,13.99,15.99,11.71,2.95,20.1,Stable,-4.0,Stable,1.1,2025-03-10,2025-08-27,9,10,0,0,0,0,0,12,0,0,0,0,0
2607,012546097291,DENTYNE ICE 9CT SPEARMINT,GUMS/CHICLETS,12.0,12,1.5,0.25,10.99,10.99,10.99,10.99,8.73,2.26,20.6,Up,6.3,Stable,0.0,2025-03-24,2025-06-16,81,8,0,0,0,0,0,12,0,0,0,0,0
2608,817127029506,SHOW 5/$1 15/5CT BLACK CHERRY,CIGARS,12.0,11,1.2,0.5,10.69,10.69,10.69,10.69,7.5,3.19,29.8,Stable,1.0,Stable,0.0,2025-04-03,2025-08-01,36,10,0,0,0,0,0,11,0,0,0,0,0
2609,686464545204,KM SOUR BLAST SPRAY CANDY 12CT,CANDYS,12.0,12,1.5,0.33,12.99,12.99,12.99,12.99,10.93,2.06,15.9,Down,-6.3,Stable,0.0,2025-04-03,2025-08-24,12,8,0,0,0,0,0,12,0,0,0,0,0
2610,850026296716,BUG-EE'S GUMMY 96KMG JAR 80CT,CBD/HEMP,12.0,12,1.71,0.08,61.46,60.0,60.00,65.00,55.0,6.46,10.5,Up,6.2,Stable,-0.9,2025-03-12,2025-07-08,60,7,0,0,0,0,0,0,0,12,0,0,0
2611,073100010668,RED SEAL FC NATURAL 5CT,T7 SMOKELESS GA,12.0,6,2.0,0.33,23.69,23.89,23.29,23.89,22.42,1.27,5.4,Stable,2.9,Stable,0.6,2025-03-22,2025-07-03,64,6,0,0,0,0,0,0,6,0,0,0,0
2612,PEAK ANT 100%  ,PEAK ANTIFREEZE 100% 1CT,AUTOMOTIVE,12.0,4,3.0,0.25,10.99,10.99,10.99,10.99,9.25,1.74,15.8,Stable,0.0,Stable,0.0,2025-05-05,2025-08-07,29,4,0,0,0,0,0,4,0,0,0,0,0
2613,840352538031,LOST THC 7.5GM DIAMND DISP 5CT,ECIG - DISP D8,12.0,5,2.4,1.0,80.5,80.5,77.50,82.50,74.76,5.74,7.1,Up,25.0,Stable,-0.0,2025-06-20,2025-08-22,14,5,0,0,0,0,0,0,0,5,0,0,0
2614,323900003613,VICKS VAPORUB JAR 50GM,MISC,12.0,1,12.0,0.0,4.99,4.99,4.99,4.99,3.99,1.0,20.0,Stable,0.0,Stable,0.0,2025-04-15,2025-04-15,143,1,0,0,0,1,0,0,0,0,0,0,0
2615,044000042257,NEWTONS FIG6.5 OZ 1CT,COOKIES,12.0,5,2.4,0.58,2.39,2.99,0.00,2.99,2.2,0.19,7.9,Up,25.0,Up,25.0,2025-04-06,2025-08-03,33,5,1,0,4,0,0,0,0,0,0,0,0
2616,041420084911,LEMONHEAD ROPES PEG BAG 1CT,CANDYS,12.0,4,4.0,0.75,2.29,2.29,2.29,2.29,1.81,0.48,21.0,Stable,0.0,Stable,0.0,2025-05-20,2025-07-30,38,3,0,0,4,0,0,0,0,0,0,0,0
2617,699838864078,DOZO PERKS SHOTS 12CT,KRATOM,12.0,10,2.4,0.08,96.95,87.5,87.50,105.00,80.0,16.95,17.5,Stable,4.2,Stable,-2.8,2025-05-15,2025-06-24,74,5,0,0,0,0,0,0,0,6,4,0,0
2618,070330618893,LGT BIC 50CT TRAY ANIMAL,LIGHTERS,12.0,11,2.0,0.75,65.81,65.99,63.99,65.99,57.18,8.63,13.1,Up,20.0,Stable,0.4,2025-03-17,2025-09-02,4,6,0,0,0,0,0,0,0,11,0,0,0
2619,810134921818,BLAZY SUSAN KS SLIM 50CT PINK,CIG ROLLING PAPER,12.0,12,1.5,0.75,29.99,29.99,29.99,29.99,24.5,5.49,18.3,Stable,1.6,Stable,0.0,2025-05-15,2025-08-30,7,8,0,0,0,0,0,0,12,0,0,0,0
2620,041333038155,DURACELL HANGING AAA 2PK 1CT,BATTERY,12.0,1,12.0,1.0,2.29,2.29,2.29,2.29,1.15,1.14,49.8,Stable,0.0,Stable,0.0,2025-06-16,2025-06-16,82,1,0,0,1,0,0,0,0,0,0,0,0
2621,850049494434,LOUIE LOUIE SELTZER 12OZ 4CT,NOVELTY ITEMS,12.0,2,6.0,0.67,16.0,16.0,16.00,16.00,13.0,3.0,18.8,Up,66.7,Stable,0.0,2025-05-03,2025-07-04,64,2,0,0,0,0,0,2,0,0,0,0,0
2622,810179220839,DA WOODS LEAF 20CT AFGHANI BUZ,LT-TAX-COLLECTED,12.0,9,2.4,1.0,13.49,13.49,13.49,13.49,10.99,2.5,18.5,Down,-12.5,Stable,0.0,2025-07-26,2025-09-02,4,5,0,0,0,0,0,9,0,0,0,0,0
2623,033300616688,KAYAK LC GRAPE TOWER 10CT,T7 SMOKELESS GA,12.0,12,1.2,0.5,23.99,23.99,23.99,23.99,22.53,1.46,6.1,Up,6.1,Stable,0.0,2025-03-16,2025-08-20,17,10,0,0,0,0,0,0,12,0,0,0,0
2624,040000574583,TWIX KS 20CT SALTED CARAMEL,CANDYS,12.0,12,1.2,0.58,41.99,41.99,41.99,41.99,35.63,6.36,15.2,Stable,1.0,Stable,0.0,2025-03-16,2025-09-03,2,10,0,0,0,0,0,0,12,0,0,0,0
2625,810859031779,OOZE TWIST SLIM PEN 1CT,NOVELTY ITEMS,12.0,2,12.0,1.0,7.88,7.88,7.50,8.25,6.75,1.12,14.3,Stable,0.0,Stable,0.0,2025-08-29,2025-08-29,7,1,0,0,0,0,2,0,0,0,0,0,0
2626,030800989007,BIT.O.HONEY 4.2OZ PEG BAG 1CT,CANDYS,12.0,2,12.0,0.0,1.79,1.79,1.79,1.79,1.3,0.49,27.4,Stable,0.0,Stable,0.0,2025-05-13,2025-05-14,114,1,0,2,0,0,0,0,0,0,0,0,0
2627,799953309277,STOKERS LC NATURAL 5CT,T7 SMOKELESS GA,12.0,6,2.4,0.33,16.99,16.99,16.99,16.99,15.85,1.14,6.7,Down,-33.3,Stable,0.0,2025-03-26,2025-08-24,12,5,0,0,0,0,0,6,0,0,0,0,0
2628,676979911199,HOUSE CARE TOIL BOWL CLEAN 2CT,CLEANING PRODUCTS,12.0,1,12.0,1.0,0.99,0.99,0.99,0.99,0.49,0.5,50.5,Stable,0.0,Stable,0.0,2025-08-21,2025-08-21,16,1,1,0,0,0,0,0,0,0,0,0,0
2629,012844040227,EAGLE ONE MAG WHEEL 23OZ,AUTOMOTIVE,12.0,1,12.0,1.0,4.59,4.59,4.59,4.59,2.25,2.34,51.0,Stable,0.0,Stable,0.0,2025-07-30,2025-07-30,37,1,0,0,0,1,0,0,0,0,0,0,0
2630,073390012137,MENTOS GUM 6CT - FRESH MINT,GUMS/CHICLETS,12.0,12,1.5,0.58,21.99,21.99,21.99,21.99,19.17,2.82,12.8,Stable,-3.2,Stable,0.0,2025-05-04,2025-09-01,4,8,0,0,0,0,0,0,12,0,0,0,0
2631,849205022116,VUSE MENTHOL 2.4% 5/1CT,ECIG - PODS,12.0,10,1.5,0.25,42.99,42.99,42.99,42.99,40.88,2.11,4.9,Stable,3.2,Stable,0.0,2025-04-02,2025-08-11,25,8,0,0,0,0,0,0,10,0,0,0,0
2632,700598115772,OPMS SILVER 144G/240CT GR THAI,VITAMINS,12.0,5,3.0,0.5,14.9,14.25,14.00,16.00,12.5,2.4,16.1,Up,13.3,Stable,-2.0,2025-05-07,2025-08-11,25,4,0,0,0,0,0,5,0,0,0,0,0
2633,040000594123,SNICKERS PEANUT BUTTER 18CT,CANDYS,12.0,12,1.09,0.75,24.99,24.99,24.99,24.99,20.0,4.98,19.9,Stable,0.0,Stable,0.0,2025-03-16,2025-08-31,6,11,0,0,0,0,0,0,12,0,0,0,0
2634,094187030486,"ELECTRICAL TAPE 3/4 x 360"" 1CT",HOUSEHOLD GOODS,12.0,2,6.0,0.5,1.09,0.99,0.99,1.19,0.65,0.44,40.4,Stable,0.0,Down,-18.3,2025-04-16,2025-07-31,36,2,1,1,0,0,0,0,0,0,0,0,0
2635,073390020873,MENTOS GUM 6CT - PURE WGREEN,GUMS/CHICLETS,12.0,12,1.33,0.33,21.99,21.99,21.99,21.99,18.64,3.35,15.2,Stable,-0.0,Stable,0.0,2025-03-13,2025-08-14,22,9,0,0,0,0,0,0,12,0,0,0,0
2636,042100045697,GRIZZLY 12MG 5CT - MINT,NICOTINE POUCHES,12.0,9,4.0,1.0,21.99,21.99,21.99,21.99,20.88,1.11,5.0,Down,-37.5,Stable,0.0,2025-08-05,2025-09-01,4,3,0,0,0,0,0,0,9,0,0,0,0
2637,647535993874,CREAM DISP 1.2G D8+THCP LR 5CT,ECIG - DISP D8,12.0,5,3.0,0.0,27.2,27.2,26.00,27.50,21.25,5.95,21.9,Down,-73.3,Stable,0.8,2025-03-13,2025-04-20,139,4,0,0,0,0,0,0,5,0,0,0,0
2638,761720083505,ARGO GLOSS STARCH 1CT,CLEANING PRODUCTS,12.0,1,12.0,0.0,1.59,1.59,1.59,1.59,1.22,0.37,23.3,Stable,0.0,Stable,0.0,2025-04-11,2025-04-11,147,1,0,1,0,0,0,0,0,0,0,0,0
2639,022000125682,WR EXTRA 10CT CINNAMON,GUMS/CHICLETS,12.0,11,1.2,0.58,12.99,12.99,12.99,12.99,10.49,2.5,19.2,Up,7.1,Stable,0.0,2025-03-27,2025-08-30,7,10,0,0,0,0,0,11,0,0,0,0,0
2640,810134922068,BLAZY SUSAN ROSE WRAPS 25/2CT,BLUNT WRAP,12.0,10,2.0,0.33,20.99,20.99,20.99,20.99,15.5,5.49,26.2,Stable,-2.9,Stable,0.0,2025-03-18,2025-08-01,36,6,0,0,0,0,0,0,10,0,0,0,0
2641,703674230741,POP TWIST SLIM 650MAH PEN 1CT,NOVELTY ITEMS,12.0,3,4.0,0.58,5.83,6.0,5.50,6.50,4.5,1.33,22.9,Down,-50.0,Up,8.6,2025-04-18,2025-08-21,16,3,0,0,0,0,3,0,0,0,0,0,0
2642,072250915908,MRS FRESHLEY CUPCAKE CHOC 6CT,CANDYS,12.0,9,2.0,0.08,8.99,8.99,8.99,8.99,7.41,1.58,17.6,Down,-11.4,Stable,0.0,2025-03-10,2025-07-21,47,6,0,0,0,0,9,0,0,0,0,0,0
2643,6291108160282,AL FAKHER 10 X 50GM S/BERRY ,LT-TAX PAID,12.0,12,1.2,0.58,15.99,15.42,0.00,17.99,16.42,-0.43,-2.7,Stable,0.0,Down,-5.0,2025-03-30,2025-09-01,5,10,1,0,0,0,0,11,0,0,0,0,0
2644,649964323536,WILDHEMP WRAP 4/99 20CT DIAMND,BLUNT WRAP,12.0,9,1.71,0.33,10.1,6.5,0.00,12.99,9.5,0.6,6.0,Up,12.5,Stable,-4.5,2025-03-18,2025-09-02,4,7,2,0,0,0,0,7,0,0,0,0,0
2645,025900229634,SS 2/1.29 30/2CT WHITE GRAPE,CIGARS,12.0,8,1.71,0.0,27.99,27.99,27.99,27.99,14.5,13.49,48.2,Stable,2.1,Stable,-0.0,2025-03-13,2025-06-07,90,7,0,0,0,0,0,0,8,0,0,0,0
2646,009060362806,RIP ROLLS RAINBOW 24CT,CANDYS,12.0,8,2.0,0.92,25.99,25.85,22.99,26.99,18.72,7.27,28.0,Stable,-2.9,Stable,-1.4,2025-05-26,2025-08-07,30,6,0,0,0,0,0,0,8,0,0,0,0
2647,8888855001432,GILLETTE BLUE PLUS 2PK ,COSMETICS & BEAUTY,12.0,2,6.0,1.0,1.49,1.49,1.49,1.49,0.63,0.86,57.7,Stable,0.0,Stable,0.0,2025-08-05,2025-08-22,15,2,0,2,0,0,0,0,0,0,0,0,0
2648,6291108160374,AL FAKHER 10 X 50GM LMON MINT ,LT-TAX PAID,12.0,7,2.0,0.5,17.35,17.83,16.49,17.99,16.5,0.85,4.9,Up,5.7,Stable,1.4,2025-03-29,2025-08-07,30,6,0,0,0,0,0,7,0,0,0,0,0
2649,686464496209,KM BUBBLE BLASTER CANDY 6CT,CANDYS,12.0,10,1.5,0.17,12.99,12.99,12.99,12.99,11.15,1.84,14.2,Down,-12.7,Stable,0.0,2025-04-07,2025-07-18,50,8,0,0,0,0,0,10,0,0,0,0,0
2650,027800173833,KEEBLER WAFERS KS 9CT CHOC,COOKIES,12.0,12,1.5,0.5,18.99,18.99,18.99,18.99,15.5,3.49,18.4,Down,-6.3,Stable,0.0,2025-03-27,2025-08-31,6,8,0,0,0,0,0,12,0,0,0,0,0
2651,071815004651,RUBBER BANDS,MISC,12.0,8,1.71,0.42,2.99,2.99,2.99,2.99,0.85,2.14,71.6,Up,18.7,Stable,-0.0,2025-03-13,2025-07-05,62,7,0,0,8,0,0,0,0,0,0,0,0
2652,801822818497,RAZOR 2 BLADE 10PC BL,HOUSEHOLD GOODS,12.0,3,4.0,0.0,1.59,1.59,1.59,1.59,0.75,0.84,52.8,Up,75.0,Stable,0.0,2025-03-10,2025-05-17,112,3,0,3,0,0,0,0,0,0,0,0,0
2653,025900443108,OPTIMO 2/99 GRAPE CIG 30CT,CIGARS,12.0,10,1.5,0.08,22.99,22.99,22.99,22.99,17.11,5.88,25.6,Down,-15.9,Stable,0.0,2025-04-03,2025-08-04,32,8,0,0,0,0,0,0,10,0,0,0,0
2654,SRBD120,BODY OIL DISPLAY SR 120CT,COSMETICS & BEAUTY,12.0,11,1.33,0.33,102.72,100.0,95.00,109.99,82.72,20.0,19.5,Stable,-1.3,Stable,0.2,2025-03-16,2025-08-20,17,9,0,0,0,0,0,0,0,2,9,0,0
2655,619682020161,EZ ROLL 25CT FRANCH MARTINI,BLUNT WRAP,12.0,7,2.0,0.25,6.99,6.99,6.99,6.99,4.99,2.0,28.6,Down,-14.3,Stable,-0.0,2025-03-13,2025-08-14,22,6,0,0,0,0,7,0,0,0,0,0,0
2656,037695176901,CAKEBITES CHOC TUXEDO 12CT,FOOD,12.0,11,1.5,0.25,19.99,19.99,19.99,19.99,15.02,4.97,24.9,Down,-6.3,Stable,0.0,2025-03-10,2025-07-21,47,8,0,0,0,0,0,11,0,0,0,0,0
2657,041420047176,NERDS ROPE 24CT - VERY BERRY,CANDYS,12.0,12,1.2,0.58,25.99,25.99,25.99,25.99,21.3,4.69,18.0,Stable,4.0,Stable,0.0,2025-03-28,2025-09-01,4,10,0,0,0,0,0,0,12,0,0,0,0
2658,799953309376,STOKERS FC  NATURAL 5CT,LT-TAX PAID,12.0,8,2.4,1.0,16.99,16.99,16.99,16.99,15.23,1.76,10.3,Down,-41.7,Stable,0.0,2025-06-15,2025-08-24,12,5,0,0,0,0,0,8,0,0,0,0,0
2659,602323340469,FRESH START CELLULOSE SPONGE,HOUSEHOLD GOODS,12.0,1,12.0,0.0,1.29,1.29,1.29,1.29,0.61,0.68,52.9,Stable,0.0,Stable,0.0,2025-05-26,2025-05-26,103,1,0,1,0,0,0,0,0,0,0,0,0
2660,070330666795,LGT BIC 50CT TRAY SUPERCAR SE ,LIGHTERS,12.0,12,1.09,0.33,63.49,65.99,59.99,65.99,44.99,18.5,29.1,Stable,-2.5,Stable,1.2,2025-03-11,2025-08-22,14,11,0,0,0,0,0,0,0,12,0,0,0
2661,686464829205,KM MI-PHONE GUM DISPENSER 12CT,CANDYS,12.0,12,1.2,0.67,13.99,13.99,13.99,13.99,11.81,2.18,15.6,Stable,1.0,Stable,0.0,2025-04-13,2025-08-18,19,10,0,0,0,0,0,12,0,0,0,0,0
2662,033300611003,BUTTER CUP SWEET SNUFF 12CT,T7 SMOKELESS GA,12.0,12,1.2,0.33,147.49,152.49,144.99,174.99,138.18,9.31,6.3,Stable,-3.0,Stable,1.1,2025-03-11,2025-09-05,1,10,0,0,0,0,0,0,0,0,12,0,0
2663,034000245215,KIT KAT BIG KAT K/S 16CT,CANDYS,12.0,10,1.2,0.17,34.99,34.99,34.99,34.99,25.92,9.07,25.9,Down,-9.1,Stable,0.0,2025-03-22,2025-07-25,42,10,0,0,0,0,0,0,10,0,0,0,0
2664,51130,AF TIRE INFALTOR CAP&HOSE 12CT,AUTOMOTIVE,12.0,1,12.0,1.0,52.99,52.99,52.99,52.99,27.0,25.99,49.0,Stable,0.0,Stable,0.0,2025-07-17,2025-07-17,50,1,0,0,0,0,0,0,0,1,0,0,0
2665,064144043026,CHEF BOYARDEE,FOOD,12.0,2,6.0,1.0,2.49,2.49,2.49,2.49,1.38,1.11,44.6,Down,-100.0,Stable,0.0,2025-06-10,2025-06-15,83,2,0,0,2,0,0,0,0,0,0,0,0
2666,616513707154,"CALA 5"" NAIL FILER",COSMETICS & BEAUTY,12.0,4,3.0,0.83,0.69,0.69,0.69,0.69,0.09,0.6,87.0,Up,46.7,Stable,0.0,2025-04-16,2025-07-31,37,4,4,0,0,0,0,0,0,0,0,0,0
2667,818892018825,GT 5/99 QUICKIE WT GRAPE 75CT,CIGAR GA,12.0,10,1.2,0.58,9.99,9.99,9.99,9.99,8.99,1.0,10.0,Stable,0.0,Stable,0.0,2025-04-03,2025-09-02,3,10,0,0,0,0,10,0,0,0,0,0,0
2668,840158615158,FRE 15MG POUCH 5CT ORIGINAL,NICOTINE POUCHES,12.0,3,6.0,1.0,19.99,19.99,19.99,19.99,19.5,0.49,2.5,Down,-133.3,Stable,0.0,2025-08-27,2025-09-04,2,2,0,0,0,0,0,3,0,0,0,0,0
2669,686464613200,KM FROGGY CHOMP LOLLIPOP 12CT,CANDYS,12.0,11,1.71,0.25,12.99,12.99,12.99,12.99,10.75,2.24,17.2,Down,-6.3,Stable,-0.0,2025-03-13,2025-09-01,4,7,0,0,0,0,0,11,0,0,0,0,0
2670,022000126443,STARBURST MINI SOURTS 24CT,CANDYS,12.0,12,1.33,0.33,33.99,32.99,32.99,34.99,27.08,6.91,20.3,Down,-7.5,Stable,-1.0,2025-03-22,2025-08-18,19,9,0,0,0,0,0,0,12,0,0,0,0
2671,AS,TSHIRT AIGLEMONT SHORT SLV 1CT,GLOVES & T SHIRTS,12.0,1,12.0,0.0,2.99,2.99,2.99,2.99,2.0,0.99,33.1,Stable,0.0,Stable,0.0,2025-04-27,2025-04-27,131,1,0,0,1,0,0,0,0,0,0,0,0
2672,686464487207,KM FLIP PHONE POP 12CT,CANDYS,12.0,11,1.5,0.58,12.99,12.99,12.99,12.99,10.93,2.06,15.9,Stable,-3.2,Stable,0.0,2025-04-07,2025-07-18,50,8,0,0,0,0,0,11,0,0,0,0,0
2673,031700003336,WO BLUNT 5/5PK PEACH,CIGARS,12.0,7,1.71,0.5,19.99,19.99,19.99,19.99,15.5,4.49,22.5,Up,6.2,Stable,0.0,2025-04-13,2025-08-20,16,7,0,0,0,0,0,7,0,0,0,0,0
2674,860001800500,SOUR STRIPS PEG BAG 3.4OZ 1CT,CANDYS,12.0,1,12.0,1.0,2.39,2.39,2.39,2.39,1.89,0.5,20.8,Stable,0.0,Stable,0.0,2025-09-05,2025-09-05,1,1,0,0,1,0,0,0,0,0,0,0,0
2675,8943,MYLAR BAGS FANCY 50CT,NOVELTY ITEMS,12.0,1,12.0,0.0,6.0,6.0,6.00,6.00,4.0,2.0,33.3,Stable,0.0,Stable,0.0,2025-05-18,2025-05-18,110,1,0,0,0,0,1,0,0,0,0,0,0
2676,030800320008,DUM DUMS ORG PEG BAG 3.5OZ,CANDYS,12.0,1,12.0,1.0,1.99,1.99,1.99,1.99,1.52,0.47,23.6,Stable,0.0,Stable,0.0,2025-06-10,2025-06-10,87,1,0,1,0,0,0,0,0,0,0,0,0
2677,686464493208,KM BABY FLASH POP CANDY 12CT,CANDYS,12.0,12,1.0,0.5,12.99,12.99,12.99,12.99,10.93,2.06,15.9,Stable,0.0,Stable,0.0,2025-04-11,2025-09-01,4,12,0,0,0,0,0,12,0,0,0,0,0
2678,059642164007,DOUBLE BUBBLE ASST TUB 300CT,CANDYS,12.0,12,1.0,0.5,14.99,14.99,14.99,14.99,11.7,3.29,21.9,Stable,0.0,Stable,0.0,2025-03-20,2025-09-04,1,12,0,0,0,0,0,12,0,0,0,0,0
2679,028200178701,PARLIAMENT MNTH BX,CIGARETTE,12.0,8,1.71,0.5,96.69,97.29,96.09,98.49,92.41,4.28,4.4,Down,-14.6,Stable,0.4,2025-04-15,2025-08-04,33,7,0,0,0,0,0,0,0,8,0,0,0
2680,026200006215,SLIM JIM ORIGINAL 120CT,FOOD,12.0,9,1.71,0.42,37.99,37.99,37.99,37.99,30.0,7.99,21.0,Up,12.5,Stable,0.0,2025-03-21,2025-07-28,40,7,0,0,0,0,0,0,9,0,0,0,0
2681,658238735005,LOOSE LEAF MINI 8/5CT BANNA DR,LT-TAX-COLLECTED,12.0,11,1.5,0.25,24.99,24.99,24.99,24.99,18.0,6.99,28.0,Stable,-3.2,Stable,0.0,2025-03-18,2025-08-07,29,8,0,0,0,0,0,0,11,0,0,0,0
2682,040000380603,M & M PEANUT BUTTER KING 24CT ,CANDYS,12.0,12,1.2,0.42,49.16,47.99,47.99,49.99,43.14,6.02,12.2,Down,-8.1,Stable,-0.6,2025-03-10,2025-08-31,6,10,0,0,0,0,0,0,12,0,0,0,0
2683,071610341289,DM LEAF 2/1.49  30/2CT PALMA,CIGARS,12.0,12,1.09,0.25,32.99,32.99,32.99,32.99,24.6,8.39,25.4,Stable,-3.3,Stable,0.0,2025-03-19,2025-08-13,23,11,0,0,0,0,0,0,12,0,0,0,0
2684,073141152204,POCKY 10CT STRAWBERRY,CANDYS,12.0,9,2.0,0.17,19.99,19.99,19.99,19.99,16.0,3.99,20.0,Down,-17.1,Stable,0.0,2025-03-27,2025-09-04,2,6,0,0,0,0,0,9,0,0,0,0,0
2685,071610341265,DM LEAF 2/1.49  30/2CT GOLD,CIGARS,12.0,10,1.33,0.33,32.99,32.99,32.99,32.99,24.6,8.39,25.4,Down,-12.5,Stable,0.0,2025-03-29,2025-08-23,13,9,0,0,0,0,0,0,10,0,0,0,0
2686,040000044666,SKITTLES SOUR KING SIZE 24CT,CANDYS,12.0,12,1.2,0.5,52.99,52.99,52.99,52.99,43.22,9.77,18.4,Stable,3.0,Stable,0.0,2025-03-16,2025-09-03,2,10,0,0,0,0,0,0,0,12,0,0,0
2687,649964327213,WILDHEMP WRAP 4/99 20CT BANANA,BLUNT WRAP,12.0,8,1.5,0.5,11.37,9.74,0.00,12.99,9.5,1.87,16.4,Stable,1.6,Stable,-1.4,2025-03-28,2025-09-01,5,8,1,0,0,0,0,7,0,0,0,0,0
2688,040000559849,DOVE MILK CHOCOLATE 18CT,CANDYS,12.0,12,1.33,0.58,24.99,24.99,24.99,24.99,20.62,4.37,17.5,Down,-10.0,Stable,0.0,2025-03-11,2025-09-03,3,9,0,0,0,0,0,0,12,0,0,0,0
2689,878848890462,PROTOUCH LIQUID SHOE POLSH 1CT,HOUSEHOLD GOODS,12.0,2,12.0,1.0,1.19,1.19,1.19,1.19,0.63,0.56,46.7,Stable,0.0,Stable,0.0,2025-08-18,2025-08-21,16,1,0,2,0,0,0,0,0,0,0,0,0
2690,784762071620,ZIG ZAG WRAP 2/99 25/2CT PEACH,BLUNT WRAP,11.0,9,1.57,0.58,14.99,14.99,14.99,14.99,13.75,1.24,8.3,Up,27.3,Stable,-0.0,2025-04-03,2025-08-22,15,7,0,0,0,0,0,9,0,0,0,0,0
2691,632365122198,KOKO ICE/SLUSH SQUEEZE 12CT,CANDYS,11.0,10,1.22,0.58,13.79,13.99,12.99,13.99,10.42,3.37,24.5,Stable,-2.7,Stable,0.8,2025-03-26,2025-08-20,16,9,0,0,0,0,0,10,0,0,0,0,0
2692,073100011030,SKOAL LC CHERRY 5CT,T7 SMOKELESS GA,11.0,6,1.83,0.5,30.16,30.79,28.99,30.79,28.52,1.64,5.4,Up,14.0,Stable,1.2,2025-03-23,2025-08-29,8,6,0,0,0,0,0,0,6,0,0,0,0
2693,4801010562108,J&J BABY SOAP 100GM,COSMETICS & BEAUTY,11.0,2,5.5,0.0,0.99,0.99,0.99,0.99,0.65,0.34,34.3,Down,-18.2,Stable,0.0,2025-04-07,2025-05-12,117,2,2,0,0,0,0,0,0,0,0,0,0
2694,014200337064,BLOW POP 48CT SWEET,CANDYS,11.0,11,1.22,0.42,8.99,8.99,8.99,8.99,7.24,1.75,19.5,Stable,-0.0,Stable,0.0,2025-03-12,2025-09-04,1,9,0,0,0,0,11,0,0,0,0,0,0
2695,037000449799,CREST MOUTHWASH 1.2OZ ,HOUSEHOLD GOODS,11.0,1,11.0,0.92,0.99,0.99,0.99,0.99,0.55,0.44,44.4,Stable,0.0,Stable,0.0,2025-08-18,2025-08-18,19,1,1,0,0,0,0,0,0,0,0,0,0
2696,040000012443,M & M PEANUT BUTTER REG 24CT,CANDYS,11.0,11,1.0,0.42,28.35,28.79,27.99,31.99,22.79,5.56,19.6,Stable,0.0,Stable,0.6,2025-03-18,2025-08-11,25,11,0,0,0,0,0,0,11,0,0,0,0
2697,787692835607,LENNY & LARRY 12CT WHT CHOC MC,COOKIES,11.0,11,1.1,0.33,22.49,22.49,22.49,22.49,18.63,3.86,17.2,Stable,-5.0,Stable,0.0,2025-03-12,2025-08-08,28,10,0,0,0,0,0,0,11,0,0,0,0
2698,076150232561,ACT II BUTTER LVR POPCORN 18CT,FOOD,11.0,10,1.38,0.42,13.99,13.99,13.99,13.99,10.71,3.28,23.4,Up,7.8,Stable,0.0,2025-03-18,2025-09-05,1,8,0,0,0,0,0,10,0,0,0,0,0
2699,300410825737,ORAL-B ESSENTIAL FLOSS 1CT,HOUSEHOLD GOODS,11.0,3,3.67,0.92,2.79,2.79,2.79,2.79,1.59,1.2,43.0,Up,40.9,Stable,0.0,2025-08-09,2025-09-05,1,3,0,0,3,0,0,0,0,0,0,0,0
2700,071610341173,DM 2/1.29 30/2CT ROYAL HAZE,CIGARS,11.0,10,2.2,0.5,29.99,29.99,29.99,29.99,23.22,6.77,22.6,Up,27.3,Stable,0.0,2025-04-26,2025-09-03,2,5,0,0,0,0,0,0,10,0,0,0,0
2701,850016674388,LADY'S CHOICE DEO STICK 1.2OZ,COSMETICS & BEAUTY,11.0,4,3.67,0.17,1.59,1.59,1.59,1.59,0.95,0.64,40.3,Down,-27.3,Stable,0.0,2025-04-02,2025-06-20,78,3,0,4,0,0,0,0,0,0,0,0,0
2702,044600009384,CLOROX LIQ BLEACH 709ML,CLEANING PRODUCTS,11.0,4,2.75,0.42,3.29,3.29,3.29,3.29,2.35,0.94,28.6,Stable,-3.6,Stable,0.0,2025-04-23,2025-08-19,17,4,0,0,0,4,0,0,0,0,0,0,0
2703,029000351745,PLANTERS 15CT DRY RSTD PNTS,FOOD,11.0,10,1.22,0.33,10.99,10.99,10.99,10.99,9.36,1.63,14.8,Down,-5.5,Stable,0.0,2025-03-24,2025-08-20,17,9,0,0,0,0,0,10,0,0,0,0,0
2704,676979827346,U CHOICE HAND WASH 13.5OZ 1CT,MISC,11.0,4,5.5,0.92,1.39,1.39,1.39,1.39,0.76,0.63,45.3,Down,-90.9,Stable,0.0,2025-08-13,2025-08-24,12,2,0,4,0,0,0,0,0,0,0,0,0
2705,034000026418,CARAMELLO BAR RS 1.6OZ 18CT,CANDYS,11.0,11,1.22,0.25,20.67,21.49,19.99,21.49,16.83,3.85,18.6,Stable,-4.1,Stable,1.2,2025-03-10,2025-08-24,12,9,0,0,0,0,0,6,5,0,0,0,0
2706,012546014199,TRIDENT 6CT 28STK - TROPICAL,GUMS/CHICLETS,11.0,9,1.22,0.33,13.88,14.99,12.99,14.99,11.2,2.68,19.3,Down,-8.2,Stable,2.4,2025-03-22,2025-09-01,4,9,0,0,0,0,0,9,0,0,0,0,0
2707,073390012274,MENTOS GUM 6CT - PURE WHITE,GUMS/CHICLETS,11.0,11,1.22,0.58,21.99,21.99,21.99,21.99,18.82,3.17,14.4,Down,-6.8,Stable,0.0,2025-03-25,2025-09-01,4,9,0,0,0,0,0,0,11,0,0,0,0
2708,619682998842,TRUE HEMP 25/2CT HONEY,BLUNT WRAP,11.0,3,3.67,0.58,6.66,5.0,0.00,9.99,8.0,-1.34,-20.1,Up,27.3,Down,-75.0,2025-04-22,2025-09-01,5,3,1,0,0,0,2,0,0,0,0,0,0
2709,071121962539,CUTTER SPORT INSECT 6.OZ,CLEANING PRODUCTS,11.0,5,2.2,0.92,3.99,3.99,3.99,3.99,3.38,0.61,15.3,Down,-9.1,Stable,0.0,2025-06-24,2025-08-24,13,5,0,0,0,5,0,0,0,0,0,0,0
2710,012300160131,MORE 120 GREEN BOX 10CT,CIGARETTE,11.0,11,1.1,0.58,124.59,125.75,121.89,127.29,118.03,6.56,5.3,Stable,0.6,Stable,0.6,2025-04-03,2025-08-28,8,10,0,0,0,0,0,0,0,0,11,0,0
2711,6291108161586,AL FAKHER 10 X 50GM MELON ,LT-TAX PAID,11.0,5,2.2,0.33,17.39,17.74,16.50,17.99,16.4,0.99,5.7,Stable,0.0,Stable,1.4,2025-04-18,2025-08-07,30,5,0,0,0,0,0,5,0,0,0,0,0
2712,079400480224,SUAVE DEO STICK 1.2OZ 1CT,COSMETICS & BEAUTY,11.0,4,2.75,0.42,1.99,1.99,1.99,1.99,1.31,0.68,34.2,Stable,-3.6,Stable,0.0,2025-04-03,2025-08-01,36,4,0,4,0,0,0,0,0,0,0,0,0
2713,858765008898,SHOW 5/$1 15/5CT ICE,CIGARS,11.0,9,1.83,0.5,10.69,10.69,10.69,10.69,7.5,3.19,29.8,Down,-14.0,Stable,0.0,2025-03-10,2025-07-27,41,6,0,0,0,0,0,9,0,0,0,0,0
2714,031700238752,GAME LEAF 2/1.49 15/2CT BK RAS,CIGARS,11.0,10,1.1,0.42,16.99,16.99,16.99,16.99,13.0,3.99,23.5,Stable,1.7,Stable,0.0,2025-04-03,2025-08-27,9,10,0,0,0,0,0,10,0,0,0,0,0
2715,650075994584,OPMS SILVER 36G/60CT RED MD,VITAMINS,11.0,5,2.2,0.33,5.79,5.82,5.29,6.00,4.29,1.5,25.9,Down,-13.6,Stable,-0.6,2025-03-20,2025-08-10,26,5,0,0,0,0,5,0,0,0,0,0,0
2716,887969011755,ZONE 9MM 5CT SPEARMINT,NICOTINE POUCHES,11.0,8,1.38,0.5,18.99,18.99,18.99,18.99,17.5,1.49,7.8,Stable,-2.6,Stable,0.0,2025-05-05,2025-09-01,5,8,0,0,0,0,0,8,0,0,0,0,0
2717,840158608303,FRE 9MG POUCH 5CT SWEET,NICOTINE POUCHES,11.0,6,1.83,0.92,20.32,20.32,19.99,20.49,19.5,0.82,4.1,Stable,4.7,Stable,-0.3,2025-07-15,2025-09-03,2,6,0,0,0,0,0,2,4,0,0,0,0
2718,010700804280,ZERO KING SIZE 12CT,CANDYS,11.0,11,1.38,0.5,24.99,24.99,24.99,24.99,19.44,5.55,22.2,Up,6.1,Stable,0.0,2025-04-12,2025-08-05,32,8,0,0,0,0,0,0,11,0,0,0,0
2719,034000052202,ALMOND JOY KS 18CT,CANDYS,11.0,11,1.1,0.58,35.99,35.99,35.99,35.99,29.24,6.75,18.7,Stable,-3.9,Stable,0.0,2025-03-13,2025-09-03,2,10,0,0,0,0,0,0,11,0,0,0,0
2720,046500018107,OFF INSECT REPELLENT 6OZ,MISC,11.0,4,3.67,0.92,5.99,5.99,5.99,5.99,4.8,1.2,19.9,Down,-27.3,Stable,0.0,2025-06-25,2025-07-06,61,3,0,0,0,0,4,0,0,0,0,0,0
2721,802084128485,AFZAL 250GM - PAAN RAAS,LT-TAX PAID,11.0,8,1.38,0.67,10.36,10.49,9.99,10.49,9.06,1.3,12.6,Up,9.5,Stable,0.7,2025-03-22,2025-09-01,4,8,0,0,0,0,2,6,0,0,0,0,0
2722,676979826295,MAXI REG WITH WINGS 18PK 1CT ,MEDICINE,11.0,3,3.67,0.92,2.29,2.29,2.29,2.29,1.02,1.27,55.5,Up,13.6,Stable,0.0,2025-08-04,2025-09-02,3,3,0,0,3,0,0,0,0,0,0,0,0
2723,686464462204,KM FLASH POP RING 24CT,CANDYS,11.0,11,1.1,0.42,15.99,15.99,15.99,15.99,12.14,3.85,24.0,Stable,-3.9,Stable,0.0,2025-04-05,2025-09-01,4,10,0,0,0,0,0,11,0,0,0,0,0
2724,009060349692,RIP ROLLS 24CT WATERMELON ,CANDYS,11.0,11,1.1,0.42,22.99,22.99,22.99,22.99,18.72,4.27,18.6,Stable,-0.6,Stable,0.0,2025-04-11,2025-08-12,24,10,0,0,0,0,0,0,11,0,0,0,0
2725,802084127860,AFZAL 250GM - LYCHEE,LT-TAX PAID,11.0,11,1.1,0.42,10.4,10.49,9.99,10.49,9.3,1.1,10.6,Stable,-0.6,Stable,0.5,2025-03-15,2025-08-22,15,10,0,0,0,0,2,9,0,0,0,0,0
2726,009060349685,RIP ROLLS STRAWBERRY 24CT,CANDYS,11.0,11,1.38,0.5,22.99,22.99,22.99,22.99,18.72,4.27,18.6,Stable,-4.3,Stable,0.0,2025-03-30,2025-08-31,6,8,0,0,0,0,0,0,11,0,0,0,0
2727,676979851785,ALUMINUM FOIL 30SQFT 1CT,HOUSEHOLD GOODS,11.0,4,3.67,0.67,1.69,1.69,1.69,1.69,0.88,0.81,48.1,Up,95.5,Stable,0.0,2025-04-04,2025-08-21,16,3,0,4,0,0,0,0,0,0,0,0,0
2728,2200,THERMAL 2 5/16 X 400 50CT,MISC,11.0,11,1.38,0.33,39.99,39.99,39.99,39.99,21.0,18.99,47.5,Down,-6.1,Stable,0.0,2025-03-18,2025-09-03,2,8,0,0,0,0,0,0,11,0,0,0,0
2729,676979911137,FEMININE CLOTH 40CT,CLEANING PRODUCTS,11.0,1,11.0,0.92,1.29,1.29,1.29,1.29,0.54,0.75,58.1,Stable,0.0,Stable,0.0,2025-06-23,2025-06-23,75,1,0,1,0,0,0,0,0,0,0,0,0
2730,6291108161302,AL FAKHER 10 X 50GM GUAVA ,LT-TAX PAID,11.0,9,1.38,0.75,17.93,18.28,16.49,18.99,16.83,1.1,6.1,Up,14.7,Stable,1.5,2025-04-09,2025-08-21,16,8,0,0,0,0,0,9,0,0,0,0,0
2731,072320600123,YAN YAN CRACKER DIP 10CT VANIL,CANDYS,11.0,10,1.57,0.5,10.99,10.99,10.99,10.99,9.2,1.79,16.3,Down,-11.4,Stable,-0.0,2025-03-18,2025-09-05,1,7,0,0,0,0,0,10,0,0,0,0,0
2732,676979000336,"FOILRITE ALUMINUM PAN 9"" 3CT",KITCHEN & TOILET,11.0,5,2.2,0.08,1.69,1.69,1.69,1.69,0.92,0.77,45.6,Up,9.1,Stable,0.0,2025-03-18,2025-06-24,73,5,0,5,0,0,0,0,0,0,0,0,0
2733,784762071712,ZIG ZAG WRAP 2/99 25/2CT VANLA,BLUNT WRAP,11.0,10,1.1,0.5,14.99,14.99,14.99,14.99,13.5,1.49,9.9,Stable,-3.9,Stable,0.0,2025-04-03,2025-09-05,1,10,0,0,0,0,0,10,0,0,0,0,0
2734,686464425209,KM FANCY HENNY DBLE BUBBLE 12C,CANDYS,11.0,11,1.38,0.17,13.99,13.99,13.99,13.99,11.81,2.18,15.6,Down,-9.5,Stable,0.0,2025-04-03,2025-08-20,16,8,0,0,0,0,0,11,0,0,0,0,0
2735,036500100643,COPY PAPER CASE 10 REAMS,STATIONARY,11.0,3,3.67,0.42,49.99,49.99,49.99,49.99,37.66,12.33,24.7,Up,27.3,Stable,0.0,2025-03-19,2025-08-09,28,3,0,0,0,0,0,0,3,0,0,0,0
2736,786560557016,MET-RX BIG 100 9CT COOKIE CRUN,CANDYS,11.0,11,1.1,0.33,21.49,21.49,21.49,21.49,19.48,2.01,9.4,Stable,-2.8,Stable,0.0,2025-04-12,2025-09-01,4,10,0,0,0,0,0,0,11,0,0,0,0
2737,854844003129,HAZE 72CT HOOKAH CHARCOAL,NOVELTY ITEMS,11.0,7,2.75,0.75,3.42,2.99,0.00,5.99,3.25,0.17,5.1,Up,10.9,Down,-24.0,2025-03-13,2025-09-04,1,4,3,0,0,0,4,0,0,0,0,0,0
2738,786560557023,MET-RX BIG 100 9CT APPLE PIE ,CANDYS,11.0,11,1.1,0.33,21.49,21.49,21.49,21.49,19.48,2.01,9.4,Stable,2.8,Stable,0.0,2025-04-04,2025-09-01,4,10,0,0,0,0,0,0,11,0,0,0,0
2739,018804057182,ICEE 9CT MINI BLUEBERRY ,GUMS/CHICLETS,11.0,11,1.0,0.33,13.99,13.99,13.99,13.99,11.52,2.47,17.7,Stable,0.0,Stable,0.0,2025-03-22,2025-09-01,4,11,0,0,0,0,0,11,0,0,0,0,0
2740,034000238101,KIT KAT RS 24CT - VANILLA,CANDYS,11.0,10,1.38,0.42,28.99,29.99,27.99,29.99,22.64,6.36,21.9,Stable,-2.6,Stable,1.3,2025-03-22,2025-08-09,28,8,0,0,0,0,0,0,10,0,0,0,0
2741,01313703,HEINZ SWEET RELISH 12.7OZ 1CT,FOOD,11.0,4,2.75,0.25,2.39,2.39,2.39,2.39,2.18,0.21,8.8,Up,18.2,Stable,0.0,2025-04-28,2025-06-10,88,4,0,0,4,0,0,0,0,0,0,0,0
2742,764608012420,PERMANENT MARKER 3PK,MISC,11.0,8,1.57,0.25,2.49,2.49,2.49,2.49,1.0,1.49,59.8,Down,-11.4,Stable,-0.0,2025-03-24,2025-08-31,5,7,0,0,8,0,0,0,0,0,0,0,0
2743,515427301000,BABY STONER SPIN GUN LGT 1CT,LIGHTERS,11.0,2,11.0,0.0,6.0,6.0,6.00,6.00,4.99,1.01,16.8,Stable,0.0,Stable,0.0,2025-03-25,2025-03-28,161,1,0,0,0,0,2,0,0,0,0,0,0
2744,721874007161,POP ROCKS DIPS 18CT BLUE RASP,CANDYS,11.0,11,1.1,0.42,12.99,12.99,12.99,12.99,9.18,3.81,29.3,Stable,-5.0,Stable,0.0,2025-03-17,2025-07-28,39,10,0,0,0,0,0,11,0,0,0,0,0
2745,012546011419,TRIDENT 12CT - PEPPERMINT,GUMS/CHICLETS,11.0,10,1.38,0.83,14.69,14.77,13.99,15.99,11.31,3.38,23.0,Stable,0.9,Stable,1.6,2025-04-15,2025-09-04,1,8,0,0,0,0,0,10,0,0,0,0,0
2746,040000595496,SNICKERS RS PECAN 24CT,CANDYS,11.0,11,1.38,0.42,31.99,31.99,31.99,31.99,27.49,4.5,14.1,Stable,2.6,Stable,0.0,2025-04-04,2025-08-12,24,8,0,0,0,0,0,0,11,0,0,0,0
2747,038000264498,RICE KRISPIE RAINBOW 12CT,COOKIES,11.0,11,1.57,0.67,15.99,15.99,15.99,15.99,13.46,2.53,15.8,Stable,-2.3,Stable,-0.0,2025-03-24,2025-09-03,2,7,0,0,0,0,0,11,0,0,0,0,0
2748,025900229580,SS 2/1.29 30/2CT PEACH,CIGARS,11.0,9,1.38,0.5,27.99,27.99,27.99,27.99,14.5,13.49,48.2,Stable,-0.9,Stable,0.0,2025-04-03,2025-09-04,1,8,0,0,0,0,0,0,9,0,0,0,0
2749,076677159082,FAMOUS AMOS CHOC CHIP 6CT,CANDYS,11.0,9,1.38,0.83,9.99,9.99,9.99,9.99,7.68,2.31,23.1,Stable,0.9,Stable,0.0,2025-05-23,2025-08-31,5,8,0,0,0,0,9,0,0,0,0,0,0
2750,878848874936,ELECTRONIKS A19LED 14W BULB 1C,HOUSEHOLD GOODS,11.0,4,2.75,0.5,1.29,1.29,1.29,1.29,0.8,0.49,37.8,Stable,3.6,Stable,0.0,2025-04-22,2025-09-03,3,4,0,4,0,0,0,0,0,0,0,0,0
2751,737488029031,EAGLE CROCODILE W/CLOCK 20CT,LIGHTERS,11.0,11,1.22,0.25,74.68,76.0,69.00,79.99,66.18,8.5,11.4,Stable,-1.4,Stable,1.3,2025-03-18,2025-08-05,32,9,0,0,0,0,0,0,0,11,0,0,0
2752,SUPLG,SUPER HOOKAH LG 1CT,NOVELTY ITEMS,11.0,5,2.2,0.25,13.79,13.99,12.99,13.99,9.99,3.8,27.6,Up,31.8,Stable,1.5,2025-03-26,2025-07-04,64,5,0,0,0,0,0,5,0,0,0,0,0
2753,850011675151,WHIP-IT N20 CREAM CHRGER 100CT,MISC,11.0,3,3.67,0.33,45.0,50.0,42.50,50.00,40.83,4.17,9.3,Stable,0.0,Up,8.3,2025-04-07,2025-07-28,39,3,0,0,0,0,0,0,2,1,0,0,0
2754,676979826301,MAXI REG WITH WINGS 16PK 1CT ,MEDICINE,11.0,3,3.67,0.92,2.49,2.49,2.49,2.49,0.78,1.71,68.6,Up,13.6,Stable,0.0,2025-08-12,2025-08-31,5,3,0,0,3,0,0,0,0,0,0,0,0
2755,072250030472,MRS FRESHLEY MINI POW DON 12CT,CANDYS,11.0,9,1.38,0.17,17.49,17.49,17.49,17.49,14.82,2.67,15.3,Down,-9.5,Stable,0.0,2025-03-14,2025-07-21,47,8,0,0,0,0,0,9,0,0,0,0,0
2756,6291108166482,AL FAKHER 250GM BLUEBERRY,LT-TAX PAID,11.0,4,2.75,0.33,9.99,9.99,9.99,9.99,8.78,1.2,12.1,Up,25.5,Stable,0.0,2025-03-25,2025-06-21,76,4,0,0,0,0,4,0,0,0,0,0,0
2757,6924513906182,HALLS 20CT MENTHOLYPTUS,CANDYS,11.0,11,1.38,0.75,16.99,16.99,16.99,16.99,13.67,3.32,19.5,Stable,4.3,Stable,0.0,2025-06-06,2025-09-03,2,8,0,0,0,0,0,11,0,0,0,0,0
2758,022000114860,ORBIT GUM 12CT PEPPERMINT,GUMS/CHICLETS,11.0,10,1.57,0.67,13.99,13.99,13.99,13.99,11.3,2.69,19.2,Up,22.7,Stable,-0.0,2025-04-20,2025-09-05,1,7,0,0,0,0,0,10,0,0,0,0,0
2759,817127028257,SHOW LEAF 2/1.29 15/2PK RUS CR,LT-TAX-COLLECTED,11.0,6,1.83,0.67,12.99,12.99,12.99,12.99,10.5,2.49,19.2,Stable,-4.7,Stable,0.0,2025-03-18,2025-08-20,17,6,0,0,0,0,0,6,0,0,0,0,0
2760,024291141273,PENZ BOOSTER CABLE 8FT,HARDWARE,11.0,5,2.75,0.67,7.99,7.99,7.99,7.99,5.99,2.0,25.0,Up,18.2,Stable,0.0,2025-05-28,2025-08-21,16,4,0,0,0,0,5,0,0,0,0,0,0
2761,051497066796,BLAZY SUSAN PINK COTTON BUDS ,MEDICINE,11.0,4,2.75,0.75,2.99,2.99,2.99,2.99,1.35,1.64,54.8,Down,-10.9,Stable,0.0,2025-04-18,2025-08-24,12,4,0,0,4,0,0,0,0,0,0,0,0
2762,024291293699,HAND & BODY WIPES 1CT,COSMETICS & BEAUTY,11.0,1,11.0,0.0,0.89,0.89,0.89,0.89,0.35,0.54,60.7,Stable,0.0,Stable,0.0,2025-04-17,2025-04-17,142,1,1,0,0,0,0,0,0,0,0,0,0
2763,012546011884,TRIDENT 12CT - CINNAMON,GUMS/CHICLETS,11.0,11,1.22,0.58,14.63,14.99,13.99,15.99,11.04,3.59,24.5,Stable,-1.4,Stable,1.1,2025-04-13,2025-09-05,1,9,0,0,0,0,0,11,0,0,0,0,0
2764,099900703876,NESTLE CRUNCH 36CT,CANDYS,11.0,11,1.22,0.33,38.99,38.99,38.99,38.99,30.96,8.03,20.6,Down,-8.2,Stable,0.0,2025-04-03,2025-07-30,38,9,0,0,0,0,0,0,11,0,0,0,0
2765,047400670389,GILLETTE FIXED DISP RAZOR 10CT,HOUSEHOLD GOODS,11.0,3,3.67,0.92,3.99,3.99,3.99,3.99,2.0,1.99,49.9,Up,40.9,Stable,0.0,2025-06-24,2025-07-08,60,3,0,0,0,3,0,0,0,0,0,0,0
2766,676979902098,U CARPET CLEANER 12OZ 1 CT ,CLEANING PRODUCTS,11.0,4,2.75,0.58,1.69,1.69,1.69,1.69,0.76,0.93,55.1,Down,-25.5,Stable,0.0,2025-06-05,2025-08-27,9,4,0,4,0,0,0,0,0,0,0,0,0
2767,012300108751,CAMEL CRUSH RICH 10CT,CIGARETTE,11.0,9,1.38,0.67,85.19,85.59,83.19,86.79,79.89,5.3,6.2,Stable,2.6,Stable,0.5,2025-04-09,2025-08-21,16,8,0,0,0,0,0,0,0,9,0,0,0
2768,071720305010,TOOTSIE CARAMEL APPLE POP 48CT,CANDYS,11.0,8,1.38,0.58,8.99,8.99,8.99,8.99,7.24,1.75,19.5,Stable,-2.6,Stable,0.0,2025-04-16,2025-08-31,5,8,0,0,0,0,8,0,0,0,0,0,0
2769,840439106481,ZIG ZAG HEMP B4G1 ASST 5CT,BLUNT WRAP,11.0,6,1.83,0.33,39.33,23.0,0.00,47.99,44.0,-4.67,-11.9,Stable,1.6,Down,-10.7,2025-03-13,2025-08-26,10,6,1,0,0,0,0,0,5,0,0,0,0
2770,072084056259,FRUNAS 48CT BLUE RASBERRY,CANDYS,11.0,7,2.2,0.17,4.69,4.69,4.69,4.69,3.48,1.21,25.8,Stable,4.5,Stable,0.0,2025-03-23,2025-06-10,88,5,0,0,0,7,0,0,0,0,0,0,0
2771,449656443616,VIVA LA HEMP PR 2GM 90/1CT,CBD/HEMP,11.0,6,2.2,0.92,130.83,130.83,120.00,139.99,112.0,18.83,14.4,Down,-27.3,Stable,-1.2,2025-06-29,2025-09-05,1,5,0,0,0,0,0,0,0,0,6,0,0
2772,SURF1,SURF 1 LOAD,CLEANING PRODUCTS,11.0,4,2.75,0.33,0.69,0.69,0.69,0.69,0.3,0.39,56.5,Down,-18.2,Stable,0.0,2025-05-07,2025-08-03,34,4,4,0,0,0,0,0,0,0,0,0,0
2773,855858509249,LUMPS MINT 120CT,CANDYS,11.0,10,1.22,0.33,10.99,10.99,10.99,10.99,8.4,2.59,23.6,Up,5.5,Stable,0.0,2025-03-18,2025-08-28,8,9,0,0,0,0,0,10,0,0,0,0,0
2774,009800053896,TIC TAC 1.7OZ 12CT STRAW & CRM,CANDYS,11.0,11,1.22,0.58,21.54,21.85,20.99,23.99,19.33,2.21,10.3,Stable,-1.4,Stable,1.6,2025-04-30,2025-09-01,4,9,0,0,0,0,0,0,11,0,0,0,0
2775,080893010409,"LIL AUTO ADJUSTABLE WRENCH 6""",HARDWARE,11.0,6,1.83,0.5,4.99,4.99,4.99,4.99,3.54,1.45,29.0,Stable,1.6,Stable,-0.0,2025-03-18,2025-08-23,14,6,0,0,0,6,0,0,0,0,0,0,0
2776,784762080646,TENZ WRAP 8/2CT HONEY DRIP,CIGARS,11.0,6,1.83,0.25,41.32,41.49,40.99,41.99,34.73,6.6,16.0,Stable,-4.7,Stable,0.3,2025-03-28,2025-09-04,2,6,0,0,0,0,0,0,6,0,0,0,0
2777,038000014680,CEREAL CUP 6CT FROSTED FLAKES,COOKIES,11.0,10,1.38,0.58,9.99,9.99,9.99,9.99,7.63,2.36,23.6,Up,6.1,Stable,0.0,2025-04-05,2025-08-26,11,8,0,0,0,0,10,0,0,0,0,0,0
2778,761856815728,"PIPES 6"" JAR 50CT P--1572",NOVELTY ITEMS,11.0,11,1.38,0.5,32.72,32.32,28.99,33.99,23.4,9.32,28.5,Stable,2.6,Stable,-0.2,2025-03-10,2025-08-31,5,8,0,0,0,0,0,0,11,0,0,0,0
2779,737488030303,CLICKIT CANNON LIGHTER 1CT,LIGHTERS,11.0,6,1.83,0.33,7.42,7.38,7.25,7.50,6.25,1.17,15.7,Stable,4.7,Stable,-0.2,2025-03-21,2025-08-28,8,6,0,0,0,0,6,0,0,0,0,0,0
2780,619682573926,EZ ROLL .49C 25CT RASBY LEMOND,BLUNT WRAP,11.0,7,5.5,0.92,6.99,6.99,6.99,6.99,6.25,0.74,10.6,Up,18.2,Stable,-0.0,2025-08-26,2025-09-03,2,2,0,0,0,0,7,0,0,0,0,0,0
2781,655708018842,ADVIL DUAL ACTION CAP 25/2CT,MEDICINE,11.0,11,1.1,0.42,9.99,9.99,9.99,9.99,7.85,2.14,21.4,Stable,-2.8,Stable,0.0,2025-04-12,2025-08-20,17,10,0,0,0,0,11,0,0,0,0,0,0
2782,619682577498,EZ ROLL .49C 25CT COTTON CANDY,BLUNT WRAP,11.0,6,5.5,0.92,6.99,6.99,6.99,6.99,6.25,0.74,10.6,Up,54.5,Stable,0.0,2025-08-26,2025-09-03,2,2,0,0,0,0,6,0,0,0,0,0,0
2783,810094050184,CANDYMANS CINNAMON BALLS 150CT,CANDYS,11.0,8,1.57,0.33,12.99,12.99,12.99,12.99,11.0,1.99,15.3,Down,-27.3,Stable,-0.0,2025-03-11,2025-08-31,5,7,0,0,0,0,0,8,0,0,0,0,0
2784,719499005624,HIGH HEMP WRAPS 25CT AREA 51,BLUNT WRAP,11.0,10,1.57,0.67,11.99,11.99,11.99,11.99,7.0,4.99,41.6,Up,22.7,Stable,-0.0,2025-04-19,2025-08-05,32,7,0,0,0,0,0,10,0,0,0,0,0
2785,840158612447,FRE $2.99 12MG POUCH 5CT MINT,NICOTINE POUCHES,11.0,5,2.75,0.08,9.99,9.99,9.99,9.99,9.15,0.84,8.4,Down,-61.8,Stable,0.0,2025-03-11,2025-06-20,78,4,0,0,0,0,5,0,0,0,0,0,0
2786,7622210641564,HALLS 20CT FRESH LIME ,CANDYS,11.0,9,1.83,0.92,16.99,16.99,16.99,16.99,14.49,2.5,14.7,Down,-20.3,Stable,0.0,2025-06-10,2025-08-19,17,6,0,0,0,0,0,9,0,0,0,0,0
2787,034000247295,HERSHEYS MILK CHO WAFF RS 36CT,CANDYS,11.0,11,1.1,0.58,41.99,41.99,41.99,41.99,33.91,8.08,19.2,Stable,-0.6,Stable,0.0,2025-03-26,2025-08-25,11,10,0,0,0,0,0,0,11,0,0,0,0
2788,721874007192,POP ROCKS DIPS 18CT SOUR APPLE,CANDYS,11.0,11,1.38,0.25,12.99,12.99,12.99,12.99,9.18,3.81,29.3,Down,-13.0,Stable,0.0,2025-03-17,2025-07-28,39,8,0,0,0,0,0,11,0,0,0,0,0
2789,034000121007,HERSHEYS KISSES 24CT,CANDYS,11.0,11,1.22,0.42,27.99,27.99,27.99,27.99,22.32,5.67,20.3,Stable,4.1,Stable,0.0,2025-03-13,2025-08-09,28,9,0,0,0,0,0,0,11,0,0,0,0
2790,891549000091,ROACH MOTEL BLACK FLAG ,HOUSEHOLD GOODS,11.0,4,2.75,0.42,1.99,1.99,1.99,1.99,0.42,1.57,79.1,Stable,3.6,Stable,0.0,2025-04-19,2025-06-30,67,4,0,4,0,0,0,0,0,0,0,0,0
2791,038000014741,CEREAL CUP RAISIN BRAN 6CT,COOKIES,11.0,11,1.57,0.67,9.99,9.99,9.99,9.99,7.16,2.83,28.3,Stable,-4.5,Stable,0.0,2025-04-21,2025-08-26,11,7,0,0,0,0,11,0,0,0,0,0,0
2792,038000014697,CEREAL CUP 6CT APPLE JACK,FOOD,11.0,11,1.22,0.58,9.99,9.99,9.99,9.99,7.63,2.36,23.6,Stable,-4.1,Stable,0.0,2025-04-21,2025-08-26,11,9,0,0,0,0,11,0,0,0,0,0,0
2793,025900345570,SS 2/$1.39 30/2CT - SILVER,CIGARS,11.0,8,5.5,0.92,31.49,31.49,31.49,31.49,24.3,7.19,22.8,Up,163.6,Stable,-0.0,2025-08-24,2025-09-05,1,2,0,0,0,0,0,0,8,0,0,0,0
2794,040000559856,DOVE DARK CHOCOLATE 18CT,CANDYS,10.0,10,1.0,0.33,24.99,24.99,24.99,24.99,20.62,4.37,17.5,Stable,0.0,Stable,0.0,2025-03-12,2025-08-14,22,10,0,0,0,0,0,0,10,0,0,0,0
2795,034000226207,KIT KAT WHITE KS 24CT ,CANDYS,10.0,9,1.11,0.42,46.44,41.99,18.00,49.99,38.88,7.56,16.3,Up,6.0,Stable,-4.6,2025-03-21,2025-08-03,34,9,0,0,0,0,0,1,8,0,0,0,0
2796,071610301993,BACKWOODS 1PK 24/1CT SWEET,CIGARS,10.0,10,1.0,0.33,25.79,25.99,25.49,25.99,18.0,7.79,30.2,Stable,0.0,Stable,0.3,2025-04-11,2025-08-19,17,10,0,0,0,0,0,0,10,0,0,0,0
2797,6291109097402,AL FAKHER 10 X 50GM CITRUS BRZ,LT-TAX PAID,10.0,10,1.43,0.5,17.64,18.16,16.49,18.99,15.7,1.94,11.0,Stable,-2.5,Stable,2.1,2025-04-11,2025-08-11,26,7,0,0,0,0,0,10,0,0,0,0,0
2798,878848140093,ELECTRONIKS A19 BULBS 3PK 40W,HOUSEHOLD GOODS,10.0,4,2.5,0.58,1.29,1.29,1.29,1.29,0.63,0.66,51.1,Stable,-0.0,Stable,0.0,2025-04-30,2025-09-03,3,4,0,4,0,0,0,0,0,0,0,0,0
2799,840352517241,FLYING H KRATOM 90G CAP 132CT,VITAMINS,10.0,1,10.0,0.0,7.5,7.5,7.50,7.50,6.0,1.5,20.0,Stable,0.0,Stable,0.0,2025-04-27,2025-04-27,131,1,0,0,0,0,1,0,0,0,0,0,0
2800,040835640781,UP LEEP GRABBA MINI LEAF 12CT,LT-TAX PAID,10.0,9,1.67,0.0,19.99,19.99,19.99,19.99,18.0,1.99,10.0,Stable,-0.0,Stable,0.0,2025-03-10,2025-06-07,91,6,0,0,0,0,0,9,0,0,0,0,0
2801,801822701539,THUMB TACK GOLD 200PC  1CT,STATIONARY,10.0,4,3.33,0.5,0.89,0.89,0.89,0.89,0.45,0.44,49.4,Up,45.0,Stable,0.0,2025-03-18,2025-06-20,78,3,4,0,0,0,0,0,0,0,0,0,0
2802,719499008045,HIGH HEMP WRAPS 25CT PINK CLOU,BLUNT WRAP,10.0,9,1.11,0.25,11.99,11.99,11.99,11.99,7.0,4.99,41.6,Stable,4.5,Stable,0.0,2025-03-30,2025-07-21,47,9,0,0,0,0,0,9,0,0,0,0,0
2803,025900229641,SS 2/1.29 30/2CT WILD RUSH,CIGARS,10.0,10,1.67,0.0,27.99,27.99,27.99,27.99,14.5,13.49,48.2,Down,-10.3,Stable,0.0,2025-03-16,2025-04-26,133,6,0,0,0,0,0,0,10,0,0,0,0
2804,676979550473,WOMENS BODY WASH 12OZ,COSMETICS & BEAUTY,10.0,1,10.0,0.0,1.49,1.49,1.49,1.49,0.6,0.89,59.5,Stable,0.0,Stable,0.0,2025-05-26,2025-05-26,103,1,0,1,0,0,0,0,0,0,0,0,0
2805,831527005113,FAMILY CARE EYE DROPS 15ML 1CT,MEDICINE,10.0,2,5.0,0.33,1.69,1.69,1.69,1.69,0.97,0.72,42.6,Down,-40.0,Stable,0.0,2025-04-10,2025-07-11,57,2,0,2,0,0,0,0,0,0,0,0,0
2806,676979000589,HARDY 33GAL TRASH BAGS 7CT,KITCHEN & TOILET,10.0,1,10.0,0.83,1.49,1.49,1.49,1.49,0.53,0.96,64.4,Stable,0.0,Stable,0.0,2025-08-17,2025-08-17,20,1,0,1,0,0,0,0,0,0,0,0,0
2807,013000002189,HEINZ YELLOW MUSTARD 20OZ 1CT,FOOD,10.0,3,3.33,0.25,2.79,2.79,2.79,2.79,2.31,0.48,17.2,Stable,0.0,Stable,0.0,2025-05-30,2025-07-16,52,3,0,0,3,0,0,0,0,0,0,0,0
2808,6291100731176,AL FAKHER 10 X 50GM PINEAPPLE ,LT-TAX PAID,10.0,7,1.43,0.42,17.28,17.83,16.49,17.99,16.14,1.13,6.6,Up,15.0,Stable,1.2,2025-03-30,2025-08-07,30,7,0,0,0,0,0,7,0,0,0,0,0
2809,5010455601030,HALLS 20CT FOREST FRUIT ,CANDYS,10.0,10,1.67,0.33,16.99,16.99,16.99,16.99,14.49,2.5,14.7,Down,-6.9,Stable,0.0,2025-03-15,2025-07-29,39,6,0,0,0,0,0,10,0,0,0,0,0
2810,071153002043,STP POWER STEERFLUID 12OZ 1CT,AUTOMOTIVE,10.0,3,5.0,0.83,2.59,2.59,2.59,2.59,1.24,1.35,52.0,Up,40.0,Stable,0.0,2025-08-02,2025-09-02,3,2,0,0,3,0,0,0,0,0,0,0,0
2811,BAND12,AID UNITED BANDAGES 12/0CT,MEDICINE,10.0,9,1.43,0.33,5.99,5.99,5.99,5.99,3.75,2.24,37.4,Stable,-0.0,Stable,-0.0,2025-03-22,2025-07-31,37,7,0,0,0,0,9,0,0,0,0,0,0
2812,813276024621,ELITE HOOKAH FOIL 120CT,NOVELTY ITEMS,10.0,3,3.33,0.58,3.99,3.99,3.99,3.99,2.77,1.22,30.6,Up,30.0,Stable,0.0,2025-05-26,2025-08-29,8,3,0,0,0,3,0,0,0,0,0,0,0
2813,632365102701,KOKO POPCIFIER DIP N LICK 12CT,CANDYS,10.0,10,1.67,0.33,13.69,13.99,12.99,13.99,10.8,2.89,21.1,Stable,-3.4,Stable,1.7,2025-03-13,2025-09-02,3,6,0,0,0,0,0,10,0,0,0,0,0
2814,812934027417,WARNER PHONE HOLDER CH005 1CT,CELLUAR ACCESSORIES,10.0,5,2.5,0.83,4.79,4.79,0.00,5.99,3.5,1.29,27.0,Down,-24.0,Down,-40.0,2025-07-21,2025-09-01,5,4,1,0,0,0,4,0,0,0,0,0,0
2815,033300610556,CHECKERBERRY DRY SNUFF 12CT,T7 SMOKELESS GA,10.0,9,1.25,0.42,144.99,144.99,144.99,144.99,135.91,9.08,6.3,Up,5.7,Stable,0.0,2025-03-11,2025-08-30,7,8,0,0,0,0,0,0,0,0,9,0,0
2816,060631917276,BARBIE CANDY BRACELET KIT 12CT,CANDYS,10.0,9,1.25,0.5,18.69,18.69,18.69,18.69,15.14,3.55,19.0,Up,7.6,Stable,0.0,2025-03-14,2025-08-20,17,8,0,0,0,0,0,9,0,0,0,0,0
2817,700598109009,OPMS SILVER 18G/30CT GRN MALAY,VITAMINS,10.0,4,2.5,0.0,4.57,4.57,4.29,4.99,3.43,1.14,24.9,Stable,-0.0,Stable,-1.5,2025-03-24,2025-06-02,95,4,0,0,0,4,0,0,0,0,0,0,0
2818,850015737756,HYDROGEN PEROXIDE 3% 1CT,CLEANING PRODUCTS,10.0,3,3.33,0.83,1.29,1.29,1.29,1.29,0.79,0.5,38.8,Down,-30.0,Stable,0.0,2025-08-14,2025-08-24,12,3,0,3,0,0,0,0,0,0,0,0,0
2819,801822261347,ASHTRAY 1 PCS,HOUSEHOLD GOODS,10.0,2,5.0,0.83,2.49,2.49,2.49,2.49,0.7,1.79,71.9,Up,120.0,Stable,0.0,2025-06-18,2025-07-03,64,2,0,0,2,0,0,0,0,0,0,0,0
2820,840170618076,VELO PLUS 6MG 5CT - MINT,NICOTINE POUCHES,10.0,10,1.11,0.58,21.69,21.78,21.49,21.99,20.32,1.37,6.3,Down,-6.0,Stable,-0.1,2025-04-29,2025-08-26,10,9,0,0,0,0,0,0,10,0,0,0,0
2821,878848140055,ELECTRONIKS A19 BULBS 3PK 75W,HOUSEHOLD GOODS,10.0,4,2.5,0.17,1.29,1.29,1.29,1.29,0.58,0.71,55.2,Down,-32.0,Stable,0.0,2025-04-22,2025-08-20,17,4,0,4,0,0,0,0,0,0,0,0,0
2822,707335741652,SHOELACES 27IN 1PAIR,HOUSEHOLD GOODS,10.0,3,3.33,0.58,0.59,0.59,0.59,0.59,0.19,0.4,67.8,Up,15.0,Stable,0.0,2025-05-26,2025-07-16,52,3,3,0,0,0,0,0,0,0,0,0,0
2823,071610496347,DM 3PK 20/3CT DELUXE,CIGARS,10.0,7,1.43,0.25,42.03,42.49,41.69,42.49,32.02,10.01,23.8,Up,12.5,Stable,0.4,2025-04-05,2025-07-12,56,7,0,0,0,0,0,0,7,0,0,0,0
2824,022000117038,WR 5 10CT - REACT MINT,GUMS/CHICLETS,10.0,10,1.11,0.42,17.99,17.99,17.99,17.99,14.6,3.39,18.8,Stable,-3.0,Stable,0.0,2025-04-01,2025-08-31,5,9,0,0,0,0,0,10,0,0,0,0,0
2825,FHTB35,FLYING THC 3.5GM TRIPPY BL 5CT,CBD/HEMP,10.0,5,2.0,0.0,35.7,35.7,35.00,37.50,31.25,4.45,12.5,Down,-25.0,Stable,-0.1,2025-03-10,2025-04-24,135,5,0,0,0,0,0,0,5,0,0,0,0
2826,6939625100489,CLEARANCE INSTA BAR 5000 6CT,ELECTRONIC CIG,10.0,4,5.0,0.5,15.0,20.0,10.00,24.99,26.25,-11.25,-75.0,Up,40.0,Up,66.6,2025-05-12,2025-07-04,64,2,0,0,0,0,0,3,1,0,0,0,0
2827,817127028974,SHOW LEAF 2/1.29 15/2PK VANILL,LT-TAX-COLLECTED,10.0,3,3.33,0.83,12.99,12.99,12.99,12.99,10.5,2.49,19.2,Up,60.0,Stable,0.0,2025-07-04,2025-07-20,47,3,0,0,0,0,0,3,0,0,0,0,0
2828,721874007222,POP ROCKS DIPS 18CT SOUR STRW,CANDYS,10.0,10,1.11,0.33,12.99,12.99,12.99,12.99,9.18,3.81,29.3,Down,-6.0,Stable,0.0,2025-03-17,2025-08-18,18,9,0,0,0,0,0,10,0,0,0,0,0
2829,691835620558,PESTRIGE GUN STYLE LGT 1CT,LIGHTERS,10.0,5,2.0,0.17,8.85,9.0,8.50,9.00,7.62,1.23,13.9,Stable,0.0,Stable,0.8,2025-04-21,2025-07-07,61,5,0,0,0,0,5,0,0,0,0,0,0
2830,034000247004,WHATCHAMACALLIT REG 36CT,CANDYS,10.0,10,1.11,0.33,39.99,39.99,39.99,39.99,33.57,6.42,16.0,Stable,4.5,Stable,0.0,2025-03-25,2025-08-14,22,9,0,0,0,0,0,0,10,0,0,0,0
2831,080893012199,LIL AUTO TIRE GAUGE 1CT,AUTOMOTIVE,10.0,3,3.33,0.25,1.69,1.69,1.69,1.69,1.21,0.48,28.6,Down,-15.0,Stable,0.0,2025-04-24,2025-07-11,56,3,0,3,0,0,0,0,0,0,0,0,0
2832,632365626634,KOKO DIP N LIK FAST BRGR 12CT,CANDYS,10.0,10,1.25,0.25,15.49,15.49,15.49,15.49,12.2,3.29,21.2,Down,-9.5,Stable,0.0,2025-04-03,2025-08-02,35,8,0,0,0,0,0,10,0,0,0,0,0
2833,6291108161364,AL FAKHER 10 X 50GM VANILA ,LT-TAX PAID,10.0,9,1.11,0.42,17.55,18.19,16.49,18.99,16.44,1.1,6.3,Stable,-3.0,Stable,1.7,2025-03-17,2025-08-18,18,9,0,0,0,0,0,9,0,0,0,0,0
2834,008660007759,ZIG ZAG CONE UB KS 3PK 24CT,CIG ROLLING PAPER,10.0,4,3.33,0.08,25.74,26.99,23.99,26.99,21.84,3.9,15.2,Stable,-0.0,Up,5.8,2025-03-18,2025-06-09,89,3,0,0,0,0,0,0,4,0,0,0,0
2835,044000080587,OREO CAKESTERS GOLDEN KS 8CT,COOKIES,10.0,10,2.0,0.67,14.99,14.99,14.99,14.99,11.66,3.33,22.2,Stable,5.0,Stable,0.0,2025-05-30,2025-09-02,3,5,0,0,0,0,0,10,0,0,0,0,0
2836,071720005507,TOOTSIE ROLLS IN JAR 280CT,CANDYS,10.0,9,1.25,0.42,21.99,21.99,21.99,21.99,17.5,4.49,20.4,Stable,1.9,Stable,0.0,2025-04-05,2025-09-04,1,8,0,0,0,0,0,0,9,0,0,0,0
2837,031700235638,WO MINI 3/1.29 15/3CT BLU RASP,CIGARS,10.0,9,1.25,0.42,15.49,15.49,15.49,15.49,11.0,4.49,29.0,Up,5.7,Stable,0.0,2025-03-11,2025-08-28,8,8,0,0,0,0,0,9,0,0,0,0,0
2838,038000319679,CEREAL CUP 6CT COCOA KRISPIES,COOKIES,10.0,9,1.43,0.58,9.99,9.99,9.99,9.99,7.49,2.5,25.0,Down,-7.5,Stable,0.0,2025-04-01,2025-08-23,13,7,0,0,0,0,9,0,0,0,0,0,0
2839,012300845137,DORAL SILVER  100 BOX 10CT,CIGARETTE,10.0,6,1.67,0.5,103.89,104.79,101.19,106.59,99.83,4.06,3.9,Up,13.7,Stable,0.7,2025-03-11,2025-07-29,38,6,0,0,0,0,0,0,0,0,6,0,0
2840,802284004442,EDGEFIELD GOLD BOX 10CT,CIGARETTE,10.0,5,2.0,0.17,36.01,36.69,34.99,36.69,35.05,0.96,2.7,Stable,0.0,Stable,1.4,2025-03-11,2025-08-20,17,5,0,0,0,0,0,0,5,0,0,0,0
2841,031700238714,GAME LEAF 2/1.29 15/2CT TRPICL,CIGARS,10.0,9,1.25,0.42,14.99,14.99,14.99,14.99,11.25,3.74,24.9,Stable,-1.9,Stable,0.0,2025-04-03,2025-07-13,54,8,0,0,0,0,0,9,0,0,0,0,0
2842,191759001001,DISPOSABLE HOOKAH HOSE 1CT,NOVELTY ITEMS,10.0,2,5.0,0.83,1.99,1.99,1.99,1.99,0.6,1.39,69.8,Stable,0.0,Stable,0.0,2025-07-15,2025-08-12,24,2,0,2,0,0,0,0,0,0,0,0,0
2843,840352536204,GEEK THC 7.5GM THCP 5CT,ECIG - DISP D8,10.0,4,2.5,0.83,81.5,81.5,80.00,83.50,72.98,8.52,10.4,Down,-32.0,Stable,1.0,2025-06-26,2025-08-24,12,4,0,0,0,0,0,0,0,4,0,0,0
2844,787692835546,LENNY & LARRY 12CT CHOC CHIP,COOKIES,10.0,10,1.25,0.33,22.79,23.24,22.49,25.49,18.89,3.9,17.1,Stable,0.0,Stable,1.1,2025-03-19,2025-09-01,4,8,0,0,0,0,0,0,10,0,0,0,0
2845,042037111083,STANBACK PWD6'S 12CT,MEDICINE,10.0,10,1.11,0.33,14.99,14.99,14.99,14.99,13.2,1.79,11.9,Stable,-3.0,Stable,0.0,2025-03-12,2025-08-25,12,9,0,0,0,0,0,10,0,0,0,0,0
2846,6868555997886,WINTER CAP REGULAR 12CT,HOUSEHOLD GOODS,10.0,9,1.67,0.25,14.99,14.99,14.99,14.99,10.5,4.49,30.0,Down,-24.0,Stable,0.0,2025-03-12,2025-08-17,19,6,0,0,0,0,0,9,0,0,0,0,0
2847,384621944326,FLYING H 4GM CART STNR BLD 5CT,ECIG - PODS D8,10.0,3,3.33,0.25,43.33,45.0,40.00,45.00,35.0,8.33,19.2,Down,-45.0,Up,5.8,2025-04-27,2025-08-21,15,3,0,0,0,0,0,0,3,0,0,0,0
2848,599168049919,TECHNO DERRINGER TRPL LGT 16CT,LIGHTERS,10.0,8,1.43,0.17,40.93,40.49,39.00,42.00,34.6,6.33,15.5,Down,-12.5,Stable,-0.7,2025-04-09,2025-07-06,61,7,0,0,0,0,0,0,8,0,0,0,0
2849,022000118813,ALTOIDS 8CT ARCTIC STRAWBERRY,CANDYS,10.0,9,1.11,0.25,16.99,16.99,16.99,16.99,13.39,3.6,21.2,Down,-6.0,Stable,0.0,2025-03-22,2025-08-27,9,9,0,0,0,0,0,9,0,0,0,0,0
2850,819721010355,BLUNTVILLE CIG 25CT GRAPE,CIGARS,10.0,10,1.43,0.67,23.49,23.49,23.49,23.49,15.75,7.74,33.0,Stable,5.0,Stable,-0.0,2025-05-17,2025-08-09,28,7,0,0,0,0,0,0,10,0,0,0,0
2851,034000490073,REESES CRISPY CRUNC KS 18CT,CANDYS,10.0,5,2.0,0.33,31.28,9.0,9.00,36.85,29.77,1.51,4.8,Up,10.0,Down,-17.8,2025-03-22,2025-08-03,34,5,0,0,0,0,1,0,4,0,0,0,0
2852,768537988580,POCKET MAGNET POINTER 1CT,NOVELTY ITEMS,10.0,1,10.0,0.0,1.39,1.39,1.39,1.39,0.99,0.4,28.8,Stable,0.0,Stable,0.0,2025-04-09,2025-04-09,150,1,0,1,0,0,0,0,0,0,0,0,0
2853,9554100191997,VITA HONEY 12/24CT,VITAMINS,10.0,7,1.43,0.25,5.99,5.99,5.99,5.99,5.5,0.49,8.2,Up,10.0,Stable,-0.0,2025-04-10,2025-08-02,35,7,0,0,0,0,7,0,0,0,0,0,0
2854,087393246260,RAVE RED 100 BOX 10CT,CIGARETTE,10.0,7,1.67,0.08,74.45,77.79,72.79,77.79,69.82,4.63,6.2,Down,-13.7,Stable,1.3,2025-03-11,2025-07-19,49,6,0,0,0,0,0,0,0,7,0,0,0
2855,041426007778,DIAMOND COFEE STIRRES 100CT,HOUSEHOLD GOODS,10.0,6,2.0,0.25,1.99,1.99,1.99,1.99,0.75,1.24,62.3,Up,20.0,Stable,0.0,2025-03-10,2025-09-01,5,5,0,6,0,0,0,0,0,0,0,0,0
2856,014007754002,KNEE ELASTIC SUPPORT 1CT,COSMETICS & BEAUTY,10.0,5,2.5,0.5,1.99,1.99,1.99,1.99,0.65,1.34,67.3,Up,24.0,Stable,0.0,2025-05-15,2025-08-21,16,4,0,5,0,0,0,0,0,0,0,0,0
2857,072250915823,MRS FRESHLEY SNOBALLS 8CT ,CANDYS,10.0,10,1.43,0.08,12.49,12.49,12.49,12.49,9.88,2.61,20.9,Down,-5.0,Stable,-0.0,2025-03-13,2025-06-23,75,7,0,0,0,0,0,10,0,0,0,0,0
2858,048014375356,RIP ROLLS GRAPE 24CT,CANDYS,10.0,10,1.25,0.5,22.99,22.99,22.99,22.99,18.72,4.27,18.6,Stable,-1.9,Stable,0.0,2025-03-25,2025-08-31,6,8,0,0,0,0,0,0,10,0,0,0,0
2859,009800053858,TIC TAC 1.7OZ 12CT ORANGE,CANDYS,10.0,10,1.25,0.42,21.59,22.19,20.99,23.99,19.16,2.43,11.3,Down,-9.5,Stable,2.0,2025-03-16,2025-08-24,12,8,0,0,0,0,0,0,10,0,0,0,0
2860,022000114839,ORBIT GUM 12CT SWEET MINT,GUMS/CHICLETS,10.0,10,1.0,0.33,13.99,13.99,13.99,13.99,11.3,2.69,19.2,Stable,0.0,Stable,0.0,2025-03-15,2025-08-28,9,10,0,0,0,0,0,10,0,0,0,0,0
2861,073390008697,AIR HEADS 18CT XT BLUE RASP,CANDYS,10.0,10,2.0,0.83,21.99,21.99,21.99,21.99,17.46,4.53,20.6,Down,-25.0,Stable,0.0,2025-07-15,2025-08-12,25,5,0,0,0,0,0,0,10,0,0,0,0
2862,6291108164587,AL FAKHER 10 X 50GM CHRY MINT ,LT-TAX PAID,10.0,5,2.0,0.42,17.59,18.32,16.49,18.99,16.5,1.09,6.2,Stable,-5.0,Stable,3.7,2025-03-11,2025-08-13,23,5,0,0,0,0,0,5,0,0,0,0,0
2863,10857545012008,BOB M CONES CL 1 1/4CT 33/6PK,CIG ROLLING PAPER,10.0,10,1.25,0.25,34.99,34.99,34.99,34.99,31.79,3.2,9.1,Down,-9.5,Stable,0.0,2025-03-13,2025-09-01,5,8,0,0,0,0,0,0,10,0,0,0,0
2864,033300270538,CHATTANOOGA $2.19 PROMO 12CT,LT-TAX PAID,10.0,7,1.43,0.25,20.99,20.99,20.99,20.99,18.9,2.09,10.0,Stable,-2.5,Stable,0.0,2025-03-13,2025-09-04,1,7,0,0,0,0,0,0,7,0,0,0,0
2865,681467003584,SENECA SILVER BOX 10CT,CIGARETTE,10.0,7,1.43,0.25,31.42,31.99,30.99,31.99,27.19,4.23,13.5,Down,-10.0,Stable,0.7,2025-03-13,2025-07-18,50,7,0,0,0,0,0,0,7,0,0,0,0
2866,079200160692,NERDS GUMMY 12CT V BRY CLUSTER,CANDYS,10.0,10,1.67,0.25,26.24,26.99,24.49,26.99,20.55,5.69,21.7,Stable,-0.0,Stable,2.2,2025-03-25,2025-06-26,72,6,0,0,0,0,0,0,10,0,0,0,0
2867,819721010331,BLUNTVILLE CIG 25CT BLUEBERRY,CIGARS,10.0,10,1.25,0.67,23.49,23.49,23.49,23.49,15.75,7.74,33.0,Stable,-1.9,Stable,0.0,2025-04-29,2025-08-20,17,8,0,0,0,0,0,0,10,0,0,0,0
2868,3D500,SCALE 3D 500GMS  1CT,NOVELTY ITEMS,10.0,2,5.0,0.83,4.62,4.62,4.25,4.99,3.15,1.47,31.8,Down,-120.0,Up,16.0,2025-07-21,2025-08-31,5,2,0,0,0,2,0,0,0,0,0,0,0
2869,STAN6,STANLEY SCREWDRIVER 1CT,HARDWARE,10.0,4,2.5,0.25,1.99,1.99,1.99,1.99,0.65,1.34,67.3,Up,40.0,Stable,0.0,2025-03-12,2025-06-22,75,4,0,4,0,0,0,0,0,0,0,0,0
2870,048014346899,RIP ROLLS MANGO CHILLI 24CT,CANDYS,10.0,10,1.11,0.33,22.99,22.99,22.99,22.99,18.72,4.27,18.6,Down,-6.0,Stable,0.0,2025-04-08,2025-09-03,2,9,0,0,0,0,0,0,10,0,0,0,0
2871,599168100559,TECHCNO GOLD BAR FLIP TOP 20CT,LIGHTERS,10.0,9,1.25,0.33,48.17,48.12,47.50,50.00,42.99,5.18,10.7,Stable,1.9,Stable,-0.2,2025-04-10,2025-08-11,25,8,0,0,0,0,0,0,8,1,0,0,0
2872,022000127341,WR EXTRA REFRESHER 6CT SPRMNT,GUMS/CHICLETS,10.0,10,1.11,0.33,19.99,19.99,19.99,19.99,16.63,3.36,16.8,Stable,-4.5,Stable,0.0,2025-03-15,2025-09-01,4,9,0,0,0,0,0,10,0,0,0,0,0
2873,191554322103,FRESH START HD SCOUR 4PK,HOUSEHOLD GOODS,10.0,4,2.5,0.42,1.12,1.49,0.00,1.49,0.75,0.37,32.9,Up,24.0,Up,13.3,2025-04-25,2025-07-08,60,4,1,3,0,0,0,0,0,0,0,0,0
2874,840158609119,FRE 6MG POUCH 5CT LUSH,NICOTINE POUCHES,10.0,5,2.5,0.83,20.19,20.19,19.99,20.49,19.5,0.69,3.4,Up,16.0,Stable,-0.4,2025-08-15,2025-09-04,2,4,0,0,0,0,0,3,2,0,0,0,0
2875,072799056148,MAMBA CHNGMKR 48CT SOUR,CANDYS,10.0,10,1.25,0.25,18.49,18.49,18.49,18.49,14.88,3.61,19.5,Stable,-1.9,Stable,0.0,2025-03-22,2025-08-12,24,8,0,0,0,0,0,10,0,0,0,0,0
2876,887969011830,ZONE 6MM 5CT MINT,NICOTINE POUCHES,10.0,9,1.25,0.33,18.99,18.99,18.99,18.99,17.5,1.49,7.8,Stable,3.8,Stable,0.0,2025-03-13,2025-08-20,17,8,0,0,0,0,0,9,0,0,0,0,0
2877,810179220860,DA WOODS LEAF 20CT DIESEL TRAI,LT-TAX-COLLECTED,10.0,10,2.0,0.83,13.49,13.49,13.49,13.49,10.99,2.5,18.5,Up,15.0,Stable,0.0,2025-07-26,2025-09-04,1,5,0,0,0,0,0,10,0,0,0,0,0
2878,716165177784,ELEMENTS ULT THN KING SIZ 50CT,CIG ROLLING PAPER,10.0,9,1.11,0.33,28.99,28.99,28.99,28.99,23.34,5.65,19.5,Up,6.0,Stable,-0.0,2025-03-11,2025-08-29,8,9,0,0,0,0,0,0,9,0,0,0,0
2879,022000119452,ECLIPSE 8CT SF WINTERFROST ,GUMS/CHICLETS,10.0,10,1.25,0.33,8.99,8.99,8.99,8.99,7.58,1.41,15.7,Down,-5.7,Stable,0.0,2025-03-24,2025-08-27,9,8,0,0,0,0,10,0,0,0,0,0,0
2880,792554701006,BALLPOINT PENS BLACK 3CT,STATIONARY,10.0,4,2.5,0.25,0.99,0.99,0.99,0.99,0.75,0.24,24.2,Down,-8.0,Stable,0.0,2025-03-28,2025-06-25,72,4,4,0,0,0,0,0,0,0,0,0,0
2881,619682999115,TRUE HEMP 25/2CT MANGO,BLUNT WRAP,10.0,4,2.5,0.33,5.0,5.0,0.00,9.99,8.0,-3.0,-60.2,Stable,-0.0,Stable,0.0,2025-04-06,2025-09-01,5,4,2,0,0,0,2,0,0,0,0,0,0
2882,034000245376,KIT KAT BIG KAT 24CT,CANDYS,10.0,10,1.11,0.25,28.79,28.32,27.99,28.99,22.95,5.84,20.3,Down,-6.0,Stable,-0.4,2025-04-07,2025-08-21,16,9,0,0,0,0,0,0,10,0,0,0,0
2883,4987176138668,GILLETTE MACH3 RAZOR 1CT,COSMETICS & BEAUTY,10.0,3,3.33,0.83,3.99,3.99,3.99,3.99,2.1,1.89,47.4,Down,-15.0,Stable,0.0,2025-08-10,2025-09-05,1,3,0,0,0,3,0,0,0,0,0,0,0
2884,SR3,SHELL ROTELLA 1GAL 3CT/BX,AUTOMOTIVE,10.0,6,1.67,0.17,54.99,54.99,54.99,54.99,49.83,5.16,9.4,Down,-27.4,Stable,0.0,2025-04-07,2025-08-13,23,6,0,0,0,0,0,0,0,6,0,0,0
2885,716053603098,CELLTEKK CTD HOME CHG 1USB 10C,CELLUAR ACCESSORIES,10.0,8,1.67,0.25,14.99,14.99,14.99,14.99,11.5,3.49,23.3,Up,20.6,Stable,0.0,2025-04-07,2025-07-10,57,6,0,0,0,0,0,8,0,0,0,0,0
2886,8414646310287,SUPER WOOD GLUE,STATIONARY,10.0,1,10.0,0.0,0.99,0.99,0.99,0.99,0.47,0.52,52.5,Stable,0.0,Stable,0.0,2025-05-01,2025-05-01,128,1,1,0,0,0,0,0,0,0,0,0,0
2887,073390009816,AIR HEADS GUM 12CT RASP LMND,CANDYS,10.0,10,1.25,0.25,13.99,13.99,13.99,13.99,11.28,2.71,19.4,Down,-7.6,Stable,0.0,2025-03-22,2025-08-01,35,8,0,0,0,0,0,10,0,0,0,0,0
2888,016027641782,FRONTO KING WHOLE LEAF 12CT,LT-TAX PAID,10.0,10,1.43,0.25,34.99,34.99,34.99,34.99,22.68,12.31,35.2,Up,7.5,Stable,0.0,2025-03-11,2025-07-15,53,7,0,0,0,0,0,0,10,0,0,0,0
2889,5010455601023,HALLS 20CT HONEY & LEMON ,CANDYS,10.0,10,2.5,0.0,16.99,16.99,16.99,16.99,14.49,2.5,14.7,Down,-48.0,Stable,0.0,2025-03-18,2025-04-14,144,4,0,0,0,0,0,10,0,0,0,0,0
2890,2230,THERMAL PAPER 2 1/4 X 230 50CT,MISC,10.0,9,1.43,0.17,39.99,39.99,39.99,39.99,24.5,15.49,38.7,Down,-5.0,Stable,0.0,2025-03-18,2025-08-16,20,7,0,0,0,0,0,0,9,0,0,0,0
2891,840158615127,FRE 12MG POUCH 5CT ORIGINAL,NICOTINE POUCHES,10.0,3,5.0,0.83,19.99,19.99,19.99,19.99,19.5,0.49,2.5,Down,-80.0,Stable,0.0,2025-08-27,2025-09-04,2,2,0,0,0,0,0,3,0,0,0,0,0
2892,878848992487,PROTOUCH LONG PADLOCK 30MM 1CT,HARDWARE,10.0,3,3.33,0.42,1.49,1.49,1.49,1.49,0.89,0.6,40.6,Up,15.0,Stable,0.0,2025-04-27,2025-07-05,62,3,0,3,0,0,0,0,0,0,0,0,0
2893,6933479450080,DICE 3 LINE 3 COL 48CT,TOYS,10.0,9,1.43,0.42,3.99,3.99,3.99,3.99,2.5,1.49,37.3,Stable,2.5,Stable,-0.0,2025-03-18,2025-08-02,35,7,0,0,0,9,0,0,0,0,0,0,0
2894,887969011656,ZONE 6MM 5CT DRAGONFRUIT,NICOTINE POUCHES,10.0,8,1.67,0.58,18.99,18.99,18.99,18.99,17.5,1.49,7.8,Stable,3.4,Stable,0.0,2025-05-19,2025-08-18,18,6,0,0,0,0,0,8,0,0,0,0,0
2895,031700236222,GAME LEAF 5/2.99 8/5CT WLD BRY,CIGARS,10.0,9,1.11,0.33,18.99,18.99,18.99,18.99,14.0,4.99,26.3,Stable,3.0,Stable,0.0,2025-04-03,2025-07-21,46,9,0,0,0,0,0,9,0,0,0,0,0
2896,LB227,LAB D LED+SPKR DOLL 1CT,MISC,10.0,4,10.0,0.83,19.5,19.5,18.00,20.00,15.0,4.5,23.1,Stable,0.0,Stable,0.0,2025-07-14,2025-07-18,50,1,0,0,0,0,0,1,3,0,0,0,0
2897,079400066718,DOVE MEN+CARE DEO 2.7OZ 1CT,COSMETICS & BEAUTY,10.0,5,2.5,0.0,3.79,3.79,3.79,3.79,2.85,0.94,24.8,Down,-40.0,Stable,0.0,2025-04-02,2025-06-02,96,4,0,0,0,5,0,0,0,0,0,0,0
2898,8717163997345,DOVE SPRAY 250ML 8.4OZ 1CT,COSMETICS & BEAUTY,10.0,2,5.0,0.83,3.84,3.84,3.69,3.99,2.35,1.49,38.9,Up,40.0,Down,-7.8,2025-08-04,2025-08-21,16,2,0,0,0,2,0,0,0,0,0,0,0
2899,042100004663,CANNON BALL TOBACCO 12CT,T7 SMOKELESS GA,10.0,9,1.25,0.42,246.99,254.49,234.99,267.99,224.31,22.68,9.2,Stable,-3.8,Stable,1.5,2025-03-17,2025-08-14,23,8,0,0,0,0,0,0,0,0,0,9,0
2900,602323556167,GLASS PEN 36CT,MISC,10.0,1,10.0,0.0,3.49,3.49,3.49,3.49,1.75,1.74,49.9,Stable,0.0,Stable,0.0,2025-03-21,2025-03-21,169,1,0,0,0,1,0,0,0,0,0,0,0
2901,10850043075070,EAGLE PT116 MOK MOSSY OAK 15CT,LIGHTERS,10.0,10,1.25,0.42,26.79,26.59,25.00,26.99,21.99,4.8,17.9,Stable,-3.8,Stable,-0.3,2025-03-16,2025-08-22,14,8,0,0,0,0,0,0,10,0,0,0,0
2902,014200338603,BLOW POP 48CT SOUR APPLE,CANDYS,10.0,10,1.25,0.25,8.99,8.99,8.99,8.99,7.24,1.75,19.5,Stable,-3.8,Stable,0.0,2025-03-27,2025-07-15,52,8,0,0,0,0,10,0,0,0,0,0,0
2903,850042370698,GALAXY GAS 1.2L N20 1CT,MISC,9.0,2,4.5,0.0,24.99,24.99,24.99,24.99,22.0,2.99,12.0,Down,-22.2,Stable,0.0,2025-03-11,2025-03-17,173,2,0,0,0,0,0,0,2,0,0,0,0
2904,851681008140,HI-CHEW 15CT - GRAPE,GUMS/CHICLETS,9.0,9,1.12,0.42,19.99,19.99,19.99,19.99,16.45,3.54,17.7,Up,5.3,Stable,0.0,2025-03-11,2025-07-16,52,8,0,0,0,0,0,9,0,0,0,0,0
2905,033200011309,ARM HAM BAKING SODA .8OZ 1 CT,FOOD,9.0,2,9.0,0.75,0.99,0.99,0.99,0.99,0.48,0.51,51.6,Stable,0.0,Stable,0.0,2025-08-17,2025-08-19,17,1,2,0,0,0,0,0,0,0,0,0,0
2906,072084056211,FRUNAS 48CT GREEN APPLE,CANDYS,9.0,8,1.29,0.33,4.69,4.69,4.69,4.69,3.48,1.21,25.8,Down,-13.9,Stable,0.0,2025-04-16,2025-08-06,31,7,0,0,0,8,0,0,0,0,0,0,0
2907,SATYA84,SATYA INCENSE DISPLAY 84CT,INCENSE,9.0,8,1.5,0.33,29.99,29.99,29.99,29.99,24.94,5.05,16.8,Up,13.3,Stable,0.0,2025-04-30,2025-09-04,1,6,0,0,0,0,0,0,8,0,0,0,0
2908,SCD101000,SUPERCHILL D10 1000MG GUMMIES,CBD/HEMP,9.0,2,4.5,0.0,6.4,6.4,6.40,6.40,5.25,1.15,18.0,Up,22.2,Stable,0.0,2025-04-21,2025-04-27,132,2,0,0,0,0,2,0,0,0,0,0,0
2909,073390005788,MENTOS 1.32OZ 15CT CINAMMON,CANDYS,9.0,9,1.12,0.25,15.99,15.99,15.99,15.99,12.9,3.09,19.3,Down,-5.3,Stable,0.0,2025-04-28,2025-08-24,13,8,0,0,0,0,0,9,0,0,0,0,0
2910,DELIGHT,INTNL DELIGHT ICED COFFEE 12CT,DRINKS,9.0,3,3.0,0.0,37.99,37.99,37.99,37.99,30.74,7.25,19.1,Down,-50.0,Stable,0.0,2025-03-13,2025-06-05,93,3,0,0,0,0,0,0,3,0,0,0,0
2911,819291012278,COCONARA BLACK CHARCOAL 100CT,NOVELTY ITEMS,9.0,7,1.5,0.17,10.99,10.99,10.99,10.99,7.77,3.22,29.3,Down,-5.7,Stable,0.0,2025-03-19,2025-07-02,65,6,0,0,0,0,0,7,0,0,0,0,0
2912,009060349678,RIP ROLLS 24CT GREEN APPLE,CANDYS,9.0,9,1.12,0.17,22.99,22.99,22.99,22.99,18.72,4.27,18.6,Stable,1.1,Stable,0.0,2025-04-04,2025-07-07,60,8,0,0,0,0,0,0,9,0,0,0,0
2913,99926,WARNER USB - TYPE-C CABLE 12CT,CELLUAR ACCESSORIES,9.0,8,1.29,0.33,16.49,16.49,16.49,16.49,12.0,4.49,27.2,Down,-16.7,Stable,0.0,2025-04-24,2025-08-30,7,7,0,0,0,0,0,8,0,0,0,0,0
2914,073390011017,AIR HEADS 18CT BITES PARADISE,CANDYS,9.0,9,1.12,0.33,21.99,21.99,21.99,21.99,17.66,4.33,19.7,Down,-7.4,Stable,0.0,2025-03-27,2025-08-18,18,8,0,0,0,0,0,0,9,0,0,0,0
2915,030772006047,DAWN DISH LIQUID 16OZ 1CT,CLEANING PRODUCTS,9.0,3,3.0,0.75,2.33,2.33,0.00,3.49,2.35,-0.02,-1.0,Stable,0.0,Down,-75.0,2025-08-19,2025-09-01,5,3,1,0,0,2,0,0,0,0,0,0,0
2916,034000052400,CARMELLO KING SIZE 18CT,CANDYS,9.0,9,1.0,0.33,35.99,35.99,35.99,35.99,29.16,6.83,19.0,Stable,0.0,Stable,0.0,2025-03-13,2025-08-24,12,9,0,0,0,0,0,0,9,0,0,0,0
2917,079200240004,NERDS 36CT GRAPE / STRAWBRY,CANDYS,9.0,9,1.12,0.25,37.76,37.99,35.89,37.99,30.96,6.8,18.0,Down,-5.3,Stable,0.5,2025-03-13,2025-08-21,16,8,0,0,0,0,0,0,9,0,0,0,0
2918,079200392307,NERDS  36CT CHERRY / WATRMELN,CANDYS,9.0,9,1.29,0.33,37.87,37.99,36.94,37.99,30.96,6.91,18.3,Down,-5.6,Stable,0.1,2025-03-27,2025-08-14,22,7,0,0,0,0,0,0,9,0,0,0,0
2919,742978847064,LOOSE LEAF MINI 8/5CT SWT AROM,LT-TAX PAID,9.0,9,1.29,0.25,24.99,24.99,24.99,24.99,16.0,8.99,36.0,Down,-8.3,Stable,-0.0,2025-03-18,2025-08-10,27,7,0,0,0,0,0,0,9,0,0,0,0
2920,034000430017,REESES BIG CUP RS 16CT,CANDYS,9.0,9,1.0,0.25,18.99,18.99,18.99,18.99,15.28,3.71,19.5,Stable,0.0,Stable,0.0,2025-03-24,2025-09-03,2,9,0,0,0,0,0,9,0,0,0,0,0
2921,031700234723,GAME LEAF SAVE 2 WT PEACH 15CT,CIGARS,9.0,8,1.29,0.25,18.99,18.99,18.99,18.99,13.25,5.74,30.2,Stable,-0.0,Stable,0.0,2025-03-12,2025-08-04,32,7,0,0,0,0,0,8,0,0,0,0,0
2922,035110043074,FABULOUS CLEANER 1 GAL 1CT,CLEANING PRODUCTS,9.0,8,3.0,0.75,9.99,9.99,9.99,9.99,7.47,2.52,25.3,Down,-50.0,Stable,0.0,2025-08-04,2025-08-28,9,3,0,0,0,0,8,0,0,0,0,0,0
2923,070330665880,LGT BIC 50CT TRAY ECOLUTION,LIGHTERS,9.0,8,1.5,0.17,61.49,65.99,59.99,65.99,45.5,15.99,26.0,Stable,-1.9,Stable,2.2,2025-03-28,2025-06-27,70,6,0,0,0,0,0,0,0,8,0,0,0
2924,33263640,GRINDERS 1CT D&K WOOD GRAIN,NOVELTY ITEMS,9.0,5,1.8,0.58,5.2,5.25,4.99,5.50,3.99,1.21,23.2,Down,-11.1,Stable,2.9,2025-03-14,2025-08-30,6,5,0,0,0,1,4,0,0,0,0,0,0
2925,034000248513,REESES PIECES 18CT,CANDYS,9.0,9,1.29,0.33,20.99,20.99,20.99,20.99,16.74,4.25,20.2,Down,-16.7,Stable,0.0,2025-05-05,2025-08-23,14,7,0,0,0,0,0,0,9,0,0,0,0
2926,041420047190,NERDS ROPE 24CT - TROPICAL,CANDYS,9.0,9,1.12,0.42,25.99,25.99,25.99,25.99,21.36,4.63,17.8,Stable,3.2,Stable,0.0,2025-03-28,2025-08-15,22,8,0,0,0,0,0,0,9,0,0,0,0
2927,840158615066,FRE 6MG POUCH 5CT ORIGINAL,NICOTINE POUCHES,9.0,2,4.5,0.75,19.99,19.99,19.99,19.99,19.5,0.49,2.5,Up,66.7,Stable,0.0,2025-08-27,2025-09-04,2,2,0,0,0,0,0,2,0,0,0,0,0
2928,10850014319523,ADD ALL XR 2OZ SHOT 12CT,VITAMINS,9.0,9,1.29,0.58,35.55,34.99,15.00,38.99,29.99,5.56,15.6,Up,5.6,Stable,3.4,2025-03-30,2025-09-03,2,7,0,0,0,0,0,1,8,0,0,0,0
2929,849205019352,VUSE GOLDEN TOBACCO 5.0% 5/2CT,ECIG - PODS,9.0,8,1.29,0.42,66.99,66.99,66.99,66.99,61.22,5.77,8.6,Up,13.9,Stable,0.0,2025-03-19,2025-09-03,2,7,0,0,0,0,0,0,0,8,0,0,0
2930,840158615035,FRE 3MG POUCH 5CT ORIGINAL,NICOTINE POUCHES,9.0,2,4.5,0.75,19.99,19.99,19.99,19.99,19.5,0.49,2.5,Up,66.7,Stable,0.0,2025-08-27,2025-09-04,2,2,0,0,0,0,0,2,0,0,0,0,0
2931,030772107287,MR CLEAN CLEANER 23OZ,CLEANING PRODUCTS,9.0,3,3.0,0.75,4.39,4.39,4.39,4.39,3.25,1.14,26.0,Down,-50.0,Stable,0.0,2025-08-14,2025-08-25,12,3,0,0,0,3,0,0,0,0,0,0,0
2932,072320700854,HELLO PANDA CARAMEL 6CT,CANDYS,9.0,9,1.12,0.33,6.99,6.99,6.99,6.99,5.82,1.17,16.7,Down,-7.4,Stable,0.0,2025-03-18,2025-08-14,22,8,0,0,0,0,9,0,0,0,0,0,0
2933,686464553209,KM SKOOL BUS CANDY 12CT,CANDYS,9.0,9,1.12,0.5,12.99,12.99,12.99,12.99,10.93,2.06,15.9,Up,7.4,Stable,0.0,2025-04-03,2025-08-20,17,8,0,0,0,0,0,9,0,0,0,0,0
2934,073390592622,MENTOS GUM 6CT - BERRY VITAMIN,GUMS/CHICLETS,9.0,9,1.0,0.25,21.99,21.99,21.99,21.99,18.77,3.22,14.6,Stable,0.0,Stable,0.0,2025-03-27,2025-09-01,4,9,0,0,0,0,0,0,9,0,0,0,0
2935,037000956587,CREST SCOPE MOUTHWASH 1.2OZ ,HOUSEHOLD GOODS,9.0,1,9.0,0.75,0.99,0.99,0.99,0.99,0.56,0.43,43.5,Stable,0.0,Stable,0.0,2025-08-18,2025-08-18,19,1,1,0,0,0,0,0,0,0,0,0,0
2936,051497315610,BLAZY SUSAN PURPLE 53MM 50CT,CIG ROLLING PAPER,9.0,4,3.0,0.33,10.74,9.99,9.99,10.99,7.47,3.27,30.4,Up,33.3,Stable,-4.7,2025-04-21,2025-06-10,88,3,0,0,0,0,1,3,0,0,0,0,0
2937,686464688208,KM SOUR OOZE TUBE 12CT,CANDYS,9.0,9,1.29,0.33,12.99,12.99,12.99,12.99,10.82,2.17,16.7,Up,11.1,Stable,-0.0,2025-03-14,2025-07-18,50,7,0,0,0,0,0,9,0,0,0,0,0
2938,878848140123,ELECTRONIKS A19 BULBS 3PK 90W,HOUSEHOLD GOODS,9.0,4,2.25,0.42,1.29,1.29,1.29,1.29,0.58,0.71,55.2,Stable,4.4,Stable,0.0,2025-04-22,2025-08-20,17,4,0,4,0,0,0,0,0,0,0,0,0
2939,034000134106,HERSHEYS KISSES PEG BAG 1CT,CANDYS,9.0,2,4.5,0.0,2.69,2.69,2.69,2.69,2.11,0.58,21.7,Down,-22.2,Stable,0.0,2025-04-05,2025-05-19,109,2,0,0,2,0,0,0,0,0,0,0,0
2940,312843551046,MILK OF MAGNESIA 4OZ 1CT,MEDICINE,9.0,2,4.5,0.5,3.49,3.49,3.49,3.49,2.82,0.66,19.1,Up,66.7,Stable,0.0,2025-04-20,2025-07-02,66,2,0,0,0,2,0,0,0,0,0,0,0
2941,801822502112,"DRILLING SCREWS 2.5"" HOWDY 1CT",AUTOMOTIVE,9.0,2,4.5,0.75,1.49,1.49,1.49,1.49,0.5,0.99,66.4,Up,66.7,Stable,0.0,2025-07-18,2025-08-20,17,2,0,2,0,0,0,0,0,0,0,0,0
2942,014200338870,BLOW POP 48CT BLUE RASP,CANDYS,9.0,9,1.29,0.58,8.99,8.99,8.99,8.99,7.24,1.75,19.5,Stable,2.8,Stable,0.0,2025-04-16,2025-08-31,5,7,0,0,0,0,9,0,0,0,0,0,0
2943,040000011514,STARBURST ORIGINAL 36 CT,CANDYS,9.0,9,1.12,0.5,42.43,44.66,37.99,47.99,33.2,9.23,21.8,Up,7.4,Stable,4.3,2025-03-11,2025-08-14,22,8,0,0,0,0,0,0,9,0,0,0,0
2944,073100011016,SKOAL LC CLASSIC 5CT,T7 SMOKELESS GA,9.0,5,1.8,0.42,30.03,30.46,28.99,30.79,28.26,1.77,5.9,Stable,0.0,Stable,1.5,2025-03-15,2025-08-29,8,5,0,0,0,0,0,0,5,0,0,0,0
2945,719499005587,HIGH HEMP WRAPS 25CT BAKED CKS,BLUNT WRAP,9.0,9,1.12,0.5,11.99,11.99,11.99,11.99,7.0,4.99,41.6,Stable,3.2,Stable,0.0,2025-03-13,2025-08-04,33,8,0,0,0,0,0,9,0,0,0,0,0
2946,16285049264373,VIVA ZEN WOMEN KRATOM 12CT,VITAMINS,9.0,5,2.25,0.0,29.8,29.8,29.00,30.00,22.92,6.88,23.1,Down,-31.1,Stable,0.5,2025-03-11,2025-04-03,156,4,0,0,0,0,0,0,5,0,0,0,0
2947,031700237632,GAME LEAF 2/1.29 MANGO 15/2CT,CIGARS,9.0,7,1.5,0.25,14.99,14.99,14.99,14.99,10.75,4.24,28.3,Down,-24.8,Stable,0.0,2025-03-17,2025-08-13,23,6,0,0,0,0,0,7,0,0,0,0,0
2948,060631917634,HOT WHEELS LASER POP 12CT,CANDYS,9.0,9,1.29,0.17,19.99,19.99,19.99,19.99,16.39,3.6,18.0,Stable,2.8,Stable,0.0,2025-03-14,2025-07-18,50,7,0,0,0,0,0,9,0,0,0,0,0
2949,034000711147,BUBBLE YUM ORIGINAL 18CT,GUMS/CHICLETS,9.0,8,1.12,0.58,11.99,11.99,11.99,11.99,9.72,2.27,18.9,Stable,3.2,Stable,0.0,2025-03-24,2025-08-29,8,8,0,0,0,0,0,8,0,0,0,0,0
2950,123541132548635,PIPE SCREEN SILVER 100CT,NOVELTY ITEMS,9.0,8,1.12,0.5,3.99,3.99,3.99,3.99,2.45,1.54,38.6,Stable,1.1,Stable,0.0,2025-03-18,2025-08-26,11,8,0,0,0,8,0,0,0,0,0,0,0
2951,072799056285,MAMBA CHNGMKR 48CT TROPICAL,CANDYS,9.0,9,1.12,0.25,18.49,18.49,18.49,18.49,14.88,3.61,19.5,Stable,-1.1,Stable,0.0,2025-03-30,2025-08-07,29,8,0,0,0,0,0,9,0,0,0,0,0
2952,038000581700,POP TARTS 6CT SMORES,CANDYS,9.0,9,1.0,0.17,5.99,5.99,5.99,5.99,4.51,1.48,24.7,Stable,0.0,Stable,0.0,2025-03-13,2025-08-05,31,9,0,0,0,0,9,0,0,0,0,0,0
2953,739601138415,MYSTIC LABS D8 300MG 6/12CT,CBD/HEMP,9.0,6,1.8,0.33,36.66,37.5,35.00,39.99,30.0,6.66,18.2,Down,-5.6,Stable,0.3,2025-03-17,2025-07-04,63,5,0,0,0,0,0,0,6,0,0,0,0
2954,6291108160435,AL FAKHER 10 X 50GM MINT CREAM,LT-TAX PAID,9.0,9,1.12,0.33,17.77,18.74,16.49,18.99,16.44,1.32,7.4,Up,7.4,Stable,2.3,2025-03-25,2025-08-21,16,8,0,0,0,0,0,9,0,0,0,0,0
2955,071610580091,DM 2/1.49 30/2CT BERRY FUSION,CIGARS,9.0,8,1.5,0.42,31.99,31.99,31.99,31.99,20.28,11.71,36.6,Stable,-1.9,Stable,0.0,2025-05-19,2025-06-27,71,6,0,0,0,0,0,0,8,0,0,0,0
2956,023604215632,TWANG SALT 10 CT LIME,FOOD,9.0,8,1.29,0.33,11.99,11.99,11.99,11.99,9.1,2.89,24.1,Up,11.1,Stable,-0.0,2025-03-25,2025-07-19,48,7,0,0,0,0,0,8,0,0,0,0,0
2957,072108810034,MOON PIE BANANA 9CT,COOKIES,9.0,9,1.29,0.42,5.49,5.49,5.49,5.49,4.6,0.89,16.2,Stable,2.8,Stable,-0.0,2025-03-18,2025-08-07,30,7,0,0,0,0,9,0,0,0,0,0,0
2958,810120068688,STIIIZY LEAF 8/5CT ORIGINAL,LT-TAX-COLLECTED,9.0,3,3.0,0.25,39.99,39.99,39.99,39.99,33.0,6.99,17.5,Down,-33.3,Stable,0.0,2025-04-19,2025-07-26,42,3,0,0,0,0,0,0,3,0,0,0,0
2959,742978845961,LOOSE LEAF MINI 8/5CT HNY BRBN,LT-TAX PAID,9.0,9,1.12,0.33,24.99,24.99,24.99,24.99,16.0,8.99,36.0,Down,-5.3,Stable,0.0,2025-03-18,2025-08-10,27,8,0,0,0,0,0,0,9,0,0,0,0
2960,028534220022,HERBS 2/$1 50CT FIRE HOT SSG,FOOD,9.0,9,1.29,0.08,14.99,14.99,14.99,14.99,13.0,1.99,13.3,Stable,-0.0,Stable,-0.0,2025-03-17,2025-06-17,81,7,0,0,0,0,0,9,0,0,0,0,0
2961,022000158925,ALTOIDS 12CT PEPPERMINT ,CANDYS,9.0,9,1.12,0.42,33.43,32.99,32.99,33.99,26.77,6.67,19.9,Stable,-3.2,Stable,-0.5,2025-04-29,2025-08-12,25,8,0,0,0,0,0,0,9,0,0,0,0
2962,078516019946,TURKEY CREEK STRIP CRACK 4OZ,FOOD,9.0,2,4.5,0.5,1.99,1.99,1.99,1.99,1.45,0.54,27.1,Up,66.7,Stable,0.0,2025-05-07,2025-08-14,23,2,0,2,0,0,0,0,0,0,0,0,0
2963,30628719650074,FREEZE DRIED PUFFS 12CT ,CANDYS,9.0,3,3.0,0.5,12.99,12.99,12.99,12.99,10.32,2.67,20.6,Up,16.7,Stable,0.0,2025-05-24,2025-07-28,39,3,0,0,0,0,0,3,0,0,0,0,0
2964,717519000871,AL CAPONE JAR 60/2CT JAMCN FLT,LIT CIGARS 003251,9.0,8,4.5,0.0,69.74,69.74,68.00,69.99,63.67,6.07,8.7,Up,22.2,Stable,-0.7,2025-03-11,2025-03-20,170,2,0,0,0,0,0,0,0,8,0,0,0
2965,686464566209,KM BIG DIPPER 12CT ,CANDYS,9.0,9,1.12,0.5,12.99,12.99,12.99,12.99,10.93,2.06,15.9,Up,5.3,Stable,0.0,2025-04-11,2025-09-01,4,8,0,0,0,0,0,9,0,0,0,0,0
2966,071153002036,STP 18669 BRAKE FLUID 12OZ 1CT,AUTOMOTIVE,9.0,2,9.0,0.0,3.69,3.69,3.69,3.69,1.5,2.19,59.3,Stable,0.0,Stable,0.0,2025-05-13,2025-05-15,113,1,0,0,0,2,0,0,0,0,0,0,0
2967,072799056117,MAMBA CHNGMKR 48CT ORIGINAL,CANDYS,9.0,8,1.12,0.5,16.18,14.79,0.00,18.49,14.88,1.3,8.0,Stable,-1.1,Stable,1.4,2025-03-17,2025-08-12,24,8,1,0,0,0,0,7,0,0,0,0,0
2968,PODELF,POD KING ELFBAR 5000 10CT,ELECTRONIC CIG,9.0,1,9.0,0.0,10.0,10.0,10.00,10.00,45.0,-35.0,-350.0,Stable,0.0,Stable,0.0,2025-04-24,2025-04-24,135,1,0,0,0,0,0,1,0,0,0,0,0
2969,10853195000983,EAGLE PT101N TORCH NEON 15CT,LIGHTERS,9.0,9,1.8,0.17,33.99,33.99,33.99,33.99,28.0,5.99,17.6,Down,-5.6,Stable,0.0,2025-04-07,2025-08-22,14,5,0,0,0,0,0,0,9,0,0,0,0
2970,849205017914,VUSE RICH TOBACCO 2.4% 5/2CT,ECIG - PODS,9.0,9,1.12,0.58,66.99,66.99,66.99,66.99,60.27,6.72,10.0,Stable,1.1,Stable,0.0,2025-05-20,2025-09-01,4,8,0,0,0,0,0,0,0,9,0,0,0
2971,031700236567,GAME LEAF 8/5CT - COGNAC,CIGARS,9.0,8,1.12,0.42,23.99,23.99,23.99,23.99,17.6,6.39,26.6,Up,7.4,Stable,0.0,2025-03-10,2025-08-24,13,8,0,0,0,0,0,0,8,0,0,0,0
2972,034000903108,MOUNDS DARK C/COCONUT 36CT,CANDYS,9.0,9,1.12,0.5,36.66,35.49,18.00,38.99,30.96,5.7,15.5,Stable,3.2,Stable,0.7,2025-03-29,2025-07-15,53,8,0,0,0,0,0,1,8,0,0,0,0
2973,676979863573,U B&W CONTAINER 32OZ 8PK 1CT,HOUSEHOLD GOODS,9.0,2,4.5,0.75,2.99,2.99,2.99,2.99,1.72,1.27,42.5,Down,-22.2,Stable,0.0,2025-08-09,2025-08-20,17,2,0,0,2,0,0,0,0,0,0,0,0
2974,742978845947,LOOSE LEAF MINI 8/5CT WMLN DRM,LT-TAX PAID,9.0,9,1.12,0.25,24.99,24.99,24.99,24.99,16.0,8.99,36.0,Stable,-3.2,Stable,0.0,2025-03-18,2025-07-20,48,8,0,0,0,0,0,0,9,0,0,0,0
2975,011000287087,EAGLE 20 BLUE 100 BOX 10CT,CIGARETTE,9.0,6,1.8,0.67,59.59,59.59,59.59,59.59,57.32,2.27,3.8,Up,16.7,Stable,0.0,2025-05-28,2025-08-18,19,5,0,0,0,0,0,0,0,6,0,0,0
2976,099900647682,BABY RUTH RS 24CT,CANDYS,9.0,9,1.29,0.33,27.66,28.49,26.99,29.99,21.15,6.5,23.5,Down,-11.1,Stable,1.9,2025-05-06,2025-08-13,23,7,0,0,0,0,0,0,9,0,0,0,0
2977,042100045574,GRIZZLY 15MG 5CT - WINTERGREEN,NICOTINE POUCHES,9.0,8,1.8,0.75,21.99,21.99,21.99,21.99,20.88,1.11,5.0,Up,5.6,Stable,0.0,2025-08-05,2025-09-01,4,5,0,0,0,0,0,0,8,0,0,0,0
2978,632365627877,KOKO MR SQUEEZY PAINT POP 12CT,CANDYS,9.0,9,1.29,0.42,12.99,12.99,12.99,12.99,10.26,2.73,21.0,Stable,-0.0,Stable,-0.0,2025-04-16,2025-09-05,1,7,0,0,0,0,0,9,0,0,0,0,0
2979,024100122332,CHEEZ-IT ORIGIONAL 1.5OZ 8CT,COOKIES,9.0,8,1.29,0.42,5.99,5.99,5.99,5.99,4.78,1.21,20.2,Stable,-0.0,Stable,-0.0,2025-03-27,2025-07-28,40,7,0,0,0,0,8,0,0,0,0,0,0
2980,658238734923,LOOSE LEAF MINI 8/5CT NATURAL,LT-TAX-COLLECTED,9.0,7,1.29,0.42,24.99,24.99,24.99,24.99,30.0,-5.01,-20.0,Stable,-2.8,Stable,-0.0,2025-03-18,2025-08-08,28,7,0,0,0,0,0,0,7,0,0,0,0
2981,10857545012077,BOB M HEMP WRAP STRBRY 25/2CT,BLUNT WRAP,9.0,8,1.5,0.5,13.99,13.99,13.99,13.99,12.5,1.49,10.7,Stable,1.9,Stable,0.0,2025-03-13,2025-08-15,22,6,0,0,0,0,0,8,0,0,0,0,0
2982,855022005850,ON! 2MG 5CT - ORIGINAL,NICOTINE POUCHES,9.0,8,1.5,0.17,17.49,17.49,17.49,17.49,15.6,1.89,10.8,Stable,-1.9,Stable,0.0,2025-04-16,2025-08-30,7,6,0,0,0,0,0,8,0,0,0,0,0
2983,632365625521,KOKO CANDY CRANK POP 16CT,CANDYS,9.0,9,1.5,0.25,16.99,16.99,16.99,16.99,13.39,3.6,21.2,Stable,-1.9,Stable,0.0,2025-04-05,2025-08-02,35,6,0,0,0,0,0,9,0,0,0,0,0
2984,022200961516,TEEN SPIRIT STRWBRY 2.3OZ,COSMETICS & BEAUTY,9.0,4,3.0,0.25,1.99,1.99,1.99,1.99,1.2,0.79,39.7,Down,-16.7,Stable,0.0,2025-04-02,2025-06-21,77,3,0,4,0,0,0,0,0,0,0,0,0
2985,023604200232,TWANG SALT 200CT LEMON LIME,FOOD,9.0,9,1.0,0.33,15.99,15.99,15.99,15.99,13.0,2.99,18.7,Stable,0.0,Stable,0.0,2025-03-11,2025-09-02,3,9,0,0,0,0,0,9,0,0,0,0,0
2986,676979922607,FOILRITE FOIL SHEETS 25CT,HOUSEHOLD GOODS,9.0,4,2.25,0.25,1.29,1.29,1.29,1.29,0.64,0.65,50.0,Up,22.2,Stable,0.0,2025-04-04,2025-08-10,26,4,0,4,0,0,0,0,0,0,0,0,0
2987,310119043011,BAUSH & LOMB RENU 4OZ ,MEDICINE,9.0,4,3.0,0.17,4.79,4.79,4.79,4.79,3.82,0.96,20.1,Down,-33.3,Stable,0.0,2025-04-06,2025-08-18,19,3,0,0,0,4,0,0,0,0,0,0,0
2988,814057002319,SHIELD BLUE 100 BOX 10CT,CIGARETTE,9.0,6,1.5,0.33,42.79,42.79,42.79,42.79,41.65,1.14,2.7,Stable,1.9,Stable,0.0,2025-04-11,2025-08-13,24,6,0,0,0,0,0,0,6,0,0,0,0
2989,023604205237,TWANG SALT 200 CT LIME,FOOD,9.0,9,1.12,0.42,15.99,15.99,15.99,15.99,10.25,5.74,35.9,Up,7.4,Stable,0.0,2025-03-15,2025-09-02,3,8,0,0,0,0,0,9,0,0,0,0,0
2990,079200249052,NERDS GUMMY CLUSTERS KS 12CT,CANDYS,9.0,9,1.8,0.42,24.32,26.99,18.99,26.99,18.35,5.97,24.6,Down,-11.1,Up,6.3,2025-03-24,2025-07-07,60,5,0,0,0,0,0,3,6,0,0,0,0
2991,072250030519,MRS FRESHLEY MINI CHO DON 12CT,CANDYS,9.0,8,1.29,0.17,17.49,17.49,17.49,17.49,14.82,2.67,15.3,Down,-11.1,Stable,0.0,2025-03-10,2025-07-15,53,7,0,0,0,0,0,8,0,0,0,0,0
2992,676979551371,U SHAVE CREAM 120Z 1CT,COSMETICS & BEAUTY,9.0,2,4.5,0.0,1.39,1.39,1.39,1.39,0.88,0.51,36.4,Down,-66.7,Stable,0.0,2025-03-13,2025-04-29,129,2,0,2,0,0,0,0,0,0,0,0,0
2993,034000236107,KIT KAT WHITE RS 24CT,CANDYS,9.0,9,1.5,0.0,27.99,27.99,27.99,27.99,22.32,5.67,20.3,Stable,1.9,Stable,0.0,2025-03-10,2025-05-21,108,6,0,0,0,0,0,0,9,0,0,0,0
2994,887969011878,ZONE 6MM 5CT SPEARMINT,NICOTINE POUCHES,9.0,9,1.0,0.42,18.99,18.99,18.99,18.99,17.5,1.49,7.8,Stable,0.0,Stable,0.0,2025-03-13,2025-08-29,8,9,0,0,0,0,0,9,0,0,0,0,0
2995,MIT8,MIT D8 1ML CART 1CT,ECIG - PODS D8,9.0,1,9.0,0.0,5.0,5.0,5.00,5.00,4.0,1.0,20.0,Stable,0.0,Stable,0.0,2025-03-31,2025-03-31,158,1,0,0,0,0,1,0,0,0,0,0,0
2996,707443349917,VITA HONEY 12CT CLEARANCE,VITAMINS,9.0,6,1.5,0.33,6.99,6.99,6.99,6.99,7.0,-0.01,-0.1,Up,5.7,Stable,-0.0,2025-03-31,2025-07-27,41,6,0,0,0,0,6,0,0,0,0,0,0
2997,028200303615,BASIC BLUE 100 BOX 10CT,CIGARETTE,9.0,3,3.0,0.75,88.19,88.19,88.19,88.19,75.83,12.36,14.0,Up,50.0,Stable,0.0,2025-06-18,2025-08-04,32,3,0,0,0,0,0,0,0,3,0,0,0
2998,022000104281,LIFESAVER 5 FLAVOR CANDY 20CT,CANDYS,9.0,9,1.12,0.25,16.99,16.99,16.99,16.99,14.01,2.98,17.5,Stable,-3.2,Stable,0.0,2025-03-11,2025-08-12,25,8,0,0,0,0,0,9,0,0,0,0,0
2999,810094050221,CANDYMANS COTTON CANDY 120CT,CANDYS,9.0,6,1.5,0.33,4.49,4.49,4.49,4.49,3.0,1.49,33.2,Stable,-1.9,Stable,-0.0,2025-04-27,2025-08-31,5,6,0,0,0,6,0,0,0,0,0,0,0
3000,300450481269,MOTRIN CAPLETS 24CT,MEDICINE,9.0,2,9.0,0.75,5.49,5.49,5.49,5.49,4.2,1.29,23.4,Stable,0.0,Stable,0.0,2025-08-25,2025-08-28,9,1,0,0,0,0,2,0,0,0,0,0,0
3001,676979826202,PANTILINER UNSCENTED 40CT,COSMETICS & BEAUTY,9.0,2,9.0,0.0,1.99,1.99,1.99,1.99,0.99,1.0,50.3,Stable,0.0,Stable,0.0,2025-03-22,2025-03-22,167,1,0,2,0,0,0,0,0,0,0,0,0
3002,042100025064,COUGAR LC NATURAL 5CT,T7 SMOKELESS GA,9.0,7,1.29,0.33,15.68,16.04,14.99,16.49,13.79,1.89,12.0,Down,-13.9,Stable,1.7,2025-03-17,2025-08-18,19,7,0,0,0,0,0,7,0,0,0,0,0
3003,011000494089,PYRAMID MENTHOL GOLD BOX 10CT,CIGARETTE,9.0,6,1.5,0.33,67.19,68.19,66.19,68.19,65.83,1.36,2.0,Up,13.3,Stable,0.8,2025-04-16,2025-08-04,33,6,0,0,0,0,0,0,0,6,0,0,0
3004,6974734434438,CLEAR DRAW DUAL FLAV 20K 5CT,ELECTRONIC CIG,9.0,4,2.25,0.67,36.25,35.83,30.00,40.00,32.5,3.75,10.3,Up,66.7,Down,-6.9,2025-05-22,2025-09-02,4,4,0,0,0,0,0,0,4,0,0,0,0
3005,029000027947,PLANTER PNUTS SWT SPC 18CT,FOOD,9.0,9,1.29,0.33,7.99,7.99,7.99,7.99,6.34,1.65,20.7,Down,-11.1,Stable,-0.0,2025-03-18,2025-07-13,55,7,0,0,0,0,9,0,0,0,0,0,0
3006,073390024505,MENTOS GUM 6CT RED FRT LIME,GUMS/CHICLETS,9.0,9,1.12,0.33,21.99,21.99,21.99,21.99,18.59,3.4,15.4,Down,-7.4,Stable,0.0,2025-04-06,2025-08-12,24,8,0,0,0,0,0,0,9,0,0,0,0
3007,819466011389,HIFI 5/$0.99 15/5CT SUPA SWEET,CIGARS,9.0,9,1.12,0.58,11.99,11.99,11.99,11.99,9.0,2.99,24.9,Up,7.4,Stable,0.0,2025-03-28,2025-08-29,8,8,0,0,0,0,0,9,0,0,0,0,0
3008,191554322127,FRESH START SPONGE 6PK,CLEANING PRODUCTS,9.0,4,2.25,0.58,1.19,1.59,0.00,1.59,0.79,0.4,33.8,Up,57.8,Up,40.0,2025-05-03,2025-07-08,60,4,1,3,0,0,0,0,0,0,0,0,0
3009,029000025806,PLANTERS CASHEWS 10CT HT N SPC,FOOD,9.0,8,1.29,0.17,17.32,18.99,7.60,18.99,15.15,2.17,12.5,Down,-16.7,Stable,-2.2,2025-03-16,2025-06-24,74,7,0,0,0,0,1,7,0,0,0,0,0
3010,669423039679,FADED GUMMIES D9 50KMG 10/5CT,CBD/HEMP,9.0,4,2.25,0.0,46.88,46.88,45.00,50.00,40.0,6.88,14.7,Up,22.2,Stable,-2.7,2025-03-20,2025-05-25,104,4,0,0,0,0,0,0,3,1,0,0,0
3011,676979920177,U COTTON SWABS 350CT,COSMETICS & BEAUTY,9.0,4,2.25,0.75,0.99,0.99,0.99,0.99,0.5,0.49,49.6,Up,48.9,Stable,0.0,2025-08-09,2025-09-02,4,4,4,0,0,0,0,0,0,0,0,0,0
3012,878848822579,CHEF VALLEY CAN OPENER 1CT,HOUSEHOLD GOODS,9.0,5,1.8,0.5,1.99,1.99,1.99,1.99,1.12,0.86,43.5,Stable,0.0,Stable,0.0,2025-03-18,2025-08-07,29,5,0,5,0,0,0,0,0,0,0,0,0
3013,676979912097,U CHOICE DUOBLE ZIP BAGS 22CT,HOUSEHOLD GOODS,9.0,2,4.5,0.75,1.79,1.79,1.79,1.79,0.99,0.8,44.7,Down,-22.2,Stable,0.0,2025-08-21,2025-09-01,4,2,0,2,0,0,0,0,0,0,0,0,0
3014,817127029759,HEMP ZONE 5/$1 15CT STRBRY KWI,BLUNT WRAP,9.0,5,1.8,0.5,4.0,5.0,0.00,9.99,8.5,-4.5,-112.7,Down,-16.7,Up,25.0,2025-04-06,2025-09-01,5,5,3,0,0,0,2,0,0,0,0,0,0
3015,028200313911,L&M TURKISH BLEND BOX 10CT,CIGARETTE,9.0,7,1.29,0.25,80.48,82.39,78.39,82.39,76.96,3.52,4.4,Stable,2.8,Stable,0.9,2025-03-12,2025-08-27,9,7,0,0,0,0,0,0,0,7,0,0,0
3016,054600003350,FANTASTIK ALL PURP CLNR 32OZ,CLEANING PRODUCTS,9.0,4,2.25,0.25,3.79,3.79,3.79,3.79,2.81,0.98,25.9,Down,-40.0,Stable,0.0,2025-05-12,2025-08-25,12,4,0,0,0,4,0,0,0,0,0,0,0
3017,707670190283,TECHNO LGT GUN ON BARREL 6CT,LIGHTERS,9.0,9,1.12,0.08,40.22,40.0,37.99,45.00,34.0,6.22,15.5,Stable,1.1,Stable,0.4,2025-03-15,2025-08-18,19,8,0,0,0,0,0,0,9,0,0,0,0
3018,878848992470,PROTOUCH PADLOCK 30MM 1CT,HARDWARE,9.0,2,4.5,0.25,1.49,1.49,1.49,1.49,0.84,0.65,43.5,Down,-66.7,Stable,0.0,2025-05-27,2025-07-08,60,2,0,2,0,0,0,0,0,0,0,0,0
3019,686464200615,KM SLOT MACHINE DISPENSER 12CT,CANDYS,9.0,9,1.12,0.67,12.99,12.99,12.99,12.99,10.93,2.06,15.9,Stable,-3.2,Stable,0.0,2025-05-27,2025-08-24,12,8,0,0,0,0,0,9,0,0,0,0,0
3020,040000329701,STARBURST FAVE REDS 24CT,CANDYS,9.0,9,1.12,0.5,33.66,32.99,32.99,34.99,26.85,6.8,20.2,Down,-7.4,Stable,-0.9,2025-03-20,2025-08-14,22,8,0,0,0,0,0,0,9,0,0,0,0
3021,012546097314,DENTYNE ICE 9CT SPICY CINNAMON,GUMS/CHICLETS,9.0,9,1.12,0.5,10.99,10.99,10.99,10.99,8.73,2.26,20.6,Down,-5.3,Stable,0.0,2025-05-04,2025-08-03,33,8,0,0,0,0,0,9,0,0,0,0,0
3022,041420079412,BRACHS PEPPERMINT CANDY 160CT,CANDYS,9.0,5,2.25,0.0,10.49,10.49,10.49,10.49,8.26,2.23,21.3,Up,22.2,Stable,0.0,2025-03-21,2025-04-27,131,4,0,0,0,0,0,5,0,0,0,0,0
3023,EPSOM,U EPSOM SALT,HOUSEHOLD GOODS,9.0,1,9.0,0.0,1.49,1.49,1.49,1.49,0.99,0.5,33.6,Stable,0.0,Stable,0.0,2025-04-03,2025-04-03,156,1,0,1,0,0,0,0,0,0,0,0,0
3024,887969011441,MY BLU POD MENTHOL 2.4% 5/2CT,ECIG - PODS,8.0,4,2.0,0.5,39.95,39.95,39.95,39.95,33.5,6.45,16.1,Down,-10.0,Stable,0.0,2025-03-24,2025-08-07,30,4,0,0,0,0,0,0,4,0,0,0,0
3025,817127021067,HEMP ZONE 5/$1 15CT RUSSN GEM,BLUNT WRAP,8.0,5,1.6,0.42,0.0,0.0,0.00,0.00,8.5,-8.5,0.0,Stable,0.0,Stable,0.0,2025-04-06,2025-09-01,5,5,5,0,0,0,0,0,0,0,0,0,0
3026,801822501870,DS ASSTD WOOD SCREWS 95PCS,AUTOMOTIVE,8.0,2,4.0,0.58,1.49,1.49,1.49,1.49,0.5,0.99,66.4,Up,150.0,Stable,0.0,2025-05-08,2025-08-20,17,2,0,2,0,0,0,0,0,0,0,0,0
3027,6001085120953,VASELINE BLUE SEAL 100ML 12CT,COSMETICS & BEAUTY,8.0,7,1.14,0.33,17.99,17.99,17.99,17.99,11.88,6.11,34.0,Up,6.2,Stable,0.0,2025-03-23,2025-08-28,9,7,0,0,0,0,0,7,0,0,0,0,0
3028,025900329860,SS 2/$1.19 30/2CT - TROP FSN,CIGARS,8.0,8,1.14,0.33,25.99,25.99,25.99,25.99,20.25,5.74,22.1,Stable,3.1,Stable,-0.0,2025-03-23,2025-08-28,9,7,0,0,0,0,0,0,8,0,0,0,0
3029,071610340305,BACKWOODS 5PK 8/5CT WILD RUM,CIGARS,8.0,8,1.0,0.25,37.49,37.99,36.99,37.99,29.85,7.64,20.4,Stable,0.0,Stable,0.5,2025-03-13,2025-09-04,2,8,0,0,0,0,0,0,8,0,0,0,0
3030,034000701025,ICE BREAKERS CUBES 6CT- PPRMNT,GUMS/CHICLETS,8.0,8,1.0,0.17,21.99,21.99,21.99,21.99,18.3,3.69,16.8,Stable,0.0,Stable,0.0,2025-03-19,2025-07-11,57,8,0,0,0,0,0,0,8,0,0,0,0
3031,SMART700,SMART WATER SPORTS 700ML 15CT,WATER,8.0,4,4.0,0.0,19.99,19.99,19.99,19.99,15.99,4.0,20.0,Up,50.0,Stable,0.0,2025-03-13,2025-04-25,134,2,0,0,0,0,0,4,0,0,0,0,0
3032,072084056266,FRUNAS 48CT PEACH,CANDYS,8.0,6,1.33,0.42,4.69,4.69,4.69,4.69,3.48,1.21,25.8,Down,-12.9,Stable,0.0,2025-04-16,2025-08-06,31,6,0,0,0,6,0,0,0,0,0,0,0
3033,071153660465,STP POWER STR/STOP LEAK 1CT,AUTOMOTIVE,8.0,2,8.0,0.67,2.79,2.79,2.79,2.79,1.57,1.22,43.6,Stable,0.0,Stable,0.0,2025-08-01,2025-08-02,35,1,0,0,2,0,0,0,0,0,0,0,0
3034,033300616886,KAYAK LC MINT TOWER 10CT,T7 SMOKELESS GA,8.0,7,1.33,0.5,23.99,23.99,23.99,23.99,22.53,1.46,6.1,Stable,4.3,Stable,0.0,2025-03-13,2025-08-19,17,6,0,0,0,0,0,0,7,0,0,0,0
3035,816374020755,7 DAYS MINI CROISSANTS 5CT,FOOD,8.0,5,1.6,0.0,7.29,7.29,7.29,7.29,6.06,1.23,16.9,Down,-12.5,Stable,0.0,2025-03-11,2025-05-22,106,5,0,0,0,0,5,0,0,0,0,0,0
3036,700598115741,OPMS SILVER 288G/480CT G MALAY,VITAMINS,8.0,3,2.67,0.42,26.5,26.75,26.00,27.50,23.0,3.5,13.2,Up,18.8,Stable,2.8,2025-03-12,2025-07-30,37,3,0,0,0,0,0,0,3,0,0,0,0
3037,0100697383401038172308311,VINYL GLOVES 1CT,HOUSEHOLD GOODS,8.0,2,8.0,0.0,6.99,6.99,6.99,6.99,2.99,4.0,57.2,Stable,0.0,Stable,0.0,2025-04-25,2025-04-25,134,1,0,0,0,0,2,0,0,0,0,0,0
3038,041167100394,ROLAIDS U/STRENTH MINT 12ROLL,MEDICINE,8.0,8,1.14,0.17,10.62,10.99,10.49,10.99,8.47,2.14,20.2,Down,-9.4,Stable,0.8,2025-03-12,2025-08-31,6,7,0,0,0,0,0,8,0,0,0,0,0
3039,817127029797,HEMP ZONE 5/$1 15CT WET & FRTY,BLUNT WRAP,8.0,3,2.67,0.58,0.0,0.0,0.00,0.00,8.5,-8.5,0.0,Up,37.5,Stable,0.0,2025-04-06,2025-09-01,5,3,3,0,0,0,0,0,0,0,0,0,0
3040,014200338597,BLOW POP 48CT BURSTING BERRY,CANDYS,8.0,8,1.33,0.33,8.99,8.99,8.99,8.99,7.24,1.75,19.5,Stable,-4.3,Stable,0.0,2025-05-21,2025-09-01,5,6,0,0,0,0,8,0,0,0,0,0,0
3041,817458027110,WILDHEMP WRAP 4/99 20CT TRP BZ,BLUNT WRAP,8.0,7,1.33,0.42,11.13,9.74,0.00,12.99,9.5,1.63,14.7,Up,8.6,Stable,-1.6,2025-04-09,2025-08-22,15,6,1,0,0,0,0,6,0,0,0,0,0
3042,076150232448,ACTII POPCORN LIGHTBUTTER 18CT,FOOD,8.0,8,2.0,0.33,13.99,13.99,13.99,13.99,10.62,3.37,24.1,Stable,0.0,Stable,0.0,2025-03-18,2025-07-17,51,4,0,0,0,0,0,8,0,0,0,0,0
3043,842426145770,GT 3/99 15/3CT DIAMOND,CIGAR GA,8.0,6,1.33,0.33,9.49,9.49,9.49,9.49,8.03,1.46,15.4,Stable,4.3,Stable,0.0,2025-03-11,2025-08-27,9,6,0,0,0,0,6,0,0,0,0,0,0
3044,N6,NISSIN CUP NOODLE STIR FRY 6CT,FOOD,8.0,5,1.6,0.17,8.99,8.99,8.99,8.99,7.43,1.56,17.4,Down,-25.0,Stable,0.0,2025-03-22,2025-07-10,57,5,0,0,0,0,5,0,0,0,0,0,0
3045,014200338641,BLOW POP 48CT KIWI BERRY,CANDYS,8.0,8,1.0,0.33,8.99,8.99,8.99,8.99,7.24,1.75,19.5,Stable,0.0,Stable,0.0,2025-04-07,2025-08-31,5,8,0,0,0,0,8,0,0,0,0,0,0
3046,686464497206,KM QUICK BLAST SOUR CANDY 12CT,CANDYS,8.0,8,1.14,0.25,12.99,12.99,12.99,12.99,10.93,2.06,15.9,Down,-6.3,Stable,-0.0,2025-04-05,2025-09-03,2,7,0,0,0,0,0,8,0,0,0,0,0
3047,849205019772,VUSE GOLDEN TOBACCO 1.8% 5/2CT,ECIG - PODS,8.0,8,1.0,0.33,66.99,66.99,66.99,66.99,61.22,5.77,8.6,Stable,0.0,Stable,0.0,2025-03-15,2025-08-20,17,8,0,0,0,0,0,0,0,8,0,0,0
3048,787692835553,LENNY & LARRY 12CT PNT BUTTER,COOKIES,8.0,8,1.0,0.33,22.86,23.24,22.49,25.49,18.96,3.9,17.1,Stable,0.0,Stable,1.1,2025-04-11,2025-09-01,4,8,0,0,0,0,0,0,8,0,0,0,0
3049,042100045543,GRIZZLY 12MG 5CT - WINTERGREEN,NICOTINE POUCHES,8.0,8,2.67,0.67,21.99,21.99,21.99,21.99,20.88,1.11,5.0,Stable,0.0,Stable,0.0,2025-08-05,2025-09-01,4,3,0,0,0,0,0,0,8,0,0,0,0
3050,012546014083,TRIDENT 6CT 28STK - SPEARMINT,GUMS/CHICLETS,8.0,7,1.14,0.25,13.85,14.99,12.99,14.99,11.18,2.67,19.3,Down,-9.4,Stable,3.1,2025-03-22,2025-09-01,4,7,0,0,0,0,0,7,0,0,0,0,0
3051,042100045666,GRIZZLY 9MG 5CT - MINT,NICOTINE POUCHES,8.0,8,2.0,0.67,21.99,21.99,21.99,21.99,20.88,1.11,5.0,Down,-10.0,Stable,0.0,2025-08-05,2025-09-01,4,4,0,0,0,0,0,0,8,0,0,0,0
3052,369168343276,HEALTH A2Z ANIT GAS 15CT/BX,MEDICINE,8.0,2,4.0,0.67,1.99,1.99,1.99,1.99,0.94,1.05,52.8,Stable,0.0,Stable,0.0,2025-08-21,2025-09-05,1,2,0,2,0,0,0,0,0,0,0,0,0
3053,850015737251,YARDLEY HAND LOTION 8.4OZ,CLEANING PRODUCTS,8.0,4,2.0,0.17,1.49,1.49,1.49,1.49,0.95,0.54,36.2,Up,10.0,Stable,0.0,2025-03-15,2025-07-19,48,4,0,4,0,0,0,0,0,0,0,0,0
3054,707670090729,9MM PISTOL LGT 09072 12CT,LIGHTERS,8.0,8,1.33,0.17,28.62,32.0,26.00,32.50,23.94,4.69,16.4,Stable,4.3,Stable,2.2,2025-03-21,2025-08-06,31,6,0,0,0,0,0,0,8,0,0,0,0
3055,8414646310126,SUPER ADHESIVE CLEANER 3GMS,STATIONARY,8.0,1,8.0,0.0,0.89,0.89,0.89,0.89,0.47,0.42,47.2,Stable,0.0,Stable,0.0,2025-05-26,2025-05-26,103,1,1,0,0,0,0,0,0,0,0,0,0
3056,030772162965,CREST SCOPE MOUTHWASH 250ML,HOUSEHOLD GOODS,8.0,2,8.0,0.67,1.79,1.79,1.79,1.79,1.05,0.74,41.3,Stable,0.0,Stable,0.0,2025-08-21,2025-08-21,16,1,0,2,0,0,0,0,0,0,0,0,0
3057,686464538206,KM YOYO MANIA CANDY 12 CT,CANDYS,8.0,8,1.14,0.33,12.99,12.99,12.99,12.99,10.93,2.06,15.9,Down,-6.3,Stable,-0.0,2025-04-11,2025-08-09,28,7,0,0,0,0,0,8,0,0,0,0,0
3058,6291109097471,AL FAKHER 10 X 50GM FL ORNG CR,LT-TAX PAID,8.0,8,1.0,0.33,17.55,18.24,16.49,18.99,16.25,1.3,7.4,Stable,0.0,Stable,1.8,2025-03-19,2025-08-14,23,8,0,0,0,0,0,8,0,0,0,0,0
3059,8904245400255,SATYA INCENSE 12CT PALO SANTO,INCENSE,8.0,7,1.33,0.33,6.99,6.99,6.99,6.99,4.49,2.5,35.8,Up,8.6,Stable,-0.0,2025-04-20,2025-08-22,15,6,0,0,0,0,7,0,0,0,0,0,0
3060,10888109010093,HOSTESS SNO BALLS 6CT - ORIG,FOOD,8.0,8,1.0,0.08,9.99,9.99,9.99,9.99,8.15,1.84,18.4,Stable,0.0,Stable,0.0,2025-03-14,2025-07-03,65,8,0,0,0,0,8,0,0,0,0,0,0
3061,19017,TECHNO TORCH SPRAY CAN 6CT,LIGHTERS,8.0,5,1.6,0.42,41.2,40.0,40.00,44.00,32.39,8.81,21.4,Up,18.8,Stable,-1.0,2025-03-21,2025-07-01,67,5,0,0,0,0,0,0,5,0,0,0,0
3062,026200112053,SLIM JIM BEEF & CHZ MILD 18CT,FOOD,8.0,8,1.33,0.08,32.8,34.99,25.28,34.99,28.26,4.54,13.9,Stable,-4.3,Stable,0.5,2025-03-26,2025-06-17,81,6,0,0,0,0,0,0,8,0,0,0,0
3063,073390020965,AIRHEADS GUM BLU RASP 12CT,CANDYS,8.0,8,1.33,0.25,13.99,13.99,13.99,13.99,11.28,2.71,19.4,Down,-8.6,Stable,0.0,2025-03-22,2025-09-01,4,6,0,0,0,0,0,8,0,0,0,0,0
3064,010700158505,JOLLY RANCHER LOLIPOP 50CT,CANDYS,8.0,8,1.14,0.33,9.49,9.49,9.49,9.49,7.56,1.93,20.3,Up,6.2,Stable,0.0,2025-03-16,2025-08-01,36,7,0,0,0,0,8,0,0,0,0,0,0
3065,008660007148,ZIG ZAG CONE KS 24/3CT,CIG ROLLING PAPER,8.0,4,2.0,0.17,18.99,13.5,0.00,26.99,21.84,-2.85,-15.0,Down,-30.0,Down,-8.4,2025-03-11,2025-08-05,32,4,1,0,0,0,0,0,3,0,0,0,0
3066,676979912080,U CHOICE DUOBLE ZIP BAGS 50CT,HOUSEHOLD GOODS,8.0,2,8.0,0.67,1.59,1.59,1.59,1.59,0.7,0.89,56.0,Stable,0.0,Stable,0.0,2025-08-20,2025-08-21,16,1,0,2,0,0,0,0,0,0,0,0,0
3067,7468572202315,FOAM PLATE NO.09 40CT,HOUSEHOLD GOODS,8.0,4,2.67,0.67,3.49,3.49,3.49,3.49,1.43,2.06,59.0,Down,-18.8,Stable,0.0,2025-08-03,2025-08-22,15,3,0,0,0,4,0,0,0,0,0,0,0
3068,BWP,LONG DUSTPAN W/ SS BRUSH ,CLEANING PRODUCTS,8.0,5,2.67,0.67,7.19,7.19,6.99,7.99,4.25,2.94,40.9,Up,37.5,Down,-6.8,2025-08-02,2025-08-30,6,3,0,0,0,0,5,0,0,0,0,0,0
3069,22848C,LAB D DOLL COKE CAN 6CT,MISC,8.0,6,2.0,0.67,51.5,51.5,45.00,54.00,42.0,9.5,18.4,Down,-60.0,Stable,1.7,2025-07-23,2025-08-18,18,4,0,0,0,0,0,0,1,5,0,0,0
3070,AP6,ANIMAL PLUSH KEY CHAIN 6CT,MISC,8.0,8,2.67,0.67,42.62,42.62,39.00,47.99,30.0,12.62,29.6,Up,37.5,Stable,-1.7,2025-07-16,2025-08-01,35,3,0,0,0,0,0,0,8,0,0,0,0
3071,840158608662,FRE 6MG POUCH 5CT SWEET,NICOTINE POUCHES,8.0,4,2.0,0.67,20.24,20.24,19.99,20.49,19.5,0.74,3.7,Stable,-0.0,Stable,-0.0,2025-07-31,2025-08-27,10,4,0,0,0,0,0,2,2,0,0,0,0
3072,325866105028,ALEVE 24 CAPLET BOTTLE  1CT,MEDICINE,8.0,4,2.0,0.0,5.49,5.49,5.49,5.49,4.5,0.99,18.0,Down,-10.0,Stable,0.0,2025-03-28,2025-06-04,94,4,0,0,0,0,4,0,0,0,0,0,0
3073,817127029742,HEMP ZONE 5/$1 15CT BEE BERRY,BLUNT WRAP,8.0,4,2.0,0.42,0.0,0.0,0.00,0.00,8.5,-8.5,0.0,Up,20.0,Stable,0.0,2025-04-06,2025-07-04,64,4,4,0,0,0,0,0,0,0,0,0,0
3074,022000196460,WR 5 10CT - SWEET MINT MAZE,GUMS/CHICLETS,8.0,8,1.14,0.25,17.99,17.99,17.99,17.99,14.63,3.36,18.7,Stable,-3.1,Stable,0.0,2025-03-24,2025-08-17,20,7,0,0,0,0,0,8,0,0,0,0,0
3075,787692833665,LENNY & LARRY 12CT PNT BTR CHO,COOKIES,8.0,8,1.33,0.25,22.49,22.49,22.49,22.49,18.63,3.86,17.2,Stable,-0.0,Stable,0.0,2025-03-12,2025-08-08,28,6,0,0,0,0,0,0,8,0,0,0,0
3076,072108810010,MOON PIE CHOCOLATE 9CT,COOKIES,8.0,8,1.14,0.33,4.8,4.12,0.00,5.49,4.6,0.2,4.2,Down,-6.3,Down,-8.3,2025-03-18,2025-08-14,22,7,1,0,0,0,7,0,0,0,0,0,0
3077,850041279350,KANVA FOCUS+FLOW K+K 12CT,VITAMINS,8.0,8,1.0,0.58,57.75,57.71,56.00,59.00,52.0,5.75,10.0,Stable,0.0,Stable,0.1,2025-05-21,2025-08-22,15,8,0,0,0,0,0,0,0,8,0,0,0
3078,652369710818,GRINDER GR037-SK/GRO37-YY 3PC,NOVELTY ITEMS,8.0,3,4.0,0.5,3.49,3.49,3.49,3.49,2.25,1.24,35.5,Up,100.0,Stable,0.0,2025-04-23,2025-06-15,83,2,0,0,0,3,0,0,0,0,0,0,0
3079,812615006762,CLIPPER CIGAR 10CT VANILLE,CIGARS,8.0,6,1.33,0.42,11.99,11.99,11.99,11.99,7.95,4.04,33.7,Down,-12.9,Stable,0.0,2025-04-23,2025-08-28,9,6,0,0,0,0,0,6,0,0,0,0,0
3080,010700858542,PAYDAY CHOC CARAMEL KS 18CT,CANDYS,8.0,8,1.33,0.08,36.99,36.99,36.99,36.99,29.16,7.83,21.2,Stable,-4.3,Stable,0.0,2025-04-04,2025-06-13,85,6,0,0,0,0,0,0,8,0,0,0,0
3081,716053603159,CELLTEKK CTD MICRO CABLE 10CT,CELLUAR ACCESSORIES,8.0,8,1.0,0.17,14.99,14.99,14.99,14.99,9.9,5.09,34.0,Stable,0.0,Stable,0.0,2025-03-16,2025-08-12,25,8,0,0,0,0,0,8,0,0,0,0,0
3082,784762080585,TENZ WRAP 8/2CT HONEY BERRY,CIGARS,8.0,5,2.0,0.25,41.59,41.66,40.99,41.99,32.8,8.79,21.1,Down,-30.0,Stable,0.4,2025-04-14,2025-09-05,1,4,0,0,0,0,0,0,5,0,0,0,0
3083,801822105429,WRIST SUPPORT FIT ALL ICT,COSMETICS & BEAUTY,8.0,2,4.0,0.67,0.99,0.99,0.99,0.99,0.45,0.54,54.5,Stable,0.0,Stable,0.0,2025-07-02,2025-08-21,16,2,2,0,0,0,0,0,0,0,0,0,0
3084,008660007971,ZIG ZAG RP HEMP GRN KS 24CT,CIG ROLLING PAPER,8.0,6,2.0,0.5,11.25,5.38,0.00,22.99,19.77,-8.52,-75.8,Up,30.0,Down,-43.5,2025-04-21,2025-09-04,2,4,3,0,0,0,0,0,3,0,0,0,0
3085,062338858234,AIRWICKSTICK UPS 2PK,AIR FRESHENER,8.0,1,8.0,0.67,1.99,1.99,1.99,1.99,0.98,1.01,50.8,Stable,0.0,Stable,0.0,2025-08-21,2025-08-21,16,1,0,1,0,0,0,0,0,0,0,0,0
3086,079200281793,LAFFY TAFFY 6OZ PEG BAG 1CT,CANDYS,8.0,2,4.0,0.42,2.79,2.79,2.79,2.79,2.03,0.76,27.3,Up,50.0,Stable,0.0,2025-05-04,2025-08-05,32,2,0,0,2,0,0,0,0,0,0,0,0
3087,044000078348,NEWTONS FIGS 10CT,COOKIES,8.0,7,1.33,0.42,7.49,7.49,7.49,7.49,6.21,1.28,17.1,Up,17.1,Stable,-0.0,2025-04-08,2025-08-07,29,6,0,0,0,0,7,0,0,0,0,0,0
3088,810072275219,K CHILL 85 TINCTURE 12/2OZ,NOVELTY ITEMS,8.0,3,2.67,0.0,45.0,45.0,45.00,45.00,42.0,3.0,6.7,Up,37.5,Stable,0.0,2025-03-10,2025-03-25,165,3,0,0,0,0,0,0,3,0,0,0,0
3089,028200179203,PARLIAMENT BLUE BOX 10CT,CIGARETTE,8.0,8,1.0,0.42,96.65,97.53,93.39,98.49,93.17,3.48,3.6,Stable,0.0,Stable,0.7,2025-03-20,2025-08-28,8,8,0,0,0,0,0,0,0,8,0,0,0
3090,022000282361,WR EXTRA REFRESHER 6CT BRY MIX,GUMS/CHICLETS,8.0,8,1.14,0.33,19.99,19.99,19.99,19.99,16.32,3.67,18.4,Up,9.4,Stable,0.0,2025-03-12,2025-09-02,3,7,0,0,0,0,0,8,0,0,0,0,0
3091,016000146983,GUSHERS VARIETY PACK 42CT,CANDYS,8.0,8,1.0,0.42,19.99,19.99,19.99,19.99,15.84,4.15,20.8,Stable,0.0,Stable,0.0,2025-03-24,2025-09-01,4,8,0,0,0,0,0,8,0,0,0,0,0
3092,8901030669095,VASELINE BODY LOTION 100ML 1CT,COSMETICS & BEAUTY,8.0,2,4.0,0.67,1.09,1.09,1.09,1.09,0.79,0.3,27.5,Down,-100.0,Stable,0.0,2025-08-24,2025-08-31,5,2,0,2,0,0,0,0,0,0,0,0,0
3093,676979000558,"FOILRITE 7"" ALUMINUM PAN 4CT",KITCHEN & TOILET,8.0,2,4.0,0.25,1.19,1.19,1.19,1.19,0.58,0.61,51.1,Down,-50.0,Stable,0.0,2025-05-12,2025-07-31,37,2,0,2,0,0,0,0,0,0,0,0,0
3094,026200140414,SLIM JIM MONSTER 18CT HNY BBQ,FOOD,8.0,8,1.14,0.08,32.24,42.99,0.00,42.99,34.04,-1.8,-5.6,Down,-6.3,Up,20.0,2025-03-22,2025-07-24,44,7,2,0,0,0,0,0,6,0,0,0,0
3095,0945139,DIAMOND AC EARPHONE 20CT TYP C,CELLUAR ACCESSORIES,8.0,8,1.0,0.33,44.99,44.99,44.99,44.99,35.0,9.99,22.2,Stable,0.0,Stable,0.0,2025-03-12,2025-08-21,16,8,0,0,0,0,0,0,8,0,0,0,0
3096,850048616240,BACKWOOD ELECTRONIC SCALE 1CT,NOVELTY ITEMS,8.0,2,4.0,0.17,6.62,6.25,6.25,6.99,5.25,1.37,20.7,Down,-100.0,Down,-11.2,2025-04-09,2025-08-03,34,2,0,0,0,0,2,0,0,0,0,0,0
3097,300318738122,ROBITUSSIN COUGH CHEST DM 4OZ,MEDICINE,8.0,2,4.0,0.0,6.99,6.99,6.99,6.99,5.24,1.75,25.0,Up,50.0,Stable,0.0,2025-03-31,2025-04-17,142,2,0,0,0,0,2,0,0,0,0,0,0
3098,011225058981,ACADEMIX BALL POINT PENS 10CT,STATIONARY,8.0,6,1.33,0.25,1.49,1.49,1.49,1.49,0.49,1.0,67.1,Up,8.6,Stable,0.0,2025-03-22,2025-08-12,25,6,0,6,0,0,0,0,0,0,0,0,0
3099,676979000572,TRASH BAG BLACK 26GAL 10CT ,KITCHEN & TOILET,8.0,1,8.0,0.67,1.29,1.29,1.29,1.29,0.6,0.69,53.5,Stable,0.0,Stable,0.0,2025-08-09,2025-08-09,27,1,0,1,0,0,0,0,0,0,0,0,0
3100,676979801629,FRESHRITE SANDWICH ZIPPER42CT ,HOUSEHOLD GOODS,8.0,2,4.0,0.67,1.89,1.89,1.89,1.89,0.6,1.29,68.3,Stable,0.0,Stable,0.0,2025-08-12,2025-09-05,1,2,0,2,0,0,0,0,0,0,0,0,0
3101,764608023433,BAZIC FLUORESCENT 3PK HILIGHTR,STATIONARY,8.0,7,1.33,0.5,2.49,2.49,2.49,2.49,0.95,1.54,61.8,Up,8.6,Stable,0.0,2025-04-15,2025-09-05,1,6,0,0,7,0,0,0,0,0,0,0,0
3102,073170131003,OLD W 4OZ PORK & BEEF BITES,FOOD,8.0,1,8.0,0.0,0.0,0.0,0.00,0.00,2.46,-2.46,0.0,Stable,0.0,Stable,0.0,2025-04-05,2025-04-05,154,1,1,0,0,0,0,0,0,0,0,0,0
3103,633632984631,DREAM HOOKAH TIPS SMALL 50CT,NOVELTY ITEMS,8.0,8,1.33,0.0,3.99,3.99,3.99,3.99,1.25,2.74,68.7,Up,8.6,Stable,-0.0,2025-03-25,2025-05-26,103,6,0,0,0,8,0,0,0,0,0,0,0
3104,070462041057,SOUR PATCH CHANGEMAKER 240CT,CANDYS,8.0,8,1.0,0.33,17.99,17.99,17.99,17.99,15.2,2.78,15.5,Stable,0.0,Stable,0.0,2025-03-12,2025-08-14,22,8,0,0,0,0,0,8,0,0,0,0,0
3105,072320600147,YAN YAN CRACKER DIP 10CT STRBR,CANDYS,8.0,7,1.6,0.25,10.99,10.99,10.99,10.99,9.2,1.79,16.3,Down,-31.2,Stable,0.0,2025-03-18,2025-09-05,1,5,0,0,0,0,0,7,0,0,0,0,0
3106,850011675298,WHIP-IT STOVE FUEL 227GM 1CT,HOUSEHOLD GOODS,8.0,2,4.0,0.0,1.89,1.89,1.89,1.89,1.25,0.64,33.9,Stable,0.0,Stable,0.0,2025-03-13,2025-05-12,117,2,0,2,0,0,0,0,0,0,0,0,0
3107,849205022239,VUSE GOLDEN TOBACCO 5% 5/1CT,ECIG - PODS,8.0,8,1.0,0.33,42.99,42.99,42.99,42.99,40.88,2.11,4.9,Stable,0.0,Stable,0.0,2025-04-02,2025-08-15,22,8,0,0,0,0,0,0,8,0,0,0,0
3108,ADJMF,ADJUST MYFLVR 40K PUFFS 5CT,ELECTRONIC CIG,8.0,5,1.6,0.25,43.5,43.67,42.50,45.00,36.25,7.25,16.7,Down,-37.5,Stable,0.3,2025-03-19,2025-08-12,25,5,0,0,0,0,0,0,5,0,0,0,0
3109,676979900865,FOILRITE WAX PAPER 25SQFT,KITCHEN & TOILET,8.0,2,4.0,0.67,1.39,1.39,1.39,1.39,0.68,0.71,51.1,Up,100.0,Stable,0.0,2025-06-24,2025-08-21,16,2,0,2,0,0,0,0,0,0,0,0,0
3110,00001,WARNER 5FT CABLE 12CT TC -TC,CELLUAR ACCESSORIES,8.0,7,1.33,0.58,29.99,29.99,29.99,29.99,22.8,7.19,24.0,Stable,4.3,Stable,0.0,2025-03-18,2025-09-02,3,6,0,0,0,0,0,0,7,0,0,0,0
3111,756545851194,SATYA INCENSE 12CT MONEYMATRIX,INCENSE,8.0,7,1.14,0.42,5.99,6.99,0.00,6.99,4.49,1.5,25.1,Stable,3.1,Up,12.5,2025-05-03,2025-08-08,29,7,1,0,0,0,6,0,0,0,0,0,0
3112,6952208006978,DURAG ASST COLOR 12CT,HOUSEHOLD GOODS,8.0,5,2.67,0.58,11.99,11.99,11.99,11.99,8.0,3.99,33.3,Up,37.5,Stable,0.0,2025-05-21,2025-08-02,35,3,0,0,0,0,0,5,0,0,0,0,0
3113,810072275257,K CHILL PLATNM TINCTURE 12/2OZ,NOVELTY ITEMS,8.0,5,1.6,0.17,85.4,84.0,84.00,87.00,81.0,4.4,5.2,Stable,0.0,Stable,-0.8,2025-04-21,2025-08-15,22,5,0,0,0,0,0,0,0,5,0,0,0
3114,040835640750,UP LEEF GRABBA WHOLE LEAF 6PK,LT-TAX PAID,8.0,8,1.33,0.0,17.99,17.99,17.99,17.99,13.5,4.49,25.0,Stable,-4.3,Stable,0.0,2025-03-18,2025-05-21,108,6,0,0,0,0,0,8,0,0,0,0,0
3115,676979750521,PARTY WORLD 7OZ CUPS 50CT,HOUSEHOLD GOODS,8.0,2,4.0,0.67,1.59,1.59,1.59,1.59,0.73,0.86,54.1,Down,-100.0,Stable,0.0,2025-07-08,2025-07-31,37,2,0,2,0,0,0,0,0,0,0,0,0
3116,763527447412,FLYING H 3GM 5CT CHRISTMAS ED ,ECIG - DISP D8,8.0,3,2.67,0.0,33.5,33.5,32.00,35.00,30.0,3.5,10.4,Up,93.8,Stable,-2.2,2025-03-13,2025-05-04,124,3,0,0,0,0,0,0,3,0,0,0,0
3117,649964327237,WILDHEMP WRAP 4/99 20CT WT GRP,BLUNT WRAP,8.0,7,1.33,0.17,9.28,6.5,0.00,12.99,9.5,-0.22,-2.4,Down,-17.1,Down,-5.7,2025-03-28,2025-06-27,71,6,2,0,0,0,0,5,0,0,0,0,0
3118,058847950965,FIRSTFORCE OXY CLEANER 32OZ,CLEANING PRODUCTS,8.0,5,1.6,0.42,1.79,1.79,1.79,1.79,0.84,0.95,52.9,Down,-25.0,Stable,0.0,2025-04-23,2025-08-19,17,5,0,5,0,0,0,0,0,0,0,0,0
3119,666186073476,CANABZY GUMMY JAR THC-P 6/20CT,CBD/HEMP,8.0,5,2.0,0.0,48.8,48.8,48.00,50.00,42.0,6.8,13.9,Down,-50.0,Stable,1.0,2025-03-11,2025-05-11,118,4,0,0,0,0,0,0,3,2,0,0,0
3120,632365626832,KOKO CANDY MR.SQUEEZY POP 12CT,CANDYS,8.0,8,1.0,0.25,15.36,15.49,14.49,15.49,11.23,4.13,26.9,Stable,0.0,Stable,0.5,2025-04-03,2025-08-02,35,8,0,0,0,0,0,8,0,0,0,0,0
3121,686464528207,KM LASER POP CANDY 12CT,CANDYS,8.0,7,1.33,0.58,12.99,12.99,12.99,12.99,10.93,2.06,15.9,Up,12.9,Stable,0.0,2025-04-03,2025-09-01,4,6,0,0,0,0,0,7,0,0,0,0,0
3122,852682507243,RUBBERBAND BLACK 24CT,MISC,8.0,7,1.14,0.25,4.99,4.99,4.99,4.99,2.5,2.49,49.9,Stable,-0.0,Stable,-0.0,2025-03-23,2025-09-01,4,7,0,0,0,7,0,0,0,0,0,0,0
3123,042037000592,BC 6/4CT CHERRY,MEDICINE,8.0,8,1.14,0.25,10.49,10.49,10.49,10.49,7.75,2.74,26.1,Up,9.4,Stable,0.0,2025-03-16,2025-07-31,37,7,0,0,0,0,0,8,0,0,0,0,0
3124,824703020420,DIANE FUNNEL 1CT,AUTOMOTIVE,8.0,2,4.0,0.17,1.29,1.29,1.29,1.29,0.45,0.84,65.1,Down,-100.0,Stable,0.0,2025-04-18,2025-07-23,44,2,0,2,0,0,0,0,0,0,0,0,0
3125,077170122436,OCB BAMBOO CONE 1 1/4 32/6CT,CIG ROLLING PAPER,8.0,8,1.14,0.25,44.99,44.99,44.99,44.99,26.4,18.59,41.3,Stable,-0.0,Stable,0.0,2025-03-15,2025-08-14,23,7,0,0,0,0,0,0,8,0,0,0,0
3126,040000574170,M & M ALMOND KS 18CT,CANDYS,8.0,8,1.33,0.5,38.99,38.99,38.99,38.99,31.82,7.17,18.4,Stable,-4.3,Stable,0.0,2025-04-21,2025-08-07,29,6,0,0,0,0,0,0,8,0,0,0,0
3127,040000595519,SNICKERS KS PECAN 24CT,CANDYS,8.0,8,1.14,0.5,49.99,49.99,49.99,49.99,43.78,6.21,12.4,Stable,3.1,Stable,0.0,2025-04-28,2025-08-24,13,7,0,0,0,0,0,0,8,0,0,0,0
3128,070330660878,LGT BIC E-Z REACH 40CT,LIGHTERS,8.0,7,1.33,0.5,68.99,68.99,68.99,68.99,60.0,8.99,13.0,Stable,4.3,Stable,0.0,2025-05-02,2025-08-13,24,6,0,0,0,0,0,0,0,7,0,0,0
3129,072250030861,MRS FRESHLEY MINI CRUNCH 12CT,CANDYS,8.0,7,1.33,0.17,17.49,17.49,17.49,17.49,14.14,3.35,19.2,Up,8.6,Stable,0.0,2025-03-18,2025-07-21,47,6,0,0,0,0,0,7,0,0,0,0,0
3130,035106006779,BEECHNUT 3POUCH DEAL 12CT,LT-TAX PAID,8.0,8,1.0,0.33,83.99,83.99,83.99,83.99,78.34,5.65,6.7,Stable,0.0,Stable,0.0,2025-03-10,2025-08-31,6,8,0,0,0,0,0,0,0,8,0,0,0
3131,060631917306,BARBIE LASER POP 12CT,CANDYS,8.0,8,1.33,0.08,19.99,19.99,19.99,19.99,16.39,3.6,18.0,Stable,-0.0,Stable,0.0,2025-03-14,2025-06-25,72,6,0,0,0,0,0,8,0,0,0,0,0
3132,041420047145,NERDS ROPE 24CT - RAINBOW ,CANDYS,8.0,8,1.0,0.25,25.99,25.99,25.99,25.99,21.09,4.9,18.9,Stable,0.0,Stable,0.0,2025-03-13,2025-07-20,47,8,0,0,0,0,0,0,8,0,0,0,0
3133,686464615204,KM SHARK BITE W/ LOLYPOP 12CT,CANDYS,8.0,8,1.14,0.17,12.99,12.99,12.99,12.99,10.93,2.06,15.9,Stable,3.1,Stable,-0.0,2025-04-06,2025-08-20,17,7,0,0,0,0,0,8,0,0,0,0,0
3134,742978846449,LOOSE LEAF CRUSH 10CT COLD CRH,LT-TAX-COLLECTED,8.0,8,1.0,0.0,12.99,12.99,12.99,12.99,9.9,3.09,23.8,Stable,0.0,Stable,0.0,2025-03-14,2025-06-02,96,8,0,0,0,0,0,8,0,0,0,0,0
3135,686464516204,KM SWEET RACER CANDY 12CT,CANDYS,8.0,8,1.14,0.25,12.99,12.99,12.99,12.99,9.94,3.05,23.5,Up,6.2,Stable,-0.0,2025-04-05,2025-08-20,16,7,0,0,0,0,0,8,0,0,0,0,0
3136,035000498755,AJAX DISH LIQUID 14OZ 1CT,CLEANING PRODUCTS,8.0,1,8.0,0.0,2.29,2.29,2.29,2.29,0.82,1.47,64.2,Stable,0.0,Stable,0.0,2025-05-30,2025-05-30,99,1,0,0,1,0,0,0,0,0,0,0,0
3137,617723252519,CARE SINGLE EDGED BLADE 24CT,HOUSEHOLD GOODS,8.0,8,1.33,0.0,5.99,5.99,5.99,5.99,3.99,2.0,33.4,Stable,-0.0,Stable,-0.0,2025-03-19,2025-06-06,91,6,0,0,0,0,8,0,0,0,0,0,0
3138,812319010805,GT FTW 2/.79 25CT CHERRY,BLUNT WRAP,8.0,6,1.33,0.0,10.99,10.99,10.99,10.99,7.64,3.35,30.5,Stable,4.3,Stable,0.0,2025-03-13,2025-05-11,117,6,0,0,0,0,0,6,0,0,0,0,0
3139,676979902142,U ALL PURPOSE CLNR 13OZ 1 CT,CLEANING PRODUCTS,8.0,3,8.0,0.67,1.69,1.69,1.69,1.69,0.76,0.93,55.1,Stable,0.0,Stable,0.0,2025-06-24,2025-06-26,71,1,0,3,0,0,0,0,0,0,0,0,0
3140,632365625125,KOKO 12CT ICEE LOLLIPOP W/CN  ,CANDYS,8.0,8,1.33,0.5,13.99,13.99,13.99,13.99,10.26,3.73,26.7,Up,12.9,Stable,0.0,2025-04-17,2025-08-20,17,6,0,0,0,0,0,8,0,0,0,0,0
3141,707670190269,SMOKE TORCH LGT M18 6CT,LIGHTERS,8.0,8,1.33,0.08,46.19,44.99,44.50,47.50,39.29,6.9,14.9,Down,-8.6,Stable,-1.4,2025-03-15,2025-06-09,89,6,0,0,0,0,0,0,8,0,0,0,0
3142,190157000395,JUUL CHRG CABLE DEVICE 1CT,NOVELTY ITEMS,8.0,1,8.0,0.67,3.99,3.99,3.99,3.99,3.75,0.24,6.0,Stable,0.0,Stable,0.0,2025-07-24,2025-07-24,44,1,0,0,0,1,0,0,0,0,0,0,0
3143,012546014724,TRIDENT 6CT 28STK - ORIGINAL,GUMS/CHICLETS,8.0,7,1.14,0.25,13.85,14.99,12.99,14.99,11.18,2.67,19.3,Down,-9.4,Stable,3.1,2025-03-22,2025-09-01,4,7,0,0,0,0,0,7,0,0,0,0,0
3144,686464828208,KM BIG SPIRAL GUMBALL DSP 12CT,CANDYS,8.0,8,1.0,0.17,13.99,13.99,13.99,13.99,11.81,2.18,15.6,Stable,0.0,Stable,0.0,2025-04-01,2025-07-09,59,8,0,0,0,0,0,8,0,0,0,0,0
3145,042100045635,GRIZZLY 12MG 5CT - SOUTHERN,NICOTINE POUCHES,7.0,6,1.75,0.58,21.99,21.99,21.99,21.99,20.88,1.11,5.0,Up,28.6,Stable,0.0,2025-08-05,2025-09-01,4,4,0,0,0,0,0,0,6,0,0,0,0
3146,023604212631,TWANG SALT 10CT CHILI LIME,FOOD,7.0,7,1.0,0.42,11.99,11.99,11.99,11.99,9.1,2.89,24.1,Stable,0.0,Stable,-0.0,2025-05-12,2025-09-01,5,7,0,0,0,0,0,7,0,0,0,0,0
3147,850041154114,YARDLEY FACIAL CLEANSER 8OZ,CLEANING PRODUCTS,7.0,1,7.0,0.0,1.49,1.49,1.49,1.49,0.99,0.5,33.6,Stable,0.0,Stable,0.0,2025-04-03,2025-04-03,156,1,0,1,0,0,0,0,0,0,0,0,0
3148,034000903207,ALMOND JOY RS 36CT,CANDYS,7.0,7,1.4,0.0,38.99,38.99,38.99,38.99,31.68,7.31,18.7,Up,7.1,Stable,0.0,2025-03-11,2025-05-10,118,5,0,0,0,0,0,0,7,0,0,0,0
3149,047995856045,AMERICAN SPIRIT DK BLUE 10CT,CIGARETTE,7.0,4,1.75,0.33,91.34,91.79,90.89,92.69,88.3,3.04,3.3,Up,17.1,Stable,0.6,2025-04-28,2025-08-04,33,4,0,0,0,0,0,0,0,4,0,0,0
3150,676979808796,U PLASTIC SPOONS/FORKS 400CT,MISC,7.0,4,1.75,0.58,5.99,5.99,5.99,5.99,3.07,2.92,48.7,Up,5.7,Stable,0.0,2025-08-09,2025-08-27,9,4,0,0,0,0,4,0,0,0,0,0,0
3151,8682431680369,ANGEL DUBAI CHOC 80GM 12CT ,CANDYS,7.0,4,3.5,0.58,57.0,57.0,57.00,57.00,45.0,12.0,21.1,Down,-28.6,Stable,0.0,2025-08-20,2025-08-26,11,2,0,0,0,0,0,0,0,4,0,0,0
3152,842426175173,GT WOODS NP 15/2CT STRBRY CRM,CIGAR GA,7.0,3,7.0,0.0,17.99,17.99,17.99,17.99,15.81,2.18,12.1,Stable,0.0,Stable,0.0,2025-03-10,2025-03-11,179,1,0,0,0,0,0,3,0,0,0,0,0
3153,G700,GATORADE WATER 700ML 12CT,DRINKS,7.0,5,1.75,0.42,21.79,21.99,20.99,21.99,19.99,1.8,8.3,Up,28.6,Stable,1.4,2025-04-02,2025-07-21,46,4,0,0,0,0,0,0,5,0,0,0,0
3154,034000155033,5TH AVENUE 18CT,CANDYS,7.0,7,1.0,0.08,21.99,21.99,21.99,21.99,17.21,4.78,21.7,Stable,0.0,Stable,-0.0,2025-03-22,2025-06-10,87,7,0,0,0,0,0,0,7,0,0,0,0
3155,022000298683,SKITTLES KS ORIG GUMMIES 15CT,CANDYS,7.0,7,1.17,0.0,30.99,30.99,30.99,30.99,25.3,5.69,18.4,Down,-7.3,Stable,0.0,2025-03-12,2025-05-12,117,6,0,0,0,0,0,0,7,0,0,0,0
3156,827854009504,AJAX W/BLEACH 21OZ 1CT,CLEANING PRODUCTS,7.0,2,3.5,0.42,0.94,0.0,0.00,1.89,1.26,-0.31,-33.2,Up,85.7,Down,-200.0,2025-06-05,2025-07-04,64,2,1,1,0,0,0,0,0,0,0,0,0
3157,048155910812,PC BUBBLE BATH RASP VNILA 20OZ,COSMETICS & BEAUTY,7.0,1,7.0,0.0,1.29,1.29,1.29,1.29,0.69,0.6,46.5,Stable,0.0,Stable,0.0,2025-03-22,2025-03-22,168,1,0,1,0,0,0,0,0,0,0,0,0
3158,300672039248,EXCEDRIN MIGRAINE CAPLETS 24CT,MEDICINE,7.0,2,3.5,0.0,4.99,4.99,4.99,4.99,4.25,0.74,14.8,Up,28.6,Stable,0.0,2025-03-19,2025-04-17,142,2,0,0,0,2,0,0,0,0,0,0,0
3159,100316732210,FLYING H PRE ROLL THCP 10CT,CBD/HEMP,7.0,1,7.0,0.0,20.0,20.0,20.00,20.00,16.0,4.0,20.0,Stable,0.0,Stable,0.0,2025-03-11,2025-03-11,178,1,0,0,0,0,0,0,1,0,0,0,0
3160,676979862071,"WICK & WAX 8"" CANDLE 9.6OZ 1CT",CANDLES,7.0,2,3.5,0.08,2.49,2.49,2.49,2.49,1.5,0.99,39.9,Down,-142.9,Stable,0.0,2025-04-08,2025-08-11,26,2,0,0,2,0,0,0,0,0,0,0,0
3161,10850034597406,SLIME LICKER DOUBLE PLAY 12CT,CANDYS,7.0,7,1.17,0.17,18.99,18.99,18.99,18.99,15.44,3.55,18.7,Down,-7.3,Stable,0.0,2025-03-22,2025-08-16,20,6,0,0,0,0,0,7,0,0,0,0,0
3162,7622210457479,HALLS 12CT CHERRY,CANDYS,7.0,7,1.17,0.17,8.49,8.49,8.49,8.49,6.93,1.56,18.4,Stable,2.4,Stable,0.0,2025-03-18,2025-09-02,4,6,0,0,0,0,7,0,0,0,0,0,0
3163,034000711550,BUBBLE YUM COTTON CANDY 18CT,GUMS/CHICLETS,7.0,7,1.17,0.42,11.99,11.99,11.99,11.99,9.72,2.27,18.9,Up,12.2,Stable,0.0,2025-04-13,2025-08-29,8,6,0,0,0,0,0,7,0,0,0,0,0
3164,09854765,DIAMOND AC CAR CHG 25CT 2/3USB,CELLUAR ACCESSORIES,7.0,7,1.0,0.25,31.99,31.99,31.99,31.99,22.5,9.49,29.7,Stable,0.0,Stable,-0.0,2025-03-12,2025-09-02,4,7,0,0,0,0,0,0,7,0,0,0,0
3165,786560557092,MET-RX BIG 100 9CT CC CKIE DGH,CANDYS,7.0,6,1.17,0.17,21.49,21.49,21.49,21.49,19.48,2.01,9.4,Down,-7.3,Stable,0.0,2025-04-04,2025-08-07,29,6,0,0,0,0,0,0,6,0,0,0,0
3166,676979862200,U COTTON ROUND PADS 100CT,COSMETICS & BEAUTY,7.0,3,2.33,0.58,1.19,1.19,1.19,1.19,0.61,0.58,48.7,Down,-21.4,Stable,0.0,2025-08-13,2025-08-24,12,3,0,3,0,0,0,0,0,0,0,0,0
3167,042897959078,BIG LEAGUE CHEW 12CT ORIGNAL,GUMS/CHICLETS,7.0,7,1.0,0.25,14.99,14.99,14.99,14.99,12.47,2.52,16.8,Stable,0.0,Stable,-0.0,2025-03-13,2025-07-28,40,7,0,0,0,0,0,7,0,0,0,0,0
3168,819466011426,HIFI 5/$0.99 15/5CT SUPA GREEN,CIGARS,7.0,6,1.4,0.33,11.99,11.99,11.99,11.99,9.0,2.99,24.9,Stable,0.0,Stable,0.0,2025-04-08,2025-08-29,8,5,0,0,0,0,0,6,0,0,0,0,0
3169,719499005280,HIGH HEMP WRAPS 25CT BLZN CHRY,BLUNT WRAP,7.0,7,1.0,0.42,11.99,11.99,11.99,11.99,7.29,4.7,39.2,Stable,0.0,Stable,-0.0,2025-04-03,2025-08-13,23,7,0,0,0,0,0,7,0,0,0,0,0
3170,819466011396,HIFI 5/$0.99 15/5CT PLAT GRAPE,CIGARS,7.0,6,1.17,0.33,11.82,11.66,10.99,11.99,9.0,2.82,23.9,Up,12.2,Stable,-1.2,2025-03-29,2025-09-04,2,6,0,0,0,0,0,6,0,0,0,0,0
3171,091952960849,SUNLIGHT HOOKAH FOIL 100CT,NOVELTY ITEMS,7.0,2,3.5,0.58,2.99,2.99,2.99,2.99,1.5,1.49,49.8,Up,85.7,Stable,0.0,2025-06-08,2025-08-29,8,2,0,0,2,0,0,0,0,0,0,0,0
3172,628942102363,PRIMED FREEZE DRIED CNDY 3.5OZ,CANDYS,7.0,2,3.5,0.58,3.99,3.99,3.99,3.99,3.24,0.75,18.8,Up,28.6,Stable,0.0,2025-06-11,2025-08-20,17,2,0,0,0,2,0,0,0,0,0,0,0
3173,073390012250,MENTOS GUM 4CT-SPEARMINT,GUMS/CHICLETS,7.0,6,1.4,0.0,14.99,14.99,14.99,14.99,11.92,3.07,20.5,Down,-7.1,Stable,0.0,2025-03-12,2025-04-11,148,5,0,0,0,0,0,6,0,0,0,0,0
3174,869936735505,ALL TEMP QUICK INFLATE 1CT,AUTOMOTIVE,7.0,2,7.0,0.58,2.99,2.99,2.99,2.99,1.79,1.2,40.1,Stable,0.0,Stable,0.0,2025-08-11,2025-08-13,24,1,0,0,2,0,0,0,0,0,0,0,0
3175,686464588201,KM OOZE TUBE CANDY 12CT,CANDYS,7.0,7,1.17,0.25,12.99,12.99,12.99,12.99,10.93,2.06,15.9,Down,-7.3,Stable,0.0,2025-04-27,2025-08-13,24,6,0,0,0,0,0,7,0,0,0,0,0
3176,D20,DASANI WATER 20OZ BTL 24CT,WATER,7.0,1,7.0,0.58,14.99,14.99,14.99,14.99,13.49,1.5,10.0,Stable,0.0,Stable,0.0,2025-07-30,2025-07-30,38,1,0,0,0,0,0,1,0,0,0,0,0
3177,801822010112,CLEAR TAPE 1CT,STATIONARY,7.0,2,3.5,0.08,1.79,1.79,1.79,1.79,0.95,0.84,46.9,Down,-142.9,Stable,0.0,2025-04-12,2025-08-13,23,2,0,2,0,0,0,0,0,0,0,0,0
3178,860012424238,SURGE 8OZ BOTTLE 1CT,VITAMINS,7.0,2,3.5,0.58,14.0,14.0,14.00,14.00,13.0,1.0,7.1,Up,85.7,Stable,0.0,2025-06-19,2025-07-14,54,2,0,0,0,0,0,2,0,0,0,0,0
3179,632365627303,KOKO DIP N LICK AD ANIMAL 12CT,CANDYS,7.0,6,1.17,0.17,13.82,13.99,12.99,13.99,10.04,3.78,27.3,Stable,2.4,Stable,1.0,2025-03-14,2025-09-01,4,6,0,0,0,0,0,6,0,0,0,0,0
3180,850045213404,SCRUB FREE BATH/TOIL CLNR 12OZ,CLEANING PRODUCTS,7.0,2,3.5,0.25,1.29,1.29,1.29,1.29,0.77,0.52,40.3,Down,-28.6,Stable,0.0,2025-06-05,2025-07-31,36,2,0,2,0,0,0,0,0,0,0,0,0
3181,034000018161,ALMOND JOY RS 24CT,CANDYS,7.0,7,1.17,0.58,28.56,28.56,27.99,29.99,22.45,6.11,21.4,Down,-12.2,Stable,-1.0,2025-06-16,2025-08-24,12,6,0,0,0,0,0,0,7,0,0,0,0
3182,887969011731,ZONE 9MM 5CT PEPPERMINT,NICOTINE POUCHES,7.0,6,1.17,0.42,18.99,18.99,18.99,18.99,17.5,1.49,7.8,Stable,2.4,Stable,0.0,2025-04-12,2025-09-01,5,6,0,0,0,0,0,6,0,0,0,0,0
3183,034000953394,REESES BIG CUP CHO LAV RS 16CT,CANDYS,7.0,6,1.4,0.08,17.99,17.99,17.99,17.99,14.88,3.11,17.3,Down,-21.4,Stable,0.0,2025-03-12,2025-07-28,40,5,0,0,0,0,0,6,0,0,0,0,0
3184,632365625545,KOKO DIPPIN DOTS GUMBALL 24CT,CANDYS,7.0,7,1.0,0.33,15.35,15.49,14.49,15.49,11.23,4.12,26.8,Stable,0.0,Stable,0.7,2025-03-26,2025-08-21,16,7,0,0,0,0,0,7,0,0,0,0,0
3185,842426163057,GT WOODS WRAP 30/2CT HNY BRRY,BLUNT WRAP,7.0,7,1.4,0.25,32.99,32.99,32.99,32.99,30.0,2.99,9.1,Up,7.1,Stable,0.0,2025-03-30,2025-08-08,29,5,0,0,0,0,0,0,7,0,0,0,0
3186,028000466312,NESCAFE CLASICO 7OZ,FOOD,7.0,3,2.33,0.0,8.99,8.99,8.99,8.99,7.1,1.89,21.0,Up,21.4,Stable,0.0,2025-03-16,2025-04-28,130,3,0,0,0,0,3,0,0,0,0,0,0
3187,632365627198,KOKO DIP N LIK EGG POP 12CT,CANDYS,7.0,6,1.4,0.17,13.99,13.99,13.99,13.99,10.04,3.95,28.2,Down,-28.6,Stable,0.0,2025-04-06,2025-07-18,50,5,0,0,0,0,0,6,0,0,0,0,0
3188,649964327220,WILDHEMP WRAP 4/99 20CT STRBRY,BLUNT WRAP,7.0,6,1.17,0.42,10.82,9.74,0.00,12.99,9.5,1.33,12.2,Stable,2.4,Stable,3.4,2025-03-24,2025-06-30,67,6,1,0,0,0,0,5,0,0,0,0,0
3189,762446705009,TW LC WINTERGREEN 5CT,T7 SMOKELESS GA,7.0,3,2.33,0.17,23.19,23.29,22.99,23.29,21.77,1.42,6.1,Down,-85.7,Stable,0.6,2025-04-22,2025-08-03,33,3,0,0,0,0,0,0,3,0,0,0,0
3190,680101481450,PSEUDO OHMS PILLS 10/4CT,KRATOM,7.0,3,2.33,0.58,123.33,123.33,120.00,130.00,110.0,13.33,10.8,Down,-42.9,Stable,0.0,2025-07-21,2025-08-05,31,3,0,0,0,0,0,0,0,0,3,0,0
3191,654367408044,SUPER BUTANE 7X 300ML,LIGHTERS,7.0,2,3.5,0.25,1.79,1.79,1.79,1.79,1.25,0.54,30.2,Down,-28.6,Stable,0.0,2025-05-12,2025-07-11,57,2,0,2,0,0,0,0,0,0,0,0,0
3192,878848003862,HARDY 26GAL TRASH BAGS 10CT,KITCHEN & TOILET,7.0,2,3.5,0.58,1.49,1.49,1.49,1.49,0.81,0.68,45.6,Down,-85.7,Stable,0.0,2025-08-20,2025-08-28,8,2,0,2,0,0,0,0,0,0,0,0,0
3193,810149700064,NEW MIT45 SUPER K 12CT,VITAMINS,7.0,5,1.4,0.5,71.8,72.25,70.00,75.00,65.0,6.8,9.5,Stable,0.0,Stable,0.3,2025-05-06,2025-09-04,1,5,0,0,0,0,0,0,0,5,0,0,0
3194,8904234401690,SATYA INCENSE 12CT JASMINE,INCENSE,7.0,7,1.0,0.17,5.99,6.99,0.00,6.99,4.49,1.5,25.1,Stable,0.0,Stable,4.2,2025-04-12,2025-09-04,2,7,1,0,0,0,6,0,0,0,0,0,0
3195,737488028607,CLICKIT LIGHTER PISTOL 16CT,MISC,7.0,7,1.4,0.0,44.57,44.57,42.50,46.00,38.56,6.01,13.5,Stable,0.0,Stable,0.8,2025-03-21,2025-05-15,114,5,0,0,0,0,0,0,7,0,0,0,0
3196,GEN4D,LAB D DOLL 1CT,MISC,7.0,3,2.33,0.58,10.49,10.49,9.50,10.99,8.0,2.49,23.8,Stable,0.0,Down,-7.1,2025-08-12,2025-08-28,9,3,0,0,0,0,1,2,0,0,0,0,0
3197,652369014695,GRINDER CLICKIT 1CT -MG016/020,NOVELTY ITEMS,7.0,6,1.75,0.17,7.37,7.0,7.00,7.99,6.0,1.37,18.6,Up,5.7,Stable,1.0,2025-03-12,2025-07-02,66,4,0,0,0,0,6,0,0,0,0,0,0
3198,737488029802,TORCH LGT MIDDLE FINGER 12CT,LIGHTERS,7.0,7,1.0,0.25,36.71,36.17,35.00,39.99,30.0,6.71,18.3,Stable,0.0,Stable,0.2,2025-03-10,2025-08-05,32,7,0,0,0,0,0,0,7,0,0,0,0
3199,640522171347,EXOTIC BUTANE 7X 300ML,LIGHTERS,7.0,2,3.5,0.25,1.79,1.79,1.79,1.79,1.25,0.54,30.2,Down,-28.6,Stable,0.0,2025-03-20,2025-07-11,57,2,0,2,0,0,0,0,0,0,0,0,0
3200,737488029604,CLICKIT REVOLVER LIGHTER 16CT,LIGHTERS,7.0,7,1.17,0.17,45.14,48.75,36.50,51.99,32.0,13.14,29.1,Up,12.2,Stable,3.5,2025-03-21,2025-08-06,31,6,0,0,0,0,0,0,5,2,0,0,0
3201,070235501368,PHILLIES BLUNT 5/10CT,CIGARS,7.0,5,1.4,0.0,47.19,47.19,45.99,51.99,35.0,12.19,25.8,Up,7.1,Stable,2.5,2025-03-10,2025-05-30,98,5,0,0,0,0,0,0,4,1,0,0,0
3202,S36CTD,SUNGALSS 36CT COUNTER DISPLAY,NOVELTY ITEMS,7.0,4,1.75,0.42,122.49,121.66,115.00,124.99,99.0,23.49,19.2,Down,-5.7,Stable,-0.8,2025-04-25,2025-08-31,5,4,0,0,0,0,0,0,0,0,4,0,0
3203,737488036091,FANCY GRINDER 1CT,NOVELTY ITEMS,7.0,5,1.75,0.0,5.3,5.3,5.25,5.49,4.25,1.05,19.8,Down,-17.1,Stable,1.4,2025-03-26,2025-05-30,99,4,0,0,0,0,5,0,0,0,0,0,0
3204,011179113460,BIRTHDAY CUPS 8CT,KITCHEN & TOILET,7.0,1,7.0,0.0,0.79,0.79,0.79,0.79,0.57,0.22,27.8,Stable,0.0,Stable,0.0,2025-03-14,2025-03-14,175,1,1,0,0,0,0,0,0,0,0,0,0
3205,LKC84,LAB D KEYCHAIN 84CT,MISC,7.0,6,7.0,0.58,243.0,243.0,218.00,269.99,168.0,75.0,30.9,Stable,0.0,Stable,0.0,2025-07-14,2025-07-18,50,1,0,0,0,0,0,0,0,0,0,6,0
3206,8999999597856,DOVE FACIAL CLEANSER 100GM 1CT,COSMETICS & BEAUTY,7.0,5,1.75,0.42,2.29,2.29,2.29,2.29,1.6,0.69,30.1,Up,51.4,Stable,0.0,2025-04-18,2025-07-21,47,4,0,0,5,0,0,0,0,0,0,0,0
3207,817127029773,HEMP ZONE 5/$1 15CT NATURAL,BLUNT WRAP,7.0,3,2.33,0.33,0.0,0.0,0.00,0.00,8.5,-8.5,0.0,Up,42.9,Stable,0.0,2025-04-06,2025-06-08,89,3,3,0,0,0,0,0,0,0,0,0,0
3208,758350529336,ROLLING TRAY 3D MINI 1CT,NOVELTY ITEMS,7.0,3,2.33,0.5,4.5,4.5,4.50,4.50,3.5,1.0,22.2,Up,64.3,Stable,0.0,2025-03-18,2025-06-19,79,3,0,0,0,3,0,0,0,0,0,0,0
3209,686464618205,KM SHARK ATTACK 12CT,CANDYS,7.0,7,1.4,0.25,12.99,12.99,12.99,12.99,10.93,2.06,15.9,Stable,0.0,Stable,0.0,2025-04-06,2025-08-14,22,5,0,0,0,0,0,7,0,0,0,0,0
3210,025900200602,SS BLK .69 CENTS CHERRY 30CT,CIGARS,7.0,3,2.33,0.0,11.99,11.99,11.99,11.99,8.52,3.47,28.9,Up,21.4,Stable,0.0,2025-04-08,2025-05-20,108,3,0,0,0,0,0,3,0,0,0,0,0
3211,CHAP72,CHAPSTICK MOISTURIZER 72CT,MEDICINE,7.0,7,1.4,0.58,88.56,88.56,79.99,89.99,72.85,15.71,17.7,Down,-7.1,Stable,0.6,2025-06-26,2025-08-28,9,5,0,0,0,0,0,0,0,7,0,0,0
3212,022000289636,WR EXTRA REFRESHER 6CT FRT MX,GUMS/CHICLETS,7.0,6,1.17,0.17,19.99,19.99,19.99,19.99,16.47,3.52,17.6,Down,-7.3,Stable,0.0,2025-03-12,2025-08-03,33,6,0,0,0,0,0,6,0,0,0,0,0
3213,801822400456,BROWN WORK JERSEY GLOVES 12CT ,GLOVES & T SHIRTS,7.0,7,1.0,0.25,7.99,7.99,7.99,7.99,3.89,4.1,51.3,Stable,0.0,Stable,-0.0,2025-03-18,2025-08-20,17,7,0,0,0,0,7,0,0,0,0,0,0
3214,300450192042,MOTRIN CHILDRENS 4OZ 1CT,MEDICINE,7.0,4,1.75,0.25,7.99,7.99,7.99,7.99,6.32,1.66,20.8,Down,-17.1,Stable,0.0,2025-04-17,2025-08-18,19,4,0,0,0,0,4,0,0,0,0,0,0
3215,840110700014,ZENGAZ ZIPPO TORCH LGT 48CT,NOVELTY ITEMS,7.0,7,1.4,0.33,85.43,88.5,74.99,93.00,69.99,15.44,18.1,Stable,0.0,Stable,1.5,2025-04-24,2025-07-24,43,5,0,0,0,0,0,0,0,7,0,0,0
3216,716053605412,CELLTEKK CTD AUX TYPE-C 10CT,CELLUAR ACCESSORIES,7.0,2,3.5,0.0,22.99,22.99,22.99,22.99,17.99,5.0,21.7,Up,142.9,Stable,0.0,2025-03-11,2025-03-22,167,2,0,0,0,0,0,0,2,0,0,0,0
3217,113019938957,EARTH KRATOM POWDER 500G,CBD/HEMP,7.0,3,2.33,0.17,20.67,20.0,20.00,21.00,19.0,1.67,8.1,Stable,0.0,Stable,-2.4,2025-03-16,2025-08-11,25,3,0,0,0,0,0,0,3,0,0,0,0
3218,6291108162149,AL FAKHER 10 X 50GM MOJITO,LT-TAX PAID,7.0,7,1.17,0.17,17.13,18.49,16.49,18.99,15.5,1.63,9.5,Down,-7.3,Stable,2.9,2025-03-28,2025-08-15,21,6,0,0,0,0,0,7,0,0,0,0,0
3219,8904245400330,SATYA INCENSE 12CT VANILLA,INCENSE,7.0,7,1.0,0.33,6.99,6.99,6.99,6.99,4.49,2.5,35.8,Stable,0.0,Stable,-0.0,2025-03-27,2025-09-04,1,7,0,0,0,0,7,0,0,0,0,0,0
3220,802284004633,EDGEFIELD GOLD 100 BOX 10CT,CIGARETTE,7.0,4,2.33,0.42,36.69,36.69,36.69,36.69,35.29,1.4,3.8,Up,21.4,Stable,0.0,2025-05-28,2025-09-03,2,3,0,0,0,0,0,0,4,0,0,0,0
3221,026200322056,PENROSE FIRECRACKER SAUSAGE ,FOOD,7.0,7,1.4,0.25,21.99,21.99,21.99,21.99,17.87,4.12,18.8,Up,7.1,Stable,0.0,2025-03-14,2025-08-21,16,5,0,0,0,0,0,0,7,0,0,0,0
3222,787692835577,LENNY & LARRY 12CT DBL CHOC,COOKIES,7.0,7,1.17,0.17,22.49,22.49,22.49,22.49,18.63,3.86,17.2,Stable,-2.4,Stable,0.0,2025-03-13,2025-08-07,30,6,0,0,0,0,0,0,7,0,0,0,0
3223,6291108164877,AL FAKHER 10 X 50GM ORGN/CRM,LT-TAX PAID,7.0,7,1.17,0.25,17.35,18.32,16.49,18.99,16.21,1.13,6.5,Down,-7.3,Stable,2.9,2025-03-16,2025-08-13,23,6,0,0,0,0,0,7,0,0,0,0,0
3224,6291108164884,AL FAKHER 250GM ORANGE W/CRM,LT-TAX PAID,7.0,3,2.33,0.17,9.99,9.99,9.99,9.99,9.05,0.94,9.4,Down,-21.4,Stable,0.0,2025-04-18,2025-06-26,72,3,0,0,0,0,3,0,0,0,0,0,0
3225,761073426394,KITE MENTHOL 0.65 OZ 6CT,LT-TAX PAID,7.0,7,1.0,0.33,27.99,27.99,27.99,27.99,23.4,4.59,16.4,Stable,0.0,Stable,-0.0,2025-04-03,2025-08-25,12,7,0,0,0,0,0,0,7,0,0,0,0
3226,801822702338,COLOR PEN W/CLIP TOP 3PC,STATIONARY,7.0,3,2.33,0.17,0.99,0.99,0.99,0.99,0.63,0.36,36.4,Down,-21.4,Stable,0.0,2025-03-13,2025-07-03,65,3,3,0,0,0,0,0,0,0,0,0,0
3227,10853195000402,EAGLE PT101GD TORCH GLOW 15CT,LIGHTERS,7.0,7,1.17,0.58,39.99,39.99,39.99,39.99,31.5,8.49,21.2,Stable,-2.4,Stable,0.0,2025-06-26,2025-09-05,1,6,0,0,0,0,0,0,7,0,0,0,0
3228,635648204994,K-BLAST SHOTS 12CT,VITAMINS,7.0,3,2.33,0.25,81.0,81.0,81.00,81.00,78.0,3.0,3.7,Down,-42.9,Stable,0.0,2025-05-12,2025-08-20,16,3,0,0,0,0,0,0,0,3,0,0,0
3229,716165252443,RAW ORGANIC BLK 1 1/4 24CT,CIG ROLLING PAPER,7.0,7,1.0,0.25,19.99,19.99,19.99,19.99,15.5,4.49,22.5,Stable,0.0,Stable,0.0,2025-04-18,2025-07-30,37,7,0,0,0,0,0,7,0,0,0,0,0
3230,817458027271,WILDHEMP WRAP 4/99 20CT HNY LM,BLUNT WRAP,7.0,6,1.17,0.17,10.82,6.5,0.00,12.99,9.5,1.33,12.2,Stable,-2.4,Down,-10.3,2025-03-19,2025-07-14,53,6,1,0,0,0,0,5,0,0,0,0,0
3231,008660007285,ZIG ZAG RP UNBLCHD KS 24CT,CIG ROLLING PAPER,7.0,3,2.33,0.25,0.0,0.0,0.00,0.00,19.44,-19.44,0.0,Stable,0.0,Stable,0.0,2025-04-06,2025-06-08,89,3,3,0,0,0,0,0,0,0,0,0,0
3232,717911320805,AMMONIA STRK FREE 32 OZ 1 CT,CLEANING PRODUCTS,7.0,2,3.5,0.58,1.19,1.19,1.19,1.19,0.61,0.58,48.9,Up,142.9,Stable,0.0,2025-07-15,2025-07-31,37,2,0,2,0,0,0,0,0,0,0,0,0
3233,028534220039,HERBS $.99 HUGE HOT SAUSAGE,FOOD,7.0,7,1.4,0.08,11.99,11.99,11.99,11.99,9.4,2.59,21.6,Down,-7.1,Stable,0.0,2025-03-28,2025-06-17,81,5,0,0,0,0,0,7,0,0,0,0,0
3234,012300911603,CAMEL 99'S GOLD BOX 10CT,CIGARETTE,7.0,4,1.75,0.17,85.44,86.79,84.99,86.79,71.07,14.37,16.8,Up,28.6,Stable,0.6,2025-04-30,2025-08-04,33,4,0,0,0,0,0,0,0,4,0,0,0
3235,11993,GRINDERS 4 PARTS FANCY 1CT,NOVELTY ITEMS,7.0,6,1.4,0.08,5.92,5.75,5.50,6.49,4.75,1.16,19.7,Stable,0.0,Stable,1.3,2025-03-13,2025-08-13,23,5,0,0,0,0,6,0,0,0,0,0,0
3236,035000053602,AJAX WITH BLEACH 14OZ 1CT,CLEANING PRODUCTS,7.0,2,3.5,0.25,1.49,1.49,1.49,1.49,0.75,0.74,49.7,Down,-28.6,Stable,0.0,2025-05-01,2025-07-05,62,2,0,2,0,0,0,0,0,0,0,0,0
3237,676979902128,OXI BATHROOM CLEANER 12OZ,CLEANING PRODUCTS,7.0,3,2.33,0.0,1.49,1.49,1.49,1.49,0.91,0.58,38.9,Up,64.3,Stable,0.0,2025-05-07,2025-06-05,93,3,0,3,0,0,0,0,0,0,0,0,0
3238,676979826974,ANTIBIOTIC OINTMENT 0.5OZ ,MEDICINE,7.0,2,3.5,0.33,1.99,1.99,1.99,1.99,0.56,1.43,71.9,Up,28.6,Stable,0.0,2025-04-15,2025-07-31,37,2,0,2,0,0,0,0,0,0,0,0,0
3239,676979910963,U GLASS & SURFACE CLNR 13OZ,CLEANING PRODUCTS,7.0,2,7.0,0.58,1.69,1.69,1.69,1.69,0.76,0.93,55.1,Stable,0.0,Stable,0.0,2025-06-24,2025-06-26,71,1,0,2,0,0,0,0,0,0,0,0,0
3240,616663964902,LOOSE LEAF 8/5CT NATURAL DARK,LT-TAX-COLLECTED,7.0,7,1.17,0.17,34.99,34.99,34.99,34.99,36.0,-1.01,-2.9,Down,-12.2,Stable,0.0,2025-04-14,2025-08-29,8,6,0,0,0,0,0,0,7,0,0,0,0
3241,703674237948,CLEARANCE POP FLEX 3000 10CT,ELECTRONIC CIG,7.0,1,7.0,0.58,29.99,29.99,29.99,29.99,40.0,-10.01,-33.4,Stable,0.0,Stable,0.0,2025-08-30,2025-08-30,6,1,0,0,0,0,0,0,1,0,0,0,0
3242,071610505056,DM 2PK 30/2CT BLEND SILVER,CIGARS,7.0,5,3.5,0.58,33.99,33.99,33.99,33.99,22.65,11.34,33.4,Up,28.6,Stable,0.0,2025-08-25,2025-09-03,3,2,0,0,0,0,0,0,5,0,0,0,0
3243,FUME3500,CLEARANCE FUME INFINT 3500 5CT,ELECTRONIC CIG,7.0,5,1.4,0.42,5.0,5.0,5.00,5.00,40.0,-35.0,-700.0,Down,-7.1,Stable,0.0,2025-06-07,2025-07-12,56,5,0,0,0,0,5,0,0,0,0,0,0
3244,023604237016,TWANG SALT 24CT LIME,FOOD,7.0,7,1.4,0.0,34.99,34.99,34.99,34.99,28.32,6.67,19.1,Down,-14.3,Stable,0.0,2025-03-11,2025-05-16,112,5,0,0,0,0,0,0,7,0,0,0,0
3245,619682999085,TRUE HEMP 25/2CT FLAVORLESS,BLUNT WRAP,7.0,6,1.17,0.42,1.66,2.5,0.00,9.99,8.0,-6.34,-380.5,Up,12.2,Up,51.4,2025-04-06,2025-09-01,5,6,5,0,0,0,1,0,0,0,0,0,0
3246,12308,WARNER USB - TYPE-C CABLE 12CT,CELLUAR ACCESSORIES,7.0,5,1.4,0.42,16.49,16.49,16.49,16.49,12.0,4.49,27.2,Up,14.3,Stable,0.0,2025-03-12,2025-08-30,7,5,0,0,0,0,0,5,0,0,0,0,0
3247,784762071705,ZIG ZAG WRAP 2/99 25/2CT ORNGE,BLUNT WRAP,7.0,5,1.75,0.5,14.99,14.99,14.99,14.99,13.75,1.24,8.3,Up,28.6,Stable,0.0,2025-06-03,2025-09-05,1,4,0,0,0,0,0,5,0,0,0,0,0
3248,028200181503,PARLIAMENT SILVER BOX 10CT,CIGARETTE,7.0,6,1.4,0.42,96.89,97.29,96.09,98.49,88.59,8.3,8.6,Down,-21.4,Stable,0.7,2025-04-30,2025-08-25,11,5,0,0,0,0,0,0,0,6,0,0,0
3249,676979826288,MAXI ULTRA THINK 10PK 1CT ,MEDICINE,7.0,2,7.0,0.58,1.69,1.69,1.69,1.69,0.78,0.91,53.8,Stable,0.0,Stable,0.0,2025-08-11,2025-08-15,22,1,0,2,0,0,0,0,0,0,0,0,0
3250,619585104012,BABY WIPES BEBIN SUPER 80CT,MISC,7.0,2,3.5,0.0,1.39,1.39,1.39,1.39,0.89,0.5,36.0,Up,28.6,Stable,0.0,2025-03-24,2025-04-19,140,2,0,2,0,0,0,0,0,0,0,0,0
3251,3574661427898,J&J BABY LOTION 300ML 1CT,KIDS STUFF,7.0,2,3.5,0.0,2.59,2.59,2.59,2.59,1.89,0.7,27.0,Up,28.6,Stable,0.0,2025-03-22,2025-04-11,148,2,0,0,2,0,0,0,0,0,0,0,0
3252,034000720606,ICE BREAKERS 8CT- MINTS,GUMS/CHICLETS,7.0,7,1.17,0.17,16.99,16.99,16.99,16.99,13.6,3.39,20.0,Up,12.2,Stable,0.0,2025-03-22,2025-09-01,4,6,0,0,0,0,0,7,0,0,0,0,0
3253,676979902050,FOOT SPRAY 6OZ,MISC,6.0,2,3.0,0.0,1.19,1.19,1.19,1.19,0.54,0.65,54.8,Stable,0.0,Stable,0.0,2025-03-13,2025-04-19,140,2,0,2,0,0,0,0,0,0,0,0,0
3254,054200000513,AUSTIN'S AMONIA 64OZ 1CT,CLEANING PRODUCTS,6.0,1,6.0,0.5,2.99,2.99,2.99,2.99,1.9,1.09,36.5,Stable,0.0,Stable,0.0,2025-06-23,2025-06-23,75,1,0,0,1,0,0,0,0,0,0,0,0
3255,043300051082,MISTY BLU 100 BOX 10CT,CIGARETTE,6.0,6,1.0,0.25,99.69,101.49,96.99,102.39,95.97,3.72,3.7,Stable,0.0,Stable,1.2,2025-04-11,2025-09-05,0,6,0,0,0,0,0,0,0,4,2,0,0
3256,6922721700158,HIGH QUALITY HOOKAH FOIL 100CT,NOVELTY ITEMS,6.0,3,2.0,0.17,1.99,1.5,0.00,2.99,1.2,0.79,39.8,Down,-75.0,Down,-75.0,2025-04-15,2025-09-01,5,3,1,0,2,0,0,0,0,0,0,0,0
3257,700598115789,OPMS SILVER 288G/480CT GR THAI,VITAMINS,6.0,2,3.0,0.25,27.5,25.0,25.00,30.00,22.5,5.0,18.2,Stable,0.0,Down,-18.2,2025-05-22,2025-06-11,86,2,0,0,0,0,0,0,2,0,0,0,0
3258,792554205030,BIRTHDAY CANDLES 24CT ,CANDLES,6.0,1,6.0,0.5,0.99,0.99,0.99,0.99,0.65,0.34,34.3,Stable,0.0,Stable,0.0,2025-06-26,2025-06-26,71,1,1,0,0,0,0,0,0,0,0,0,0
3259,PWW6,PEAK WINDSHIELD WASHER 6CT,AUTOMOTIVE,6.0,6,1.5,0.0,14.99,14.99,14.99,14.99,11.34,3.65,24.3,Stable,-0.0,Stable,0.0,2025-03-11,2025-04-24,134,4,0,0,0,0,0,6,0,0,0,0,0
3260,012300302890,CAMEL TURKISH ROYAL BOX 10CT,CIGARETTE,6.0,6,1.2,0.17,97.24,99.49,94.09,99.49,84.56,12.68,13.0,Stable,0.0,Stable,1.4,2025-04-24,2025-09-03,2,5,0,0,0,0,0,0,0,6,0,0,0
3261,0110850027270934,GRAVITY 200 KRATOM SHOTS 24CT,VITAMINS,6.0,3,2.0,0.5,190.0,190.0,185.00,195.00,180.0,10.0,5.3,Up,50.0,Stable,1.3,2025-06-18,2025-08-20,17,3,0,0,0,0,0,0,0,0,3,0,0
3262,716165286455,PLAYING CARDS RAW BLACK 1CT,PLAYING CARDS,6.0,2,3.0,0.33,2.99,2.99,2.99,2.99,1.99,1.0,33.4,Up,66.7,Stable,0.0,2025-03-22,2025-09-04,2,2,0,0,2,0,0,0,0,0,0,0,0
3263,632365626412,KOKO DIP N LIK CRAZY BIRD 8CT,CANDYS,6.0,6,1.5,0.33,15.49,15.49,15.49,15.49,12.2,3.29,21.2,Down,-26.7,Stable,0.0,2025-04-28,2025-07-26,41,4,0,0,0,0,0,6,0,0,0,0,0
3264,632365626610,KOKO CANDY FAST FRIES 12CT,CANDYS,6.0,6,1.2,0.17,13.99,13.99,13.99,13.99,10.04,3.95,28.2,Down,-16.7,Stable,0.0,2025-04-16,2025-08-24,12,5,0,0,0,0,0,6,0,0,0,0,0
3265,034000700776,ICE BREAKERS CUBES 6CT- SPRMNT,GUMS/CHICLETS,6.0,6,1.2,0.17,21.99,21.99,21.99,21.99,18.3,3.69,16.8,Down,-16.7,Stable,0.0,2025-03-24,2025-08-25,11,5,0,0,0,0,0,0,6,0,0,0,0
3266,799953210306,STOKERS TUB 12OZ FC WNTRGRN,T7 SMOKELESS GA,6.0,4,1.5,0.17,16.24,16.49,15.49,16.49,15.18,1.06,6.5,Down,-26.7,Stable,1.8,2025-04-22,2025-09-03,2,4,0,0,0,0,0,4,0,0,0,0,0
3267,STRETCH WRAP 16X1500F SUP,PALLET WRAP AMERICAN 4CT,MISC,6.0,4,1.5,0.25,49.99,49.99,49.99,49.99,28.0,21.99,44.0,Stable,-0.0,Stable,0.0,2025-04-23,2025-08-27,10,4,0,0,0,0,0,0,4,0,0,0,0
3268,020400051686,MISTY ROSE 100 BOX  10CT,CIGARETTE,6.0,6,1.0,0.33,100.59,101.72,96.99,102.39,97.95,2.64,2.6,Stable,0.0,Stable,1.1,2025-04-18,2025-08-26,11,6,0,0,0,0,0,0,0,3,3,0,0
3269,716165253815,RAW BLACK PRE ROLLED TIPS 20CT,CIG ROLLING PAPER,6.0,4,2.0,0.5,19.99,19.99,19.99,19.99,14.0,5.99,30.0,Up,25.0,Stable,0.0,2025-07-14,2025-08-16,20,3,0,0,0,0,0,4,0,0,0,0,0
3270,073170132000,OLD W 4OZ HNY TURKEY BITES,FOOD,6.0,1,6.0,0.0,0.0,0.0,0.00,0.00,2.46,-2.46,0.0,Stable,0.0,Stable,0.0,2025-04-05,2025-04-05,154,1,1,0,0,0,0,0,0,0,0,0,0
3271,037000426899,ALWAYS PANTY  LINERS 20 CT ,COSMETICS & BEAUTY,6.0,3,2.0,0.42,0.99,0.99,0.99,0.99,0.58,0.42,41.9,Up,25.0,Stable,0.0,2025-04-03,2025-07-21,46,3,3,0,0,0,0,0,0,0,0,0,0
3272,858765006832,SHOW 5/$1 15/5CT POCO LOCO,CIGARS,6.0,6,1.0,0.25,10.69,10.69,10.69,10.69,6.89,3.8,35.5,Stable,0.0,Stable,0.0,2025-03-17,2025-08-03,34,6,0,0,0,0,0,6,0,0,0,0,0
3273,878848901083,PROTOUCH PADLOCK 50MM 1CT,HARDWARE,6.0,6,1.0,0.25,1.49,1.49,1.49,1.49,0.81,0.68,45.5,Stable,0.0,Stable,0.0,2025-04-17,2025-08-18,19,6,0,6,0,0,0,0,0,0,0,0,0
3274,012300232845,DORAL MENTHOL BOX 10CT,CIGARETTE,6.0,6,1.0,0.25,104.79,106.59,101.19,106.59,99.45,5.34,5.1,Stable,0.0,Stable,1.0,2025-04-13,2025-08-28,8,6,0,0,0,0,0,0,0,0,6,0,0
3275,012300841139,DORAL GOLD BOX 10CT,CIGARETTE,6.0,6,1.0,0.17,103.44,105.24,101.19,106.59,100.57,2.87,2.8,Stable,0.0,Stable,1.0,2025-03-26,2025-08-28,9,6,0,0,0,0,0,0,0,0,6,0,0
3276,022000127365,WR EXTRA REFRESHER 6CT POLR IC,GUMS/CHICLETS,6.0,6,1.2,0.17,19.99,19.99,19.99,19.99,16.64,3.35,16.8,Down,-16.7,Stable,0.0,2025-04-04,2025-07-01,67,5,0,0,0,0,0,6,0,0,0,0,0
3277,031700239070,GAME LEAF 5/3.79 8/5CT PCH SNG,CIGARS,6.0,6,1.2,0.08,21.99,21.99,21.99,21.99,16.83,5.16,23.5,Up,8.3,Stable,0.0,2025-03-21,2025-07-15,53,5,0,0,0,0,0,0,6,0,0,0,0
3278,99968,WARNER HOME USB / TYPE-C 16CT,CELLUAR ACCESSORIES,6.0,6,1.0,0.08,24.99,24.99,24.99,24.99,18.4,6.59,26.4,Stable,0.0,Stable,0.0,2025-03-18,2025-07-04,64,6,0,0,0,0,0,0,6,0,0,0,0
3279,019200996501,LYSOL ALL PURPOSE CLNR 32OZ,CLEANING PRODUCTS,6.0,3,2.0,0.08,4.49,4.49,4.49,4.49,3.25,1.24,27.6,Down,-50.0,Stable,0.0,2025-04-18,2025-08-25,12,3,0,0,0,3,0,0,0,0,0,0,0
3280,012546074438,TRIDENT 12CT LAYERS -STRAWBRY,GUMS/CHICLETS,6.0,6,1.2,0.0,15.99,15.99,15.99,15.99,13.59,2.4,15.0,Stable,0.0,Stable,0.0,2025-03-12,2025-05-21,108,5,0,0,0,0,0,6,0,0,0,0,0
3281,FUME7000,CLEARANCE FUME UNLIMIT 7K 5CT,ELECTRONIC CIG,6.0,3,2.0,0.5,5.0,5.0,5.00,5.00,47.5,-42.5,-850.0,Stable,0.0,Stable,0.0,2025-06-22,2025-07-17,51,3,0,0,0,0,3,0,0,0,0,0,0
3282,847244018466,STARBUZZ 100CT HOOKAH CHARCOAL,NOVELTY ITEMS,6.0,1,6.0,0.0,11.99,11.99,11.99,11.99,8.99,3.0,25.0,Stable,0.0,Stable,0.0,2025-03-24,2025-03-24,165,1,0,0,0,0,0,1,0,0,0,0,0
3283,072600056015,HERR'S GOOD NATURED CHIPS,FOOD,6.0,2,3.0,0.0,1.89,1.89,1.89,1.89,1.47,0.42,22.4,Stable,0.0,Stable,0.0,2025-04-06,2025-05-07,122,2,0,2,0,0,0,0,0,0,0,0,0
3284,090500100379,WINST MENTHOL 100 BOX 10CT,CIGARETTE,6.0,3,2.0,0.42,83.22,83.79,82.09,83.79,79.41,3.82,4.6,Up,25.0,Stable,1.0,2025-05-11,2025-07-27,41,3,0,0,0,0,0,0,0,3,0,0,0
3285,10857545012060,BOB M HEMP WRAP PINAPPL 25/2CT,BLUNT WRAP,6.0,5,1.2,0.08,13.99,13.99,13.99,13.99,12.5,1.49,10.7,Down,-8.3,Stable,0.0,2025-03-13,2025-06-26,71,5,0,0,0,0,0,5,0,0,0,0,0
3286,BMLT200,BOB MARLEY TORCH LGTR 15CT ,LIGHTERS,6.0,6,1.0,0.5,34.99,34.99,34.99,34.99,28.12,6.87,19.6,Stable,0.0,Stable,0.0,2025-06-15,2025-08-12,24,6,0,0,0,0,0,0,6,0,0,0,0
3287,034000701049,ICE BREAKERS CUBES 6CT- RASP,GUMS/CHICLETS,6.0,6,1.0,0.08,21.99,21.99,21.99,21.99,18.21,3.78,17.2,Stable,0.0,Stable,0.0,2025-03-27,2025-06-14,83,6,0,0,0,0,0,0,6,0,0,0,0
3288,812934027387,WARNER PHONE HOLDER CH002 1CT,CELLUAR ACCESSORIES,6.0,3,2.0,0.25,5.99,5.99,5.99,5.99,3.5,2.49,41.6,Down,-50.0,Stable,0.0,2025-04-28,2025-08-29,8,3,0,0,0,0,3,0,0,0,0,0,0
3289,812934025918,WARNER HOME+USBC CABLE 22203 ,CELLUAR ACCESSORIES,6.0,3,2.0,0.25,3.79,3.79,3.79,3.79,2.5,1.29,34.0,Down,-25.0,Stable,0.0,2025-05-13,2025-08-02,35,3,0,0,0,3,0,0,0,0,0,0,0
3290,034000701063,ICE BREAKERS CUBES 6CT- WNTRGR,GUMS/CHICLETS,6.0,6,1.2,0.08,21.99,21.99,21.99,21.99,18.3,3.69,16.8,Down,-16.7,Stable,0.0,2025-03-27,2025-06-15,82,5,0,0,0,0,0,0,6,0,0,0,0
3291,034000452255,KIT KAT RS 24CT BIRTHDAY CAKE,CANDYS,6.0,6,1.2,0.17,27.99,27.99,27.99,27.99,22.32,5.67,20.3,Stable,0.0,Stable,0.0,2025-04-24,2025-08-28,9,5,0,0,0,0,0,0,6,0,0,0,0
3292,073390020972,MENTOS GUM 6CT - WATERMELON,GUMS/CHICLETS,6.0,6,1.0,0.25,21.99,21.99,21.99,21.99,18.5,3.48,15.8,Stable,0.0,Stable,0.0,2025-04-27,2025-09-01,4,6,0,0,0,0,0,0,6,0,0,0,0
3293,094187030035,TIRE  GAUGE 1CT,AUTOMOTIVE,6.0,2,3.0,0.0,1.49,1.49,1.49,1.49,0.59,0.9,60.4,Stable,0.0,Stable,0.0,2025-03-20,2025-05-15,114,2,0,2,0,0,0,0,0,0,0,0,0
3294,717340436122,CAKE 2G LIVE RESIN DAYBUZ 5C,ECIG - DISP D8,6.0,3,2.0,0.17,67.5,67.5,65.00,70.00,62.5,5.0,7.4,Down,-25.0,Stable,1.9,2025-03-17,2025-06-25,72,3,0,0,0,0,0,0,0,3,0,0,0
3295,022000116185,ORBIT GUM 12CT STRAWBERY REMIX,GUMS/CHICLETS,6.0,6,1.2,0.17,13.99,13.99,13.99,13.99,11.33,2.66,19.0,Up,16.7,Stable,0.0,2025-03-22,2025-06-25,72,5,0,0,0,0,0,6,0,0,0,0,0
3296,09143640,DIAMOND AC CAR CHG 20CT 3 PORT,CELLUAR ACCESSORIES,6.0,5,1.2,0.17,43.99,43.99,43.99,43.99,35.0,8.99,20.4,Up,16.7,Stable,0.0,2025-03-19,2025-07-26,42,5,0,0,0,0,0,0,5,0,0,0,0
3297,8681511382872,ADALYA 250GM SKY FALL,LT-TAX PAID,6.0,3,2.0,0.08,10.49,10.49,10.49,10.49,9.08,1.41,13.4,Down,-75.0,Stable,0.0,2025-05-01,2025-09-01,4,3,0,0,0,0,0,3,0,0,0,0,0
3298,073100030031,COPENHAGEN LC WEYMANS RSVE 5CT,T7 SMOKELESS GA,6.0,5,1.2,0.08,29.17,29.29,28.69,29.29,27.6,1.57,5.4,Down,-16.7,Stable,0.4,2025-03-12,2025-06-20,78,5,0,0,0,0,0,0,5,0,0,0,0
3299,6291108162071,AL FAKHER 10 X 50GM ROSE,LT-TAX PAID,6.0,6,1.0,0.17,17.41,18.49,16.49,18.99,16.0,1.41,8.1,Stable,0.0,Stable,2.5,2025-04-04,2025-08-11,26,6,0,0,0,0,0,6,0,0,0,0,0
3300,073390020958,AIR HEADS GUM 12CT WATERMELON,GUMS/CHICLETS,6.0,5,1.2,0.25,14.99,14.99,14.99,14.99,11.28,3.71,24.7,Up,16.7,Stable,0.0,2025-03-22,2025-08-05,32,5,0,0,0,0,0,5,0,0,0,0,0
3301,661799864831,LUX ANKLE SOCKS SZ9-11 12CT,APPAREL & CLOTHING,6.0,4,1.5,0.33,6.99,6.99,6.99,6.99,4.5,2.49,35.6,Down,-13.3,Stable,0.0,2025-03-23,2025-08-20,17,4,0,0,0,0,4,0,0,0,0,0,0
3302,073390592387,MENTOS GUM 6CT - CITRUS,GUMS/CHICLETS,6.0,6,1.0,0.17,21.99,21.99,21.99,21.99,18.5,3.48,15.8,Stable,0.0,Stable,0.0,2025-03-30,2025-09-01,4,6,0,0,0,0,0,0,6,0,0,0,0
3303,819466011464,HIFI 5/$0.99 15/5CT JOZE MELON,CIGARS,6.0,5,1.2,0.5,11.79,11.79,10.99,11.99,9.0,2.79,23.7,Up,16.7,Stable,-1.7,2025-06-16,2025-09-04,2,5,0,0,0,0,0,5,0,0,0,0,0
3304,784762080615,TENZ WRAP 8/2CT ISLAND RUM,CIGARS,6.0,3,2.0,0.17,41.32,41.49,40.99,41.99,33.44,7.88,19.1,Down,-75.0,Stable,0.0,2025-04-14,2025-09-04,2,3,0,0,0,0,0,0,3,0,0,0,0
3305,028534110057,HERBS RED HOT SAUSAGE 39CT,FOOD,6.0,6,1.0,0.33,20.99,20.99,20.99,20.99,16.25,4.74,22.6,Stable,0.0,Stable,0.0,2025-03-16,2025-07-15,52,6,0,0,0,0,0,0,6,0,0,0,0
3306,784762080677,TENZ WRAP 8/2CT HARD RED,CIGARS,6.0,3,2.0,0.17,41.32,41.49,40.99,41.99,32.8,8.52,20.6,Down,-75.0,Stable,0.0,2025-04-14,2025-09-04,2,3,0,0,0,0,0,0,3,0,0,0,0
3307,011000493082,PYRAMID BLUE  BOX 10CT,CIGARETTE,6.0,4,1.5,0.25,67.19,68.19,66.19,68.19,65.11,2.08,3.1,Stable,-0.0,Stable,1.2,2025-04-22,2025-07-23,44,4,0,0,0,0,0,0,0,4,0,0,0
3308,783970138767,SOMA 200 KRATOM SHOT 12CT,NOVELTY ITEMS,6.0,4,1.5,0.08,96.5,92.0,92.00,100.00,88.5,8.0,8.3,Up,13.3,Stable,-3.1,2025-03-19,2025-07-14,54,4,0,0,0,0,0,0,0,2,2,0,0
3309,022000121936,WR 5 10CT - MINT RPM GUM,GUMS/CHICLETS,6.0,6,1.2,0.25,17.99,17.99,17.99,17.99,14.59,3.4,18.9,Down,-8.3,Stable,0.0,2025-03-24,2025-09-03,2,5,0,0,0,0,0,6,0,0,0,0,0
3310,043300029081,CARLTON RED BX,CIGARETTE,6.0,5,1.2,0.42,123.13,123.94,119.89,125.29,117.77,5.36,4.4,Stable,0.0,Stable,1.1,2025-04-16,2025-08-12,24,5,0,0,0,0,0,0,0,0,5,0,0
3311,742978846623,LOOSE LEAF CRUSH 10CT BUBBLGUM,LT-TAX-COLLECTED,6.0,6,2.0,0.0,12.99,12.99,12.99,12.99,9.9,3.09,23.8,Up,25.0,Stable,0.0,2025-03-14,2025-03-28,162,3,0,0,0,0,0,6,0,0,0,0,0
3312,676979859286,HAND CREAM 2.53OZ,COSMETICS & BEAUTY,6.0,1,6.0,0.0,0.99,0.99,0.99,0.99,0.52,0.47,47.5,Stable,0.0,Stable,0.0,2025-05-05,2025-05-05,124,1,1,0,0,0,0,0,0,0,0,0,0
3313,035549100546,FLEXIBLE DRINKING STRAWS 150CT,HOUSEHOLD GOODS,6.0,3,2.0,0.08,1.39,1.39,1.39,1.39,0.69,0.7,50.6,Down,-75.0,Stable,0.0,2025-05-13,2025-08-02,35,3,0,3,0,0,0,0,0,0,0,0,0
3314,073100030253,HUSKY POUCH WINTERGREEN 5CT,T7 SMOKELESS GA,6.0,5,1.2,0.0,12.99,12.99,12.99,12.99,11.26,1.73,13.3,Stable,0.0,Stable,0.0,2025-04-02,2025-05-21,108,5,0,0,0,0,0,5,0,0,0,0,0
3315,717340436481,CAKE 2G LIVE RESIN COLD PK 5CT,ECIG - DISP D8,6.0,3,2.0,0.08,68.67,67.5,66.00,72.50,65.0,3.67,5.3,Stable,0.0,Stable,1.1,2025-04-13,2025-06-25,72,3,0,0,0,0,0,0,0,3,0,0,0
3316,029000025783,PLANTERS PISTA KRNL CJN 10CT,FOOD,6.0,6,1.2,0.17,20.99,20.99,20.99,20.99,17.84,3.15,15.0,Down,-8.3,Stable,0.0,2025-03-18,2025-08-21,16,5,0,0,0,0,0,0,6,0,0,0,0
3317,8904245400378,SATYA INCENSE 12CT OPIUM,INCENSE,6.0,6,1.2,0.25,6.99,6.99,6.99,6.99,4.49,2.5,35.8,Down,-8.3,Stable,0.0,2025-03-27,2025-09-04,2,5,0,0,0,0,6,0,0,0,0,0,0
3318,070530832402,SANFORD PUSH PINS 30CT,STATIONARY,6.0,3,2.0,0.0,0.89,0.89,0.89,0.89,0.3,0.59,66.3,Down,-50.0,Stable,0.0,2025-03-18,2025-05-13,116,3,3,0,0,0,0,0,0,0,0,0,0
3319,5029053550091,HUGGIES BABY WIPES 3CT,COSMETICS & BEAUTY,6.0,4,2.0,0.5,4.99,4.99,4.99,4.99,2.99,2.0,40.1,Up,25.0,Stable,0.0,2025-06-24,2025-08-07,29,3,0,0,0,4,0,0,0,0,0,0,0
3320,676979914084,STYLUS #10 GUMMED 40CT,STATIONARY,6.0,4,2.0,0.5,1.49,1.49,1.49,1.49,0.73,0.76,51.0,Down,-25.0,Stable,0.0,2025-08-16,2025-08-26,11,3,0,4,0,0,0,0,0,0,0,0,0
3321,878848238653,HOMESTYLE RAINCOAT 1CT,COSMETICS & BEAUTY,6.0,1,6.0,0.5,1.79,1.79,1.79,1.79,0.99,0.8,44.7,Stable,0.0,Stable,0.0,2025-08-05,2025-08-05,31,1,0,1,0,0,0,0,0,0,0,0,0
3322,842426155403,GT 4/.99 4K WRAP 30/4CT MANGO,BLUNT WRAP,6.0,5,1.2,0.42,18.99,18.99,18.99,18.99,16.99,2.0,10.5,Up,16.7,Stable,0.0,2025-05-27,2025-09-02,3,5,0,0,0,0,0,5,0,0,0,0,0
3323,4005900253118,NIVEA ROLL-ON DEO 50ML 1CT,COSMETICS & BEAUTY,6.0,1,6.0,0.0,2.29,2.29,2.29,2.29,1.62,0.66,29.0,Stable,0.0,Stable,0.0,2025-04-03,2025-04-03,156,1,0,0,1,0,0,0,0,0,0,0,0
3324,716053603180,CELLTEKK CTD AUX CABLE 10CT,CELLUAR ACCESSORIES,6.0,3,2.0,0.17,14.99,14.99,14.99,14.99,11.0,3.99,26.6,Down,-75.0,Stable,0.0,2025-03-22,2025-08-15,21,3,0,0,0,0,0,3,0,0,0,0,0
3325,033200000945,AIM TP CAVITY PRT5.5OZ  1CT,HOUSEHOLD GOODS,6.0,2,3.0,0.5,1.49,1.49,1.49,1.49,0.79,0.7,47.0,Down,-133.3,Stable,0.0,2025-06-16,2025-06-24,73,2,0,2,0,0,0,0,0,0,0,0,0
3326,810179220808,BIG DOG LEAF 8/5PK K9,LT-TAX-COLLECTED,6.0,5,1.5,0.5,27.99,27.99,27.99,27.99,22.0,5.99,21.4,Stable,-0.0,Stable,0.0,2025-08-08,2025-08-30,6,4,0,0,0,0,0,0,5,0,0,0,0
3327,800786020182,BLUNTEFFECTS AIR FRESHNER 18CT,AIR FRESHENER,6.0,3,2.0,0.08,34.99,34.99,34.99,34.99,29.49,5.5,15.7,Down,-75.0,Stable,0.0,2025-04-30,2025-07-07,61,3,0,0,0,0,0,0,3,0,0,0,0
3328,22848R,LAB D DOLL DRESS COKE CAN 6CT,MISC,6.0,4,3.0,0.5,52.0,52.0,48.00,54.00,45.0,7.0,13.5,Down,-66.7,Up,7.7,2025-07-23,2025-08-09,27,2,0,0,0,0,0,0,1,3,0,0,0
3329,012300155137,MORE 120 RED BOX 10CT,CIGARETTE,6.0,4,1.5,0.0,123.24,123.24,121.89,124.59,116.98,6.26,5.1,Down,-13.3,Stable,0.9,2025-03-27,2025-05-25,103,4,0,0,0,0,0,0,0,0,4,0,0
3330,716165256083,LGT RAW 30CT TRAY PHOENIX,LIGHTERS,6.0,6,1.5,0.5,39.99,39.99,39.99,39.99,31.5,8.49,21.2,Up,40.0,Stable,0.0,2025-07-31,2025-09-02,4,4,0,0,0,0,0,0,6,0,0,0,0
3331,077449506561,GURLEYS CANDY 5.75 OZ PEG BAG,CANDYS,6.0,1,6.0,0.5,0.99,0.99,0.99,0.99,0.0,0.99,100.0,Stable,0.0,Stable,0.0,2025-07-27,2025-07-27,41,1,1,0,0,0,0,0,0,0,0,0,0
3332,6291108164464,AL FAKHER 250GM CITRUS W/MINT,LT-TAX PAID,6.0,2,3.0,0.08,9.99,9.99,9.99,9.99,8.96,1.04,10.4,Down,-133.3,Stable,0.0,2025-05-09,2025-06-26,72,2,0,0,0,0,2,0,0,0,0,0,0
3333,707670421394,TECHNO TORCH LIGHTER 15CT,LIGHTERS,6.0,5,1.2,0.0,27.99,27.99,27.99,27.99,21.25,6.74,24.1,Stable,0.0,Stable,0.0,2025-03-15,2025-05-10,119,5,0,0,0,0,0,0,5,0,0,0,0
3334,014200302208,SUGAR DADDY POPS 48CT,CANDYS,6.0,5,1.2,0.25,8.99,8.99,8.99,8.99,7.68,1.31,14.6,Up,16.7,Stable,0.0,2025-03-23,2025-09-05,1,5,0,0,0,0,5,0,0,0,0,0,0
3335,6504256542139,"PIXELLAB LED DISPLAY 69.37""",NOVELTY ITEMS,6.0,4,2.0,0.5,192.5,192.5,180.00,209.99,160.0,32.5,16.9,Down,-75.0,Stable,-1.3,2025-06-27,2025-08-06,30,3,0,0,0,0,0,0,0,0,3,1,0
3336,BOUNTY12,BOUNTY DOUBLE PAPER TOWEL 12CT,CLEANING PRODUCTS,6.0,6,1.2,0.5,26.99,26.99,26.99,26.99,19.63,7.36,27.3,Up,16.7,Stable,0.0,2025-06-26,2025-08-28,9,5,0,0,0,0,0,0,6,0,0,0,0
3337,676979914046,STYLUS #10 PEEL & SEAL 40CT,STATIONARY,6.0,4,2.0,0.5,1.49,1.49,1.49,1.49,0.73,0.76,51.0,Down,-25.0,Stable,0.0,2025-08-05,2025-08-30,7,3,0,4,0,0,0,0,0,0,0,0,0
3338,031700236246,GAME LEAF 8/5CT SWEET AROMATIC,CIGARS,6.0,4,1.5,0.25,23.99,23.99,23.99,23.99,16.75,7.24,30.2,Stable,-0.0,Stable,0.0,2025-04-03,2025-07-08,59,4,0,0,0,0,0,0,4,0,0,0,0
3339,10811020000102,SLEEP WALKER SHOT 12CT GRN APL,VITAMINS,6.0,5,1.2,0.42,34.39,34.74,33.00,34.99,30.0,4.39,12.8,Up,8.3,Stable,0.9,2025-06-04,2025-08-17,19,5,0,0,0,0,0,0,5,0,0,0,0
3340,840180260180,PAPER FUNNEL FOR OIL 250CT ,AUTOMOTIVE,6.0,4,2.0,0.5,9.99,9.99,9.99,9.99,7.99,2.0,20.0,Up,25.0,Stable,0.0,2025-08-20,2025-09-05,1,3,0,0,0,0,4,0,0,0,0,0,0
3341,6291100605651,FLAIR DUBAI CAKE BAR 40GM 12CT,CANDYS,6.0,5,6.0,0.5,44.4,44.4,42.00,45.00,36.0,8.4,18.9,Stable,0.0,Stable,0.0,2025-09-01,2025-09-04,1,1,0,0,0,0,0,0,5,0,0,0,0
3342,686464827201,KM TEXT MESSENGER TAPE 12CT,CANDYS,6.0,6,1.2,0.08,26.99,26.99,26.99,26.99,22.3,4.69,17.4,Up,8.3,Stable,0.0,2025-04-11,2025-06-27,71,5,0,0,0,0,0,0,6,0,0,0,0
3343,BANDANA,BANDANA 12CT,HOUSEHOLD GOODS,6.0,2,6.0,0.5,6.99,6.99,6.99,6.99,4.76,2.23,31.9,Stable,0.0,Stable,0.0,2025-07-03,2025-07-03,65,1,0,0,0,0,2,0,0,0,0,0,0
3344,7501026028304,ROMA LIQ DETERGENT 33.81 OZ 1C,CLEANING PRODUCTS,6.0,2,3.0,0.17,1.99,1.99,1.99,1.99,1.29,0.7,35.2,Down,-66.7,Stable,0.0,2025-05-12,2025-06-19,79,2,0,2,0,0,0,0,0,0,0,0,0
3345,034000412006,REESES OUTRAGEOUS KS 18CT,CANDYS,6.0,6,1.2,0.0,35.96,35.96,30.83,36.99,29.16,6.8,18.9,Up,16.7,Stable,-1.7,2025-03-13,2025-05-29,100,5,0,0,0,0,0,0,6,0,0,0,0
3346,8414646311185,SUPER GLUE STICK,STATIONARY,6.0,1,6.0,0.0,0.89,0.89,0.89,0.89,0.39,0.5,56.2,Stable,0.0,Stable,0.0,2025-03-27,2025-03-27,162,1,1,0,0,0,0,0,0,0,0,0,0
3347,840158615097,FRE 9MG POUCH 5CT ORIGINAL,NICOTINE POUCHES,6.0,2,3.0,0.5,19.99,19.99,19.99,19.99,19.5,0.49,2.5,Stable,0.0,Stable,0.0,2025-08-27,2025-09-04,2,2,0,0,0,0,0,2,0,0,0,0,0
3348,8684771538775,MISTACHIO DUBAI CH 12CT CHOCO,CANDYS,6.0,6,2.0,0.5,57.0,57.0,57.00,57.00,45.0,12.0,21.1,Stable,0.0,Stable,0.0,2025-08-20,2025-09-01,4,3,0,0,0,0,0,0,0,6,0,0,0
3349,025900240868,SS MINI 3PK 15/3CT BLUEBERRY,CIGARS,6.0,6,1.0,0.17,20.62,21.89,19.99,23.79,13.5,7.12,34.5,Stable,0.0,Stable,2.6,2025-03-25,2025-08-26,11,6,0,0,0,0,0,5,1,0,0,0,0
3350,6953781016033,BASIC PAINTS BRUSH,MISC,6.0,3,2.0,0.17,1.29,1.29,1.29,1.29,0.75,0.54,41.9,Down,-25.0,Stable,0.0,2025-03-19,2025-06-14,83,3,0,3,0,0,0,0,0,0,0,0,0
3351,8718114216324,DOVE MEN'S SPRAY 250ML 1CT,COSMETICS & BEAUTY,6.0,1,6.0,0.5,3.69,3.69,3.69,3.69,2.5,1.19,32.2,Stable,0.0,Stable,0.0,2025-08-21,2025-08-21,16,1,0,0,0,1,0,0,0,0,0,0,0
3352,072790000164,MAGIC SHAVING PWDR  RED 5.0OZ,COSMETICS & BEAUTY,6.0,4,1.5,0.25,2.59,2.59,2.59,2.59,1.95,0.64,24.7,Up,13.3,Stable,0.0,2025-04-03,2025-08-20,17,4,0,0,4,0,0,0,0,0,0,0,0
3353,802084128492,AFZAL 10 X 50GM PAN RAAS,LT-TAX PAID,6.0,6,1.0,0.17,18.99,18.99,18.99,18.99,17.0,1.99,10.5,Stable,0.0,Stable,0.0,2025-03-11,2025-07-18,50,6,0,0,0,0,0,6,0,0,0,0,0
3354,042100045789,GRIZZLY 12MG 5CT - ORIGINAL,NICOTINE POUCHES,6.0,6,1.5,0.5,21.99,21.99,21.99,21.99,20.88,1.11,5.0,Down,-13.3,Stable,0.0,2025-08-05,2025-09-01,4,4,0,0,0,0,0,0,6,0,0,0,0
3355,042100045758,GRIZZLY 9MG 5CT - ORIGINAL,NICOTINE POUCHES,6.0,6,1.5,0.5,21.99,21.99,21.99,21.99,20.88,1.11,5.0,Down,-13.3,Stable,0.0,2025-08-05,2025-09-01,4,4,0,0,0,0,0,0,6,0,0,0,0
3356,042100045604,GRIZZLY 9MG 5CT - SOUTHERN,NICOTINE POUCHES,6.0,6,1.5,0.5,21.99,21.99,21.99,21.99,20.88,1.11,5.0,Stable,-0.0,Stable,0.0,2025-08-05,2025-09-01,4,4,0,0,0,0,0,0,6,0,0,0,0
3357,6291108161722,AL FAKHER 10 X 50GM BERRY ,LT-TAX PAID,6.0,6,1.5,0.33,17.33,17.62,16.49,17.99,15.5,1.83,10.6,Up,13.3,Stable,2.9,2025-03-30,2025-07-07,60,4,0,0,0,0,0,6,0,0,0,0,0
3358,312843555365,BAYER ASPIRIN 325MG 24TAB 1CT,MEDICINE,6.0,3,2.0,0.0,3.99,3.99,3.99,3.99,2.91,1.08,27.1,Stable,0.0,Stable,0.0,2025-03-11,2025-06-02,96,3,0,0,0,3,0,0,0,0,0,0,0
3359,716053606242,CELLTEKK JAR USB C - TC 20CT,CELLUAR ACCESSORIES,6.0,6,1.0,0.17,24.99,24.99,24.99,24.99,19.8,5.19,20.8,Stable,0.0,Stable,0.0,2025-03-30,2025-08-10,26,6,0,0,0,0,0,0,6,0,0,0,0
3360,029000366817,PLANTERS DUOS ALM&CSHWS 10CT,FOOD,6.0,6,1.2,0.33,17.99,17.99,17.99,17.99,15.15,2.84,15.8,Up,16.7,Stable,0.0,2025-06-02,2025-08-10,26,5,0,0,0,0,0,6,0,0,0,0,0
3361,022000123930,WR 5 10CT - WNTRGRN DARE,GUMS/CHICLETS,6.0,6,1.0,0.25,17.99,17.99,17.99,17.99,14.56,3.42,19.0,Stable,0.0,Stable,0.0,2025-04-16,2025-08-27,9,6,0,0,0,0,0,6,0,0,0,0,0
3362,703674231373,CLRNCE POP XTRA PRO 10CT,ELECTRONIC CIG,6.0,1,6.0,0.0,10.0,10.0,10.00,10.00,14.0,-4.0,-40.0,Stable,0.0,Stable,0.0,2025-05-15,2025-05-15,114,1,0,0,0,0,0,1,0,0,0,0,0
3363,028534220015,HERBS 2/$1 50CT RED HOT SAUSGE,FOOD,6.0,6,1.5,0.0,14.99,14.99,14.99,14.99,13.06,1.93,12.9,Up,13.3,Stable,0.0,2025-03-17,2025-04-06,152,4,0,0,0,0,0,6,0,0,0,0,0
3364,790429270565,VALUED NAT DRIED PINE PCS 9OZ,CANDYS,6.0,2,6.0,0.0,2.49,2.49,2.49,2.49,2.12,0.37,14.8,Stable,0.0,Stable,0.0,2025-03-10,2025-03-12,178,1,0,0,2,0,0,0,0,0,0,0,0
3365,817127024754,HEMP ZONE 5/$1 15CT WHT PEACH,BLUNT WRAP,6.0,4,1.5,0.25,0.0,0.0,0.00,0.00,8.5,-8.5,0.0,Down,-13.3,Stable,0.0,2025-04-06,2025-09-01,5,4,4,0,0,0,0,0,0,0,0,0,0
3366,5287000553094,COCONARA 1KG HOOKAH CHARCOAL,NOVELTY ITEMS,6.0,6,1.0,0.17,7.99,7.99,7.99,7.99,5.99,2.0,25.0,Stable,0.0,Stable,-0.0,2025-04-04,2025-07-08,59,6,0,0,0,0,6,0,0,0,0,0,0
3367,034000702046,ICE BREAKER 6CT WINTGRN-COOL,GUMS/CHICLETS,6.0,6,1.0,0.17,21.99,21.99,21.99,21.99,18.3,3.69,16.8,Stable,0.0,Stable,0.0,2025-03-27,2025-07-15,52,6,0,0,0,0,0,0,6,0,0,0,0
3368,026200140513,SLIM JIM MONSTER 18CT TABASCO,FOOD,6.0,6,1.0,0.33,34.99,41.99,0.00,41.99,33.3,1.69,4.8,Stable,0.0,Up,10.3,2025-03-22,2025-09-01,5,6,1,0,0,0,0,0,5,0,0,0,0
3369,224203,TRESEMME HAIRSPRAY 2OZ ,COSMETICS & BEAUTY,6.0,1,6.0,0.0,1.99,1.99,1.99,1.99,0.89,1.1,55.3,Stable,0.0,Stable,0.0,2025-05-30,2025-05-30,99,1,0,1,0,0,0,0,0,0,0,0,0
3370,709215384225,305'S SILVER 100 BOX 10CT,CIGARETTE,6.0,5,1.2,0.33,32.49,32.49,32.49,32.49,31.59,0.9,2.8,Down,-16.7,Stable,0.0,2025-05-27,2025-07-29,38,5,0,0,0,0,0,0,5,0,0,0,0
3371,094922009722,XPRESS POWER STRNG FLD 12OZ,AUTOMOTIVE,6.0,2,3.0,0.0,1.99,1.99,1.99,1.99,1.15,0.84,42.2,Stable,0.0,Stable,0.0,2025-05-15,2025-05-18,110,2,0,2,0,0,0,0,0,0,0,0,0
3372,850031542556,CRESCENT THC CKTL 12OZ 12CT,NOVELTY ITEMS,6.0,2,3.0,0.0,27.49,27.49,25.99,28.99,21.79,5.7,20.7,Up,66.7,Up,10.9,2025-03-16,2025-04-21,138,2,0,0,0,0,0,0,2,0,0,0,0
3373,850060645099,BEACH BREAK THC CKTL 12OZ 4CT,NOVELTY ITEMS,6.0,4,1.5,0.0,14.88,14.88,14.50,16.00,12.13,2.74,18.4,Down,-26.7,Stable,1.0,2025-03-13,2025-04-30,128,4,0,0,0,0,0,4,0,0,0,0,0
3374,767556866459,ROUND TOOTH PICKS250 PC 1CT,HARDWARE,6.0,2,3.0,0.25,0.69,0.69,0.69,0.69,0.18,0.51,73.8,Stable,0.0,Stable,0.0,2025-03-19,2025-07-26,42,2,2,0,0,0,0,0,0,0,0,0,0
3375,034000109326,REESES NUTRAGEOUS K/S 18CT,CANDYS,6.0,6,1.2,0.25,36.49,36.99,35.99,36.99,29.62,6.88,18.8,Up,8.3,Stable,0.8,2025-04-01,2025-08-18,18,5,0,0,0,0,0,0,6,0,0,0,0
3376,047995200015,AMERICAN SPIRIT NON FILTR 10CT,CIGARETTE,6.0,6,1.0,0.25,95.49,96.99,93.99,97.59,86.72,8.77,9.2,Stable,0.0,Stable,0.9,2025-03-22,2025-08-14,22,6,0,0,0,0,0,0,0,6,0,0,0
3377,014007755009,ANKLE ELASTIC SUPPORT 1CT,COSMETICS & BEAUTY,6.0,3,2.0,0.33,1.99,1.99,1.99,1.99,0.65,1.34,67.3,Stable,0.0,Stable,0.0,2025-05-15,2025-08-21,16,3,0,3,0,0,0,0,0,0,0,0,0
3378,842426164375,GT 4/.99 4K WRAP 30/4CT GRN SW,BLUNT WRAP,6.0,4,1.5,0.25,18.99,18.99,18.99,18.99,16.99,2.0,10.5,Up,13.3,Stable,0.0,2025-05-20,2025-08-26,11,4,0,0,0,0,0,4,0,0,0,0,0
3379,072250915984,MRS FRESHLY CUPCAKE RSP 8CT,CANDYS,6.0,6,1.0,0.17,10.99,10.99,10.99,10.99,9.43,1.56,14.2,Stable,0.0,Stable,0.0,2025-04-05,2025-07-21,47,6,0,0,0,0,0,6,0,0,0,0,0
3380,024409087561,MAXAM KNIVES 10PC SET,NOVELTY ITEMS,6.0,6,2.0,0.17,14.5,14.5,0.00,28.99,12.0,2.49,17.2,Stable,0.0,Stable,0.0,2025-05-13,2025-08-10,27,3,3,0,0,0,0,0,3,0,0,0,0
3381,034000109302,REESES NUTRAGEOUS 18CT,CANDYS,6.0,6,1.2,0.17,20.99,20.99,20.99,20.99,17.21,3.78,18.0,Stable,0.0,Stable,0.0,2025-04-07,2025-08-31,5,5,0,0,0,0,0,0,6,0,0,0,0
3382,009800053865,TIC TAC 1.7OZ 12CT WINTERGREEN,CANDYS,6.0,6,1.2,0.42,22.49,22.79,20.99,23.99,20.08,2.41,10.7,Up,16.7,Stable,4.1,2025-06-05,2025-09-02,3,5,0,0,0,0,0,0,6,0,0,0,0
3383,716053603197,CELLTEKK CTD HEADPHNE/MIC 10CT,CELLUAR ACCESSORIES,6.0,2,3.0,0.0,19.99,19.99,19.99,19.99,15.5,4.49,22.5,Down,-133.3,Stable,0.0,2025-03-22,2025-05-27,101,2,0,0,0,0,0,2,0,0,0,0,0
3384,012546006149,TRIDENT 4CT SPEARMINT,GUMS/CHICLETS,6.0,5,3.0,0.0,14.99,14.99,14.99,14.99,11.2,3.79,25.3,Down,-133.3,Stable,0.0,2025-05-19,2025-06-05,93,2,0,0,0,0,0,5,0,0,0,0,0
3385,071610340268,BACKWOODS 5PK 8/5CT DARK LEAF,CIGARS,6.0,5,1.2,0.25,37.59,37.99,36.99,37.99,23.55,14.04,37.4,Down,-16.7,Stable,0.8,2025-03-10,2025-09-04,2,5,0,0,0,0,0,0,5,0,0,0,0
3386,MAXWELL CUPS ,MAXWELL COFFEE CUPS 50PC  1SLV,MISC,6.0,1,6.0,0.5,3.99,3.99,3.99,3.99,2.5,1.49,37.3,Stable,0.0,Stable,0.0,2025-08-28,2025-08-28,8,1,0,0,0,1,0,0,0,0,0,0,0
3387,080893010836,LIL AUTO MINI FUSES ATM 8CT,HARDWARE,6.0,1,6.0,0.0,1.99,1.99,1.99,1.99,1.25,0.74,37.0,Stable,0.0,Stable,0.0,2025-05-21,2025-05-21,107,1,0,1,0,0,0,0,0,0,0,0,0
3388,012719671211,EARTH KRATOM POWDER 1000G,CBD/HEMP,6.0,4,2.0,0.08,36.12,36.0,36.00,36.50,34.0,2.12,5.9,Down,-50.0,Stable,0.0,2025-03-24,2025-07-14,53,3,0,0,0,0,0,0,4,0,0,0,0
3389,022000114884,ORBIT GUM 12CT WINTERMINT,GUMS/CHICLETS,6.0,6,1.0,0.0,13.99,13.99,13.99,13.99,11.28,2.71,19.4,Stable,0.0,Stable,0.0,2025-03-22,2025-06-03,94,6,0,0,0,0,0,6,0,0,0,0,0
3390,011000286080,EAGLE 20 MENTHOL GOLD BOX ,CIGARETTE,6.0,6,1.2,0.25,58.69,59.59,57.79,59.59,56.08,2.61,4.4,Up,8.3,Stable,0.9,2025-03-12,2025-06-29,68,5,0,0,0,0,0,0,0,6,0,0,0
3391,038000303159,RICE KRISPIES TRT PB CHOC 12CT,COOKIES,6.0,6,1.2,0.33,15.99,15.99,15.99,15.99,11.78,4.21,26.3,Up,16.7,Stable,0.0,2025-04-30,2025-08-14,22,5,0,0,0,0,0,6,0,0,0,0,0
3392,072250087650,MRS FRESHLEY GRAND HNY BUN 6CT,CANDYS,6.0,6,2.0,0.0,8.99,8.99,8.99,8.99,7.08,1.91,21.2,Up,50.0,Stable,0.0,2025-04-12,2025-05-17,111,3,0,0,0,0,6,0,0,0,0,0,0
3393,097339000047,VALENTINA SALSA 34OZ,FOOD,6.0,3,3.0,0.25,2.49,2.49,2.49,2.49,1.9,0.59,23.7,Stable,0.0,Stable,0.0,2025-05-21,2025-09-01,5,2,0,0,3,0,0,0,0,0,0,0,0
3394,716165177302,ELEMENTS ULT THN 1 1/4CT 25CT,CIG ROLLING PAPER,6.0,6,1.0,0.08,19.99,19.99,19.99,19.99,15.99,4.0,20.0,Stable,0.0,Stable,0.0,2025-03-11,2025-08-11,25,6,0,0,0,0,0,6,0,0,0,0,0
3395,632365744017,KOKO 12CT GLO POPCIFIER,CANDYS,6.0,6,1.0,0.25,16.99,16.99,16.99,16.99,12.42,4.57,26.9,Stable,0.0,Stable,0.0,2025-04-05,2025-07-19,49,6,0,0,0,0,0,6,0,0,0,0,0
3396,029000351752,PLANTERS 15CT DRY SWT&SP PNTS,FOOD,6.0,6,1.2,0.17,10.99,10.99,10.99,10.99,9.36,1.63,14.8,Down,-8.3,Stable,0.0,2025-04-13,2025-07-27,41,5,0,0,0,0,0,6,0,0,0,0,0
3397,034000116508,REESES PIECES KING SIZE 18CT,CANDYS,6.0,6,1.0,0.17,36.99,36.99,36.99,36.99,29.31,7.68,20.8,Stable,0.0,Stable,0.0,2025-03-30,2025-08-07,29,6,0,0,0,0,0,0,6,0,0,0,0
3398,5943449641616,3 HOLE KNITTED LONG HAT 12CT,HOUSEHOLD GOODS,6.0,5,2.0,0.25,29.99,29.99,29.99,29.99,21.0,8.99,30.0,Down,-25.0,Stable,0.0,2025-03-11,2025-08-20,17,3,0,0,0,0,0,0,5,0,0,0,0
3399,8414646311628,SUPER TIP MAX GLUE PEN,STATIONARY,6.0,1,6.0,0.0,1.59,1.59,1.59,1.59,0.81,0.78,49.1,Stable,0.0,Stable,0.0,2025-05-26,2025-05-26,103,1,0,1,0,0,0,0,0,0,0,0,0
3400,616043444116,TRU LEAF 12CT,LT-TAX PAID,6.0,6,1.2,0.08,34.99,34.99,34.99,34.99,27.6,7.39,21.1,Down,-16.7,Stable,0.0,2025-03-21,2025-07-12,56,5,0,0,0,0,0,0,6,0,0,0,0
3401,072108810027,MOON PIE VANILLA 9CT,COOKIES,6.0,6,1.0,0.33,5.49,5.49,5.49,5.49,4.6,0.89,16.2,Stable,0.0,Stable,-0.0,2025-03-29,2025-08-14,22,6,0,0,0,0,6,0,0,0,0,0,0
3402,742978846661,LOOSE LEAF MINI 8/5CT GRAPE DR,LT-TAX PAID,6.0,5,1.2,0.33,24.99,24.99,24.99,24.99,18.0,6.99,28.0,Up,16.7,Stable,0.0,2025-04-26,2025-07-20,48,5,0,0,0,0,0,0,5,0,0,0,0
3403,08067308,STARKIST TUNA 4OZ 1`CT,FOOD,6.0,1,6.0,0.5,1.49,1.49,1.49,1.49,1.15,0.34,22.8,Stable,0.0,Stable,0.0,2025-06-10,2025-06-10,88,1,0,1,0,0,0,0,0,0,0,0,0
3404,10745527170009,SALTINES 78 COUNT 1BX,COOKIES,6.0,6,1.0,0.17,22.99,22.99,22.99,22.99,18.24,4.75,20.7,Stable,0.0,Stable,0.0,2025-03-22,2025-07-31,37,6,0,0,0,0,0,0,6,0,0,0,0
3405,840158612591,FRE $2.99 12MG POUCH 5CT WNTGR,NICOTINE POUCHES,6.0,2,3.0,0.0,9.99,9.99,9.99,9.99,9.15,0.84,8.4,Down,-133.3,Stable,0.0,2025-03-11,2025-03-18,172,2,0,0,0,0,2,0,0,0,0,0,0
3406,022000282330,WR EXTRA REFRESHER 6CT MINT,GUMS/CHICLETS,6.0,6,1.0,0.25,19.99,19.99,19.99,19.99,16.48,3.51,17.6,Stable,0.0,Stable,0.0,2025-04-06,2025-08-03,33,6,0,0,0,0,0,6,0,0,0,0,0
3407,040000583554,TWIX KS 20CT COOKIE DOUGH,CANDYS,6.0,6,1.2,0.25,41.99,41.99,41.99,41.99,36.39,5.6,13.3,Down,-16.7,Stable,0.0,2025-03-16,2025-07-25,42,5,0,0,0,0,0,0,6,0,0,0,0
3408,737488036350,GRINDER CLICKIT 1CT ,NOVELTY ITEMS,6.0,4,1.5,0.17,6.69,7.25,6.50,7.25,5.75,0.94,14.0,Up,13.3,Stable,3.4,2025-03-12,2025-08-26,10,4,0,0,0,0,4,0,0,0,0,0,0
3409,031700237410,GAME LEAF 8/5CT - WHITE PEACH,CIGARS,6.0,5,1.5,0.25,23.99,23.99,23.99,23.99,17.6,6.39,26.6,Stable,-0.0,Stable,0.0,2025-04-03,2025-08-11,26,4,0,0,0,0,0,0,5,0,0,0,0
3410,796559467196,SLAPWOODS 10/5PK BLOOD SHOT,LT-TAX-COLLECTED,6.0,4,1.5,0.0,39.99,39.99,39.99,39.99,36.0,3.99,10.0,Up,13.3,Stable,0.0,2025-03-12,2025-05-14,115,4,0,0,0,0,0,0,4,0,0,0,0
3411,073100026027,SKOAL SNUS MINT 5CT,T7 SMOKELESS GA,6.0,6,1.0,0.25,26.19,25.99,24.79,28.99,24.04,2.15,8.2,Stable,0.0,Stable,-0.3,2025-03-27,2025-09-02,3,6,0,0,0,0,0,0,6,0,0,0,0
3412,034000720682,ICE BREAKERS DUO 8CT- SOURS,GUMS/CHICLETS,6.0,6,1.0,0.33,16.99,16.99,16.99,16.99,13.6,3.39,20.0,Stable,0.0,Stable,0.0,2025-03-28,2025-09-02,3,6,0,0,0,0,0,6,0,0,0,0,0
3413,817127027137,DOPPYWOODS 8/5CT DIAMOND,CIGARS,6.0,5,1.5,0.08,27.99,27.99,27.99,27.99,21.0,6.99,25.0,Stable,-0.0,Stable,0.0,2025-03-14,2025-08-02,34,4,0,0,0,0,0,0,5,0,0,0,0
3414,DOWNY1,DOWNY ULTRA 1 LOAD 1CT,CLEANING PRODUCTS,6.0,1,6.0,0.5,0.69,0.69,0.69,0.69,0.43,0.26,38.0,Stable,0.0,Stable,0.0,2025-07-28,2025-07-28,40,1,1,0,0,0,0,0,0,0,0,0,0
3415,037000123439,SECRET DEO 2.6OZ 1CT,COSMETICS & BEAUTY,5.0,2,2.5,0.25,3.69,3.69,3.69,3.69,2.85,0.84,22.8,Up,40.0,Stable,0.0,2025-03-19,2025-06-28,70,2,0,0,0,2,0,0,0,0,0,0,0
3416,786560557061,MET-RX BIG 100 9CT PB PRETZEL,CANDYS,5.0,5,1.0,0.25,21.49,21.49,21.49,21.49,19.48,2.01,9.4,Stable,0.0,Stable,0.0,2025-05-07,2025-09-01,4,5,0,0,0,0,0,0,5,0,0,0,0
3417,087393985237,RAVE RED BOX 10CT,CIGARETTE,5.0,3,1.67,0.17,75.92,77.79,74.99,77.79,74.06,1.86,2.5,Stable,0.0,Stable,1.8,2025-05-31,2025-07-18,49,3,0,0,0,0,0,0,0,3,0,0,0
3418,686464202619,KM GAS PUMP DISPENSER 12CT,CANDYS,5.0,5,1.25,0.33,12.99,12.99,12.99,12.99,10.93,2.06,15.9,Down,-8.0,Stable,0.0,2025-05-13,2025-07-03,65,4,0,0,0,0,0,5,0,0,0,0,0
3419,038000251191,RICE KRISPIE DBL CHOC CHK 12CT,COOKIES,5.0,5,1.0,0.17,15.99,15.99,15.99,15.99,13.46,2.53,15.8,Stable,0.0,Stable,0.0,2025-04-06,2025-07-11,56,5,0,0,0,0,0,5,0,0,0,0,0
3420,009800010264,TIC TAC 2.8OZ PEG BAG 1CT,CANDYS,5.0,2,2.5,0.08,1.44,1.9,0.99,1.90,0.8,0.64,44.6,Down,-120.0,Up,63.0,2025-03-20,2025-07-01,67,2,1,1,0,0,0,0,0,0,0,0,0
3421,786560000659,MET-RX BIG 100 9CT VAN CAR CH,CANDYS,5.0,5,1.0,0.17,21.49,21.49,21.49,21.49,19.48,2.01,9.4,Stable,0.0,Stable,0.0,2025-05-07,2025-09-01,4,5,0,0,0,0,0,0,5,0,0,0,0
3422,676979000596,HARDY 39GAL TRASH BAGS 5CT,KITCHEN & TOILET,5.0,2,2.5,0.25,1.25,1.25,1.25,1.25,0.53,0.72,57.6,Up,40.0,Stable,0.0,2025-04-27,2025-07-31,37,2,0,2,0,0,0,0,0,0,0,0,0
3423,737488029949,CLICKIT LIPSTICK SLIDE LGT20CT,LIGHTERS,5.0,5,1.25,0.25,53.8,54.33,51.00,56.00,46.0,7.8,14.5,Up,24.0,Stable,2.0,2025-04-15,2025-08-16,20,4,0,0,0,0,0,0,0,5,0,0,0
3424,850046584169,SCALE D-TEK DTBL650 650x.1G,NOVELTY ITEMS,5.0,1,5.0,0.0,5.99,5.99,5.99,5.99,4.99,1.0,16.7,Stable,0.0,Stable,0.0,2025-04-24,2025-04-24,134,1,0,0,0,0,1,0,0,0,0,0,0
3425,GM1400,GAS MASK SQUID G 1CT,NOVELTY ITEMS,5.0,2,2.5,0.17,13.74,16.5,10.99,16.50,9.5,4.24,30.9,Down,-40.0,Up,40.1,2025-05-04,2025-06-19,79,2,0,0,0,0,0,2,0,0,0,0,0
3426,071610498556,DM 3PK 20/3CT CHOCOLATE,CIGARS,5.0,4,1.25,0.08,41.89,42.49,41.69,42.49,30.82,11.07,26.4,Down,-8.0,Stable,0.6,2025-04-10,2025-07-17,51,4,0,0,0,0,0,0,4,0,0,0,0
3427,072084056228,FRUNAS 48CT CHERRY,CANDYS,5.0,4,1.25,0.17,4.69,4.69,4.69,4.69,3.48,1.21,25.8,Down,-24.0,Stable,0.0,2025-04-16,2025-07-18,49,4,0,0,0,4,0,0,0,0,0,0,0
3428,833558007050,UMBRELLA RED FOLDEABLE 1CT,NOVELTY ITEMS,5.0,1,5.0,0.0,2.29,2.29,2.29,2.29,1.17,1.12,49.0,Stable,0.0,Stable,0.0,2025-06-05,2025-06-05,93,1,0,0,1,0,0,0,0,0,0,0,0
3429,742978845510,LOOSE LEAF CRUSH 10CT ORNG CRM,LT-TAX-COLLECTED,5.0,4,1.25,0.0,12.99,12.99,12.99,12.99,9.9,3.09,23.8,Down,-24.0,Stable,0.0,2025-03-14,2025-04-04,154,4,0,0,0,0,0,4,0,0,0,0,0
3430,717911400507,MULTI USE CLNR 40OZ LAVEN/FRSH,CLEANING PRODUCTS,5.0,3,1.67,0.25,1.69,1.69,1.69,1.69,0.61,1.08,64.0,Stable,0.0,Stable,0.0,2025-06-05,2025-08-19,17,3,0,3,0,0,0,0,0,0,0,0,0
3431,10810075773177,SOMA 100 KRATOM SHOT 12CT,NOVELTY ITEMS,5.0,3,1.67,0.08,80.0,79.99,79.99,80.00,78.0,2.0,2.5,Stable,0.0,Stable,-0.0,2025-04-16,2025-07-14,54,3,0,0,0,0,0,0,0,3,0,0,0
3432,649964308403,WILD HEMP CONE DW UNBLC 50CT,CIG ROLLING PAPER,5.0,2,2.5,0.0,3.99,3.99,3.99,3.99,2.99,1.0,25.1,Down,-40.0,Stable,0.0,2025-03-14,2025-05-24,105,2,0,0,0,2,0,0,0,0,0,0,0
3433,019800001162,DRANO LIQUID 32OZ,KITCHEN & TOILET,5.0,2,2.5,0.42,3.99,3.99,3.99,3.99,2.77,1.22,30.5,Down,-40.0,Stable,0.0,2025-07-31,2025-08-14,22,2,0,0,0,2,0,0,0,0,0,0,0
3434,632365625897,KOKO ICEE GIANT SPRAY CND 12CT,CANDYS,5.0,5,1.0,0.08,19.59,19.99,18.99,19.99,15.12,4.47,22.8,Stable,0.0,Stable,1.5,2025-03-26,2025-07-23,44,5,0,0,0,0,0,5,0,0,0,0,0
3435,796603865503,BUTT BUCKET LED 12CT,NOVELTY ITEMS,5.0,5,1.0,0.17,40.5,41.25,35.00,45.00,30.0,10.5,25.9,Stable,0.0,Stable,4.3,2025-04-15,2025-06-28,69,5,0,0,0,0,0,0,5,0,0,0,0
3436,072320701905,HELLO PANDA VANILLA 6CT,CANDYS,5.0,5,1.0,0.25,6.99,6.99,6.99,6.99,5.82,1.17,16.7,Stable,0.0,Stable,0.0,2025-04-04,2025-08-04,32,5,0,0,0,0,5,0,0,0,0,0,0
3437,S96FD,SUNGALSS 96CT FLOOR DISPLAY,NOVELTY ITEMS,5.0,5,1.0,0.33,280.99,282.49,260.00,289.99,219.0,61.99,22.1,Stable,0.0,Stable,2.1,2025-04-05,2025-08-31,5,5,0,0,0,0,0,0,0,0,0,5,0
3438,031700237427,GAME LEAF 5/2.99 8/5CT WT PCH,CIGARS,5.0,5,1.0,0.17,18.99,18.99,18.99,18.99,14.0,4.99,26.3,Stable,0.0,Stable,0.0,2025-03-13,2025-07-21,46,5,0,0,0,0,0,5,0,0,0,0,0
3439,842426185349,GT LEAF WRAP 2/1.79 25CT RUSSN,BLUNT WRAP,5.0,5,1.25,0.42,25.99,25.99,25.99,25.99,22.99,3.0,11.5,Up,8.0,Stable,0.0,2025-07-17,2025-08-26,11,4,0,0,0,0,0,0,5,0,0,0,0
3440,767556910442,BOB HAIR PINS 60CT,COSMETICS & BEAUTY,5.0,1,5.0,0.42,0.89,0.89,0.89,0.89,0.32,0.57,64.4,Stable,0.0,Stable,0.0,2025-08-18,2025-08-18,19,1,1,0,0,0,0,0,0,0,0,0,0
3441,617723253103,CARE NAIL CUTTER BIG 36CT,COSMETICS & BEAUTY,5.0,5,1.25,0.17,13.99,13.99,13.99,13.99,10.99,3.0,21.4,Down,-24.0,Stable,0.0,2025-04-16,2025-06-25,73,4,0,0,0,0,0,5,0,0,0,0,0
3442,587523418609,GRINDERS 4 PART HANDLE 1CT,NOVELTY ITEMS,5.0,3,1.67,0.17,6.16,6.49,5.99,6.49,4.99,1.17,19.0,Up,30.0,Stable,4.0,2025-03-12,2025-09-03,2,3,0,0,0,0,3,0,0,0,0,0,0
3443,042100001365,DENTAL SCOTCH SNUFF POCK 12CT,T7 SMOKELESS GA,5.0,5,1.0,0.33,213.99,215.49,207.99,222.99,182.43,31.56,14.7,Stable,0.0,Stable,2.1,2025-05-14,2025-08-18,19,5,0,0,0,0,0,0,0,0,0,5,0
3444,022000105202,STARBURST FAVE REDS KS 24CT,CANDYS,5.0,5,1.0,0.17,52.99,52.99,52.99,52.99,44.2,8.79,16.6,Stable,0.0,Stable,0.0,2025-04-08,2025-08-05,32,5,0,0,0,0,0,0,0,5,0,0,0
3445,516558789729,HOOKA PIPE 1CT,NOVELTY ITEMS,5.0,1,5.0,0.42,6.99,6.99,6.99,6.99,0.94,6.05,86.5,Stable,0.0,Stable,0.0,2025-06-15,2025-06-15,82,1,0,0,0,0,1,0,0,0,0,0,0
3446,LBCRY,LAB D CRYING DOLL 6CT,MISC,5.0,4,2.5,0.42,49.0,49.0,45.00,51.00,36.0,13.0,26.5,Down,-120.0,Stable,0.0,2025-07-14,2025-07-21,46,2,0,0,0,0,0,0,2,2,0,0,0
3447,591689,LAB D INTEREST LOVELY DOLL 6CT,MISC,5.0,4,2.5,0.42,42.5,42.5,40.00,45.00,30.0,12.5,29.4,Down,-120.0,Down,-8.0,2025-07-14,2025-07-21,46,2,0,0,0,0,0,0,4,0,0,0,0
3448,072319002211,BAB-O DISH POWDER 210Z,CLEANING PRODUCTS,5.0,2,2.5,0.08,1.39,1.39,1.39,1.39,0.87,0.52,37.4,Down,-120.0,Stable,0.0,2025-06-05,2025-08-24,12,2,0,2,0,0,0,0,0,0,0,0,0
3449,761847549328,FRONTO KING WIZZLA 12CTBOX,LT-TAX PAID,5.0,4,1.25,0.17,34.99,34.99,34.99,34.99,22.68,12.31,35.2,Down,-24.0,Stable,0.0,2025-03-17,2025-08-04,33,4,0,0,0,0,0,0,4,0,0,0,0
3450,632365626399,KOKO 12CT DIPNLIC SPLASH POTTY,CANDYS,5.0,5,1.0,0.33,13.99,13.99,13.99,13.99,10.04,3.95,28.2,Stable,0.0,Stable,0.0,2025-05-13,2025-08-31,5,5,0,0,0,0,0,5,0,0,0,0,0
3451,LB22850,LAB D COKE CAN DOLL 6CT,MISC,5.0,3,5.0,0.42,54.33,54.33,52.00,57.00,42.0,12.33,22.7,Stable,0.0,Stable,0.0,2025-07-14,2025-07-15,53,1,0,0,0,0,0,0,0,3,0,0,0
3452,887969005808,BLU E-CIG DISP 5CT CHERY CRUSH,ELECTRONIC CIG,5.0,2,2.5,0.42,29.99,29.99,29.99,29.99,23.75,6.24,20.8,Up,40.0,Stable,0.0,2025-06-12,2025-08-02,35,2,0,0,0,0,0,0,2,0,0,0,0
3453,619682020864,EZ ROLL DBL 25CT WATERMELON,BLUNT WRAP,5.0,4,1.67,0.0,6.99,6.99,6.99,6.99,6.99,0.0,0.0,Down,-30.0,Stable,0.0,2025-03-11,2025-03-27,162,3,0,0,0,0,4,0,0,0,0,0,0
3454,686464532204,KM BUBBLE DOZER 12CT,CANDYS,5.0,5,1.0,0.25,12.99,12.99,12.99,12.99,11.88,1.11,8.5,Stable,0.0,Stable,0.0,2025-04-23,2025-08-14,22,5,0,0,0,0,0,5,0,0,0,0,0
3455,849205019710,VUSE RICH TOBACCO 1.8% 5/2CT,ECIG - PODS,5.0,5,1.0,0.0,66.99,66.99,66.99,66.99,60.27,6.72,10.0,Stable,0.0,Stable,0.0,2025-03-12,2025-05-08,121,5,0,0,0,0,0,0,0,5,0,0,0
3456,850046584237,SCALE D-TEK DT-DM750 750x.1G,NOVELTY ITEMS,5.0,1,5.0,0.0,3.49,3.49,3.49,3.49,2.5,0.99,28.4,Stable,0.0,Stable,0.0,2025-04-23,2025-04-23,135,1,0,0,0,1,0,0,0,0,0,0,0
3457,026200636009,PENROSE FIRE CRACKER 2/$1 ORIG,FOOD,5.0,5,1.0,0.08,31.99,31.99,31.99,31.99,24.0,7.99,25.0,Stable,0.0,Stable,0.0,2025-04-01,2025-08-18,18,5,0,0,0,0,0,0,5,0,0,0,0
3458,833558007166,UMBRELLA CLEAR BIG 1CT,NOVELTY ITEMS,5.0,2,2.5,0.0,3.99,3.99,3.99,3.99,2.5,1.49,37.3,Up,120.0,Stable,0.0,2025-05-23,2025-06-05,93,2,0,0,0,2,0,0,0,0,0,0,0
3459,753182136516,GOLDEN VALLEY F/TUBES 200CT ,CIG ROLLING PAPER,5.0,1,5.0,0.0,2.99,2.99,2.99,2.99,1.2,1.79,59.9,Stable,0.0,Stable,0.0,2025-04-03,2025-04-03,155,1,0,0,1,0,0,0,0,0,0,0,0
3460,RTS,"ROLLING TRAY SMALL 5.5x7""",NOVELTY ITEMS,5.0,1,5.0,0.42,1.99,1.99,1.99,1.99,0.74,1.25,62.8,Stable,0.0,Stable,0.0,2025-06-15,2025-06-15,83,1,0,1,0,0,0,0,0,0,0,0,0
3461,022000158901,ALTOIDS 12CT SPEARMINT,CANDYS,5.0,5,1.25,0.42,32.99,32.99,32.99,32.99,26.4,6.59,20.0,Up,8.0,Stable,0.0,2025-06-24,2025-08-20,16,4,0,0,0,0,0,0,5,0,0,0,0
3462,708926701314,WILDHORSE PIPE TOB 16OZ SMOOTH,LT-TAX PAID,5.0,3,1.67,0.08,10.99,10.99,10.99,10.99,9.59,1.4,12.7,Stable,0.0,Stable,0.0,2025-05-19,2025-07-07,60,3,0,0,0,0,0,3,0,0,0,0,0
3463,073390614584,AIR HEADS 18CT AST 5PK SOURS,CANDYS,5.0,5,1.0,0.0,21.99,21.99,21.99,21.99,18.34,3.65,16.6,Stable,0.0,Stable,0.0,2025-03-12,2025-04-23,135,5,0,0,0,0,0,0,5,0,0,0,0
3464,095721,DIAMOND AC EARPHONE 20CT IPHN,CELLUAR ACCESSORIES,5.0,5,1.25,0.17,49.99,49.99,49.99,49.99,40.0,9.99,20.0,Up,24.0,Stable,0.0,2025-04-25,2025-07-24,44,4,0,0,0,0,0,0,5,0,0,0,0
3465,619682021120,EZ ROLL DBL 25CT STRAWBERRY,BLUNT WRAP,5.0,2,2.5,0.0,6.99,6.99,6.99,6.99,6.99,0.0,0.0,Down,-40.0,Stable,0.0,2025-03-27,2025-04-03,156,2,0,0,0,0,2,0,0,0,0,0,0
3466,8904245400194,SATYA INCENSE 12CT PATCHOULI,INCENSE,5.0,5,1.0,0.25,6.99,6.99,6.99,6.99,4.49,2.5,35.8,Stable,0.0,Stable,0.0,2025-05-13,2025-09-04,2,5,0,0,0,0,5,0,0,0,0,0,0
3467,FUME2500,CLEARANCE FUME ULTRA 2500 10CT,ELECTRONIC CIG,5.0,3,1.67,0.08,10.0,10.0,10.00,10.00,66.78,-56.78,-567.8,Down,-60.0,Stable,0.0,2025-04-10,2025-07-08,59,3,0,0,0,0,0,3,0,0,0,0,0
3468,034000706143,ICE BREAKERS CUBES 6CT- MNT CR,GUMS/CHICLETS,5.0,5,1.0,0.17,21.99,21.99,21.99,21.99,18.3,3.69,16.8,Stable,0.0,Stable,0.0,2025-03-27,2025-07-15,52,5,0,0,0,0,0,0,5,0,0,0,0
3469,030800003253,SPANGLER CIRCUS PNUT PEG 5OZ,CANDYS,5.0,1,5.0,0.0,2.15,2.15,2.15,2.15,1.74,0.41,19.1,Stable,0.0,Stable,0.0,2025-05-14,2025-05-14,114,1,0,0,1,0,0,0,0,0,0,0,0
3470,BD120,BODY OIL SERENA 120CT,NOVELTY ITEMS,5.0,4,1.67,0.17,128.74,122.5,110.00,134.99,97.5,31.24,24.3,Up,30.0,Stable,-4.8,2025-03-20,2025-07-26,41,3,0,0,0,0,0,0,0,0,4,0,0
3471,018804058516,TAFFY POP 48CT WATERMELON,CANDYS,5.0,5,1.0,0.17,3.29,3.29,3.29,3.29,2.25,1.04,31.6,Stable,0.0,Stable,0.0,2025-03-15,2025-07-24,43,5,0,0,0,5,0,0,0,0,0,0,0
3472,716165251606,RAW BLACK TIPS 50CT,CIG ROLLING PAPER,5.0,5,1.25,0.17,19.99,19.99,19.99,19.99,11.99,8.0,40.0,Up,24.0,Stable,0.0,2025-04-03,2025-07-03,64,4,0,0,0,0,0,5,0,0,0,0,0
3473,616513707161,"CALA 4"" NAIL FILER",COSMETICS & BEAUTY,5.0,1,5.0,0.0,0.49,0.49,0.49,0.49,0.19,0.3,61.2,Stable,0.0,Stable,0.0,2025-05-17,2025-05-17,111,1,1,0,0,0,0,0,0,0,0,0,0
3474,8681655701041,ADALYA 10 X 50GM JAMAICAN VIBE,LT-TAX PAID,5.0,5,1.25,0.25,18.19,18.32,17.99,18.99,16.35,1.84,10.1,Up,8.0,Stable,1.6,2025-03-19,2025-08-18,18,4,0,0,0,0,0,5,0,0,0,0,0
3475,737488029666,CLICKIT LIGHTER GRENADE 12CT,MISC,5.0,5,1.0,0.25,39.3,40.66,35.00,42.00,27.98,11.32,28.8,Stable,0.0,Stable,1.5,2025-04-05,2025-08-15,22,5,0,0,0,0,0,0,5,0,0,0,0
3476,080893010171,LIL 194 BULBS,AUTOMOTIVE,5.0,1,5.0,0.0,0.99,0.99,0.99,0.99,0.56,0.43,43.4,Stable,0.0,Stable,0.0,2025-03-14,2025-03-14,175,1,1,0,0,0,0,0,0,0,0,0,0
3477,012546015325,TRIDENT 6CT 28STK - CINNAMON,GUMS/CHICLETS,5.0,4,1.25,0.17,13.99,14.99,12.99,14.99,11.3,2.7,19.3,Down,-24.0,Up,5.7,2025-03-22,2025-08-24,12,4,0,0,0,0,0,4,0,0,0,0,0
3478,014200338665,BLOW POP 48CT CHERRY ICE,CANDYS,5.0,5,1.25,0.17,8.99,8.99,8.99,8.99,7.24,1.75,19.5,Up,24.0,Stable,0.0,2025-03-24,2025-08-07,30,4,0,0,0,0,5,0,0,0,0,0,0
3479,3955905506072,SILICONE FANCY HAND PIPE,NOVELTY ITEMS,5.0,3,1.67,0.33,2.33,2.0,0.00,3.99,1.25,1.08,46.4,Up,30.0,Down,-64.4,2025-03-21,2025-09-01,5,3,1,0,0,2,0,0,0,0,0,0,0
3480,676979950808,U ORANGE CLEANER 32OZ,CLEANING PRODUCTS,5.0,2,2.5,0.0,1.59,1.59,1.59,1.59,0.84,0.75,47.0,Down,-120.0,Stable,0.0,2025-05-12,2025-06-05,93,2,0,2,0,0,0,0,0,0,0,0,0
3481,034000386116,REESES TAKE 5 KING SIZE 18CT,CANDYS,5.0,5,1.0,0.08,36.99,36.99,36.99,36.99,30.01,6.98,18.9,Stable,0.0,Stable,0.0,2025-03-29,2025-07-08,60,5,0,0,0,0,0,0,5,0,0,0,0
3482,878848890981,PROTOUCH PVC ELECTRIC TAPE 5PK,HARDWARE,5.0,2,2.5,0.42,1.49,1.49,1.49,1.49,0.62,0.86,58.1,Up,40.0,Stable,0.0,2025-07-26,2025-08-25,11,2,0,2,0,0,0,0,0,0,0,0,0
3483,599168080233,TECHNO PURSE LGT 20CT 08023A ,LIGHTERS,5.0,5,1.0,0.08,49.0,48.0,47.50,51.00,42.0,7.0,14.3,Stable,0.0,Stable,0.7,2025-04-15,2025-06-11,86,5,0,0,0,0,0,0,3,2,0,0,0
3484,080893010102,"LIL AUTO TIE DOWNS 24"" 2CT",AUTOMOTIVE,5.0,2,2.5,0.42,2.49,2.49,2.49,2.49,1.78,0.71,28.7,Down,-120.0,Stable,0.0,2025-06-19,2025-06-29,69,2,0,0,2,0,0,0,0,0,0,0,0
3485,632365625811,KOKO CANDY 12CT SQZY SQURT POP,CANDYS,5.0,5,1.0,0.17,13.79,13.99,12.99,13.99,10.04,3.75,27.2,Stable,0.0,Stable,1.5,2025-04-03,2025-08-11,25,5,0,0,0,0,0,5,0,0,0,0,0
3486,033300518340,RAILROAD MILLS SNUFF PLAIN 1CT,T7 SMOKELESS GA,5.0,1,5.0,0.0,41.0,41.0,41.00,41.00,39.58,1.42,3.5,Stable,0.0,Stable,0.0,2025-04-23,2025-04-23,136,1,0,0,0,0,0,0,1,0,0,0,0
3487,632365626856,KOKO 12CT SPACE LOLIPOP PULLBK,CANDYS,5.0,5,1.0,0.08,13.99,13.99,13.99,13.99,10.04,3.95,28.2,Stable,0.0,Stable,0.0,2025-04-10,2025-08-14,22,5,0,0,0,0,0,5,0,0,0,0,0
3488,025700715801,J&J SCRUBING BLEACH GEL 24OZ,CLEANING PRODUCTS,5.0,2,2.5,0.42,2.49,2.49,2.49,2.49,1.82,0.67,26.9,Up,40.0,Stable,0.0,2025-06-16,2025-07-28,40,2,0,0,2,0,0,0,0,0,0,0,0
3489,031700233788,GAME LEAF SAVE 2 MANGO 15CT,CIGARS,5.0,4,1.25,0.17,18.99,18.99,18.99,18.99,13.25,5.74,30.2,Up,24.0,Stable,0.0,2025-04-03,2025-06-18,80,4,0,0,0,0,0,4,0,0,0,0,0
3490,029126227405,TOP POP 48CT BLAZPBERRY,CANDYS,5.0,4,1.67,0.08,4.99,4.99,4.99,4.99,3.12,1.87,37.5,Down,-30.0,Stable,0.0,2025-04-16,2025-07-24,43,3,0,0,0,4,0,0,0,0,0,0,0
3491,029126227252,TOP POP 48CT STRAWBERRY,CANDYS,5.0,4,1.25,0.17,4.99,4.99,4.99,4.99,3.12,1.87,37.5,Down,-24.0,Stable,0.0,2025-04-16,2025-07-24,43,4,0,0,0,4,0,0,0,0,0,0,0
3492,850069228491,FLYING H THCP GEL 500MG  12CT,CBD/HEMP,5.0,2,2.5,0.08,24.5,24.0,24.00,24.99,20.0,4.5,18.4,Down,-120.0,Stable,-4.0,2025-05-25,2025-06-10,88,2,0,0,0,0,0,0,2,0,0,0,0
3493,029126227207,TOP POP 48CT WATERMELON,CANDYS,5.0,4,1.25,0.08,4.99,4.99,4.99,4.99,3.12,1.87,37.5,Down,-8.0,Stable,0.0,2025-03-30,2025-07-24,43,4,0,0,0,4,0,0,0,0,0,0,0
3494,031700235645,WO MINI 3/1.29 15/3CT WHT GRPE,CIGARS,5.0,5,1.25,0.0,15.49,15.49,15.49,15.49,11.0,4.49,29.0,Up,24.0,Stable,0.0,2025-03-23,2025-05-15,113,4,0,0,0,0,0,5,0,0,0,0,0
3495,819466011402,HIFI 5/$0.99 15/5CT BLU BERRY,CIGARS,5.0,4,1.25,0.42,11.74,11.74,10.99,11.99,9.0,2.74,23.3,Up,24.0,Stable,-2.6,2025-08-03,2025-09-04,2,4,0,0,0,0,0,4,0,0,0,0,0
3496,842426162005,GT WOODS WRAP 30/2CT BANANA,BLUNT WRAP,5.0,4,1.67,0.08,32.99,32.99,32.99,32.99,30.0,2.99,9.1,Stable,0.0,Stable,0.0,2025-03-13,2025-07-09,58,3,0,0,0,0,0,0,4,0,0,0,0
3497,819466011419,HIFI 5/$0.99 15/5CT HAZY GRAPE,CIGARS,5.0,4,1.25,0.33,11.74,11.66,10.99,11.99,9.0,2.74,23.3,Up,24.0,Stable,-2.6,2025-03-29,2025-09-04,2,4,0,0,0,0,0,4,0,0,0,0,0
3498,895878000210,CLOROX 1 LOAD 2OZ,CLEANING PRODUCTS,5.0,1,5.0,0.0,0.69,0.69,0.69,0.69,0.47,0.22,31.9,Stable,0.0,Stable,0.0,2025-05-12,2025-05-12,117,1,1,0,0,0,0,0,0,0,0,0,0
3499,037000864233,OLD SPICE BODY WASH 3OZ 1CT,COSMETICS & BEAUTY,5.0,2,2.5,0.42,1.99,1.99,1.99,1.99,1.2,0.79,39.7,Up,40.0,Stable,0.0,2025-07-09,2025-08-05,32,2,0,2,0,0,0,0,0,0,0,0,0
3500,650075994577,OPMS SILVER 18G/30CT RED MD,VITAMINS,5.0,3,1.67,0.17,4.42,4.38,4.25,4.50,3.15,1.26,28.6,Down,-60.0,Stable,-2.8,2025-03-24,2025-08-10,26,3,0,0,0,3,0,0,0,0,0,0,0
3501,842426163927,GT 45CT. BLACK SWEET PCH 3/99 ,CIGAR GA,5.0,3,1.67,0.25,9.99,9.99,9.99,9.99,7.57,2.42,24.2,Down,-30.0,Stable,0.0,2025-03-22,2025-09-02,3,3,0,0,0,0,3,0,0,0,0,0,0
3502,022000158932,ALTOIDS 12CT WINTERGREEN,CANDYS,5.0,5,1.0,0.17,33.59,32.99,32.99,33.99,26.9,6.69,19.9,Stable,0.0,Stable,-0.9,2025-04-05,2025-07-17,50,5,0,0,0,0,0,0,5,0,0,0,0
3503,073390014872,AIR HEADS 18CT FILLED ROPES,CANDYS,5.0,5,1.67,0.0,21.99,21.99,21.99,21.99,18.34,3.65,16.6,Stable,0.0,Stable,0.0,2025-03-12,2025-05-07,121,3,0,0,0,0,0,0,5,0,0,0,0
3504,041364054346,SOUR PUNCH STRAWS 24CT GRAPE,CANDYS,5.0,5,1.0,0.08,23.99,23.99,23.99,23.99,18.72,5.27,22.0,Stable,0.0,Stable,0.0,2025-03-13,2025-08-14,22,5,0,0,0,0,0,0,5,0,0,0,0
3505,073390712112,MENTOS GUM 6/28CT - SOUR GRAPE,GUMS/CHICLETS,5.0,5,1.0,0.0,13.99,13.99,13.99,13.99,11.45,2.54,18.2,Stable,0.0,Stable,0.0,2025-04-06,2025-05-26,103,5,0,0,0,0,0,5,0,0,0,0,0
3506,707670107038,TECHNO FLEXI TORCH 15CT,LIGHTERS,5.0,4,1.25,0.42,19.74,19.74,19.00,19.99,13.75,5.99,30.4,Down,-24.0,Stable,-0.5,2025-06-12,2025-08-23,13,4,0,0,0,0,0,4,0,0,0,0,0
3507,717340440136,CAKE CART 510 DELTA 10 1ML 5CT,ECIG - PODS D8,5.0,2,2.5,0.0,30.0,30.0,30.00,30.00,28.75,1.25,4.2,Up,40.0,Stable,0.0,2025-04-03,2025-05-06,123,2,0,0,0,0,0,0,2,0,0,0,0
3508,737488036824,GRINDER CLICKIT 1CT -MG082,NOVELTY ITEMS,5.0,3,1.67,0.0,7.5,7.5,7.50,7.50,6.5,1.0,13.3,Stable,0.0,Stable,0.0,2025-03-14,2025-05-13,116,3,0,0,0,0,3,0,0,0,0,0,0
3509,026200117454,SLIM JIM GIANT 24CT NACHO,FOOD,5.0,5,1.0,0.25,24.39,29.99,0.00,31.99,24.0,0.39,1.6,Stable,0.0,Up,10.7,2025-03-28,2025-08-27,9,5,1,0,0,0,0,0,4,0,0,0,0
3510,TEXATF,HAVOLINE ATF MD-3 12/1QT,AUTOMOTIVE,5.0,3,1.67,0.08,64.99,64.99,64.99,64.99,59.88,5.11,7.9,Down,-60.0,Stable,0.0,2025-03-22,2025-07-09,58,3,0,0,0,0,0,0,0,3,0,0,0
3511,886002500348,MRS FIELD 12CT DARK CHOC OAT,COOKIES,5.0,5,1.25,0.08,10.99,10.99,10.99,10.99,8.69,2.3,20.9,Down,-24.0,Stable,0.0,2025-03-23,2025-08-14,22,4,0,0,0,0,0,5,0,0,0,0,0
3512,818892014575,GT 3/99 HD 15/3CT COGNAC,CIGAR GA,5.0,3,1.67,0.17,11.99,11.99,11.99,11.99,10.08,1.91,15.9,Down,-60.0,Stable,0.0,2025-04-06,2025-09-02,3,3,0,0,0,0,0,3,0,0,0,0,0
3513,10853195000884,EAGLE PT132P PEN TORCH 12CT,NOVELTY ITEMS,5.0,5,1.0,0.17,33.99,33.99,33.99,33.99,27.2,6.79,20.0,Stable,0.0,Stable,0.0,2025-04-19,2025-07-15,53,5,0,0,0,0,0,0,5,0,0,0,0
3514,041167008836,ICYHOT PAIN CREAM 1.25OZ 1CT,MEDICINE,5.0,2,2.5,0.42,3.99,3.99,3.99,3.99,2.82,1.16,29.2,Up,120.0,Stable,0.0,2025-08-06,2025-08-21,16,2,0,0,0,2,0,0,0,0,0,0,0
3515,721874011700,POP ROCKS STRAWBERRY 24CT,CANDYS,5.0,5,1.67,0.33,14.99,14.99,14.99,14.99,12.24,2.75,18.3,Stable,0.0,Stable,0.0,2025-05-23,2025-07-28,39,3,0,0,0,0,0,5,0,0,0,0,0
3516,042897959092,BIG LEAGUE CHEW 12CT SOUR APPL,GUMS/CHICLETS,5.0,5,1.25,0.08,14.99,14.99,14.99,14.99,12.47,2.52,16.8,Up,8.0,Stable,0.0,2025-03-13,2025-06-19,79,4,0,0,0,0,0,5,0,0,0,0,0
3517,810125437816,GEEK BAR 20000 PUFFS 5CT/BX,ELECTRONIC CIG,5.0,4,1.25,0.0,51.62,51.62,50.00,52.50,41.25,10.38,20.1,Down,-24.0,Stable,0.3,2025-03-29,2025-06-03,94,4,0,0,0,0,0,0,0,4,0,0,0
3518,044600012605,CLOROX TILEX DLY SHW SPRY 32OZ,CLEANING PRODUCTS,5.0,2,2.5,0.08,4.49,4.49,4.49,4.49,3.21,1.28,28.4,Down,-120.0,Stable,0.0,2025-05-26,2025-07-02,66,2,0,0,0,2,0,0,0,0,0,0,0
3519,716165253013,RAW CONES CLSC BLK K/S 12/20CT,CIG ROLLING PAPER,5.0,5,1.0,0.25,42.99,42.99,42.99,42.99,35.0,7.99,18.6,Stable,0.0,Stable,0.0,2025-03-30,2025-09-02,4,5,0,0,0,0,0,0,5,0,0,0,0
3520,844504001466,SENECA CIGAR FULL FLAVOR 10CT,CIGAR GA,5.0,1,5.0,0.0,9.49,9.49,9.49,9.49,7.99,1.5,15.8,Stable,0.0,Stable,0.0,2025-03-30,2025-03-30,160,1,0,0,0,0,1,0,0,0,0,0,0
3521,033300666409,KAYAK LC WINTERGREN $2.29 10CT,T7 SMOKELESS GA,5.0,3,1.67,0.42,13.99,13.99,13.99,13.99,11.43,2.56,18.3,Down,-30.0,Stable,0.0,2025-08-20,2025-08-31,6,3,0,0,0,0,0,3,0,0,0,0,0
3522,042100045840,GRIZZLY 6MG 5CT - WINTERGREEN,NICOTINE POUCHES,5.0,5,1.25,0.42,21.99,21.99,21.99,21.99,20.88,1.11,5.0,Down,-24.0,Stable,0.0,2025-08-05,2025-08-31,5,4,0,0,0,0,0,0,5,0,0,0,0
3523,817127028202,SHOW LEAF 2/1.29 15/2PK AROMAT,LT-TAX-COLLECTED,5.0,4,1.25,0.33,12.99,12.99,12.99,12.99,10.5,2.49,19.2,Down,-8.0,Stable,0.0,2025-04-29,2025-08-20,17,4,0,0,0,0,0,4,0,0,0,0,0
3524,033300614264,KAYAK LC STRAIGHT $2.49 10CT,T7 SMOKELESS GA,5.0,2,5.0,0.42,19.99,19.99,19.99,19.99,18.73,1.26,6.3,Stable,0.0,Stable,0.0,2025-08-26,2025-08-27,9,1,0,0,0,0,0,2,0,0,0,0,0
3525,042100045512,GRIZZLY 9MG 5CT - WINTERGREEN,NICOTINE POUCHES,5.0,5,1.67,0.42,21.99,21.99,21.99,21.99,20.88,1.11,5.0,Stable,0.0,Stable,0.0,2025-08-07,2025-08-28,9,3,0,0,0,0,0,0,5,0,0,0,0
3526,PURELL,PURELL HAND SANITIZER 36CT,CLEANING PRODUCTS,5.0,5,1.67,0.0,34.99,34.99,34.99,34.99,26.5,8.49,24.3,Stable,0.0,Stable,0.0,2025-03-11,2025-04-01,158,3,0,0,0,0,0,0,5,0,0,0,0
3527,029900501905,GOODSENSE 39GAL TRASHBAG 5/7CT,KITCHEN & TOILET,5.0,1,5.0,0.42,1.89,1.89,1.89,1.89,1.05,0.84,44.4,Stable,0.0,Stable,0.0,2025-08-09,2025-08-09,27,1,0,1,0,0,0,0,0,0,0,0,0
3528,801822811580,DS AIR FRESHNER C/ GARDEN 1CT,AIR FRESHENER,5.0,2,5.0,0.42,1.49,1.49,1.49,1.49,0.65,0.84,56.4,Stable,0.0,Stable,0.0,2025-06-24,2025-06-26,71,1,0,2,0,0,0,0,0,0,0,0,0
3529,042897959856,BIG LEAGUE CHEW 12CT COTTON CA,GUMS/CHICLETS,5.0,5,1.25,0.17,14.99,14.99,14.99,14.99,12.47,2.52,16.8,Down,-8.0,Stable,0.0,2025-03-13,2025-06-19,79,4,0,0,0,0,0,5,0,0,0,0,0
3530,792554102117,LIL DRUG RUBBER BANDS 12CT,HOUSEHOLD GOODS,5.0,2,2.5,0.42,1.69,1.69,1.69,1.69,1.3,0.39,23.0,Up,40.0,Stable,0.0,2025-08-06,2025-08-18,19,2,0,2,0,0,0,0,0,0,0,0,0
3531,801822811603,DS AIR FRESHNER HAWAIIAN 1CT,AIR FRESHENER,5.0,2,5.0,0.42,1.49,1.49,1.49,1.49,0.65,0.84,56.4,Stable,0.0,Stable,0.0,2025-06-24,2025-06-26,71,1,0,2,0,0,0,0,0,0,0,0,0
3532,031700236284,GAME LEAF 8/5CT - NATURAL,CIGARS,5.0,4,1.25,0.25,23.99,23.99,23.99,23.99,17.6,6.39,26.6,Up,8.0,Stable,0.0,2025-03-19,2025-08-19,18,4,0,0,0,0,0,0,4,0,0,0,0
3533,8684771538966,ANGEL DUBAI CH 10CT WHITE CHOC,CANDYS,5.0,5,2.5,0.42,67.0,67.0,67.00,67.00,55.0,12.0,17.9,Down,-40.0,Stable,0.0,2025-08-20,2025-08-26,11,2,0,0,0,0,0,0,0,5,0,0,0
3534,8684771538980,ANGEL DUBAI CH 10CT RASPBERRY,CANDYS,5.0,5,1.67,0.42,67.0,67.0,67.00,67.00,55.0,12.0,17.9,Down,-60.0,Stable,0.0,2025-08-20,2025-09-01,4,3,0,0,0,0,0,0,0,5,0,0,0
3535,031700236277,GAME LEAF 8/5CT - WILD BERRY,CIGARS,5.0,4,1.25,0.08,23.99,23.99,23.99,23.99,16.75,7.24,30.2,Down,-24.0,Stable,0.0,2025-04-03,2025-06-18,80,4,0,0,0,0,0,0,4,0,0,0,0
3536,810122472384,777 HAPPY HR SHOT WHVEIN12CT ,NOVELTY ITEMS,5.0,1,5.0,0.42,115.8,115.8,115.80,115.80,102.0,13.8,11.9,Stable,0.0,Stable,0.0,2025-06-10,2025-06-10,88,1,0,0,0,0,0,0,0,0,1,0,0
3537,716165179924,RAW CONE TIPS PERFECTO,CIG ROLLING PAPER,5.0,5,1.0,0.08,16.99,16.99,16.99,16.99,12.5,4.49,26.4,Stable,0.0,Stable,0.0,2025-03-11,2025-07-08,60,5,0,0,0,0,0,5,0,0,0,0,0
3538,037000956600,SCOPE ORIGINAL MOUNTWASH 250ML,HOUSEHOLD GOODS,5.0,1,5.0,0.0,3.19,3.19,3.19,3.19,2.48,0.71,22.2,Stable,0.0,Stable,0.0,2025-04-03,2025-04-03,156,1,0,0,0,1,0,0,0,0,0,0,0
3539,027200846627,PALL MALL MNTH GREY BOX,CIGARETTE,5.0,1,5.0,0.0,78.49,78.49,78.49,78.49,63.92,14.57,18.6,Stable,0.0,Stable,0.0,2025-05-06,2025-05-06,122,1,0,0,0,0,0,0,0,1,0,0,0
3540,8414646310300,SUPER GLUE KIT,STATIONARY,5.0,2,2.5,0.42,1.19,1.19,1.19,1.19,0.67,0.52,43.7,Up,40.0,Stable,0.0,2025-07-16,2025-08-07,29,2,0,2,0,0,0,0,0,0,0,0,0
3541,025900327729,SS 2/1.29 30/2CT STICKY SWEET,CIGARS,5.0,4,1.25,0.0,27.99,27.99,27.99,27.99,14.5,13.49,48.2,Down,-24.0,Stable,0.0,2025-03-10,2025-05-04,125,4,0,0,0,0,0,0,4,0,0,0,0
3542,090500100010,MAVERICK GOLD BOX 10CT,CIGARETTE,5.0,5,1.0,0.25,64.21,65.29,62.59,65.29,62.16,2.05,3.2,Stable,0.0,Stable,1.3,2025-03-17,2025-09-01,4,5,0,0,0,0,0,0,0,5,0,0,0
3543,086400801980,JOB JAR FRNCH WT 1.25 72CT .99,CIG ROLLING PAPER,5.0,5,1.0,0.25,46.99,46.99,46.99,46.99,38.88,8.11,17.3,Stable,0.0,Stable,0.0,2025-05-17,2025-07-19,49,5,0,0,0,0,0,0,5,0,0,0,0
3544,051497439040,K-SHOT 12CT - BLISS,NOVELTY ITEMS,5.0,1,5.0,0.42,72.0,72.0,72.00,72.00,63.0,9.0,12.5,Stable,0.0,Stable,0.0,2025-08-31,2025-08-31,5,1,0,0,0,0,0,0,0,1,0,0,0
3545,031700236185,GAME LEAF 5/2.99 8/5CT NATURAL,CIGARS,5.0,4,1.25,0.33,18.99,18.99,18.99,18.99,13.4,5.59,29.4,Up,24.0,Stable,0.0,2025-05-15,2025-08-04,32,4,0,0,0,0,0,4,0,0,0,0,0
3546,676979861661,U B&W CONTAINERS 28OZ 10PK 1CT,HOUSEHOLD GOODS,5.0,1,5.0,0.42,3.79,3.79,3.79,3.79,2.29,1.5,39.6,Stable,0.0,Stable,0.0,2025-08-09,2025-08-09,27,1,0,0,0,1,0,0,0,0,0,0,0
3547,722429160683,PET STAIN REMOVER 16OZ,CLEANING PRODUCTS,5.0,1,5.0,0.42,1.99,1.99,1.99,1.99,1.0,0.99,49.7,Stable,0.0,Stable,0.0,2025-06-23,2025-06-23,75,1,0,1,0,0,0,0,0,0,0,0,0
3548,042100012217,GRIZZLY PREM DARK LC SELECT 5C,T7 SMOKELESS GA,5.0,4,1.67,0.08,25.04,26.09,24.69,26.09,23.77,1.27,5.1,Down,-60.0,Stable,2.8,2025-03-12,2025-08-22,14,3,0,0,0,0,0,0,4,0,0,0,0
3549,090500100362,WINST MENTHOL BOX 10CT,CIGARETTE,5.0,4,1.25,0.25,82.46,83.79,80.19,83.79,78.23,4.23,5.1,Up,24.0,Stable,1.5,2025-03-17,2025-07-27,41,4,0,0,0,0,0,0,0,4,0,0,0
3550,022000117311,ALTOIDS 8CT ARCTIC PEPERMINT,CANDYS,5.0,5,1.0,0.25,16.99,16.99,16.99,16.99,13.62,3.37,19.8,Stable,0.0,Stable,0.0,2025-05-18,2025-07-28,40,5,0,0,0,0,0,5,0,0,0,0,0
3551,10857545012022,BOB M CONES CL KS 33/3PK,CIG ROLLING PAPER,5.0,5,1.67,0.08,33.99,33.99,33.99,33.99,28.99,5.0,14.7,Down,-30.0,Stable,0.0,2025-04-03,2025-06-26,72,3,0,0,0,0,0,0,5,0,0,0,0
3552,676979906614,U CHOICE BUTTER CKIE 12OZ 1CT,COOKIES,5.0,2,2.5,0.42,2.99,2.99,2.99,2.99,1.53,1.46,48.8,Up,120.0,Stable,0.0,2025-08-14,2025-08-26,11,2,0,0,2,0,0,0,0,0,0,0,0
3553,849205032054,VUSE CLASIC TOBACCO 5.0% 5/2CT,ECIG - PODS,5.0,4,1.25,0.33,66.99,66.99,66.99,66.99,61.68,5.31,7.9,Up,8.0,Stable,0.0,2025-04-04,2025-07-01,67,4,0,0,0,0,0,0,0,4,0,0,0
3554,JUMEX,JUMEX CAN 11.3OZ 24CT,DRINKS,5.0,1,5.0,0.0,17.99,17.99,17.99,17.99,16.04,1.95,10.8,Stable,0.0,Stable,0.0,2025-04-02,2025-04-02,156,1,0,0,0,0,0,1,0,0,0,0,0
3555,685141429028,DIXON CIG F/T BLUE KINGS,CIG ROLLING PAPER,5.0,1,5.0,0.0,2.99,2.99,2.99,2.99,1.1,1.89,63.2,Stable,0.0,Stable,0.0,2025-04-03,2025-04-03,155,1,0,0,1,0,0,0,0,0,0,0,0
3556,042100001761,DENTAL SWEET SNUFF 12CT,T7 SMOKELESS GA,5.0,5,1.0,0.33,216.99,219.24,207.99,222.99,197.45,19.54,9.0,Stable,0.0,Stable,2.1,2025-05-19,2025-08-25,12,5,0,0,0,0,0,0,0,0,0,5,0
3557,030772084168,GAIN DISH LIQUID 14.7OZ 1CT,CLEANING PRODUCTS,5.0,2,2.5,0.42,1.4,1.4,0.00,2.79,1.62,-0.22,-16.1,Down,-40.0,Down,-200.0,2025-08-13,2025-09-01,5,2,1,0,1,0,0,0,0,0,0,0,0
3558,676979100012,U CHOICE BABY WIPES 80CT,MISC,5.0,2,2.5,0.42,0.64,0.64,0.00,1.29,0.6,0.05,7.0,Up,40.0,Down,-200.0,2025-08-14,2025-09-01,5,2,1,1,0,0,0,0,0,0,0,0,0
3559,686464472203,KM HOPPING SURPRISE 12CT,CANDYS,5.0,5,1.25,0.17,12.99,12.99,12.99,12.99,10.93,2.06,15.9,Down,-8.0,Stable,0.0,2025-04-01,2025-08-20,16,4,0,0,0,0,0,5,0,0,0,0,0
3560,784762080790,TENZ WRAP 8/2CT HABANO LEAF,CIGARS,5.0,2,2.5,0.08,41.49,41.99,40.99,41.99,32.8,8.69,20.9,Down,-120.0,Stable,2.4,2025-04-14,2025-08-22,14,2,0,0,0,0,0,0,2,0,0,0,0
3561,817127026598,DOPPYWOODS SWT AROMATIC 8/5CT,CIGARS,5.0,4,1.25,0.17,27.99,27.99,27.99,27.99,21.0,6.99,25.0,Down,-8.0,Stable,0.0,2025-03-14,2025-08-02,34,4,0,0,0,0,0,0,4,0,0,0,0
3562,033300635870,STARR $2.19 CHEW 12CT PEACH,LT-TAX PAID,5.0,5,1.67,0.33,20.99,20.99,20.99,20.99,18.9,2.09,10.0,Up,30.0,Stable,0.0,2025-03-29,2025-08-15,22,3,0,0,0,0,0,0,5,0,0,0,0
3563,034000229000,WHATCHAMACALLIT KING SIZE 18CT,CANDYS,5.0,5,1.25,0.42,36.99,36.99,36.99,36.99,29.16,7.83,21.2,Down,-24.0,Stable,0.0,2025-07-06,2025-08-15,22,4,0,0,0,0,0,0,5,0,0,0,0
3564,012300842136,DORAL MENTHOL GOLD BOX 10CT,CIGARETTE,5.0,5,1.0,0.25,103.89,104.79,101.19,106.59,81.07,22.82,22.0,Stable,0.0,Stable,1.0,2025-04-24,2025-08-30,7,5,0,0,0,0,0,0,0,0,5,0,0
3565,0506260,DIAMOND AC CABLE 25CT MICRO V8,CELLUAR ACCESSORIES,5.0,5,1.0,0.17,31.99,31.99,31.99,31.99,24.5,7.49,23.4,Stable,0.0,Stable,0.0,2025-03-13,2025-08-02,35,5,0,0,0,0,0,0,5,0,0,0,0
3566,878848817209,CHEF VALLEY SCISSORS SET 3CT ,STATIONARY,5.0,3,2.5,0.42,1.79,1.79,1.79,1.79,0.92,0.87,48.6,Up,120.0,Stable,0.0,2025-08-07,2025-08-21,16,2,0,3,0,0,0,0,0,0,0,0,0
3567,3641764192555,BUTT BUCKET CHROME PLTD 12CT,NOVELTY ITEMS,5.0,5,1.25,0.33,11.99,11.99,11.99,11.99,9.0,2.99,24.9,Down,-8.0,Stable,0.0,2025-06-07,2025-08-10,27,4,0,0,0,0,0,5,0,0,0,0,0
3568,017724109384,EXCIDE BATTERY CLEANER SPRAY,AUTOMOTIVE,5.0,2,2.5,0.17,1.99,1.99,1.99,1.99,0.35,1.64,82.4,Down,-40.0,Stable,0.0,2025-03-10,2025-07-11,56,2,0,2,0,0,0,0,0,0,0,0,0
3569,641684157712,VITA RHINO VIP CHOCO 12CT,VITAMINS,5.0,4,1.25,0.33,18.5,18.33,18.00,19.00,16.0,2.5,13.5,Up,24.0,Stable,-2.2,2025-03-27,2025-07-31,37,4,0,0,0,0,0,4,0,0,0,0,0
3570,029000336179,PLANTERS CASHEWS 10CT DILL PIK,FOOD,5.0,5,1.25,0.0,18.99,18.99,18.99,18.99,15.15,3.84,20.2,Up,8.0,Stable,0.0,2025-03-18,2025-05-29,100,4,0,0,0,0,0,5,0,0,0,0,0
3571,011000104094,PYRAMID MENTHOL GOLD 100 10CT,CIGARETTE,5.0,4,1.25,0.0,66.69,66.69,66.19,68.19,64.57,2.12,3.2,Up,24.0,Stable,0.9,2025-04-16,2025-06-03,94,4,0,0,0,0,0,0,0,4,0,0,0
3572,CANTECH BROWN TAPE BIG 1C,CANTECH KRAFT TAPE BIG 1CT,AUTOMOTIVE,5.0,3,1.67,0.33,1.39,1.39,1.39,1.39,0.75,0.64,46.0,Up,30.0,Stable,0.0,2025-06-06,2025-07-15,53,3,0,3,0,0,0,0,0,0,0,0,0
3573,010700170408,JOLLY RANCH CHEW LOLLPOP 100CT,CANDYS,5.0,5,1.0,0.25,16.99,16.99,16.99,16.99,15.11,1.88,11.1,Stable,0.0,Stable,0.0,2025-04-07,2025-09-05,1,5,0,0,0,0,0,5,0,0,0,0,0
3574,10792554742006,LIL DRUG POCKET COMB 6CT,COSMETICS & BEAUTY,5.0,5,1.25,0.25,3.99,3.99,3.99,3.99,0.48,3.51,87.9,Up,24.0,Stable,0.0,2025-04-29,2025-08-23,14,4,0,0,0,5,0,0,0,0,0,0,0
3575,878848890998,PROTOUCH PVC ELECTRIC TAPE 2PK,HARDWARE,5.0,2,2.5,0.17,1.29,1.29,1.29,1.29,0.5,0.79,61.2,Down,-40.0,Stable,0.0,2025-04-16,2025-08-30,6,2,0,2,0,0,0,0,0,0,0,0,0
3576,071610341302,DM LEAF 2/1.49  30/2CT TROPCL,CIGARS,5.0,5,1.0,0.08,32.99,32.99,32.99,32.99,24.6,8.39,25.4,Stable,0.0,Stable,0.0,2025-03-17,2025-08-13,23,5,0,0,0,0,0,0,5,0,0,0,0
3577,842426155304,GT WOODS WRAP 30/2CT IRISH CRM,BLUNT WRAP,5.0,5,1.25,0.42,32.99,32.99,32.99,32.99,30.0,2.99,9.1,Down,-24.0,Stable,0.0,2025-06-24,2025-09-02,3,4,0,0,0,0,0,0,5,0,0,0,0
3578,632365555606,KOKO SNAKE SPRAY CANDY 16CT,CANDYS,5.0,5,1.67,0.0,17.59,17.59,16.99,17.99,13.39,4.2,23.9,Stable,0.0,Stable,2.8,2025-03-12,2025-05-16,113,3,0,0,0,0,0,5,0,0,0,0,0
3579,632365626214,KOKO ICEE DBL SQUEEZE 12CT,CANDYS,5.0,5,1.0,0.17,19.99,19.99,19.99,19.99,15.12,4.87,24.4,Stable,0.0,Stable,0.0,2025-04-17,2025-08-20,16,5,0,0,0,0,0,5,0,0,0,0,0
3580,008660007117,ZIG ZAG RP BLACK KS 24CT,CIG ROLLING PAPER,5.0,3,1.67,0.33,14.66,0.0,0.00,43.99,37.68,-23.02,-157.0,Up,60.0,Down,-150.0,2025-04-26,2025-09-01,5,3,2,0,0,0,0,0,1,0,0,0,0
3581,878848817346,CHEF VALLEY SCISSORS SET 2CT,STATIONARY,5.0,3,2.5,0.42,2.99,2.99,2.99,2.99,1.57,1.42,47.5,Down,-40.0,Stable,0.0,2025-08-21,2025-08-30,6,2,0,0,3,0,0,0,0,0,0,0,0
3582,886002570518,MRS FIELDS 12CT M/CHOCK CHIP,COOKIES,5.0,5,1.25,0.0,10.99,10.99,10.99,10.99,8.69,2.3,20.9,Down,-24.0,Stable,0.0,2025-03-23,2025-05-12,116,4,0,0,0,0,0,5,0,0,0,0,0
3583,M3815,THRUST START FLUID 11OZ 12CT,AUTOMOTIVE,5.0,5,1.0,0.33,36.99,36.99,36.99,36.99,32.41,4.58,12.4,Stable,0.0,Stable,0.0,2025-03-24,2025-07-30,38,5,0,0,0,0,0,0,5,0,0,0,0
3584,801822603680,PF YO YO 5PC ASSORTED,MISC,5.0,3,1.67,0.33,0.99,0.99,0.99,0.99,0.45,0.54,54.5,Up,60.0,Stable,0.0,2025-05-29,2025-08-22,14,3,3,0,0,0,0,0,0,0,0,0,0
3585,6291108161654,AL FAKHER 10 X 50GM G'FRUIT ,LT-TAX PAID,5.0,5,1.0,0.25,17.99,18.32,16.99,18.99,16.3,1.69,9.4,Stable,0.0,Stable,2.2,2025-04-20,2025-08-18,18,5,0,0,0,0,0,5,0,0,0,0,0
3586,022788447600,"BRAINERD 1 1/4"" CUP HOOKS 3CT",HARDWARE,5.0,3,1.67,0.42,0.89,0.89,0.89,0.89,0.25,0.64,71.9,Down,-30.0,Stable,0.0,2025-07-16,2025-08-31,5,3,3,0,0,0,0,0,0,0,0,0,0
3587,632365627013,KOKO CANDY ICEE SOUR SPRY 12CT,CANDYS,5.0,4,1.67,0.25,13.99,13.99,13.99,13.99,10.26,3.73,26.7,Down,-30.0,Stable,0.0,2025-04-06,2025-08-16,20,3,0,0,0,0,0,4,0,0,0,0,0
3588,676979912110,U CHOICE DUOBLE ZIP BAGS 16CT,HOUSEHOLD GOODS,5.0,2,2.5,0.42,0.8,0.8,0.00,1.59,0.7,0.1,11.9,Up,40.0,Down,-200.0,2025-08-29,2025-09-01,5,2,1,1,0,0,0,0,0,0,0,0,0
3589,138708834785,BUG-EE'S GUMMIES JAR 50MG 20CT,CBD/HEMP,5.0,1,5.0,0.0,7.0,7.0,7.00,7.00,6.5,0.5,7.1,Stable,0.0,Stable,0.0,2025-03-19,2025-03-19,171,1,0,0,0,0,1,0,0,0,0,0,0
3590,632365627037,KOKO ICEE SOUR SQZ CNDY 12CT,CANDYS,4.0,4,1.0,0.0,13.49,13.49,12.99,13.99,10.65,2.84,21.1,Stable,0.0,Stable,3.0,2025-03-26,2025-05-21,108,4,0,0,0,0,0,4,0,0,0,0,0
3591,012021033172,MELLOW FELLOW DELTA 10 CART,JBR,4.0,1,4.0,0.0,12.5,12.5,12.50,12.50,5.0,7.5,60.0,Stable,0.0,Stable,0.0,2025-03-31,2025-03-31,158,1,0,0,0,0,0,1,0,0,0,0,0
3592,886002570525,MRS FIELD 12CT OAT RAS W/ WALN,COOKIES,4.0,4,1.33,0.0,10.99,10.99,10.99,10.99,8.76,2.22,20.2,Down,-37.5,Stable,0.0,2025-03-23,2025-05-24,104,3,0,0,0,0,0,4,0,0,0,0,0
3593,8690757001058,SILVER SHOE SHINE,MISC,4.0,1,4.0,0.0,1.59,1.59,1.59,1.59,0.73,0.86,53.9,Stable,0.0,Stable,0.0,2025-03-31,2025-03-31,158,1,0,1,0,0,0,0,0,0,0,0,0
3594,8904245400279,SATYA INCENSE 12CT LAVENDER,INCENSE,4.0,4,1.0,0.17,5.24,6.99,0.00,6.99,4.49,0.75,14.4,Stable,0.0,Up,40.0,2025-05-03,2025-09-04,2,4,1,0,0,0,3,0,0,0,0,0,0
3595,886002707150,MRS FIELD 12CT WHT FUDGE BRWN,COOKIES,4.0,4,1.33,0.0,10.99,10.99,10.99,10.99,8.76,2.22,20.2,Down,-37.5,Stable,0.0,2025-03-23,2025-05-12,116,3,0,0,0,0,0,4,0,0,0,0,0
3596,014200338887,BLOW POP 48CT BLACK CHERRY,CANDYS,4.0,4,1.0,0.0,8.99,8.99,8.99,8.99,7.24,1.75,19.5,Stable,0.0,Stable,0.0,2025-03-12,2025-05-22,106,4,0,0,0,0,4,0,0,0,0,0,0
3597,010700859655,JOLLY RANCHER GUMMI ORIGI 12CT,CANDYS,4.0,4,1.33,0.33,23.99,23.99,23.99,23.99,19.56,4.43,18.5,Down,-37.5,Stable,0.0,2025-07-14,2025-08-04,33,3,0,0,0,0,0,0,4,0,0,0,0
3598,632365102282,KOKO 12CT CANDY FAN,CANDYS,4.0,3,1.33,0.0,13.99,13.99,13.99,13.99,10.04,3.95,28.2,Up,37.5,Stable,0.0,2025-04-12,2025-05-16,113,3,0,0,0,0,0,3,0,0,0,0,0
3599,708926565244,WILDHORSE SILVER KING BOX 10CT,CIGARETTE,4.0,3,1.33,0.08,40.99,40.99,40.99,40.99,34.0,6.99,17.1,Stable,0.0,Stable,0.0,2025-03-17,2025-07-31,37,3,0,0,0,0,0,0,3,0,0,0,0
3600,044000060084,OREO THE MOST STUFF 12CT,COOKIES,4.0,4,1.0,0.25,20.99,20.99,20.99,20.99,17.45,3.54,16.9,Stable,0.0,Stable,0.0,2025-04-28,2025-07-21,47,4,0,0,0,0,0,0,4,0,0,0,0
3601,658331000123,AUTO BULB 1156 1CT,AUTOMOTIVE,4.0,1,4.0,0.0,0.99,0.99,0.99,0.99,0.19,0.8,80.8,Stable,0.0,Stable,0.0,2025-05-15,2025-05-15,113,1,1,0,0,0,0,0,0,0,0,0,0
3602,041116137013,JUICY DROPS GEL PENS 24CT,CANDYS,4.0,4,1.0,0.0,26.99,26.99,26.99,26.99,22.32,4.67,17.3,Stable,0.0,Stable,0.0,2025-03-23,2025-04-28,131,4,0,0,0,0,0,0,4,0,0,0,0
3603,850016674869,SCRUB FREE GLASS/SS  12OZ 1CT,CLEANING PRODUCTS,4.0,1,4.0,0.33,1.29,1.29,1.29,1.29,0.82,0.47,36.4,Stable,0.0,Stable,0.0,2025-07-28,2025-07-28,40,1,0,1,0,0,0,0,0,0,0,0,0
3604,034000288007,5TH AVENUE KS 18CT,CANDYS,4.0,4,1.0,0.0,36.99,36.99,36.99,36.99,30.07,6.92,18.7,Stable,0.0,Stable,0.0,2025-03-22,2025-05-15,114,4,0,0,0,0,0,0,4,0,0,0,0
3605,029000020009,PLANTERS SLTD CRML PNTS 10CT,FOOD,4.0,4,1.33,0.08,7.99,7.99,7.99,7.99,6.21,1.78,22.3,Down,-37.5,Stable,-0.0,2025-03-24,2025-07-27,41,3,0,0,0,0,4,0,0,0,0,0,0
3606,073096500235,PANASONIC AA 4 PK 1 CT,BATTERY,4.0,1,4.0,0.33,0.99,0.99,0.99,0.99,0.43,0.56,56.6,Stable,0.0,Stable,0.0,2025-08-18,2025-08-18,19,1,1,0,0,0,0,0,0,0,0,0,0
3607,632365626030,KOKO SPLASH N LICK POPPIN 12CT,CANDYS,4.0,4,1.0,0.08,13.99,13.99,13.99,13.99,10.04,3.95,28.2,Stable,0.0,Stable,0.0,2025-04-16,2025-07-19,49,4,0,0,0,0,0,4,0,0,0,0,0
3608,801822500910,BARREL BOLT,HARDWARE,4.0,3,1.33,0.08,1.99,1.99,1.99,1.99,0.55,1.44,72.4,Down,-37.5,Stable,0.0,2025-04-01,2025-07-11,56,3,0,3,0,0,0,0,0,0,0,0,0
3609,632365626719,KOKO CANDY GRINDER 12CT,CANDYS,4.0,4,1.0,0.17,13.74,13.99,12.99,13.99,10.04,3.7,26.9,Stable,0.0,Stable,2.2,2025-04-03,2025-09-02,3,4,0,0,0,0,0,4,0,0,0,0,0
3610,040000586081,M & M RS 24CT CRAML COLD BREW,CANDYS,4.0,4,1.0,0.17,31.99,31.99,31.99,31.99,27.49,4.5,14.1,Stable,0.0,Stable,0.0,2025-03-12,2025-06-22,76,4,0,0,0,0,0,0,4,0,0,0,0
3611,632365627235,KOKO DIP N LIK DIPPIN DOT 12CT,CANDYS,4.0,4,1.0,0.25,13.99,13.99,13.99,13.99,10.26,3.73,26.7,Stable,0.0,Stable,0.0,2025-04-23,2025-09-02,3,4,0,0,0,0,0,4,0,0,0,0,0
3612,021064709913,SWED DOGG LBS RP KS 50CT,CIG ROLLING PAPER,4.0,4,1.0,0.08,29.99,29.99,29.99,29.99,24.99,5.0,16.7,Stable,0.0,Stable,0.0,2025-03-28,2025-06-21,76,4,0,0,0,0,0,0,4,0,0,0,0
3613,784762071743,ZIG ZAG WRAP 2/99 25/2CT PINEA,BLUNT WRAP,4.0,3,1.33,0.0,14.99,14.99,14.99,14.99,13.75,1.24,8.3,Stable,0.0,Stable,0.0,2025-04-03,2025-05-28,100,3,0,0,0,0,0,3,0,0,0,0,0
3614,M20,MONSTER ENERGY 20OZ 12CT,DRINKS,4.0,2,4.0,0.0,44.99,44.99,44.99,44.99,42.0,2.99,6.6,Stable,0.0,Stable,0.0,2025-03-28,2025-03-28,161,1,0,0,0,0,0,0,2,0,0,0,0
3615,801822400203,BROWN JERSEY GOVES 12CT,GLOVES & T SHIRTS,4.0,4,1.0,0.08,6.99,6.99,6.99,6.99,4.38,2.62,37.4,Stable,0.0,Stable,0.0,2025-04-16,2025-08-10,26,4,0,0,0,0,4,0,0,0,0,0,0
3616,716165257318,RAW CONES GARDEN KS 30/3CT,CIG ROLLING PAPER,4.0,4,2.0,0.0,44.99,44.99,44.99,44.99,38.5,6.49,14.4,Down,-100.0,Stable,0.0,2025-03-31,2025-04-11,148,2,0,0,0,0,0,0,4,0,0,0,0
3617,008660007315,ZIG ZAG RP UT 1.25 24CT,CIG ROLLING PAPER,4.0,4,1.0,0.25,43.99,43.99,43.99,43.99,35.79,8.2,18.6,Stable,0.0,Stable,0.0,2025-04-26,2025-07-30,38,4,0,0,0,0,0,0,4,0,0,0,0
3618,812615006724,CLIPPER CIGAR 10CT LIGHT,CIGARS,4.0,2,2.0,0.17,11.99,11.99,11.99,11.99,7.95,4.04,33.7,Stable,0.0,Stable,0.0,2025-04-24,2025-08-03,34,2,0,0,0,0,0,2,0,0,0,0,0
3619,676979950303,U KITCHEN BATH CLEANER 32OZ,CLEANING PRODUCTS,4.0,2,2.0,0.08,1.59,1.59,1.59,1.59,0.84,0.75,47.0,Down,-100.0,Stable,0.0,2025-04-23,2025-08-24,12,2,0,2,0,0,0,0,0,0,0,0,0
3620,784762080257,ZIG ZAG LEAF 2/1.29 15CT HNY B,CIGARS,4.0,4,1.0,0.08,13.99,13.99,13.99,13.99,10.2,3.79,27.1,Stable,0.0,Stable,0.0,2025-04-08,2025-06-10,87,4,0,0,0,0,0,4,0,0,0,0,0
3621,878848911136,PROTOUCH PACKING TAPE 48M 2CT ,HOUSEHOLD GOODS,4.0,4,1.0,0.0,4.99,4.99,4.99,4.99,2.55,2.44,48.8,Stable,0.0,Stable,0.0,2025-03-12,2025-05-13,116,4,0,0,0,4,0,0,0,0,0,0,0
3622,842426156332,GT WOODS WRAP 30/2CT NATURAL,BLUNT WRAP,4.0,4,1.0,0.17,32.99,32.99,32.99,32.99,30.0,2.99,9.1,Stable,0.0,Stable,0.0,2025-03-30,2025-08-08,29,4,0,0,0,0,0,0,4,0,0,0,0
3623,801822502341,BLACK DRY WALL SCREWS 2'',HARDWARE,4.0,2,2.0,0.33,1.59,1.59,1.59,1.59,0.5,1.09,68.6,Stable,0.0,Stable,0.0,2025-07-26,2025-08-22,14,2,0,2,0,0,0,0,0,0,0,0,0
3624,690858703903,ZEP BASEBOARD STRIPPER ,MISC,4.0,1,4.0,0.0,3.99,3.99,3.99,3.99,1.25,2.74,68.7,Stable,0.0,Stable,0.0,2025-06-05,2025-06-05,93,1,0,0,0,1,0,0,0,0,0,0,0
3625,073390614362,MENTOS GUM 4CT-STRAWBERRY,GUMS/CHICLETS,4.0,4,1.0,0.08,14.99,14.99,14.99,14.99,11.92,3.07,20.5,Stable,0.0,Stable,0.0,2025-03-27,2025-06-26,71,4,0,0,0,0,0,4,0,0,0,0,0
3626,766679203011,MODUS BITES DA SAUCE THCP 50CT,CBD/HEMP,4.0,3,1.33,0.0,64.67,64.67,64.00,65.00,57.75,6.92,10.7,Down,-37.5,Stable,0.8,2025-03-15,2025-03-30,160,3,0,0,0,0,0,0,0,3,0,0,0
3627,072320700830,HELLO PANDA STRAWBERRY 6CT,CANDYS,4.0,4,1.0,0.25,6.99,6.99,6.99,6.99,5.82,1.17,16.7,Stable,0.0,Stable,0.0,2025-04-04,2025-08-14,22,4,0,0,0,0,4,0,0,0,0,0,0
3628,655708147870,ROUGH RIDERS CONDOMS 48/1CT,CONDOMS,4.0,4,1.0,0.17,9.99,9.99,9.99,9.99,7.6,2.39,23.9,Stable,0.0,Stable,0.0,2025-03-18,2025-08-09,27,4,0,0,0,0,4,0,0,0,0,0,0
3629,801822707067,BINDER CLIPS 5PCS COLORFUL,STATIONARY,4.0,2,2.0,0.17,1.99,1.99,1.99,1.99,0.42,1.57,78.9,Stable,0.0,Stable,0.0,2025-06-06,2025-08-05,32,2,0,2,0,0,0,0,0,0,0,0,0
3630,048155925564,PH OXYGEN CLEANER  PWDR 16OZ,CLEANING PRODUCTS,4.0,1,4.0,0.0,1.19,1.19,1.19,1.19,0.79,0.4,33.6,Stable,0.0,Stable,0.0,2025-05-12,2025-05-12,117,1,0,1,0,0,0,0,0,0,0,0,0
3631,666186073957,CANABZY GUMMY SHROOMS 5/15CT,CBD/HEMP,4.0,3,2.0,0.0,50.0,50.0,50.00,50.00,45.0,5.0,10.0,Stable,0.0,Stable,0.0,2025-03-12,2025-04-29,130,2,0,0,0,0,0,0,0,3,0,0,0
3632,028200172907,B&H DELUX BOX 10CT,CIGARETTE,4.0,4,1.0,0.25,109.94,110.79,107.39,112.39,104.86,5.08,4.6,Stable,0.0,Stable,1.4,2025-03-31,2025-08-10,26,4,0,0,0,0,0,0,0,0,4,0,0
3633,073100021961,HUSKY LC WINTERGREEN 5CT,T7 SMOKELESS GA,4.0,4,1.0,0.25,13.34,13.46,12.99,13.69,11.6,1.73,13.0,Stable,0.0,Stable,2.1,2025-03-26,2025-09-03,2,4,0,0,0,0,0,4,0,0,0,0,0
3634,040000017318,M & M MILK CHOCOLATE PEG BAG,CANDYS,4.0,1,4.0,0.0,2.59,2.59,2.59,2.59,2.16,0.43,16.6,Stable,0.0,Stable,0.0,2025-04-29,2025-04-29,129,1,0,0,1,0,0,0,0,0,0,0,0
3635,689176567106,FADED DELTA 8 2.5G DISP 6CT,ECIG - DISP D8,4.0,1,4.0,0.0,60.0,60.0,60.00,60.00,57.5,2.5,4.2,Stable,0.0,Stable,0.0,2025-03-24,2025-03-24,165,1,0,0,0,0,0,0,0,1,0,0,0
3636,059642306735,CRY BABY GUM 4 BALL 36CT,CANDYS,4.0,4,1.0,0.17,8.5,8.5,8.50,8.50,6.84,1.66,19.5,Stable,0.0,Stable,0.0,2025-04-05,2025-08-18,18,4,0,0,0,0,4,0,0,0,0,0,0
3637,33279439,GRINDERS FANCY 1CT,NOVELTY ITEMS,4.0,2,2.0,0.25,4.62,4.75,4.50,4.75,4.0,0.63,13.6,Up,100.0,Up,5.4,2025-03-12,2025-06-09,89,2,0,0,0,2,0,0,0,0,0,0,0
3638,722429330130,AWESOME FABRIC REFRESHER 33OZ,CLEANING PRODUCTS,4.0,1,4.0,0.0,2.49,2.49,2.49,2.49,1.15,1.34,53.8,Stable,0.0,Stable,0.0,2025-05-12,2025-05-12,117,1,0,0,1,0,0,0,0,0,0,0,0
3639,732962385078,REAL PACKAGING TAPE 1CT,STATIONARY,4.0,3,1.33,0.25,1.19,1.19,1.19,1.19,0.52,0.67,56.3,Stable,0.0,Stable,0.0,2025-03-10,2025-07-11,56,3,0,3,0,0,0,0,0,0,0,0,0
3640,801822500835,PAINT BRUSH 1CT,HARDWARE,4.0,2,2.0,0.0,0.99,0.99,0.99,0.99,0.35,0.64,64.6,Down,-100.0,Stable,0.0,2025-03-19,2025-05-03,126,2,2,0,0,0,0,0,0,0,0,0,0
3641,029000336193,PLANTERS CASHEWS 10CT CINN&BS,FOOD,4.0,4,1.0,0.08,18.99,18.99,18.99,18.99,15.15,3.84,20.2,Stable,0.0,Stable,0.0,2025-03-18,2025-06-23,75,4,0,0,0,0,0,4,0,0,0,0,0
3642,029000336216,PLANTERS CASHEWS 10CT ROSE&SEA,FOOD,4.0,4,1.0,0.0,18.49,18.49,17.99,18.99,15.15,3.34,18.1,Stable,0.0,Stable,-2.2,2025-03-18,2025-05-13,115,4,0,0,0,0,0,4,0,0,0,0,0
3643,686464641203,KM WACKY SHARK CANDY 12CT,CANDYS,4.0,4,1.0,0.08,12.99,12.99,12.99,12.99,10.93,2.06,15.9,Stable,0.0,Stable,0.0,2025-04-12,2025-06-10,88,4,0,0,0,0,0,4,0,0,0,0,0
3644,655708018507,EMERGEN-C VITAMIN C 20CT,MEDICINE,4.0,4,1.33,0.0,10.99,10.99,10.99,10.99,8.0,2.99,27.2,Up,37.5,Stable,0.0,2025-03-18,2025-04-18,140,3,0,0,0,0,0,4,0,0,0,0,0
3645,801822500798,PAINT BRUSH ,HARDWARE,4.0,2,2.0,0.0,2.49,2.49,2.49,2.49,0.78,1.71,68.7,Up,100.0,Stable,0.0,2025-03-15,2025-03-19,171,2,0,0,2,0,0,0,0,0,0,0,0
3646,029000021112,PLANTERS TRAIL MIX PNT BTR 6OZ,FOOD,4.0,1,4.0,0.0,2.59,2.59,2.59,2.59,2.05,0.54,20.8,Stable,0.0,Stable,0.0,2025-04-01,2025-04-01,157,1,0,0,1,0,0,0,0,0,0,0,0
3647,034000252176,REESES BIG CUP CARAMEL KS 16CT,CANDYS,4.0,4,1.33,0.25,33.99,33.99,33.99,33.99,26.66,7.34,21.6,Up,37.5,Stable,0.0,2025-04-04,2025-07-29,39,3,0,0,0,0,0,0,4,0,0,0,0
3648,16285049267589,VIVA ZEN 8/4CT 20MG FASTKAPS,VITAMINS,4.0,1,4.0,0.0,58.0,58.0,58.00,58.00,56.0,2.0,3.4,Stable,0.0,Stable,0.0,2025-03-17,2025-03-17,173,1,0,0,0,0,0,0,0,1,0,0,0
3649,810134923720,BLAZY SUSAN PINK KS WIDE 50CT,CIG ROLLING PAPER,4.0,4,2.0,0.0,29.99,29.99,29.99,29.99,25.83,4.16,13.9,Up,100.0,Stable,0.0,2025-03-16,2025-04-04,155,2,0,0,0,0,0,0,4,0,0,0,0
3650,038000427992,CEREAL CUP 6CT FRSTD MINI WHT,COOKIES,4.0,4,1.0,0.33,9.99,9.99,9.99,9.99,7.63,2.36,23.6,Stable,0.0,Stable,0.0,2025-06-11,2025-07-28,40,4,0,0,0,0,4,0,0,0,0,0,0
3651,842426165129,GT WOODS WRAP 30/2CT VANILLA,BLUNT WRAP,4.0,4,1.0,0.17,32.99,32.99,32.99,32.99,30.0,2.99,9.1,Stable,0.0,Stable,0.0,2025-04-10,2025-08-20,16,4,0,0,0,0,0,0,4,0,0,0,0
3652,016000502789,GARDETTO'S CHIPS 4.75OZ,FOOD,4.0,1,4.0,0.0,2.89,2.89,2.89,2.89,2.49,0.4,13.7,Stable,0.0,Stable,0.0,2025-05-26,2025-05-26,102,1,0,0,1,0,0,0,0,0,0,0,0
3653,011000104131,PYRAMID ORANGE 100 BOX 10CT,CIGARETTE,4.0,4,1.33,0.33,68.19,68.19,68.19,68.19,64.04,4.16,6.1,Down,-37.5,Stable,0.0,2025-06-16,2025-08-24,12,3,0,0,0,0,0,0,0,4,0,0,0
3654,786560000871,MET-RX BIG 100 9CT FRTY CEREAL,CANDYS,4.0,4,1.0,0.17,21.49,21.49,21.49,21.49,19.48,2.01,9.4,Stable,0.0,Stable,0.0,2025-05-30,2025-09-01,4,4,0,0,0,0,0,0,4,0,0,0,0
3655,059642006352,CRY BABY E/SOUR B/GUM 240CTJAR,GUMS/CHICLETS,4.0,4,1.0,0.08,17.99,17.99,17.99,17.99,14.4,3.59,20.0,Stable,0.0,Stable,0.0,2025-03-27,2025-07-01,66,4,0,0,0,0,0,4,0,0,0,0,0
3656,076452700300,JEWELS HAVA 10/5PK ORIGINAL,CIGARS,4.0,3,1.33,0.0,58.99,58.99,58.99,58.99,44.83,14.16,24.0,Stable,0.0,Stable,0.0,2025-03-24,2025-06-01,96,3,0,0,0,0,0,0,0,3,0,0,0
3657,038000262500,KELLOGS CORN POPS 18.1OZ 1CT,FOOD,4.0,1,4.0,0.0,2.99,2.99,2.99,2.99,2.0,0.99,33.1,Stable,0.0,Stable,0.0,2025-06-04,2025-06-04,94,1,0,0,1,0,0,0,0,0,0,0,0
3658,B825,WALTHER PISTOL  LGT 10CT/BX,LIGHTERS,4.0,4,1.33,0.0,50.0,50.0,50.00,50.00,45.0,5.0,10.0,Stable,0.0,Stable,0.0,2025-03-21,2025-05-15,114,3,0,0,0,0,0,0,0,4,0,0,0
3659,034000720620,ICE BRAEKER MINT 8CT- WINTRGRN,CANDYS,4.0,4,1.0,0.08,16.99,16.99,16.99,16.99,13.6,3.39,20.0,Stable,0.0,Stable,0.0,2025-03-16,2025-07-11,57,4,0,0,0,0,0,4,0,0,0,0,0
3660,8904234401393,SATYA INCENSE 12CT NTRL SANDAL,INCENSE,4.0,4,1.0,0.08,6.99,6.99,6.99,6.99,4.49,2.5,35.8,Stable,0.0,Stable,0.0,2025-04-19,2025-06-25,72,4,0,0,0,0,4,0,0,0,0,0,0
3661,801822607749,DISPOSABLE CUPS 1CT,HOUSEHOLD GOODS,4.0,1,4.0,0.33,0.79,0.79,0.79,0.79,0.35,0.44,55.7,Stable,0.0,Stable,0.0,2025-07-16,2025-07-16,51,1,1,0,0,0,0,0,0,0,0,0,0
3662,854844003099,HAZE 108CT HOOKAH CHARCOAL,NOVELTY ITEMS,4.0,3,2.0,0.25,2.0,3.0,0.00,5.99,3.25,-1.25,-62.8,Up,100.0,Up,200.0,2025-03-13,2025-09-04,1,2,2,0,0,0,1,0,0,0,0,0,0
3663,090500110729,WINST $0.5OFF SELECT GOLD 10CT,CIGARETTE,4.0,3,1.33,0.08,76.99,76.99,76.99,76.99,70.95,6.04,7.8,Stable,0.0,Stable,0.0,2025-04-18,2025-06-17,81,3,0,0,0,0,0,0,0,3,0,0,0
3664,10857545009480,BILLION WRAPS 25/2CT ROSE,BLUNT WRAP,4.0,2,2.0,0.0,9.99,9.99,9.99,9.99,8.99,1.0,10.0,Down,-100.0,Stable,0.0,2025-03-11,2025-04-26,133,2,0,0,0,0,2,0,0,0,0,0,0
3665,850043583783,TYSON LEAF 10/5CT RUSSIAN CRM,BLUNT WRAP,4.0,4,1.33,0.0,29.99,29.99,29.99,29.99,27.5,2.49,8.3,Down,-37.5,Stable,0.0,2025-03-13,2025-04-18,141,3,0,0,0,0,0,0,4,0,0,0,0
3666,850043583769,TYSON LEAF 10/5CT SWEET,BLUNT WRAP,4.0,4,1.33,0.0,29.99,29.99,29.99,29.99,27.5,2.49,8.3,Down,-37.5,Stable,0.0,2025-03-13,2025-05-13,116,3,0,0,0,0,0,0,4,0,0,0,0
3667,817127028264,SHOW LEAF 2/1.29 15/2PK STRBRY,LT-TAX-COLLECTED,4.0,4,1.33,0.17,12.99,12.99,12.99,12.99,10.5,2.49,19.2,Up,37.5,Stable,0.0,2025-03-18,2025-06-14,83,3,0,0,0,0,0,4,0,0,0,0,0
3668,716053605450,CELLTEKK 10FT TC-TC 10CT,CELLUAR ACCESSORIES,4.0,4,1.0,0.08,29.99,29.99,29.99,29.99,19.9,10.09,33.6,Stable,0.0,Stable,0.0,2025-03-19,2025-09-04,2,4,0,0,0,0,0,0,4,0,0,0,0
3669,10857545012091,BOB M HEMP WRAP PSN FRT 25/2CT,BLUNT WRAP,4.0,4,1.33,0.25,13.99,13.99,13.99,13.99,12.5,1.49,10.7,Up,37.5,Stable,0.0,2025-03-13,2025-08-07,29,3,0,0,0,0,0,4,0,0,0,0,0
3670,090500110712,WINST $0.5OFF SELECT RED 100,CIGARETTE,4.0,4,1.0,0.17,77.84,78.69,76.99,78.69,70.95,6.89,8.9,Stable,0.0,Stable,0.9,2025-03-31,2025-07-26,42,4,0,0,0,0,0,0,0,4,0,0,0
3671,719499005952,HIGH HEMP CONES 15/2CT,BLUNT WRAP,4.0,2,2.0,0.33,15.99,15.99,15.99,15.99,12.5,3.49,21.8,Stable,0.0,Stable,0.0,2025-07-29,2025-09-05,1,2,0,0,0,0,0,2,0,0,0,0,0
3672,810120068770,STIIIZY LEAF 8/5CT RUSSIAN CRM,LT-TAX-COLLECTED,4.0,3,1.33,0.0,39.99,39.99,39.99,39.99,33.0,6.99,17.5,Down,-37.5,Stable,0.0,2025-04-19,2025-05-15,113,3,0,0,0,0,0,0,3,0,0,0,0
3673,801822021286,GA ASHTRAY CERAMIC BLK,NOVELTY ITEMS,4.0,1,4.0,0.33,1.69,1.69,1.69,1.69,0.89,0.8,47.3,Stable,0.0,Stable,0.0,2025-08-23,2025-08-23,13,1,0,1,0,0,0,0,0,0,0,0,0
3674,849205030586,VUSE MENTHOL 5.0% 5/6CT,ECIG - PODS,4.0,4,2.0,0.33,142.99,142.99,142.99,142.99,134.17,8.82,6.2,Down,-100.0,Stable,0.0,2025-08-07,2025-08-15,22,2,0,0,0,0,0,0,0,0,4,0,0
3675,BW30A,BACKWOOD TWIST PEN 30CT,NOVELTY ITEMS,4.0,4,1.33,0.08,61.25,60.0,54.99,65.00,45.0,16.25,26.5,Down,-37.5,Stable,0.0,2025-03-31,2025-07-10,57,3,0,0,0,0,0,0,0,4,0,0,0
3676,8720181151187,DOVE BODY WASH 500ML 1CT,COSMETICS & BEAUTY,4.0,2,2.0,0.08,3.99,3.99,3.99,3.99,2.9,1.09,27.3,Down,-100.0,Stable,0.0,2025-03-19,2025-06-19,79,2,0,0,0,2,0,0,0,0,0,0,0
3677,038000014673,CEREAL CUP 6CT CORN POPS,FOOD,4.0,4,1.33,0.25,9.99,9.99,9.99,9.99,7.63,2.36,23.6,Stable,0.0,Stable,0.0,2025-05-21,2025-07-18,50,3,0,0,0,0,4,0,0,0,0,0,0
3678,737488029185,CLICKIT RUGR PISTOL LASER 16CT,LIGHTERS,4.0,3,1.33,0.17,47.17,48.25,45.00,48.50,42.0,5.17,11.0,Down,-37.5,Stable,3.7,2025-06-07,2025-08-07,29,3,0,0,0,0,0,0,3,0,0,0,0
3679,026200171272,SLIM JIM BIG BOSS 18CT PEP CHS,FOOD,4.0,2,4.0,0.0,0.0,0.0,0.00,0.00,47.61,-47.61,0.0,Stable,0.0,Stable,0.0,2025-04-05,2025-04-05,153,1,2,0,0,0,0,0,0,0,0,0,0
3680,801822707234,SUPER GLUE 6PC TUBE 3 GM EACH,STATIONARY,4.0,4,1.0,0.0,1.49,1.49,1.49,1.49,0.65,0.84,56.4,Stable,0.0,Stable,0.0,2025-03-24,2025-06-05,93,4,0,4,0,0,0,0,0,0,0,0,0
3681,801822047606,TRAVEL KIT W/S PUMP 3PC SET,NOVELTY ITEMS,4.0,2,4.0,0.33,0.99,0.99,0.99,0.99,0.55,0.44,44.4,Stable,0.0,Stable,0.0,2025-07-21,2025-07-21,47,1,2,0,0,0,0,0,0,0,0,0,0
3682,H2P,"SILICONE PNTD BEAKER 14"" H2P",NOVELTY ITEMS,4.0,2,2.0,0.0,15.0,15.0,14.00,16.00,12.99,2.01,13.4,Stable,0.0,Down,-13.3,2025-03-12,2025-05-03,126,2,0,0,0,0,0,2,0,0,0,0,0
3683,022400639130,TRESEMME CONDITIONER 3OZ ,COSMETICS & BEAUTY,4.0,1,4.0,0.33,1.69,1.69,1.69,1.69,0.8,0.89,52.7,Stable,0.0,Stable,0.0,2025-07-09,2025-07-09,59,1,0,1,0,0,0,0,0,0,0,0,0
3684,071610340480,BACKWOODS 1PK 24/1CT HONEY,CIGARS,4.0,4,1.33,0.0,25.49,25.49,25.49,25.49,18.0,7.49,29.4,Stable,0.0,Stable,0.0,2025-03-24,2025-04-24,135,3,0,0,0,0,0,0,4,0,0,0,0
3685,676979867076,HARDY 13GAL TRASH BAGS 130CT,KITCHEN & TOILET,4.0,1,4.0,0.33,8.99,8.99,8.99,8.99,3.12,5.87,65.3,Stable,0.0,Stable,0.0,2025-08-21,2025-08-21,16,1,0,0,0,0,1,0,0,0,0,0,0
3686,8681511389291,ADALYA 10 X 50GM BAKU NIGHTS,LT-TAX PAID,4.0,4,1.33,0.08,17.99,17.99,17.99,17.99,16.0,1.99,11.1,Down,-37.5,Stable,0.0,2025-03-19,2025-07-31,37,3,0,0,0,0,0,4,0,0,0,0,0
3687,737488029291,CLICKIT GUITAR W/ TORCH  20CT ,MISC,4.0,4,1.33,0.0,80.25,80.25,78.00,85.00,73.0,7.25,9.0,Down,-37.5,Stable,1.2,2025-04-15,2025-04-27,131,3,0,0,0,0,0,0,0,4,0,0,0
3688,619682999054,TRUE HEMP 25/2CT GELATO,BLUNT WRAP,4.0,3,1.33,0.25,0.0,0.0,0.00,0.00,8.0,-8.0,0.0,Stable,0.0,Stable,0.0,2025-05-03,2025-09-01,5,3,3,0,0,0,0,0,0,0,0,0,0
3689,6504256542184,"PIXELLAB LED DISPLAY 35.35""",NOVELTY ITEMS,4.0,4,1.33,0.33,98.75,98.75,95.00,105.00,78.0,20.75,21.0,Stable,0.0,Stable,2.5,2025-07-04,2025-08-16,20,3,0,0,0,0,0,0,0,2,2,0,0
3690,717519011518,AL CAPONE 10/10CT BLUE FLITER,LIT CIGARS 003251,4.0,4,1.33,0.33,57.99,57.99,57.99,57.99,52.99,5.0,8.6,Stable,0.0,Stable,0.0,2025-07-05,2025-08-12,24,3,0,0,0,0,0,0,0,4,0,0,0
3691,676979867083,HARDY 33GAL TRASH BAGS 60CT,KITCHEN & TOILET,4.0,1,4.0,0.33,6.49,6.49,6.49,6.49,2.79,3.7,57.0,Stable,0.0,Stable,0.0,2025-08-21,2025-08-21,16,1,0,0,0,0,1,0,0,0,0,0,0
3692,659467976573,CREAM 1.2GM KNOCKOUT LR 5CT,ECIG - DISP D8,4.0,3,1.33,0.0,27.5,27.5,27.50,27.50,21.25,6.25,22.7,Down,-37.5,Stable,0.0,2025-03-17,2025-04-20,139,3,0,0,0,0,0,0,3,0,0,0,0
3693,040000583523,TWIX COOKIE DOUGH 20CT ,CANDYS,4.0,4,1.0,0.17,27.99,27.99,27.99,27.99,22.92,5.07,18.1,Stable,0.0,Stable,0.0,2025-05-15,2025-07-25,42,4,0,0,0,0,0,0,4,0,0,0,0
3694,010700960658,HEATH 2 BARS K/S 18CT ,CANDYS,4.0,4,1.0,0.17,36.24,36.99,33.99,36.99,29.43,6.81,18.8,Stable,0.0,Stable,2.5,2025-03-16,2025-09-01,4,4,0,0,0,0,0,0,4,0,0,0,0
3695,059642006451,CRY BABY GUM JAR NITR SR 200CT,GUMS/CHICLETS,4.0,4,1.0,0.0,17.99,17.99,17.99,17.99,15.0,2.99,16.6,Stable,0.0,Stable,0.0,2025-04-05,2025-05-30,99,4,0,0,0,0,0,4,0,0,0,0,0
3696,799953039112,STOKERS RED SUPREME 16OZ 6CT,LT-TAX PAID,4.0,1,4.0,0.0,80.99,80.99,80.99,80.99,69.38,11.61,14.3,Stable,0.0,Stable,0.0,2025-04-21,2025-04-21,138,1,0,0,0,0,0,0,0,1,0,0,0
3697,686464572200,KM EMOJI POP W/LOLLIPOP 12CT,CANDYS,4.0,4,1.0,0.25,12.99,12.99,12.99,12.99,11.88,1.11,8.5,Stable,0.0,Stable,0.0,2025-05-16,2025-09-01,4,4,0,0,0,0,0,4,0,0,0,0,0
3698,842426174602,GT MINI 3/1.19 SWEET 45CT,CIGAR GA,4.0,4,1.0,0.17,10.99,10.99,10.99,10.99,9.33,1.66,15.1,Stable,0.0,Stable,0.0,2025-04-08,2025-07-21,46,4,0,0,0,0,0,4,0,0,0,0,0
3699,PHR12,PREMIER HARD PAPER TOWELS 12CT,HOUSEHOLD GOODS,4.0,4,1.33,0.33,29.99,29.99,29.99,29.99,24.5,5.49,18.3,Stable,0.0,Stable,0.0,2025-08-08,2025-09-05,1,3,0,0,0,0,0,0,4,0,0,0,0
3700,071610302372,BACKWOODS 1PK 24/1CT HNY BRBN,CIGARS,4.0,4,1.0,0.17,25.86,25.99,25.49,25.99,18.0,7.86,30.4,Stable,0.0,Stable,0.6,2025-04-24,2025-07-24,43,4,0,0,0,0,0,0,4,0,0,0,0
3701,041215112263,HANDI TRASH BAG 39GAL 6CT,KITCHEN & TOILET,4.0,1,4.0,0.33,2.49,2.49,2.49,2.49,1.14,1.35,54.2,Stable,0.0,Stable,0.0,2025-08-10,2025-08-10,26,1,0,0,1,0,0,0,0,0,0,0,0
3702,022000278647,STARBURST ALL PINK KS 24CT ,CANDYS,4.0,4,1.0,0.0,52.99,52.99,52.99,52.99,43.71,9.28,17.5,Stable,0.0,Stable,0.0,2025-03-16,2025-05-27,101,4,0,0,0,0,0,0,0,4,0,0,0
3703,616513704528,CL BP CALA BABY NAIL CLIPPER,NOVELTY ITEMS,4.0,2,2.0,0.33,0.99,0.99,0.99,0.99,0.85,0.14,14.1,Stable,0.0,Stable,0.0,2025-06-29,2025-07-31,37,2,2,0,0,0,0,0,0,0,0,0,0
3704,713310635809,CEREAL PRE ROLL THCP 50CT,CBD/HEMP,4.0,1,4.0,0.33,90.0,90.0,90.00,90.00,79.0,11.0,12.2,Stable,0.0,Stable,0.0,2025-06-16,2025-06-16,82,1,0,0,0,0,0,0,0,1,0,0,0
3705,074300081977,BENGAY VANISHING SCENT 2OZ 1CT,MEDICINE,4.0,2,2.0,0.0,4.89,4.89,4.89,4.89,3.82,1.06,21.8,Up,100.0,Stable,0.0,2025-04-03,2025-04-15,143,2,0,0,0,2,0,0,0,0,0,0,0
3706,034000701032,ICE BREAKERS CUBES 6CT- GRAPE,GUMS/CHICLETS,4.0,4,1.0,0.0,21.99,21.99,21.99,21.99,18.3,3.69,16.8,Stable,0.0,Stable,0.0,2025-03-27,2025-05-04,125,4,0,0,0,0,0,0,4,0,0,0,0
3707,044000046989,OREO COOKIES SS 12PK,COOKIES,4.0,4,2.0,0.0,8.99,8.99,8.99,8.99,6.36,2.63,29.3,Up,100.0,Stable,0.0,2025-03-18,2025-03-25,165,2,0,0,0,0,4,0,0,0,0,0,0
3708,886002570532,MRS FIELD 12CT W/C MACADAMIA,COOKIES,4.0,4,1.0,0.08,10.99,10.99,10.99,10.99,8.58,2.41,21.9,Stable,0.0,Stable,0.0,2025-03-23,2025-08-14,22,4,0,0,0,0,0,4,0,0,0,0,0
3709,815970020237,TWISTED HEMP 4/99 SWEET,BLUNT WRAP,4.0,3,1.33,0.25,8.99,8.99,8.99,8.99,7.5,1.49,16.6,Up,37.5,Stable,0.0,2025-05-30,2025-08-15,22,3,0,0,0,0,3,0,0,0,0,0,0
3710,040000011040,MILKY WAY MIDNIGHT 24CT,CANDYS,4.0,4,1.0,0.17,33.49,33.99,32.99,34.99,27.22,6.27,18.7,Stable,0.0,Stable,1.8,2025-03-13,2025-08-14,22,4,0,0,0,0,0,0,4,0,0,0,0
3711,090500100324,WINST BLACK BOLD & SMOOTH,CIGARETTE,4.0,3,2.0,0.33,83.79,83.79,83.79,83.79,78.23,5.56,6.6,Down,-100.0,Stable,0.0,2025-08-04,2025-08-10,26,2,0,0,0,0,0,0,0,3,0,0,0
3712,887969011694,ZONE 9MM 5CT CITRUS,NICOTINE POUCHES,4.0,3,1.33,0.33,18.99,18.99,18.99,18.99,17.5,1.49,7.8,Down,-37.5,Stable,0.0,2025-06-26,2025-08-20,17,3,0,0,0,0,0,3,0,0,0,0,0
3713,014200333103,SUGAR BABIES 24CT,CANDYS,4.0,4,1.0,0.08,31.99,31.99,31.99,31.99,25.92,6.07,19.0,Stable,0.0,Stable,0.0,2025-04-07,2025-06-16,81,4,0,0,0,0,0,0,4,0,0,0,0
3714,676979856018,FRESHRITE ZIPLOCK 2GAL 8CT,HOUSEHOLD GOODS,4.0,2,2.0,0.33,1.29,1.29,1.29,1.29,0.6,0.69,53.5,Stable,0.0,Stable,0.0,2025-08-20,2025-08-29,7,2,0,2,0,0,0,0,0,0,0,0,0
3715,817458027127,WILDHEMP WRAP 4/99 20CT ISL TW,BLUNT WRAP,4.0,4,1.0,0.17,3.25,0.0,0.00,12.99,9.5,-6.25,-192.5,Stable,0.0,Down,-40.0,2025-04-06,2025-09-01,5,4,3,0,0,0,0,1,0,0,0,0,0
3716,034000052103,MOUNDS K/S 18CT,CANDYS,4.0,3,1.33,0.33,27.66,27.66,9.00,36.99,29.77,-2.11,-7.6,Up,37.5,Up,50.6,2025-06-11,2025-07-15,53,3,0,0,0,0,1,0,2,0,0,0,0
3717,6977097422920,ZERO GRAVITY HOOKAH GLASS 1CT,NOVELTY ITEMS,4.0,1,4.0,0.33,12.99,12.99,12.99,12.99,10.0,2.99,23.0,Stable,0.0,Stable,0.0,2025-08-05,2025-08-05,32,1,0,0,0,0,0,1,0,0,0,0,0
3718,686464643207,KM SWINGIN SLOTH 12CT,CANDYS,4.0,4,1.0,0.08,12.99,12.99,12.99,12.99,9.94,3.05,23.5,Stable,0.0,Stable,0.0,2025-03-16,2025-06-25,73,4,0,0,0,0,0,4,0,0,0,0,0
3719,034000138524,KIT KAT MINIS KS 12CT,CANDYS,4.0,2,2.0,0.33,23.99,23.99,23.99,23.99,19.44,4.55,19.0,Up,100.0,Stable,0.0,2025-06-12,2025-08-31,5,2,0,0,0,0,0,0,2,0,0,0,0
3720,W8823,LAB D LOVELY DOLL 6CT,MISC,4.0,3,4.0,0.33,41.33,41.33,39.00,45.00,30.0,11.33,27.4,Stable,0.0,Stable,0.0,2025-07-14,2025-07-16,52,1,0,0,0,0,0,0,3,0,0,0,0
3721,++++++,"MASKING TAPE 1""X60 YDS  1CT",STATIONARY,4.0,2,2.0,0.17,1.49,1.49,1.49,1.49,0.55,0.94,63.1,Stable,0.0,Stable,0.0,2025-04-18,2025-08-19,17,2,0,2,0,0,0,0,0,0,0,0,0
3722,676979001043,COFFEE CUPS 16OZ W/LIDS 6CT,MISC,4.0,2,2.0,0.0,1.49,1.49,1.49,1.49,0.8,0.69,46.3,Stable,0.0,Stable,0.0,2025-03-24,2025-04-12,146,2,0,2,0,0,0,0,0,0,0,0,0
3723,7509546061283,CAPRICE FINAL TOUCH HAIR SPRAY,COSMETICS & BEAUTY,4.0,1,4.0,0.0,2.39,2.39,2.39,2.39,1.65,0.74,31.0,Stable,0.0,Stable,0.0,2025-05-15,2025-05-15,114,1,0,0,1,0,0,0,0,0,0,0,0
3724,055500016624,PINE-SOL LIQUID 1.41L 1CT,HOUSEHOLD GOODS,4.0,1,4.0,0.33,4.99,4.99,4.99,4.99,3.17,1.82,36.5,Stable,0.0,Stable,0.0,2025-08-10,2025-08-10,27,1,0,0,0,1,0,0,0,0,0,0,0
3725,6946357103732,MR.STAR TOOTHBRUSH 12CT BOX,HOUSEHOLD GOODS,4.0,4,1.33,0.0,6.99,6.99,6.99,6.99,1.2,5.79,82.8,Down,-37.5,Stable,0.0,2025-03-10,2025-04-29,129,3,0,0,0,0,4,0,0,0,0,0,0
3726,072319002143,BAB-O DISH POWDER 140Z,CLEANING PRODUCTS,4.0,1,4.0,0.33,0.99,0.99,0.99,0.99,0.62,0.37,37.4,Stable,0.0,Stable,0.0,2025-06-24,2025-06-24,74,1,1,0,0,0,0,0,0,0,0,0,0
3727,018804058790,TUENI FRUIT CHEWS JAR 55CT,CANDYS,4.0,4,1.0,0.17,12.99,12.99,12.99,12.99,10.45,2.54,19.6,Stable,0.0,Stable,0.0,2025-03-13,2025-07-28,40,4,0,0,0,0,0,4,0,0,0,0,0
3728,686464629201,KM PAINT SLPASH 12CT,CANDYS,4.0,4,1.0,0.25,12.99,12.99,12.99,12.99,10.93,2.06,15.9,Stable,0.0,Stable,0.0,2025-04-30,2025-08-18,19,4,0,0,0,0,0,4,0,0,0,0,0
3729,103211637628,FANCY HAND PIPE BOTTLE 1CT,NOVELTY ITEMS,4.0,1,4.0,0.0,7.5,7.5,7.50,7.50,4.35,3.15,42.0,Stable,0.0,Stable,0.0,2025-04-22,2025-04-22,136,1,0,0,0,0,1,0,0,0,0,0,0
3730,044000052225,CHIPS AHOY SS 1.5OZ 12CT,COOKIES,4.0,4,2.0,0.0,7.99,7.99,7.99,7.99,6.6,1.39,17.4,Down,-100.0,Stable,-0.0,2025-03-23,2025-03-31,158,2,0,0,0,0,4,0,0,0,0,0,0
3731,801822706411,FILLER PAPER WIDE-R 100SH 1CT,STATIONARY,4.0,2,2.0,0.0,1.49,1.49,1.49,1.49,0.79,0.7,47.0,Up,100.0,Stable,0.0,2025-03-31,2025-05-22,106,2,0,2,0,0,0,0,0,0,0,0,0
3732,LBC72,LAB D DOLL IN NET 72CT,MISC,4.0,4,4.0,0.33,179.99,179.99,179.99,179.99,108.0,71.99,40.0,Stable,0.0,Stable,0.0,2025-08-18,2025-08-18,19,1,0,0,0,0,0,0,0,0,4,0,0
3733,025900329822,SS 2/$1.19 30/2CT - BANANA SMH,CIGARS,4.0,4,1.33,0.0,25.99,25.99,25.99,25.99,19.98,6.01,23.1,Stable,0.0,Stable,0.0,2025-03-13,2025-05-23,106,3,0,0,0,0,0,0,4,0,0,0,0
3734,801822201848,FLEXIBLE BANDAGE 100PC 1 CT,COSMETICS & BEAUTY,4.0,4,1.0,0.0,1.19,1.19,1.19,1.19,0.6,0.59,49.6,Stable,0.0,Stable,0.0,2025-03-22,2025-05-19,110,4,0,4,0,0,0,0,0,0,0,0,0
3735,878848870945,PROTOUCH BUNGEE STRAP 3FT 1CT,HOUSEHOLD GOODS,4.0,1,4.0,0.33,2.29,2.29,2.29,2.29,1.32,0.97,42.4,Stable,0.0,Stable,0.0,2025-08-11,2025-08-11,25,1,0,0,1,0,0,0,0,0,0,0,0
3736,707670092891,TECHNO PLAYING CARD LGT 15CT,LIGHTERS,4.0,4,1.0,0.08,44.38,45.0,42.50,45.00,37.75,6.62,14.9,Stable,0.0,Stable,-0.6,2025-03-23,2025-08-05,32,4,0,0,0,0,0,0,4,0,0,0,0
3737,034000720705,ICE BREAKERS MINT 8CT- MX BRY,GUMS/CHICLETS,4.0,4,1.0,0.17,16.99,16.99,16.99,16.99,13.6,3.39,20.0,Stable,0.0,Stable,0.0,2025-04-13,2025-08-02,35,4,0,0,0,0,0,4,0,0,0,0,0
3738,719499008021,HIGH HEMP WRAPS 25CT FUZY PCH,BLUNT WRAP,4.0,4,1.33,0.25,11.99,11.99,11.99,11.99,7.0,4.99,41.6,Stable,0.0,Stable,0.0,2025-04-10,2025-07-21,47,3,0,0,0,0,0,4,0,0,0,0,0
3739,073390030148,MENTOS MINT PACK 30CT,CANDYS,4.0,4,1.0,0.0,16.49,16.49,16.49,16.49,13.6,2.89,17.5,Stable,0.0,Stable,0.0,2025-03-12,2025-05-21,107,4,0,0,0,0,0,4,0,0,0,0,0
3740,878848819074,HOMESTYLE RAIN PONCHO 1CT,COSMETICS & BEAUTY,4.0,1,4.0,0.33,1.19,1.19,1.19,1.19,0.46,0.73,61.2,Stable,0.0,Stable,0.0,2025-08-05,2025-08-05,31,1,0,1,0,0,0,0,0,0,0,0,0
3741,KLEEN DEF,KLEEN DEF DIESEL 2.5 GAL BOX,AUTOMOTIVE,4.0,1,4.0,0.0,12.99,12.99,12.99,12.99,6.99,6.0,46.2,Stable,0.0,Stable,0.0,2025-05-27,2025-05-27,102,1,0,0,0,0,0,1,0,0,0,0,0
3742,025900345631,SS 2/$1.39 30/2CT - PEACH,CIGARS,4.0,2,2.0,0.33,31.49,31.49,31.49,31.49,24.3,7.19,22.8,Stable,0.0,Stable,0.0,2025-07-24,2025-08-14,22,2,0,0,0,0,0,0,2,0,0,0,0
3743,842426155496,GT 4/.99 4K WRAP 30/4CT WMLN,BLUNT WRAP,4.0,4,2.0,0.33,18.99,18.99,18.99,18.99,16.99,2.0,10.5,Down,-100.0,Stable,0.0,2025-06-09,2025-08-24,12,2,0,0,0,0,0,4,0,0,0,0,0
3744,041376913655,SOUR PATCH LIQUID CANDY 12CT,CANDYS,4.0,4,1.0,0.33,25.99,25.99,25.99,25.99,21.0,4.99,19.2,Stable,0.0,Stable,0.0,2025-07-17,2025-08-16,20,4,0,0,0,0,0,0,4,0,0,0,0
3745,6291108166833,AL FAKHER 250GM PEACH,LT-TAX PAID,4.0,1,4.0,0.33,10.49,10.49,10.49,10.49,8.65,1.84,17.5,Stable,0.0,Stable,0.0,2025-08-29,2025-08-29,8,1,0,0,0,0,0,1,0,0,0,0,0
3746,SUN LITE MATCH,SUN LITE MATCH 120 CT,MISC,4.0,3,1.33,0.17,5.99,5.99,5.99,5.99,2.88,3.11,52.0,Down,-37.5,Stable,0.0,2025-03-23,2025-08-17,19,3,0,0,0,0,3,0,0,0,0,0,0
3747,691851531531,FANCY GRINDER 1CT,NOVELTY ITEMS,4.0,3,2.0,0.0,6.5,6.5,6.50,6.50,4.98,1.52,23.4,Stable,0.0,Stable,0.0,2025-04-11,2025-05-09,120,2,0,0,0,0,3,0,0,0,0,0,0
3748,708926701116,WILDHORSE PIPE TOB 16OZ REGULR,LT-TAX PAID,4.0,2,2.0,0.08,10.99,10.99,10.99,10.99,9.59,1.4,12.7,Down,-100.0,Stable,0.0,2025-06-04,2025-07-07,60,2,0,0,0,0,0,2,0,0,0,0,0
3749,817127027502,BIG DOG LEAF 8/5PK BLUE COOKIE,LT-TAX-COLLECTED,4.0,3,1.33,0.17,27.99,27.99,27.99,27.99,22.0,5.99,21.4,Up,37.5,Stable,0.0,2025-04-26,2025-06-23,75,3,0,0,0,0,0,0,3,0,0,0,0
3750,878848866474,PROTOUCH LED BULB 6W 3CT,HOUSEHOLD GOODS,4.0,1,4.0,0.33,2.99,2.99,2.99,2.99,1.92,1.07,35.6,Stable,0.0,Stable,0.0,2025-08-25,2025-08-25,11,1,0,0,1,0,0,0,0,0,0,0,0
3751,676979914060,STYLUS #6 PEEL & SEAL 100CT,STATIONARY,4.0,3,1.33,0.33,1.99,1.99,1.99,1.99,0.88,1.11,55.8,Down,-37.5,Stable,0.0,2025-08-12,2025-09-03,2,3,0,3,0,0,0,0,0,0,0,0,0
3752,034000701513,ICE BREAKERS CUBES 6CT- BLKCHR,GUMS/CHICLETS,4.0,4,1.33,0.17,21.99,21.99,21.99,21.99,18.3,3.69,16.8,Down,-37.5,Stable,0.0,2025-04-29,2025-08-01,35,3,0,0,0,0,0,0,4,0,0,0,0
3753,8412131605566,LAB D MINI DOLL 24CT,MISC,4.0,3,1.33,0.33,63.66,63.66,59.99,67.00,54.0,9.66,15.2,Down,-37.5,Down,-5.5,2025-07-25,2025-08-21,15,3,0,0,0,0,0,0,0,3,0,0,0
3754,028534110026,HERBS CLEAR EGGS 50CT,FOOD,4.0,4,1.33,0.08,23.99,23.99,23.99,23.99,19.0,4.99,20.8,Stable,0.0,Stable,0.0,2025-03-16,2025-06-30,67,3,0,0,0,0,0,0,4,0,0,0,0
3755,632365123669,KOKO SLUSH PUPPIE D-N-L 12CT,CANDYS,4.0,4,1.0,0.25,13.99,13.99,13.99,13.99,10.26,3.73,26.7,Stable,0.0,Stable,0.0,2025-05-08,2025-09-01,5,4,0,0,0,0,0,4,0,0,0,0,0
3756,737488036671,GRINDER CLICKIT LED 1CT -MG067,NOVELTY ITEMS,4.0,4,1.0,0.08,9.37,10.0,8.50,10.00,7.5,1.87,20.0,Stable,0.0,Stable,3.7,2025-03-14,2025-08-09,28,4,0,0,0,0,2,2,0,0,0,0,0
3757,737488036718,GRINDER CLICKIT 1CT ,NOVELTY ITEMS,4.0,2,2.0,0.17,7.5,7.5,7.50,7.50,6.5,1.0,13.3,Stable,0.0,Stable,0.0,2025-03-26,2025-06-15,83,2,0,0,0,0,2,0,0,0,0,0,0
3758,850031542686,CRESCENT 5MG THC 12OZ 4CT,NOVELTY ITEMS,4.0,3,1.33,0.25,9.17,9.12,9.00,9.25,7.39,1.78,19.4,Up,37.5,Stable,-1.4,2025-05-08,2025-08-05,32,3,0,0,0,0,3,0,0,0,0,0,0
3759,00002,WARNER 5FTCABLE 12CT TC-IPH,CELLUAR ACCESSORIES,4.0,4,1.0,0.17,29.99,29.99,29.99,29.99,22.8,7.19,24.0,Stable,0.0,Stable,0.0,2025-03-18,2025-07-17,50,4,0,0,0,0,0,0,4,0,0,0,0
3760,676979910161,U PLASTIC SPOONS/FORKS 24CT,MISC,4.0,2,2.0,0.33,0.99,0.99,0.99,0.99,0.41,0.58,58.6,Up,100.0,Stable,0.0,2025-08-09,2025-08-17,20,2,2,0,0,0,0,0,0,0,0,0,0
3761,038000356483,NUTRI-GRAIN BAR 16CT APP/CINN,FOOD,4.0,4,1.0,0.17,12.99,12.99,12.99,12.99,10.43,2.56,19.7,Stable,0.0,Stable,0.0,2025-05-09,2025-08-08,28,4,0,0,0,0,0,4,0,0,0,0,0
3762,034000727063,ICE BREAKERS MINT 8CT- PIN MAN,GUMS/CHICLETS,4.0,4,1.33,0.25,16.99,16.99,16.99,16.99,13.6,3.39,20.0,Stable,0.0,Stable,0.0,2025-05-13,2025-09-02,3,3,0,0,0,0,0,4,0,0,0,0,0
3763,00004,WARNER 5FT CABLE 25CT TC-IPH,CELLUAR ACCESSORIES,4.0,4,1.0,0.0,46.99,46.99,46.99,46.99,36.25,10.74,22.9,Stable,0.0,Stable,0.0,2025-04-17,2025-05-14,115,4,0,0,0,0,0,0,4,0,0,0,0
3764,014200338863,BLOW POP 48CT BLACK ICE,CANDYS,4.0,4,1.0,0.25,8.99,8.99,8.99,8.99,7.24,1.75,19.5,Stable,0.0,Stable,0.0,2025-04-19,2025-09-01,5,4,0,0,0,0,4,0,0,0,0,0,0
3765,801822811627,DS AIR FRESHNER F/ VANILLA 1CT,AIR FRESHENER,4.0,1,4.0,0.33,1.19,1.19,1.19,1.19,0.65,0.54,45.4,Stable,0.0,Stable,0.0,2025-06-26,2025-06-26,71,1,0,1,0,0,0,0,0,0,0,0,0
3766,ROUGAT,GLASS AHSTRAY ASSORTED 6CT,NOVELTY ITEMS,4.0,4,1.0,0.17,15.24,15.99,12.00,16.99,8.1,7.14,46.9,Stable,0.0,Up,5.9,2025-03-15,2025-07-10,58,4,0,0,0,0,0,4,0,0,0,0,0
3767,801822811610,DS AIR FRESHNER A/E CINM 1CT,AIR FRESHENER,4.0,1,4.0,0.33,1.19,1.19,1.19,1.19,0.65,0.54,45.4,Stable,0.0,Stable,0.0,2025-06-26,2025-06-26,71,1,0,1,0,0,0,0,0,0,0,0,0
3768,784762072306,ZIG ZAG CIG 3/99 15/3CT GRAPE,CIGARS,4.0,4,1.0,0.08,10.99,10.99,10.99,10.99,7.35,3.64,33.1,Stable,0.0,Stable,0.0,2025-04-02,2025-08-03,34,4,0,0,0,0,0,4,0,0,0,0,0
3769,022000115911,STARBURST MINIS ORG 24CT,CANDYS,4.0,4,1.0,0.25,31.74,32.99,27.99,32.99,26.74,5.0,15.8,Stable,0.0,Stable,4.7,2025-05-14,2025-07-01,67,4,0,0,0,0,0,0,4,0,0,0,0
3770,8942,MYLAR BAGS 3.5G 50CT,NOVELTY ITEMS,4.0,1,4.0,0.0,6.99,6.99,6.99,6.99,4.0,2.99,42.8,Stable,0.0,Stable,0.0,2025-04-16,2025-04-16,143,1,0,0,0,0,1,0,0,0,0,0,0
3771,801822811672,DS DAY2DAY GLASS CLEANER 14OZ,KITCHEN & TOILET,4.0,1,4.0,0.33,0.99,0.99,0.99,0.99,0.65,0.34,34.3,Stable,0.0,Stable,0.0,2025-06-26,2025-06-26,71,1,1,0,0,0,0,0,0,0,0,0,0
3772,073100021947,HUSKY FC NATURAL 5CT,T7 SMOKELESS GA,4.0,1,4.0,0.0,12.99,12.99,12.99,12.99,11.26,1.73,13.3,Stable,0.0,Stable,0.0,2025-03-22,2025-03-22,167,1,0,0,0,0,0,1,0,0,0,0,0
3773,192568961203,KM CRUNCHY CRYSTAL 12CT,CANDYS,4.0,4,1.0,0.25,12.99,12.99,12.99,12.99,9.94,3.05,23.5,Stable,0.0,Stable,0.0,2025-03-26,2025-08-20,16,4,0,0,0,0,0,4,0,0,0,0,0
3774,CANLINER 56,CAN LINER 43X47 56GL,MISC,4.0,2,4.0,0.33,19.99,19.99,19.99,19.99,10.0,9.99,50.0,Stable,0.0,Stable,0.0,2025-07-07,2025-07-07,60,1,0,0,0,0,0,2,0,0,0,0,0
3775,812319010140,GT FTW 2/.79 25CT WATERMELON,BLUNT WRAP,4.0,4,1.0,0.08,10.99,10.99,10.99,10.99,7.75,3.24,29.5,Stable,0.0,Stable,0.0,2025-03-13,2025-08-27,10,4,0,0,0,0,0,4,0,0,0,0,0
3776,852682507694,GINSENG ROYAL JELLY 2KMG 30CT,VITAMINS,4.0,4,1.0,0.17,7.99,7.99,7.99,7.99,5.75,2.24,28.0,Stable,0.0,Stable,0.0,2025-03-25,2025-07-22,46,4,0,0,0,0,4,0,0,0,0,0,0
3777,3574669907880,J&J BABY SHAMPOO 300ML 1CT,COSMETICS & BEAUTY,4.0,3,2.0,0.0,2.19,2.19,2.19,2.19,1.25,0.94,42.9,Stable,0.0,Stable,0.0,2025-04-28,2025-06-06,92,2,0,0,3,0,0,0,0,0,0,0,0
3778,034000318957,KIT KAT FROSTED DONUT KS 24CT,CANDYS,4.0,4,1.33,0.25,40.49,37.33,12.00,49.99,39.69,0.8,2.0,Up,37.5,Down,-21.8,2025-04-28,2025-07-26,41,3,0,0,0,0,0,1,3,0,0,0,0
3779,048014346196,RIP ROLLS 24CT CHERRY,CANDYS,4.0,4,1.0,0.08,22.99,22.99,22.99,22.99,18.72,4.27,18.6,Stable,0.0,Stable,0.0,2025-04-15,2025-07-03,64,4,0,0,0,0,0,0,4,0,0,0,0
3780,818892018795,GT 5/99 QUICKIE SWEET 75CT,CIGAR GA,4.0,4,1.0,0.0,9.99,9.99,9.99,9.99,8.99,1.0,10.0,Stable,0.0,Stable,0.0,2025-03-13,2025-05-20,109,4,0,0,0,0,4,0,0,0,0,0,0
3781,073100011054,SKOAL LC SPEARMINT 5CT,T7 SMOKELESS GA,4.0,2,2.0,0.0,29.39,29.39,28.99,29.79,28.36,1.03,3.5,Stable,0.0,Stable,2.7,2025-04-07,2025-04-23,136,2,0,0,0,0,0,0,2,0,0,0,0
3782,6013359458204,NAIL CLIPPER ,COSMETICS & BEAUTY,4.0,1,4.0,0.33,0.99,0.99,0.99,0.99,0.35,0.64,64.6,Stable,0.0,Stable,0.0,2025-07-31,2025-07-31,37,1,1,0,0,0,0,0,0,0,0,0,0
3783,850015847882,ROYAL KRATOM RAINBOW 300CT 1CT,VITAMINS,4.0,1,4.0,0.33,11.0,11.0,11.00,11.00,9.75,1.25,11.4,Stable,0.0,Stable,0.0,2025-08-11,2025-08-11,25,1,0,0,0,0,0,1,0,0,0,0,0
3784,8684771538973,ANGEL DUBAI CH 10CT MILK CHOC,CANDYS,4.0,4,2.0,0.33,67.0,67.0,67.00,67.00,55.0,12.0,17.9,Down,-100.0,Stable,0.0,2025-08-20,2025-08-26,11,2,0,0,0,0,0,0,0,4,0,0,0
3785,038000359484,NUTRI-GRAIN STRAWBERRY 16CT,FOOD,4.0,4,1.0,0.0,12.99,12.99,12.99,12.99,10.43,2.56,19.7,Stable,0.0,Stable,0.0,2025-04-08,2025-05-21,108,4,0,0,0,0,0,4,0,0,0,0,0
3786,99902,WARNER 10FT CABLE 25CT TYPE C,CELLUAR ACCESSORIES,4.0,4,1.0,0.25,59.99,59.99,59.99,59.99,47.25,12.74,21.2,Stable,0.0,Stable,0.0,2025-03-19,2025-08-20,17,4,0,0,0,0,0,0,0,4,0,0,0
3787,012546006057,TRIDENT 6CT JAR-ORIGINAL,GUMS/CHICLETS,4.0,4,2.0,0.0,21.99,21.99,21.99,21.99,16.8,5.19,23.6,Down,-100.0,Stable,0.0,2025-05-20,2025-05-28,101,2,0,0,0,0,0,0,4,0,0,0,0
3788,038000768408,RICE KRISPIES DOUBLE CHOC 20CT,COOKIES,4.0,4,1.33,0.25,15.99,15.99,15.99,15.99,12.78,3.22,20.1,Stable,0.0,Stable,0.0,2025-05-21,2025-06-22,76,3,0,0,0,0,0,4,0,0,0,0,0
3789,009800053841,TIC TAC 1.7OZ 12CT FRESHMINTS,CANDYS,4.0,4,2.0,0.33,23.99,23.99,23.99,23.99,20.54,3.45,14.4,Up,100.0,Stable,0.0,2025-08-21,2025-09-03,2,2,0,0,0,0,0,0,4,0,0,0,0
3790,099900196883,BABY RUTH KS 18CT,CANDYS,4.0,4,1.0,0.25,35.99,35.99,35.99,35.99,27.0,8.99,25.0,Stable,0.0,Stable,0.0,2025-05-06,2025-09-03,2,4,0,0,0,0,0,0,4,0,0,0,0
3791,61652-1,SCORCH TURBO TORCH LGT 6CT,LIGHTERS,4.0,4,1.33,0.08,52.88,52.5,52.50,54.00,48.0,4.88,9.2,Stable,0.0,Stable,-1.4,2025-03-15,2025-07-07,60,3,0,0,0,0,0,0,0,4,0,0,0
3792,676979862187,U COTTON ROUND BALLS 100CT,COSMETICS & BEAUTY,4.0,1,4.0,0.33,1.19,1.19,1.19,1.19,0.62,0.57,47.9,Stable,0.0,Stable,0.0,2025-08-21,2025-08-21,16,1,0,1,0,0,0,0,0,0,0,0,0
3793,009800057771,TIC TAC 1OZ 12CT WINTERGREEN,CANDYS,4.0,4,1.0,0.08,13.99,13.99,13.99,13.99,11.97,2.02,14.4,Stable,0.0,Stable,0.0,2025-03-19,2025-07-24,44,4,0,0,0,0,0,4,0,0,0,0,0
3794,KR86,KINGSFORD RED 8LB 6CT,HOUSEHOLD GOODS,4.0,4,1.0,0.25,68.99,68.99,68.99,68.99,46.71,22.28,32.3,Stable,0.0,Stable,0.0,2025-05-28,2025-09-04,1,4,0,0,0,0,0,0,0,4,0,0,0
3795,99901,WARNER 10FT CABLE 25CT IPHONE,CELLUAR ACCESSORIES,4.0,4,1.0,0.25,59.99,59.99,59.99,59.99,47.25,12.74,21.2,Stable,0.0,Stable,0.0,2025-03-19,2025-08-20,17,4,0,0,0,0,0,0,0,4,0,0,0
3796,080893010386,LIL ELEC TAPE 0.75 X 10.0YDS 1,HARDWARE,4.0,2,2.0,0.0,1.69,1.69,1.69,1.69,1.06,0.63,37.0,Up,100.0,Stable,0.0,2025-03-18,2025-04-13,146,2,0,2,0,0,0,0,0,0,0,0,0
3797,840045207725,ROGUE 6MG POUCH 5CT ORIGINAL ,NICOTINE POUCHES,4.0,3,2.0,0.0,20.49,20.49,20.49,20.49,19.49,1.0,4.9,Down,-100.0,Stable,0.0,2025-04-06,2025-05-11,118,2,0,0,0,0,0,0,3,0,0,0,0
3798,6291108160794,AL FAKHER 250GM MINT W/CRM,LT-TAX PAID,4.0,2,2.0,0.08,9.99,9.99,9.99,9.99,8.65,1.34,13.4,Down,-100.0,Stable,0.0,2025-04-18,2025-06-26,72,2,0,0,0,0,2,0,0,0,0,0,0
3799,767588350919,WAVING CAT LIGHTER 6CT,LIGHTERS,3.0,3,1.0,0.08,28.67,28.0,28.00,30.00,24.85,3.82,13.3,Stable,0.0,Stable,-3.5,2025-03-26,2025-06-12,85,3,0,0,0,0,0,0,3,0,0,0,0
3800,043152020656,CLORALEN BLEACH LAVENDER 22OZ,CLEANING PRODUCTS,3.0,2,1.5,0.0,3.99,3.99,3.99,3.99,2.11,1.88,47.1,Up,66.7,Stable,0.0,2025-05-07,2025-05-30,98,2,0,0,0,2,0,0,0,0,0,0,0
3801,10792554620069,CARMEX 12CT ORIG BOGO COMBO,COSMETICS & BEAUTY,3.0,3,1.5,0.25,17.99,17.99,17.99,17.99,12.99,5.0,27.8,Down,-66.7,Stable,0.0,2025-08-24,2025-09-02,4,2,0,0,0,0,0,3,0,0,0,0,0
3802,676979826400,SOAP PAD WITH LEMON 14PADS 1CT,CLEANING PRODUCTS,3.0,1,3.0,0.25,1.99,1.99,1.99,1.99,0.97,1.02,51.4,Stable,0.0,Stable,0.0,2025-07-08,2025-07-08,60,1,0,1,0,0,0,0,0,0,0,0,0
3803,686464628204,KM POOPLETS CANDY 12CT,CANDYS,3.0,3,1.0,0.08,12.99,12.99,12.99,12.99,9.94,3.05,23.5,Stable,0.0,Stable,0.0,2025-03-10,2025-08-16,20,3,0,0,0,0,0,3,0,0,0,0,0
3804,034000176250,KIT KAT SUPER KING SIZE 18CT,CANDYS,3.0,3,1.0,0.08,52.99,52.99,52.99,52.99,42.3,10.69,20.2,Stable,0.0,Stable,0.0,2025-05-04,2025-06-24,73,3,0,0,0,0,0,0,0,3,0,0,0
3805,676979856001,FRESHRITE ZIP LOCK 1GAL 15CT,HOUSEHOLD GOODS,3.0,2,1.5,0.25,0.64,0.64,0.00,1.29,0.57,0.08,11.6,Down,-66.7,Down,-200.0,2025-08-20,2025-09-01,5,2,1,1,0,0,0,0,0,0,0,0,0
3806,7467345280574,NATURSE HAND WASH 300ML 1CT,CLEANING PRODUCTS,3.0,1,3.0,0.25,1.49,1.49,1.49,1.49,0.78,0.71,47.7,Stable,0.0,Stable,0.0,2025-08-07,2025-08-07,29,1,0,1,0,0,0,0,0,0,0,0,0
3807,071610340183,DM 3PK 20/3CT RUSSIAN CREAM,CIGARS,3.0,3,1.0,0.17,42.22,42.49,41.69,42.49,29.62,12.6,29.8,Stable,0.0,Stable,0.9,2025-04-23,2025-06-26,71,3,0,0,0,0,0,0,3,0,0,0,0
3808,749732033534,ALUMINIUM FOIL STERLING   1CT,KITCHEN & TOILET,3.0,1,3.0,0.25,1.19,1.19,1.19,1.19,0.85,0.34,28.6,Stable,0.0,Stable,0.0,2025-08-23,2025-08-23,13,1,0,1,0,0,0,0,0,0,0,0,0
3809,676979856025,FRESHRITE ZIPPER FREEZER 12CT,HOUSEHOLD GOODS,3.0,1,3.0,0.25,0.99,0.99,0.99,0.99,0.45,0.54,54.5,Stable,0.0,Stable,0.0,2025-08-20,2025-08-20,17,1,1,0,0,0,0,0,0,0,0,0,0
3810,031700009314,WO 2/1.49 BLUNT GRAPE 20CT,CIGARS,3.0,3,1.0,0.08,22.99,22.99,22.99,22.99,17.6,5.39,23.4,Stable,0.0,Stable,0.0,2025-03-13,2025-07-07,60,3,0,0,0,0,0,0,3,0,0,0,0
3811,012300840132,DORAL RED BOX 10CT,CIGARETTE,3.0,3,1.0,0.0,102.09,102.09,101.19,103.89,98.78,3.31,3.2,Stable,0.0,Stable,1.3,2025-04-17,2025-05-07,122,3,0,0,0,0,0,0,0,0,3,0,0
3812,012300707138,CAMEL WIDES FILTERS 10CT,CIGARETTE,3.0,2,3.0,0.0,96.79,96.79,96.79,96.79,87.65,9.14,9.4,Stable,0.0,Stable,0.0,2025-05-27,2025-05-30,99,1,0,0,0,0,0,0,0,2,0,0,0
3813,016000228566,BUGLES CHIPS SALT & VINEGAR3OZ,FOOD,3.0,1,3.0,0.25,2.39,2.39,2.39,2.39,1.91,0.48,19.9,Stable,0.0,Stable,0.0,2025-09-01,2025-09-01,4,1,0,0,1,0,0,0,0,0,0,0,0
3814,676979555904,MENS 3 BLADES RAZOR 6PK 1CT,HOUSEHOLD GOODS,3.0,1,3.0,0.25,1.99,1.99,1.99,1.99,0.88,1.11,55.8,Stable,0.0,Stable,0.0,2025-09-05,2025-09-05,1,1,0,1,0,0,0,0,0,0,0,0,0
3815,30813805000387,EFRUTTI GUMMI SLIDER 24CT ,CANDYS,3.0,3,1.0,0.17,19.99,19.99,19.99,19.99,15.8,4.19,21.0,Stable,0.0,Stable,0.0,2025-05-24,2025-08-22,14,3,0,0,0,0,0,3,0,0,0,0,0
3816,191554461031,IDEAL HOME SAFETY PIN 100CT,HOUSEHOLD GOODS,3.0,2,1.5,0.0,1.59,1.59,1.59,1.59,0.8,0.79,49.7,Up,66.7,Stable,0.0,2025-04-18,2025-04-22,136,2,0,2,0,0,0,0,0,0,0,0,0
3817,090500100331,WINST BLACK BOLD 100 BOX 10CT,CIGARETTE,3.0,2,3.0,0.25,83.79,83.79,83.79,83.79,71.92,11.87,14.2,Stable,0.0,Stable,0.0,2025-08-04,2025-08-05,31,1,0,0,0,0,0,0,0,2,0,0,0
3818,192568903203,KM MAD SCIENCE MINI CHEW 12CT,CANDYS,3.0,3,1.0,0.08,12.99,12.99,12.99,12.99,10.93,2.06,15.9,Stable,0.0,Stable,0.0,2025-04-01,2025-06-15,83,3,0,0,0,0,0,3,0,0,0,0,0
3819,031700239506,"WO 2/1.19 30/2CT RED, WHT& BRY",CIGARS,3.0,3,3.0,0.25,25.99,25.99,25.99,25.99,19.88,6.11,23.5,Stable,0.0,Stable,0.0,2025-09-04,2025-09-05,1,1,0,0,0,0,0,0,3,0,0,0,0
3820,033300611072,NAVY SWEET DRY SNUFF 12CT,T7 SMOKELESS GA,3.0,2,1.5,0.25,158.49,158.49,144.99,171.99,149.54,8.96,5.7,Up,66.7,Up,17.0,2025-07-21,2025-08-18,19,2,0,0,0,0,0,0,0,0,2,0,0
3821,784762080318,ZIG ZAG LEAF 2/1.29 15CT RUS C,CIGARS,3.0,2,1.5,0.25,13.99,13.99,13.99,13.99,10.2,3.79,27.1,Down,-66.7,Stable,0.0,2025-06-10,2025-07-28,39,2,0,0,0,0,0,2,0,0,0,0,0
3822,CAN LINER 40X46,CAN LINER 40X46  BX,SHOPPING BAGS,3.0,1,3.0,0.0,19.99,19.99,19.99,19.99,10.0,9.99,50.0,Stable,0.0,Stable,0.0,2025-04-10,2025-04-10,149,1,0,0,0,0,0,1,0,0,0,0,0
3823,012300345101,CAMEL SNUS 5CT WINTER CHILL,T7 SMOKELESS GA,3.0,3,1.0,0.17,33.16,33.24,32.99,33.49,29.97,3.19,9.6,Stable,0.0,Stable,0.8,2025-04-29,2025-08-31,5,3,0,0,0,0,0,0,3,0,0,0,0
3824,058847950002,SOAP SCUM REMOVER 32OZ,CLEANING PRODUCTS,3.0,1,3.0,0.0,1.59,1.59,1.59,1.59,0.84,0.75,47.2,Stable,0.0,Stable,0.0,2025-04-23,2025-04-23,135,1,0,1,0,0,0,0,0,0,0,0,0
3825,082824222080,FLYING M 6GM THCP DISP 5CT,ELECTRONIC CIG,3.0,1,3.0,0.0,74.0,74.0,74.00,74.00,68.17,5.83,7.9,Stable,0.0,Stable,0.0,2025-04-27,2025-04-27,131,1,0,0,0,0,0,0,0,1,0,0,0
3826,048155905153,MULTI SURFACE FLOOR CLEANER 16,CLEANING PRODUCTS,3.0,1,3.0,0.0,2.49,2.49,2.49,2.49,1.02,1.47,59.0,Stable,0.0,Stable,0.0,2025-05-15,2025-05-15,114,1,0,0,1,0,0,0,0,0,0,0,0
3827,676979910925,OVEN CLEANER 13 OZ 1 CT,CLEANING PRODUCTS,3.0,1,3.0,0.0,1.99,1.99,1.99,1.99,0.91,1.08,54.3,Stable,0.0,Stable,0.0,2025-06-05,2025-06-05,93,1,0,1,0,0,0,0,0,0,0,0,0
3828,707588830011,GREENADE DRIP LGT 19038A 6CT,LIGHTERS,3.0,3,1.0,0.0,29.66,29.66,29.00,29.99,23.99,5.67,19.1,Stable,0.0,Stable,0.0,2025-03-21,2025-05-25,104,3,0,0,0,0,0,0,3,0,0,0,0
3829,850016674852,YARDLEY FACIAL WIPES 25CT,CLEANING PRODUCTS,3.0,1,3.0,0.0,1.49,1.49,1.49,1.49,0.75,0.74,49.7,Stable,0.0,Stable,0.0,2025-03-19,2025-03-19,170,1,0,1,0,0,0,0,0,0,0,0,0
3830,676979854946,HARDY 13GAL TRASH BAGS 60CT,KITCHEN & TOILET,3.0,1,3.0,0.25,6.99,6.99,6.99,6.99,3.8,3.19,45.6,Stable,0.0,Stable,0.0,2025-08-20,2025-08-20,17,1,0,0,0,0,1,0,0,0,0,0,0
3831,307660745310,TUMS ULTRA ASST BERRIES 12CT,MEDICINE,3.0,3,1.0,0.0,11.99,11.99,11.99,11.99,10.99,1.0,8.3,Stable,0.0,Stable,0.0,2025-03-13,2025-04-01,158,3,0,0,0,0,0,3,0,0,0,0,0
3832,762203338266,FLYING H 2.5GM 5CT OCEAN BLND,ECIG - DISP D8,3.0,1,3.0,0.25,32.5,32.5,32.50,32.50,28.75,3.75,11.5,Stable,0.0,Stable,0.0,2025-08-29,2025-08-29,7,1,0,0,0,0,0,0,1,0,0,0,0
3833,040000601678,M & M KS 24CT PUMPKIN PIE,CANDYS,3.0,3,1.5,0.25,45.99,45.99,45.99,45.99,39.0,6.99,15.2,Up,66.7,Stable,0.0,2025-08-28,2025-09-02,3,2,0,0,0,0,0,0,3,0,0,0,0
3834,836272010696,TOP JOB BLEACH LIQUID 64OZ,CLEANING PRODUCTS,3.0,2,1.5,0.0,2.79,2.79,2.79,2.79,1.36,1.43,51.3,Down,-66.7,Stable,0.0,2025-03-20,2025-06-05,93,2,0,0,2,0,0,0,0,0,0,0,0
3835,8684771538737,MISTACHIO DUBAI CH 12CT WHITE,CANDYS,3.0,3,1.5,0.25,57.0,57.0,57.00,57.00,45.0,12.0,21.1,Down,-66.7,Stable,0.0,2025-08-20,2025-08-26,11,2,0,0,0,0,0,0,0,3,0,0,0
3836,2012110071793,TEDDY BEAR ROSE 12CT,NOVELTY ITEMS,3.0,2,1.5,0.25,7.99,7.99,7.99,7.99,5.4,2.59,32.4,Up,66.7,Stable,0.0,2025-07-28,2025-08-13,24,2,0,0,0,0,2,0,0,0,0,0,0
3837,686464317207,KM LLAMA DOO 12CT,CANDYS,3.0,3,1.0,0.0,12.99,12.99,12.99,12.99,9.72,3.27,25.2,Stable,0.0,Stable,0.0,2025-04-03,2025-06-01,96,3,0,0,0,0,0,3,0,0,0,0,0
3838,3574661560489,NEUTROGENA FACIAL WIPES 25CT,CLEANING PRODUCTS,3.0,1,3.0,0.0,1.49,1.49,1.49,1.49,0.99,0.5,33.6,Stable,0.0,Stable,0.0,2025-05-26,2025-05-26,103,1,0,1,0,0,0,0,0,0,0,0,0
3839,4987176258151,GILLETTE PRESTO RAZOR 12CT,COSMETICS & BEAUTY,3.0,1,3.0,0.25,2.99,2.99,2.99,2.99,1.92,1.07,35.8,Stable,0.0,Stable,0.0,2025-09-05,2025-09-05,1,1,0,0,1,0,0,0,0,0,0,0,0
3840,619682996923,RB BLUNTS ROSES 25/2CT BS BERY,BLUNT WRAP,3.0,2,1.5,0.0,13.99,13.99,13.99,13.99,11.0,2.99,21.4,Up,66.7,Stable,0.0,2025-03-13,2025-04-27,131,2,0,0,0,0,0,2,0,0,0,0,0
3841,048155921238,PC STYLING GELS/HOLD 20 OZ,COSMETICS & BEAUTY,3.0,1,3.0,0.25,1.39,1.39,1.39,1.39,0.75,0.64,46.0,Stable,0.0,Stable,0.0,2025-06-16,2025-06-16,82,1,0,1,0,0,0,0,0,0,0,0,0
3842,792215740054,GREAT LAKES MENS RAZOR 4CT,HOUSEHOLD GOODS,3.0,1,3.0,0.0,2.49,2.49,2.49,2.49,0.85,1.64,65.9,Stable,0.0,Stable,0.0,2025-04-10,2025-04-10,149,1,0,0,1,0,0,0,0,0,0,0,0
3843,840170608848,VELO PLUS 3MG 5CT - WILD BERRY,NICOTINE POUCHES,3.0,2,1.5,0.25,21.49,21.49,21.49,21.49,20.68,0.81,3.8,Up,66.7,Stable,0.0,2025-08-26,2025-08-31,5,2,0,0,0,0,0,0,2,0,0,0,0
3844,025900240905,SS MINI 3PK 15/3CT STICKY SWT,CIGARS,3.0,3,1.0,0.25,21.26,21.26,19.99,23.79,13.5,7.76,36.5,Stable,0.0,Up,8.9,2025-06-17,2025-08-26,11,3,0,0,0,0,0,2,1,0,0,0,0
3845,814057001213,SHIELD BLUE KING BOX  10CT,CIGARETTE,3.0,3,1.0,0.17,42.79,42.79,42.79,42.79,35.4,7.39,17.3,Stable,0.0,Stable,0.0,2025-04-11,2025-07-23,45,3,0,0,0,0,0,0,3,0,0,0,0
3846,010228121821,KILL ZONE INSECT/ANT/ROACH 1CT,HOUSEHOLD GOODS,3.0,1,3.0,0.25,2.19,2.19,2.19,2.19,1.14,1.05,47.9,Stable,0.0,Stable,0.0,2025-08-24,2025-08-24,13,1,0,0,1,0,0,0,0,0,0,0,0
3847,676979902111,U BATHROOM CLEANER 12OZ,CLEANING PRODUCTS,3.0,1,3.0,0.25,1.69,1.69,1.69,1.69,0.76,0.93,55.1,Stable,0.0,Stable,0.0,2025-07-28,2025-07-28,40,1,0,1,0,0,0,0,0,0,0,0,0
3848,072790000119,MAGIC SHAVING PWDR GOLD4.5OZ,COSMETICS & BEAUTY,3.0,2,1.5,0.0,2.99,2.99,2.99,2.99,1.95,1.04,34.8,Up,66.7,Stable,0.0,2025-04-03,2025-05-27,102,2,0,0,2,0,0,0,0,0,0,0,0
3849,801822200353,CAP BASEBALL ASST COLOR 1CT,HOUSEHOLD GOODS,3.0,1,3.0,0.0,1.99,1.99,1.99,1.99,0.55,1.44,72.4,Stable,0.0,Stable,0.0,2025-04-06,2025-04-06,152,1,0,1,0,0,0,0,0,0,0,0,0
3850,816559010779,RAVE MEGA HAIR SPRAY 11OZ 1CT,COSMETICS & BEAUTY,3.0,1,3.0,0.0,2.69,2.69,2.69,2.69,1.82,0.86,32.2,Stable,0.0,Stable,0.0,2025-05-30,2025-05-30,99,1,0,0,1,0,0,0,0,0,0,0,0
3851,010700061478,HEATH MILK CHOCOLATE 1.4OZ 18C,CANDYS,3.0,3,1.0,0.08,20.82,21.99,18.49,21.99,16.69,4.13,19.8,Stable,0.0,Up,8.4,2025-03-18,2025-07-31,37,3,0,0,0,0,0,1,2,0,0,0,0
3852,031700238325,GAME LEAF 8/5CT - PINEAPPLE,CIGARS,3.0,3,1.0,0.0,23.99,23.99,23.99,23.99,17.6,6.39,26.6,Stable,0.0,Stable,0.0,2025-04-24,2025-05-16,112,3,0,0,0,0,0,0,3,0,0,0,0
3853,599168602510,TECHNO MOTORCYCLE CHOPR 20CT,LIGHTERS,3.0,3,1.0,0.0,46.33,46.33,45.00,48.00,39.99,6.34,13.7,Stable,0.0,Stable,-1.1,2025-03-31,2025-04-27,132,3,0,0,0,0,0,0,3,0,0,0,0
3854,051497315603,BLAZY SUSAN 98MM 50CT PURPLE,CIG ROLLING PAPER,3.0,2,1.5,0.0,10.99,10.99,10.99,10.99,7.47,3.52,32.0,Up,66.7,Stable,0.0,2025-03-22,2025-04-18,141,2,0,0,0,0,0,2,0,0,0,0,0
3855,070330639355,LGT BIC 50CT TRAY FASHION HER,LIGHTERS,3.0,1,3.0,0.25,65.99,65.99,65.99,65.99,54.0,11.99,18.2,Stable,0.0,Stable,0.0,2025-06-27,2025-06-27,70,1,0,0,0,0,0,0,0,1,0,0,0
3856,00819500024689,FUTUROLA TYSON CONE ROLLER 1CT,CIG ROLLING PAPER,3.0,1,3.0,0.25,16.99,16.99,16.99,16.99,13.0,3.99,23.5,Stable,0.0,Stable,0.0,2025-08-07,2025-08-07,29,1,0,0,0,0,0,1,0,0,0,0,0
3857,801822506806,TIRE REPAIR KIT 1CT,HARDWARE,3.0,1,3.0,0.25,1.29,1.29,1.29,1.29,0.69,0.6,46.5,Stable,0.0,Stable,0.0,2025-06-19,2025-06-19,78,1,0,1,0,0,0,0,0,0,0,0,0
3858,042220190338,EARTH KRATOM CAPSULES 1000CT,CBD/HEMP,3.0,2,1.5,0.08,41.5,41.0,41.00,41.99,38.0,3.49,8.4,Down,-66.7,Stable,-2.4,2025-04-06,2025-08-11,25,2,0,0,0,0,0,0,2,0,0,0,0
3859,024300862618,LITTLE DEBBIE OAT CRM PIE 6CT,FOOD,3.0,3,1.0,0.0,8.49,8.49,8.49,8.49,6.94,1.55,18.3,Stable,0.0,Stable,0.0,2025-05-17,2025-05-31,97,3,0,0,0,0,3,0,0,0,0,0,0
3860,024300839863,LITTLE DEBBIE CHOC BROWNIE 6CT,FOOD,3.0,3,1.5,0.25,5.66,5.66,0.00,8.49,6.94,-1.28,-22.6,Down,-66.7,Up,66.7,2025-06-11,2025-06-16,82,2,1,0,0,0,2,0,0,0,0,0,0
3861,10853195000235,EAGLE PT132MOK PEN TORCH 12CT,NOVELTY ITEMS,3.0,3,1.0,0.17,39.99,39.99,39.99,39.99,31.8,8.19,20.5,Stable,0.0,Stable,0.0,2025-05-24,2025-08-07,30,3,0,0,0,0,0,0,3,0,0,0,0
3862,038000357480,NUTRI-GRAIN BLUEBERRY 16CT,FOOD,3.0,3,1.0,0.0,12.99,12.99,12.99,12.99,10.43,2.56,19.7,Stable,0.0,Stable,0.0,2025-04-08,2025-05-21,108,3,0,0,0,0,0,3,0,0,0,0,0
3863,KB86,KINGSFORD BLUE 8LB 6CT,HOUSEHOLD GOODS,3.0,3,1.0,0.08,54.99,54.99,54.99,54.99,40.76,14.23,25.9,Stable,0.0,Stable,0.0,2025-05-17,2025-07-21,46,3,0,0,0,0,0,0,0,3,0,0,0
3864,071720305089,TOOTSIE POP ASSORTED 100CT,CANDYS,3.0,3,1.0,0.17,19.99,19.99,19.99,19.99,15.69,4.3,21.5,Stable,0.0,Stable,0.0,2025-06-03,2025-07-06,61,3,0,0,0,0,0,3,0,0,0,0,0
3865,20811020000079,RED DAWN CAPSULS 12/4CT,VITAMINS,3.0,2,1.5,0.0,37.0,37.0,36.00,38.00,36.0,1.0,2.7,Up,66.7,Down,-5.4,2025-05-12,2025-06-01,97,2,0,0,0,0,0,0,2,0,0,0,0
3866,017911330539,PINE CLEAN 33 OZ 1 CT,CLEANING PRODUCTS,3.0,1,3.0,0.25,1.69,1.69,1.69,1.69,0.69,1.0,59.3,Stable,0.0,Stable,0.0,2025-07-28,2025-07-28,40,1,0,1,0,0,0,0,0,0,0,0,0
3867,713310634499,NOVA 7 HYDROXY SHOTS 12CT,KRATOM,3.0,3,1.0,0.17,102.0,102.0,102.00,102.00,96.0,6.0,5.9,Stable,0.0,Stable,0.0,2025-03-17,2025-06-30,67,3,0,0,0,0,0,0,0,0,3,0,0
3868,073390023324,AIR HEADS 18CT ASSORTED 5PK,CANDYS,3.0,3,1.5,0.0,21.99,21.99,21.99,21.99,18.34,3.65,16.6,Down,-66.7,Stable,0.0,2025-03-14,2025-03-16,173,2,0,0,0,0,0,0,3,0,0,0,0
3869,042100010480,GRIZZLY WIDECUT WINTERGRN 5CT,T7 SMOKELESS GA,3.0,2,1.5,0.08,25.39,26.09,24.69,26.09,23.77,1.62,6.4,Down,-66.7,Up,5.5,2025-03-13,2025-09-05,1,2,0,0,0,0,0,0,2,0,0,0,0
3870,CHEVATF,CHEVRON ATF TRANS 12CT,AUTOMOTIVE,3.0,1,3.0,0.0,49.99,49.99,49.99,49.99,28.98,21.01,42.0,Stable,0.0,Stable,0.0,2025-03-22,2025-03-22,167,1,0,0,0,0,0,0,1,0,0,0,0
3871,034000721238,ICE BREAKER MINT 8CT SPEARMINT,GUMS/CHICLETS,3.0,3,1.0,0.17,16.99,16.99,16.99,16.99,13.6,3.39,20.0,Stable,0.0,Stable,0.0,2025-05-06,2025-09-01,4,3,0,0,0,0,0,3,0,0,0,0,0
3872,8710908472312,DOVE SOAP BAR 100/135G  2CT,COSMETICS & BEAUTY,3.0,1,3.0,0.0,1.95,1.95,1.95,1.95,0.92,1.03,53.1,Stable,0.0,Stable,0.0,2025-03-15,2025-03-15,174,1,0,1,0,0,0,0,0,0,0,0,0
3873,801822607602,FORKS KNIFE & SPOONS 45PCS,HOUSEHOLD GOODS,3.0,1,3.0,0.25,0.99,0.99,0.99,0.99,0.55,0.44,44.4,Stable,0.0,Stable,0.0,2025-06-18,2025-06-18,80,1,1,0,0,0,0,0,0,0,0,0,0
3874,SKU-CTKK-20AX,CELLTEKK JAR AUX CABLE 20CT,CELLUAR ACCESSORIES,3.0,2,1.5,0.17,24.99,24.99,24.99,24.99,19.8,5.19,20.8,Up,66.7,Stable,0.0,2025-04-03,2025-06-27,70,2,0,0,0,0,0,0,2,0,0,0,0
3875,CHEER1,CHEER 1 LOAD,CLEANING PRODUCTS,3.0,1,3.0,0.25,0.79,0.79,0.79,0.79,0.5,0.29,36.7,Stable,0.0,Stable,0.0,2025-06-18,2025-06-18,80,1,1,0,0,0,0,0,0,0,0,0,0
3876,810191230175,KRAVE HYDROXY TABLET 6/50CT,KRATOM,3.0,3,1.0,0.25,78.0,78.0,78.00,78.00,72.0,6.0,7.7,Stable,0.0,Stable,0.0,2025-06-10,2025-07-08,60,3,0,0,0,0,0,0,0,3,0,0,0
3877,011000285083,EAGLE 20 MENTHOL SILVER BOX ,CIGARETTE,3.0,3,1.0,0.17,58.99,59.59,57.79,59.59,53.0,5.99,10.2,Stable,0.0,Stable,1.5,2025-03-12,2025-08-27,9,3,0,0,0,0,0,0,0,3,0,0,0
3878,034000229017,REESES CRUNCHY PEANUT KS 18CT,CANDYS,3.0,3,1.0,0.0,36.99,36.99,36.99,36.99,29.97,7.02,19.0,Stable,0.0,Stable,0.0,2025-03-16,2025-05-06,123,3,0,0,0,0,0,0,3,0,0,0,0
3879,078300070320,STAYFREE MAXI 10 PADS,HOUSEHOLD GOODS,3.0,1,3.0,0.0,2.29,2.29,2.29,2.29,1.75,0.54,23.6,Stable,0.0,Stable,0.0,2025-03-17,2025-03-17,173,1,0,0,1,0,0,0,0,0,0,0,0
3880,632365627778,KOKO 12CT DIPPIN DOT TAFY BITE,CANDYS,3.0,3,1.0,0.17,13.99,13.99,13.99,13.99,10.26,3.73,26.7,Stable,0.0,Stable,0.0,2025-04-04,2025-07-26,41,3,0,0,0,0,0,3,0,0,0,0,0
3881,632365627730,KOKO CANDY HOT POT 12CT,CANDYS,3.0,3,1.0,0.08,16.99,16.99,16.99,16.99,12.42,4.57,26.9,Stable,0.0,Stable,0.0,2025-04-05,2025-07-15,52,3,0,0,0,0,0,3,0,0,0,0,0
3882,022000301406,WRIGLEY 8CT-RESPAWN WTR GUAVA,CANDYS,3.0,3,3.0,0.0,20.99,20.99,20.99,20.99,17.98,3.01,14.3,Stable,0.0,Stable,0.0,2025-04-06,2025-04-12,147,1,0,0,0,0,0,0,3,0,0,0,0
3883,047995856021,AMERICAN SPIRIT GRAY 10CT,CIGARETTE,3.0,3,1.0,0.17,90.89,91.79,89.09,92.69,84.96,5.93,6.5,Stable,0.0,Stable,2.0,2025-04-03,2025-08-27,9,3,0,0,0,0,0,0,0,3,0,0,0
3884,022000301376,WRIGLEY 8CT-RESPAWN BLACK VAN,CANDYS,3.0,3,3.0,0.0,20.99,20.99,20.99,20.99,17.98,3.01,14.3,Stable,0.0,Stable,0.0,2025-04-06,2025-04-12,147,1,0,0,0,0,0,0,3,0,0,0,0
3885,022000285492,WR 5 10CT - RESPAWN COOL MINT,GUMS/CHICLETS,3.0,3,1.5,0.0,24.26,24.26,20.80,25.99,22.48,1.78,7.3,Down,-66.7,Down,-22.2,2025-04-06,2025-04-30,128,2,0,0,0,0,0,0,3,0,0,0,0
3886,PC12US2,PLAYING CARDS NAIPES 12CT,PLAYING CARDS,3.0,2,1.5,0.17,6.99,6.99,6.99,6.99,5.49,1.5,21.5,Up,66.7,Stable,0.0,2025-03-18,2025-07-08,60,2,0,0,0,0,2,0,0,0,0,0,0
3887,011000293101,EAGLE 20 MENTHOL GOLD 100 BOX ,CIGARETTE,3.0,2,3.0,0.0,57.79,57.79,57.79,57.79,54.85,2.94,5.1,Stable,0.0,Stable,0.0,2025-03-12,2025-03-14,176,1,0,0,0,0,0,0,0,2,0,0,0
3888,011000294108,EAGLE 20 MENTHOL SILVER 100 BX,CIGARETTE,3.0,3,1.0,0.08,58.39,59.59,57.79,59.59,54.23,4.16,7.1,Stable,0.0,Stable,1.5,2025-03-12,2025-08-20,16,3,0,0,0,0,0,0,0,3,0,0,0
3889,719499005235,HIGH HEMP ORG ROLL PAPER K/S,CIG ROLLING PAPER,3.0,3,1.0,0.17,17.99,17.99,17.99,17.99,12.0,5.99,33.3,Stable,0.0,Stable,0.0,2025-04-28,2025-07-27,41,3,0,0,0,0,0,3,0,0,0,0,0
3890,10857545012015,BOB M CONES ORG 1 1/4 33/6PK,CIG ROLLING PAPER,3.0,3,1.0,0.17,34.99,34.99,34.99,34.99,34.99,0.0,0.0,Stable,0.0,Stable,0.0,2025-04-22,2025-07-02,66,3,0,0,0,0,0,0,3,0,0,0,0
3891,040000144519,STARBURST ORIGINAL KS 24CT,CANDYS,3.0,3,1.0,0.0,49.99,49.99,49.99,49.99,44.2,5.79,11.6,Stable,0.0,Stable,0.0,2025-04-08,2025-05-27,101,3,0,0,0,0,0,0,3,0,0,0,0
3892,858692144,ROCKET HOOKAH TIPS LONG 10CT,NOVELTY ITEMS,3.0,1,3.0,0.0,1.49,1.49,1.49,1.49,0.48,1.01,67.8,Stable,0.0,Stable,0.0,2025-03-26,2025-03-26,163,1,0,1,0,0,0,0,0,0,0,0,0
3893,040835640682,UP LEEF GRABBA WRAP 24/2CT,LT-TAX PAID,3.0,3,1.0,0.08,29.99,29.99,29.99,29.99,18.0,11.99,40.0,Stable,0.0,Stable,0.0,2025-03-19,2025-08-05,31,3,0,0,0,0,0,0,3,0,0,0,0
3894,8748630049076,EZ SPLITZ CIGAR CUTTER 60CT ,NOVELTY ITEMS,3.0,3,1.5,0.08,24.99,24.99,24.99,24.99,18.0,6.99,28.0,Down,-66.7,Stable,0.0,2025-03-27,2025-06-25,73,2,0,0,0,0,0,0,3,0,0,0,0
3895,031700236260,GAME LEAF 8/5CT - MANGO,CIGARS,3.0,2,1.5,0.17,23.99,23.99,23.99,23.99,17.6,6.39,26.6,Up,66.7,Stable,0.0,2025-04-03,2025-06-18,80,2,0,0,0,0,0,0,2,0,0,0,0
3896,790429100091,VALUED NAT BANANA CHIPS 5.5OZ ,CANDYS,3.0,1,3.0,0.0,1.49,1.49,1.49,1.49,1.13,0.36,24.2,Stable,0.0,Stable,0.0,2025-04-12,2025-04-12,147,1,0,1,0,0,0,0,0,0,0,0,0
3897,073100011283,RED SEAL LC STRAIGHT 5CT,T7 SMOKELESS GA,3.0,1,3.0,0.0,23.29,23.29,23.29,23.29,22.15,1.14,4.9,Stable,0.0,Stable,0.0,2025-03-22,2025-03-22,167,1,0,0,0,0,0,0,1,0,0,0,0
3898,300450409201,MOTRIN LIQUID GEL 20CT,MEDICINE,3.0,1,3.0,0.25,5.99,5.99,5.99,5.99,4.95,1.04,17.4,Stable,0.0,Stable,0.0,2025-08-31,2025-08-31,5,1,0,0,0,0,1,0,0,0,0,0,0
3899,6291108164730,AL FAKHER 10 X 50GM GRAPE BERY,LT-TAX PAID,3.0,2,1.5,0.08,17.24,17.99,16.49,17.99,15.75,1.49,8.6,Down,-66.7,Up,8.7,2025-03-28,2025-07-15,52,2,0,0,0,0,0,2,0,0,0,0,0
3900,887969011816,ZONE 6MM 5CT CITRUS,NICOTINE POUCHES,3.0,2,1.5,0.25,18.99,18.99,18.99,18.99,17.5,1.49,7.8,Down,-66.7,Stable,0.0,2025-06-26,2025-08-11,25,2,0,0,0,0,0,2,0,0,0,0,0
3901,FT16,FULL THROTTLE 16OZ 24CT,DRINKS,3.0,3,1.5,0.08,41.49,40.5,40.50,41.99,38.69,2.8,6.8,Down,-66.7,Stable,-3.6,2025-04-03,2025-08-30,7,2,0,0,0,0,0,0,3,0,0,0,0
3902,842426185400,GT LEAF WRAP 2/1.79 25CT SWEET,BLUNT WRAP,3.0,3,1.0,0.25,25.99,25.99,25.99,25.99,22.99,3.0,11.5,Stable,0.0,Stable,0.0,2025-07-17,2025-08-26,11,3,0,0,0,0,0,0,3,0,0,0,0
3903,H18,SILICONE NECTOR COLLECTOR H18,NOVELTY ITEMS,3.0,2,1.5,0.0,4.88,4.88,4.75,5.00,3.75,1.12,23.1,Up,66.7,Down,-5.1,2025-03-13,2025-03-26,164,2,0,0,0,1,1,0,0,0,0,0,0
3904,817127024761,HEMP ZONE 5/$1 15CT WET DREAMS,BLUNT WRAP,3.0,2,1.5,0.17,0.0,0.0,0.00,0.00,8.5,-8.5,0.0,Up,66.7,Stable,0.0,2025-04-06,2025-06-08,89,2,2,0,0,0,0,0,0,0,0,0,0
3905,037695171753,CAKEBITES FROSTED COFFEE 12CT,FOOD,3.0,3,1.5,0.0,19.99,19.99,19.99,19.99,15.02,4.97,24.9,Up,66.7,Stable,0.0,2025-04-24,2025-04-30,128,2,0,0,0,0,0,3,0,0,0,0,0
3906,850046584312,SCALE D-TEK DTMICRO650 650x.1G,NOVELTY ITEMS,3.0,1,3.0,0.0,2.49,2.49,2.49,2.49,1.89,0.6,24.1,Stable,0.0,Stable,0.0,2025-04-24,2025-04-24,134,1,0,0,1,0,0,0,0,0,0,0,0
3907,849205019475,VUSE GOLDEN TOBACCO 2.4% 5/2CT,ECIG - PODS,3.0,3,1.0,0.17,66.99,66.99,66.99,66.99,60.27,6.72,10.0,Stable,0.0,Stable,0.0,2025-04-02,2025-08-03,33,3,0,0,0,0,0,0,0,3,0,0,0
3908,7509546051314,CAPRICE HAIR MOUSSE 250 GM,COSMETICS & BEAUTY,3.0,1,3.0,0.25,2.39,2.39,2.39,2.39,1.65,0.74,31.0,Stable,0.0,Stable,0.0,2025-07-31,2025-07-31,37,1,0,0,1,0,0,0,0,0,0,0,0
3909,074157033105,THE WORKS TOILET CLNR 320Z,CLEANING PRODUCTS,3.0,2,1.5,0.08,4.99,4.99,4.99,4.99,3.2,1.79,35.9,Down,-66.7,Stable,0.0,2025-05-07,2025-07-02,66,2,0,0,0,2,0,0,0,0,0,0,0
3910,722429400574,AWESOME DEGREASER CLNR 40OZ,CLEANING PRODUCTS,3.0,1,3.0,0.25,2.99,2.99,2.99,2.99,1.21,1.78,59.5,Stable,0.0,Stable,0.0,2025-06-23,2025-06-23,75,1,0,0,1,0,0,0,0,0,0,0,0
3911,058847950606,FIRSTFORCE CARPET CLNR 32OZ,CLEANING PRODUCTS,3.0,1,3.0,0.0,2.49,2.49,2.49,2.49,0.84,1.65,66.3,Stable,0.0,Stable,0.0,2025-04-23,2025-04-23,135,1,0,0,1,0,0,0,0,0,0,0,0
3912,HX004XC,SHREDDER 40MM GRINDER HX004XC,NOVELTY ITEMS,3.0,1,3.0,0.0,4.25,4.25,4.25,4.25,3.25,1.0,23.5,Stable,0.0,Stable,0.0,2025-03-13,2025-03-13,177,1,0,0,0,1,0,0,0,0,0,0,0
3913,656464138164,FLYERS THC COCKTAIL 12OZ 4CT,NOVELTY ITEMS,3.0,1,3.0,0.0,17.0,17.0,17.00,17.00,12.99,4.01,23.6,Stable,0.0,Stable,0.0,2025-03-13,2025-03-13,176,1,0,0,0,0,0,1,0,0,0,0,0
3914,022000298713,SKITTLES KS SOUR GUMMIES 15CT,CANDYS,3.0,3,1.0,0.0,30.99,30.99,30.99,30.99,25.3,5.69,18.4,Stable,0.0,Stable,0.0,2025-04-18,2025-05-04,124,3,0,0,0,0,0,0,3,0,0,0,0
3915,6291108160633,AL FAKHER 250GM ORANGE W/MINT,LT-TAX PAID,3.0,1,3.0,0.0,9.99,9.99,9.99,9.99,8.65,1.34,13.4,Stable,0.0,Stable,0.0,2025-05-09,2025-05-09,120,1,0,0,0,0,1,0,0,0,0,0,0
3916,LBUSA,LAB D CUSTOM CLOTH DOLL 6CT,MISC,3.0,2,1.5,0.25,116.5,116.5,115.00,118.00,100.0,16.5,14.2,Down,-66.7,Stable,-2.6,2025-07-14,2025-07-21,46,2,0,0,0,0,0,0,0,0,2,0,0
3917,073135008166,2 CYCLE ITASCA 8OZ 1CT,AUTOMOTIVE,3.0,1,3.0,0.0,1.49,1.49,1.49,1.49,1.08,0.41,27.5,Stable,0.0,Stable,0.0,2025-05-05,2025-05-05,124,1,0,1,0,0,0,0,0,0,0,0,0
3918,LBH60,LAB D SPINNING HEAD KC 60CT,MISC,3.0,3,3.0,0.25,160.0,160.0,150.00,179.99,120.0,40.0,25.0,Stable,0.0,Stable,0.0,2025-07-21,2025-07-24,43,1,0,0,0,0,0,0,0,0,3,0,0
3919,037000510420,TIDE ULTRA 4 LOAD 1CT,CLEANING PRODUCTS,3.0,1,3.0,0.25,2.49,2.49,2.49,2.49,2.0,0.49,19.7,Stable,0.0,Stable,0.0,2025-07-28,2025-07-28,40,1,0,0,1,0,0,0,0,0,0,0,0
3920,038000299322,POP TARTS 6CT BROWINE CRUNCH ,COOKIES,3.0,3,1.0,0.17,11.49,11.49,11.49,11.49,8.95,2.54,22.1,Stable,0.0,Stable,0.0,2025-03-14,2025-07-26,41,3,0,0,0,0,0,3,0,0,0,0,0
3921,801822607817,FORKS SPOON &KNIFE 18PCS,HOUSEHOLD GOODS,3.0,1,3.0,0.0,0.99,0.99,0.99,0.99,0.45,0.54,54.5,Stable,0.0,Stable,0.0,2025-03-24,2025-03-24,166,1,1,0,0,0,0,0,0,0,0,0,0
3922,070330664517,LGT BIC 50CT TRAY INDULGEMENT,LIGHTERS,3.0,3,1.0,0.08,61.99,65.99,59.99,65.99,47.5,14.49,23.4,Stable,0.0,Stable,4.8,2025-03-11,2025-08-12,24,3,0,0,0,0,0,0,0,3,0,0,0
3923,077170771795,JOB GOLD 1.0 PAPER 24CT,CIG ROLLING PAPER,3.0,3,1.0,0.17,40.99,40.99,40.99,40.99,35.95,5.04,12.3,Stable,0.0,Stable,0.0,2025-05-07,2025-07-01,67,3,0,0,0,0,0,0,3,0,0,0,0
3924,023604213164,TWANG SALT 10CT PICKLE PUNCH,FOOD,3.0,3,1.0,0.17,11.99,11.99,11.99,11.99,9.55,2.44,20.4,Stable,0.0,Stable,0.0,2025-04-16,2025-08-11,26,3,0,0,0,0,0,3,0,0,0,0,0
3925,722429320537,AWESOME CLEANER W/BLEACH 32OZ,CLEANING PRODUCTS,3.0,1,3.0,0.0,2.29,2.29,2.29,2.29,1.2,1.09,47.6,Stable,0.0,Stable,0.0,2025-05-01,2025-05-01,128,1,0,0,1,0,0,0,0,0,0,0,0
3926,768537986852,PUSH MOUNT TIE 50PC,NOVELTY ITEMS,3.0,3,1.0,0.17,0.59,0.59,0.59,0.59,0.38,0.21,35.6,Stable,0.0,Stable,0.0,2025-04-27,2025-07-22,46,3,3,0,0,0,0,0,0,0,0,0,0
3927,072084057454,FRUNAS L 48CT PEACH,CANDYS,3.0,2,1.5,0.25,5.49,5.49,5.49,5.49,4.39,1.1,20.0,Up,66.7,Stable,0.0,2025-07-13,2025-08-31,5,2,0,0,0,0,2,0,0,0,0,0,0
3928,713310634512,KRATO 7 HYDROXY SHOT 12CT,NOVELTY ITEMS,3.0,3,1.0,0.25,109.0,109.0,107.00,110.00,96.0,13.0,11.9,Stable,0.0,Stable,0.0,2025-07-09,2025-08-19,18,3,0,0,0,0,0,0,0,0,3,0,0
3929,717519001045,AL CAPONE TOWER 60/2CT SLM RUM,LIT CIGARS 003251,3.0,3,1.0,0.25,69.99,69.99,69.99,69.99,64.99,5.0,7.1,Stable,0.0,Stable,0.0,2025-06-16,2025-08-06,30,3,0,0,0,0,0,0,0,3,0,0,0
3930,705333587982,MAX TWIST LED SLIM PEN 1CT,NOVELTY ITEMS,3.0,1,3.0,0.25,7.0,7.0,7.00,7.00,5.1,1.9,27.1,Stable,0.0,Stable,0.0,2025-08-21,2025-08-21,16,1,0,0,0,0,1,0,0,0,0,0,0
3931,10857545008759,BILLION WRAPS 25/2CT NATURAL,BLUNT WRAP,3.0,3,1.5,0.08,9.99,9.99,9.99,9.99,8.99,1.0,10.0,Down,-66.7,Stable,0.0,2025-03-18,2025-06-16,82,2,0,0,0,0,3,0,0,0,0,0,0
3932,10857545008742,BILLION WRAPS 25/2CT RUS CREAM,BLUNT WRAP,3.0,3,1.5,0.08,9.99,9.99,9.99,9.99,8.99,1.0,10.0,Down,-66.7,Stable,0.0,2025-03-18,2025-06-16,82,2,0,0,0,0,3,0,0,0,0,0,0
3933,026200002996,SLIM JIM JRKY BITES 3.75OZ 1CT,FOOD,3.0,1,3.0,0.25,5.49,5.49,5.49,5.49,4.24,1.25,22.8,Stable,0.0,Stable,0.0,2025-08-03,2025-08-03,33,1,0,0,0,0,1,0,0,0,0,0,0
3934,801822401033,CORNER BRACES 40102,HARDWARE,3.0,2,3.0,0.0,0.89,0.89,0.89,0.89,0.55,0.34,38.2,Stable,0.0,Stable,0.0,2025-03-15,2025-03-15,174,1,2,0,0,0,0,0,0,0,0,0,0
3935,087393823430,RAVE MENTHOL BOX 10CT,CIGARETTE,3.0,3,1.5,0.0,72.79,72.79,72.79,72.79,63.41,9.38,12.9,Up,66.7,Stable,0.0,2025-03-24,2025-03-30,159,2,0,0,0,0,0,0,0,3,0,0,0
3936,6504256542146,"PIXELLAB LED DISPLAY 52.36""",NOVELTY ITEMS,3.0,3,1.0,0.25,140.0,140.0,135.00,145.00,110.0,30.0,21.4,Stable,0.0,Stable,-1.8,2025-06-25,2025-08-28,8,3,0,0,0,0,0,0,0,0,3,0,0
3937,850015737787,XTRA DISHWASHING LIQUID 24OZ,CLEANING PRODUCTS,3.0,1,3.0,0.25,1.69,1.69,1.69,1.69,0.99,0.7,41.4,Stable,0.0,Stable,0.0,2025-07-05,2025-07-05,62,1,0,1,0,0,0,0,0,0,0,0,0
3938,61435,SCORCH TORCH SMOOTH 6CT,LIGHTERS,3.0,3,1.5,0.25,51.67,51.67,47.00,60.00,42.0,9.67,18.7,Down,-66.7,Down,-13.9,2025-07-06,2025-08-26,10,2,0,0,0,0,0,0,2,1,0,0,0
3939,649964308410,WILD HEMP CONE 1.25 UNBLC 50CT,CIG ROLLING PAPER,3.0,1,3.0,0.25,3.99,3.99,3.99,3.99,2.99,1.0,25.1,Stable,0.0,Stable,0.0,2025-08-15,2025-08-15,22,1,0,0,0,1,0,0,0,0,0,0,0
3940,017911330560,DAILY SHOWER SPRAY CLEANER,CLEANING PRODUCTS,3.0,1,3.0,0.0,1.69,1.69,1.69,1.69,0.69,1.0,59.3,Stable,0.0,Stable,0.0,2025-04-23,2025-04-23,135,1,0,1,0,0,0,0,0,0,0,0,0
3941,768537083452,SHOE LACE ASST 9PC SET,NOVELTY ITEMS,3.0,2,1.5,0.25,0.99,0.99,0.99,0.99,0.69,0.3,30.3,Up,66.7,Stable,0.0,2025-06-25,2025-07-16,52,2,2,0,0,0,0,0,0,0,0,0,0
3942,801822506264,COMBINATION LOCK 40MM,HARDWARE,3.0,2,1.5,0.08,1.0,0.0,0.00,1.99,0.89,0.1,10.6,Down,-66.7,Down,-200.0,2025-03-13,2025-06-08,89,2,1,1,0,0,0,0,0,0,0,0,0
3943,8850006490921,PALMOLIVE BATH SOAP 3CT,COSMETICS & BEAUTY,3.0,2,1.5,0.0,1.69,1.69,1.69,1.69,1.25,0.44,26.0,Down,-66.7,Stable,0.0,2025-05-01,2025-05-11,117,2,0,2,0,0,0,0,0,0,0,0,0
3944,034000702060,ICE BREAKER 6CT WILDBERRY-COOL,GUMS/CHICLETS,3.0,3,1.0,0.08,21.99,21.99,21.99,21.99,18.3,3.69,16.8,Stable,0.0,Stable,0.0,2025-04-06,2025-06-15,82,3,0,0,0,0,0,0,3,0,0,0,0
3945,707466999359,SWAG  WH LEAF NATURAL10PK,LT-TAX PAID,3.0,3,1.0,0.0,22.99,22.99,22.99,22.99,17.5,5.49,23.9,Stable,0.0,Stable,0.0,2025-03-23,2025-04-26,133,3,0,0,0,0,0,0,3,0,0,0,0
3946,099900713189,NESTLE CRUNCH KS 18CT,CANDYS,3.0,3,1.5,0.0,34.99,34.99,34.99,34.99,27.0,7.99,22.8,Down,-66.7,Stable,0.0,2025-04-18,2025-05-05,124,2,0,0,0,0,0,0,3,0,0,0,0
3947,810173280068,BLAZY SUSAN RICE CN 1 1/4 50CT,CIG ROLLING PAPER,3.0,2,1.5,0.25,5.5,5.5,0.00,10.99,8.4,-2.9,-52.9,Down,-66.7,Down,-200.0,2025-08-21,2025-09-01,5,2,1,0,0,0,0,1,0,0,0,0,0
3948,810173280037,BLAZY SUSAN RICE CON KS 21/3CT,CIG ROLLING PAPER,3.0,3,1.0,0.25,27.99,27.99,27.99,27.99,22.58,5.41,19.3,Stable,0.0,Stable,0.0,2025-08-15,2025-08-25,11,3,0,0,0,0,0,0,3,0,0,0,0
3949,009800053629,TIC TAC 1OZ 12CT STRBRY CRM,CANDYS,3.0,3,1.0,0.0,13.99,13.99,13.99,13.99,11.97,2.02,14.4,Stable,0.0,Stable,0.0,2025-04-08,2025-06-05,93,3,0,0,0,0,0,3,0,0,0,0,0
3950,072084057447,FRUNAS L 48CT BLUE RASBERRY,CANDYS,3.0,3,1.0,0.25,5.49,5.49,5.49,5.49,4.39,1.1,20.0,Stable,0.0,Stable,0.0,2025-07-13,2025-08-31,5,3,0,0,0,0,3,0,0,0,0,0,0
3951,8886467010163,AXE FACE & BODY SOAP 100G 4CT,COSMETICS & BEAUTY,3.0,2,1.5,0.08,1.9,3.79,0.00,3.79,1.75,0.15,7.7,Down,-66.7,Up,200.0,2025-05-03,2025-06-27,71,2,1,0,0,1,0,0,0,0,0,0,0
3952,19022,TECHNO BEAR TORCH LGT 12CT,LIGHTERS,3.0,3,1.0,0.25,37.33,37.33,0.00,56.00,49.25,-11.92,-31.9,Stable,0.0,Down,-75.0,2025-06-30,2025-09-01,5,3,1,0,0,0,0,0,0,2,0,0,0
3953,05000394998223,DURACELL 9V 12/1CT,BATTERY,3.0,3,1.0,0.17,38.99,38.99,38.99,38.99,19.08,19.91,51.1,Stable,0.0,Stable,0.0,2025-05-14,2025-06-23,74,3,0,0,0,0,0,0,3,0,0,0,0
3954,10811020000133,RED DAWN BLACK LABEL 12/2OZ,VITAMINS,3.0,2,1.5,0.0,53.0,53.0,52.00,54.00,48.0,5.0,9.4,Down,-66.7,Stable,-3.8,2025-05-14,2025-05-20,108,2,0,0,0,0,0,0,0,2,0,0,0
3955,878848821732,PROTOUCH SUPER GLUE 3G 8CT,HARDWARE,3.0,2,1.5,0.0,0.99,0.99,0.99,0.99,0.5,0.49,49.0,Up,66.7,Stable,0.0,2025-03-24,2025-04-03,155,2,2,0,0,0,0,0,0,0,0,0,0
3956,080878048281,PANTENE SHAMPOO 1.7OZ ,COSMETICS & BEAUTY,3.0,1,3.0,0.25,1.19,1.19,1.19,1.19,0.96,0.23,19.3,Stable,0.0,Stable,0.0,2025-07-09,2025-07-09,59,1,0,1,0,0,0,0,0,0,0,0,0
3957,655708116555,MUCINEX DM BLSTR 12/2CT,MEDICINE,3.0,3,1.0,0.0,21.99,21.99,21.99,21.99,17.96,4.03,18.3,Stable,0.0,Stable,0.0,2025-04-09,2025-04-22,137,3,0,0,0,0,0,0,3,0,0,0,0
3958,073390614379,MENTOS GUM 6CT - STRAWBERRY,GUMS/CHICLETS,3.0,3,1.0,0.25,21.99,21.99,21.99,21.99,19.3,2.69,12.2,Stable,0.0,Stable,0.0,2025-06-10,2025-09-01,4,3,0,0,0,0,0,0,3,0,0,0,0
3959,787692835614,LENNY & LARRY 12CT SNCKDDL,COOKIES,3.0,3,1.0,0.17,22.49,22.49,22.49,22.49,18.63,3.86,17.2,Stable,0.0,Stable,0.0,2025-06-07,2025-07-23,44,3,0,0,0,0,0,0,3,0,0,0,0
3960,676979912530,FRESHRITE DISPOSA GLOVES 100CT,HOUSEHOLD GOODS,3.0,1,3.0,0.25,1.29,1.29,1.29,1.29,0.55,0.74,57.3,Stable,0.0,Stable,0.0,2025-07-12,2025-07-12,55,1,0,1,0,0,0,0,0,0,0,0,0
3961,040000580898,M & M RS 24CT CRUNCHY COOKIE,CANDYS,3.0,3,1.0,0.17,34.99,34.99,34.99,34.99,27.49,7.5,21.4,Stable,0.0,Stable,0.0,2025-04-04,2025-08-07,29,3,0,0,0,0,0,0,3,0,0,0,0
3962,011000104124,PYRAMID ORANGE BOX 10CT,CIGARETTE,3.0,3,1.0,0.25,68.19,68.19,68.19,68.19,65.11,3.08,4.5,Stable,0.0,Stable,0.0,2025-06-16,2025-08-24,12,3,0,0,0,0,0,0,0,3,0,0,0
3963,819721010362,BLUNTVILLE CIG 25CT NATURAL DL,CIGARS,3.0,2,1.5,0.08,23.49,23.49,23.49,23.49,15.75,7.74,33.0,Down,-66.7,Stable,0.0,2025-03-11,2025-06-09,88,2,0,0,0,0,0,0,2,0,0,0,0
3964,810120068756,STIIIZY LEAF 8/5CT SR GRN APL,LT-TAX-COLLECTED,3.0,3,1.0,0.08,39.99,39.99,39.99,39.99,33.0,6.99,17.5,Stable,0.0,Stable,0.0,2025-04-26,2025-08-01,36,3,0,0,0,0,0,0,3,0,0,0,0
3965,112254799361,XTREME KRATOM+KAVA 12ML 15CT,KRATOM,3.0,3,1.0,0.08,72.5,72.5,72.50,72.50,67.5,5.0,6.9,Stable,0.0,Stable,0.0,2025-05-11,2025-07-21,46,3,0,0,0,0,0,0,0,3,0,0,0
3966,071610301962,BACKWOODS 1PK 24/1CT ORIGINAL,CIGARS,3.0,3,1.0,0.08,25.66,25.99,25.49,25.99,18.0,7.66,29.8,Stable,0.0,Stable,1.0,2025-03-12,2025-06-15,83,3,0,0,0,0,0,0,3,0,0,0,0
3967,632365102671,KOKO ICECREAM TWIST LICK 12CT,CANDYS,3.0,3,1.5,0.0,13.32,13.32,12.99,13.99,10.04,3.28,24.6,Down,-66.7,Up,7.4,2025-03-13,2025-04-28,131,2,0,0,0,0,0,3,0,0,0,0,0
3968,796559467240,SLAPWOODS 10/5PK HONEY BERRY,LT-TAX-COLLECTED,3.0,3,3.0,0.0,39.99,39.99,39.99,39.99,35.41,4.58,11.5,Stable,0.0,Stable,0.0,2025-03-10,2025-03-11,179,1,0,0,0,0,0,0,3,0,0,0,0
3969,034000702954,ICE BREAKERS CUBES 6CT- FRUT P,GUMS/CHICLETS,3.0,3,1.5,0.0,21.99,21.99,21.99,21.99,18.3,3.69,16.8,Down,-66.7,Stable,0.0,2025-04-15,2025-05-27,102,2,0,0,0,0,0,0,3,0,0,0,0
3970,041116005923,JUICE DROP POP 24CT,CANDYS,3.0,3,1.0,0.08,47.99,47.99,47.99,47.99,40.56,7.43,15.5,Stable,0.0,Stable,0.0,2025-03-17,2025-07-29,38,3,0,0,0,0,0,0,3,0,0,0,0
3971,081287039754,FIREBIRD HOOKAH LIGHTER 12CT,NOVELTY ITEMS,3.0,2,1.5,0.0,30.49,30.49,27.99,32.99,20.0,10.49,34.4,Down,-66.7,Down,-16.4,2025-05-21,2025-06-01,96,2,0,0,0,0,0,0,2,0,0,0,0
3972,676979100081,U DISH WASHING LIQUID 24OZ,CLEANING PRODUCTS,3.0,1,3.0,0.25,0.99,0.99,0.99,0.99,0.63,0.36,35.9,Stable,0.0,Stable,0.0,2025-07-05,2025-07-05,62,1,1,0,0,0,0,0,0,0,0,0,0
3973,801822331170,NAIL FILE 10PC 4.5'',HOUSEHOLD GOODS,3.0,1,3.0,0.25,0.99,0.99,0.99,0.99,0.45,0.54,54.5,Stable,0.0,Stable,0.0,2025-09-05,2025-09-05,1,1,1,0,0,0,0,0,0,0,0,0,0
3974,849205022208,VUSE GOLDEN TOBACCO 2.4% 5/1CT,ECIG - PODS,3.0,3,1.0,0.08,42.99,42.99,42.99,42.99,40.88,2.11,4.9,Stable,0.0,Stable,0.0,2025-04-02,2025-08-28,9,3,0,0,0,0,0,0,3,0,0,0,0
3975,676979861586,U TOOTHPICKS 3CT,HOUSEHOLD GOODS,3.0,2,1.5,0.08,0.79,0.79,0.79,0.79,0.29,0.5,63.1,Down,-66.7,Stable,0.0,2025-04-18,2025-08-19,17,2,2,0,0,0,0,0,0,0,0,0,0
3976,878848911112,PROTOUCH TAPE 55' 6CT,STATIONARY,3.0,3,1.0,0.0,7.49,7.49,7.49,7.49,2.38,5.11,68.3,Stable,0.0,Stable,0.0,2025-03-18,2025-04-20,138,3,0,0,0,0,3,0,0,0,0,0,0
3977,817127027533,BIG DOG LEAF 8/5PK PLAT DRK LF,LT-TAX-COLLECTED,3.0,3,1.0,0.0,27.99,27.99,27.99,27.99,22.0,5.99,21.4,Stable,0.0,Stable,0.0,2025-04-15,2025-05-24,105,3,0,0,0,0,0,0,3,0,0,0,0
3978,78575,STP 78575 FUEL INJ 5.25OZ 12CT,AUTOMOTIVE,3.0,3,1.0,0.17,46.99,46.99,46.99,46.99,29.99,17.0,36.2,Stable,0.0,Stable,0.0,2025-03-23,2025-07-24,44,3,0,0,0,0,0,0,3,0,0,0,0
3979,6935140863359,GRINDERS 4 PART 1CT,NOVELTY ITEMS,3.0,2,3.0,0.0,4.5,4.5,4.50,4.50,3.5,1.0,22.2,Stable,0.0,Stable,0.0,2025-03-12,2025-03-13,177,1,0,0,0,2,0,0,0,0,0,0,0
3980,028200314017,L&M TURKISH BLEND 100 BOX 10CT,CIGARETTE,3.0,2,1.5,0.25,81.49,81.49,80.59,82.39,70.91,10.58,13.0,Down,-66.7,Stable,2.2,2025-06-16,2025-08-04,33,2,0,0,0,0,0,0,0,2,0,0,0
3981,817127026611,DOPPYWOODS ORIGINAL 8/5CT,CIGARS,3.0,3,1.0,0.0,27.99,27.99,27.99,27.99,21.0,6.99,25.0,Stable,0.0,Stable,0.0,2025-03-14,2025-04-26,133,3,0,0,0,0,0,0,3,0,0,0,0
3982,034000723355,ICE BREAKERS DUO 8CT- STRBRY,GUMS/CHICLETS,3.0,3,1.0,0.17,16.99,16.99,16.99,16.99,13.6,3.39,20.0,Stable,0.0,Stable,0.0,2025-05-04,2025-07-29,38,3,0,0,0,0,0,3,0,0,0,0,0
3983,040000580928,M & M CRUNCHY CKIE KS 24CT,CANDYS,3.0,3,1.0,0.17,49.99,49.99,49.99,49.99,43.78,6.21,12.4,Stable,0.0,Stable,0.0,2025-04-04,2025-08-07,29,3,0,0,0,0,0,0,3,0,0,0,0
3984,042897959108,BIG LEAGUE CHEW BUBBLE GUM ,GUMS/CHICLETS,3.0,3,1.0,0.08,14.99,14.99,14.99,14.99,12.12,2.87,19.1,Stable,0.0,Stable,0.0,2025-03-13,2025-06-19,79,3,0,0,0,0,0,3,0,0,0,0,0
3985,070330634183,BIC MULTIPURPOSE LIGHTER 2CT,STATIONARY,3.0,1,3.0,0.25,5.49,5.49,5.49,5.49,4.5,0.99,18.0,Stable,0.0,Stable,0.0,2025-06-15,2025-06-15,82,1,0,0,0,0,1,0,0,0,0,0,0
3986,6291108160169,AL FAKHER 10 X 50GM 2 APL MNT ,LT-TAX PAID,3.0,3,1.0,0.0,16.82,16.82,16.49,16.99,15.5,1.32,7.9,Stable,0.0,Stable,1.5,2025-04-02,2025-05-14,115,3,0,0,0,0,0,3,0,0,0,0,0
3987,022000283825,ORBIT MEGA PACK 6CT - PEPPMNT,GUMS/CHICLETS,3.0,3,1.0,0.17,17.99,17.99,17.99,17.99,14.55,3.44,19.1,Stable,0.0,Stable,0.0,2025-06-07,2025-09-01,4,3,0,0,0,0,0,3,0,0,0,0,0
3988,046500022517,SHOUT STAIN REMOVER 22OZ,CLEANING PRODUCTS,3.0,1,3.0,0.25,4.29,4.29,4.29,4.29,3.44,0.85,19.7,Stable,0.0,Stable,0.0,2025-07-31,2025-07-31,37,1,0,0,0,1,0,0,0,0,0,0,0
3989,6937643576750,CLEARANCE FUNKY 7000PUFFS 5CT,ELECTRONIC CIG,3.0,1,3.0,0.25,5.0,5.0,5.00,5.00,35.0,-30.0,-600.0,Stable,0.0,Stable,0.0,2025-08-11,2025-08-11,26,1,0,0,0,0,1,0,0,0,0,0,0
3990,784762072368,ZIG ZAG CIG 3/99 15/3CT SWEET,CIGARS,3.0,3,1.0,0.08,10.99,10.99,10.99,10.99,7.35,3.64,33.1,Stable,0.0,Stable,0.0,2025-04-02,2025-08-03,34,3,0,0,0,0,0,3,0,0,0,0,0
3991,716165155645,ELEMENTS PRE ROLL TIPS 20CT,CIG ROLLING PAPER,3.0,2,1.5,0.17,24.99,24.99,24.99,24.99,21.55,3.44,13.8,Up,66.7,Stable,0.0,2025-04-11,2025-08-29,8,2,0,0,0,0,0,0,2,0,0,0,0
3992,022000283870,ORBIT MEGA PACK 6CT -SPEARMINT,GUMS/CHICLETS,3.0,3,1.0,0.17,17.99,17.99,17.99,17.99,14.55,3.44,19.1,Stable,0.0,Stable,0.0,2025-03-22,2025-09-01,4,3,0,0,0,0,0,3,0,0,0,0,0
3993,676979556819,"WICK & WAX 8"" CANDLE 1CT",CANDLES,3.0,1,3.0,0.25,1.99,1.99,1.99,1.99,1.3,0.69,34.7,Stable,0.0,Stable,0.0,2025-08-11,2025-08-11,26,1,0,1,0,0,0,0,0,0,0,0,0
3994,185092000838,PALMETTO BLUE 100 BX,CIGARETTE,3.0,2,1.5,0.0,29.29,29.29,29.29,29.29,25.5,3.79,12.9,Up,66.7,Stable,0.0,2025-04-08,2025-04-13,145,2,0,0,0,0,0,0,2,0,0,0,0
3995,852027004048,SCALE DIGIWEIGH 100 x 0.01G,NOVELTY ITEMS,3.0,2,1.5,0.17,5.99,5.99,5.99,5.99,4.99,1.0,16.7,Up,66.7,Stable,0.0,2025-03-24,2025-09-03,2,2,0,0,0,0,2,0,0,0,0,0,0
3996,716165255628,RAW ETHERAL 1 1/4  1.25 24CT,CIG ROLLING PAPER,3.0,3,1.0,0.17,43.99,43.99,43.99,43.99,38.21,5.78,13.1,Stable,0.0,Stable,0.0,2025-05-10,2025-07-19,49,3,0,0,0,0,0,0,3,0,0,0,0
3997,300450563200,MOTRIN PM 20S 1CT,MEDICINE,3.0,2,3.0,0.25,5.79,5.79,5.79,5.79,4.73,1.06,18.3,Stable,0.0,Stable,0.0,2025-09-05,2025-09-05,1,1,0,0,0,0,2,0,0,0,0,0,0
3998,850040513820,FORAKER WORK GLOVES 014 12CT ,GLOVES & T SHIRTS,3.0,3,1.0,0.08,10.99,10.99,10.99,10.99,6.79,4.2,38.2,Stable,0.0,Stable,0.0,2025-04-16,2025-06-24,73,3,0,0,0,0,0,3,0,0,0,0,0
3999,676979890067,MENS 3 BLADE W/4 CART RAZOR,HOUSEHOLD GOODS,3.0,1,3.0,0.25,1.79,1.79,1.79,1.79,0.69,1.1,61.5,Stable,0.0,Stable,0.0,2025-08-10,2025-08-10,26,1,0,1,0,0,0,0,0,0,0,0,0
4000,888109250188,HOSTESS BABY BNDT 6CT - LEMON,FOOD,3.0,3,1.5,0.0,9.99,9.99,9.99,9.99,8.15,1.84,18.4,Up,66.7,Stable,0.0,2025-05-08,2025-05-17,112,2,0,0,0,0,3,0,0,0,0,0,0
4001,XX8901314308436XX,COLGATE TOOTHBRUSH 6CT,HOUSEHOLD GOODS,3.0,1,3.0,0.25,2.49,2.49,2.49,2.49,1.5,0.99,39.8,Stable,0.0,Stable,0.0,2025-06-19,2025-06-19,78,1,0,0,1,0,0,0,0,0,0,0,0
4002,74657,BOUNTY PAPER TOWEL 30CT,CLEANING PRODUCTS,3.0,1,3.0,0.0,37.99,37.99,37.99,37.99,26.7,11.29,29.7,Stable,0.0,Stable,0.0,2025-03-22,2025-03-22,167,1,0,0,0,0,0,0,1,0,0,0,0
4003,034000701148,ICE BREAKERS CUBES 6CT- CINAMN,GUMS/CHICLETS,3.0,3,1.0,0.08,21.99,21.99,21.99,21.99,18.3,3.69,16.8,Stable,0.0,Stable,0.0,2025-03-27,2025-06-15,82,3,0,0,0,0,0,0,3,0,0,0,0
4004,029000025820,PLANTERS CASHEWS 10CT BBQ,FOOD,3.0,3,1.0,0.08,17.99,17.99,17.99,17.99,15.15,2.84,15.8,Stable,0.0,Stable,0.0,2025-03-22,2025-07-02,65,3,0,0,0,0,0,3,0,0,0,0,0
4005,M308SC,HOOKAH SET IN A SUITCASE 1CT,NOVELTY ITEMS,3.0,3,1.5,0.17,26.33,26.0,26.00,26.99,14.99,11.34,43.1,Up,66.7,Stable,-3.7,2025-05-12,2025-07-08,59,2,0,0,0,0,0,0,3,0,0,0,0
4006,99934,WARNER CABLE TIE 25CT USB-TC,CELLUAR ACCESSORIES,3.0,2,1.5,0.08,24.99,24.99,24.99,24.99,16.25,8.74,35.0,Down,-66.7,Stable,0.0,2025-05-02,2025-07-09,59,2,0,0,0,0,0,0,2,0,0,0,0
4007,008660008824,ZIG ZAG CONE MINI UB 70'S 8PK,CIG ROLLING PAPER,3.0,2,1.5,0.0,21.99,21.99,21.99,21.99,18.0,3.99,18.1,Up,66.7,Stable,0.0,2025-03-28,2025-04-01,157,2,0,0,0,0,0,0,2,0,0,0,0
4008,8681511382308,ADALYA 250GM HAWAII,LT-TAX PAID,3.0,2,1.5,0.17,10.49,10.49,10.49,10.49,9.0,1.49,14.2,Up,66.7,Stable,0.0,2025-05-20,2025-08-22,14,2,0,0,0,0,0,2,0,0,0,0,0
4009,042897960241,BIG LEAGUE CHEW 12CT BL RASP,GUMS/CHICLETS,3.0,3,1.0,0.0,14.99,14.99,14.99,14.99,12.12,2.87,19.1,Stable,0.0,Stable,0.0,2025-04-04,2025-05-04,124,3,0,0,0,0,0,3,0,0,0,0,0
4010,10630187582203,LGT SNOOP DOGG ELECNIC 50 CT,LIGHTERS,3.0,3,1.0,0.08,24.32,24.99,22.99,24.99,7.5,16.82,69.2,Stable,0.0,Stable,0.0,2025-04-13,2025-08-14,23,3,0,0,0,0,0,0,3,0,0,0,0
4011,RPM744,FANCY GLASS BONG RPM744,NOVELTY ITEMS,3.0,2,1.5,0.17,33.5,31.0,31.00,36.00,27.0,6.5,19.4,Up,66.7,Down,-14.9,2025-03-12,2025-07-14,53,2,0,0,0,0,0,0,2,0,0,0,0
4012,039101046020,JOHNSEN'S PENETRATING OIL 10OZ,AUTOMOTIVE,3.0,1,3.0,0.0,2.29,2.29,2.29,2.29,1.49,0.8,34.9,Stable,0.0,Stable,0.0,2025-04-12,2025-04-12,147,1,0,0,1,0,0,0,0,0,0,0,0
4013,051497011642,BLAZY SUSAN 1 1/4 50CT PINK,CIG ROLLING PAPER,3.0,3,1.5,0.08,29.99,29.99,29.99,29.99,23.0,6.99,23.3,Down,-66.7,Stable,0.0,2025-03-30,2025-08-25,11,2,0,0,0,0,0,0,3,0,0,0,0
4014,LEVER1,LEVER 1LOAD 1CT,CLEANING PRODUCTS,3.0,1,3.0,0.0,0.59,0.59,0.59,0.59,0.28,0.31,53.3,Stable,0.0,Stable,0.0,2025-05-07,2025-05-07,121,1,1,0,0,0,0,0,0,0,0,0,0
4015,8681655717530,ADALYA 250GM MI AMOR,LT-TAX PAID,3.0,2,1.5,0.0,10.49,10.49,10.49,10.49,9.0,1.49,14.2,Down,-66.7,Stable,0.0,2025-03-29,2025-06-03,95,2,0,0,0,0,0,2,0,0,0,0,0
4016,022000117328,ALTOIDS 8CT ARCTIC WNTRGREEN,CANDYS,3.0,3,1.0,0.0,16.99,16.99,16.99,16.99,12.51,4.48,26.4,Stable,0.0,Stable,0.0,2025-03-15,2025-05-18,110,3,0,0,0,0,0,3,0,0,0,0,0
4017,040000586111,M & M KS 24CT CRAML COLD BREW,CANDYS,3.0,3,1.0,0.08,49.99,49.99,49.99,49.99,43.78,6.21,12.4,Stable,0.0,Stable,0.0,2025-03-16,2025-08-07,29,3,0,0,0,0,0,0,3,0,0,0,0
4018,61644-3,SCORCH TURBO CC MANDALA 9CT ,LIGHTERS,3.0,3,1.5,0.08,67.83,67.5,67.50,68.00,63.0,4.83,7.1,Down,-66.7,Stable,-0.7,2025-04-13,2025-07-07,60,2,0,0,0,0,0,0,0,3,0,0,0
4019,073141154406,POCKY 10CT COOKIES & CREAM,CANDYS,3.0,1,3.0,0.0,19.99,19.99,19.99,19.99,16.0,3.99,20.0,Stable,0.0,Stable,0.0,2025-03-27,2025-03-27,162,1,0,0,0,0,0,1,0,0,0,0,0
4020,716053605146,CELLTEKK 10FT USB-MICRO 10CT,CELLUAR ACCESSORIES,3.0,3,1.0,0.08,29.99,29.99,29.99,29.99,19.9,10.09,33.6,Stable,0.0,Stable,0.0,2025-03-24,2025-07-18,50,3,0,0,0,0,0,0,3,0,0,0,0
4021,076940197209,LD $0.50OFF RED BOX,CIGARETTE,3.0,1,3.0,0.25,28.95,28.95,28.95,28.95,27.71,1.24,4.3,Stable,0.0,Stable,0.0,2025-08-26,2025-08-26,11,1,0,0,0,0,0,0,1,0,0,0,0
4022,BBQ12,BBQ LIGHTER AK47/AR15 12CT,LIGHTERS,3.0,3,1.0,0.17,71.0,71.5,70.00,72.99,65.0,6.0,8.4,Stable,0.0,Stable,0.0,2025-04-08,2025-08-20,17,3,0,0,0,0,0,0,0,3,0,0,0
4023,716053605535,CELLTEKK 10FT TC-IPH 10CT,CELLUAR ACCESSORIES,3.0,3,1.0,0.0,29.99,29.99,29.99,29.99,19.9,10.09,33.6,Stable,0.0,Stable,0.0,2025-03-29,2025-05-14,114,3,0,0,0,0,0,0,3,0,0,0,0
4024,HP299,SILICONE FANCY HAND PIPE,NOVELTY ITEMS,3.0,1,3.0,0.0,4.0,4.0,4.00,4.00,2.88,1.12,28.0,Stable,0.0,Stable,0.0,2025-03-21,2025-03-21,168,1,0,0,0,1,0,0,0,0,0,0,0
4025,78573,STP 78573 GAS TREAT 12CT,AUTOMOTIVE,3.0,3,1.0,0.08,37.99,37.99,37.99,37.99,28.5,9.49,25.0,Stable,0.0,Stable,0.0,2025-03-14,2025-06-19,78,3,0,0,0,0,0,0,3,0,0,0,0
4026,0983585,DIAMOND AC HOME 25CT CHG 2USB,CELLUAR ACCESSORIES,3.0,3,1.0,0.25,31.99,31.99,31.99,31.99,24.0,7.99,25.0,Stable,0.0,Stable,0.0,2025-06-22,2025-09-02,3,3,0,0,0,0,0,0,3,0,0,0,0
4027,070330666214,DJEEP LIGHTER FLORAL 24CT,LIGHTERS,3.0,3,1.0,0.08,12.99,12.99,12.99,12.99,6.0,6.99,53.8,Stable,0.0,Stable,0.0,2025-04-13,2025-08-15,22,3,0,0,0,0,0,3,0,0,0,0,0
4028,079400257406,DEGREE DEODRANT STICK 2.6OZ,HOUSEHOLD GOODS,3.0,1,3.0,0.0,2.99,2.99,2.99,2.99,2.25,0.74,24.7,Stable,0.0,Stable,0.0,2025-04-18,2025-04-18,141,1,0,0,1,0,0,0,0,0,0,0,0
4029,042897959085,BIG LEAGUE CHEW 12CT GRAPE,GUMS/CHICLETS,3.0,3,1.0,0.08,14.99,14.99,14.99,14.99,12.47,2.52,16.8,Stable,0.0,Stable,0.0,2025-03-13,2025-06-10,87,3,0,0,0,0,0,3,0,0,0,0,0
4030,RPM720,FANCY GLASS BONG RPM720,NOVELTY ITEMS,3.0,2,1.5,0.17,42.5,41.0,41.00,44.00,36.0,6.5,15.3,Up,66.7,Down,-7.1,2025-03-12,2025-07-14,53,2,0,0,0,0,0,0,2,0,0,0,0
4031,CTKK126PD,CELLTEKK CTD 20W 3X 126CT,CELLUAR ACCESSORIES,3.0,2,1.5,0.17,489.99,489.99,489.99,489.99,376.74,113.25,23.1,Up,66.7,Stable,0.0,2025-05-30,2025-06-27,70,2,0,0,0,0,0,0,0,0,0,2,0
4032,025900229603,SS 2/1.29 30/2CT TROP FUSION,CIGARS,3.0,3,1.0,0.0,27.99,27.99,27.99,27.99,14.5,13.49,48.2,Stable,0.0,Stable,0.0,2025-03-13,2025-04-26,133,3,0,0,0,0,0,0,3,0,0,0,0
4033,034000447701,ICE BREAKERS CUBES 6CT- CH LIM,GUMS/CHICLETS,3.0,3,1.0,0.08,21.99,21.99,21.99,21.99,18.3,3.69,16.8,Stable,0.0,Stable,0.0,2025-05-17,2025-06-15,82,3,0,0,0,0,0,0,3,0,0,0,0
4034,034000723898,ICE BREAKERS DUO 8CT- WMLN,GUMS/CHICLETS,2.0,2,1.0,0.17,16.99,16.99,16.99,16.99,13.6,3.39,20.0,Stable,0.0,Stable,0.0,2025-06-14,2025-07-11,57,2,0,0,0,0,0,2,0,0,0,0,0
4035,632365125052,KOKO PUPPIE DBL SQUEEZE 12CT,CANDYS,2.0,2,1.0,0.0,19.49,19.49,18.99,19.99,15.84,3.65,18.7,Stable,0.0,Up,5.1,2025-03-26,2025-05-25,104,2,0,0,0,0,0,2,0,0,0,0,0
4036,812934025895,WARNER CAR + USB C CABLE 22201,CELLUAR ACCESSORIES,2.0,2,1.0,0.08,3.79,3.79,3.79,3.79,2.5,1.29,34.0,Stable,0.0,Stable,0.0,2025-05-14,2025-06-11,87,2,0,0,0,2,0,0,0,0,0,0,0
4037,749123755038,TRUE SPECTRUM CART PURPLE KUSH,ECIG - PODS D8,2.0,1,2.0,0.0,7.99,7.99,7.99,7.99,7.99,0.0,0.0,Stable,0.0,Stable,0.0,2025-03-31,2025-03-31,158,1,0,0,0,0,1,0,0,0,0,0,0
4038,080893010379,LIL SUPER GLUE 2.0GM,HARDWARE,2.0,1,2.0,0.0,0.89,0.89,0.89,0.89,0.59,0.3,33.7,Stable,0.0,Stable,0.0,2025-05-02,2025-05-02,127,1,1,0,0,0,0,0,0,0,0,0,0
4039,022000124937,STARBURST GUMMIES ORIG 15CT,CANDYS,2.0,2,1.0,0.08,31.99,32.99,30.99,32.99,25.78,6.2,19.4,Stable,0.0,Up,6.3,2025-05-19,2025-08-14,22,2,0,0,0,0,0,0,2,0,0,0,0
4040,717340444363,CAKE CART 510 DELTA 8 1ML 5CT,ECIG - PODS D8,2.0,2,1.0,0.0,33.75,33.75,30.00,37.50,27.5,6.25,18.5,Stable,0.0,Up,22.2,2025-03-17,2025-05-15,113,2,0,0,0,0,0,0,2,0,0,0,0
4041,8681655705117,ADALYA 10 X 50GM MIAMOR,LT-TAX PAID,2.0,2,1.0,0.08,17.99,17.99,17.99,17.99,16.0,1.99,11.1,Stable,0.0,Stable,0.0,2025-03-19,2025-07-15,53,2,0,0,0,0,0,2,0,0,0,0,0
4042,10850043075117,EAGLE PT191CE TORCHPOD 24CT,NOVELTY ITEMS,2.0,2,1.0,0.0,44.99,44.99,44.99,44.99,36.0,8.99,20.0,Stable,0.0,Stable,0.0,2025-05-09,2025-05-19,109,2,0,0,0,0,0,0,2,0,0,0,0
4043,717932341032,"NEW ERA INCENSE 11"" 12STK 72CT",INCENSE,2.0,2,1.0,0.0,29.99,29.99,29.99,29.99,22.0,7.99,26.6,Stable,0.0,Stable,0.0,2025-05-05,2025-06-05,93,2,0,0,0,0,0,0,2,0,0,0,0
4044,810134928176,BLAZY SUSAN T LEAF 25/2CT RSCR,BLUNT WRAP,2.0,2,1.0,0.17,20.99,20.99,20.99,20.99,15.5,5.49,26.2,Stable,0.0,Stable,0.0,2025-07-05,2025-07-27,40,2,0,0,0,0,0,0,2,0,0,0,0
4045,051497315535,BLAZY SUSAN KS SLIM 50CT PRPL,CIG ROLLING PAPER,2.0,2,1.0,0.17,29.99,29.99,29.99,29.99,24.5,5.49,18.3,Stable,0.0,Stable,0.0,2025-07-26,2025-08-18,19,2,0,0,0,0,0,0,2,0,0,0,0
4046,801822400906,DOOR HINGES 1CT,HARDWARE,2.0,1,2.0,0.0,2.99,2.99,2.99,2.99,0.7,2.29,76.6,Stable,0.0,Stable,0.0,2025-04-27,2025-04-27,132,1,0,0,1,0,0,0,0,0,0,0,0
4047,034000250097,REESES BIG CUP CARAMEL RS 16CT,CANDYS,2.0,2,1.0,0.08,18.99,18.99,18.99,18.99,15.22,3.76,19.8,Stable,0.0,Stable,0.0,2025-04-04,2025-08-14,22,2,0,0,0,0,0,2,0,0,0,0,0
4048,850016925459,DELTA 8 CARTRIDGE FROSTED LIME,CBD/HEMP,2.0,1,2.0,0.0,7.5,7.5,7.50,7.50,7.5,0.0,0.0,Stable,0.0,Stable,0.0,2025-03-31,2025-03-31,158,1,0,0,0,0,1,0,0,0,0,0,0
4049,599168064219,TECHNO LGT SNAKE 06241A 20CT,LIGHTERS,2.0,2,1.0,0.17,82.5,82.5,80.00,84.99,74.2,8.3,10.1,Stable,0.0,Down,-6.0,2025-06-09,2025-07-07,60,2,0,0,0,0,0,0,0,2,0,0,0
4050,808829102642,DRY FLOOR WOPES 20 CT,CLEANING PRODUCTS,2.0,1,2.0,0.17,0.89,0.89,0.89,0.89,0.3,0.59,66.3,Stable,0.0,Stable,0.0,2025-06-24,2025-06-24,73,1,1,0,0,0,0,0,0,0,0,0,0
4051,034000228072,KIT KAT VANILLA KS 24CT ,CANDYS,2.0,2,1.0,0.17,49.99,49.99,49.99,49.99,40.09,9.9,19.8,Stable,0.0,Stable,0.0,2025-06-10,2025-08-09,28,2,0,0,0,0,0,0,2,0,0,0,0
4052,10853195000273,EAGLE PIPE TOOL 12CT PT101PT,NOVELTY ITEMS,2.0,2,1.0,0.17,45.99,45.99,45.99,45.99,37.2,8.79,19.1,Stable,0.0,Stable,0.0,2025-07-07,2025-08-20,16,2,0,0,0,0,0,0,2,0,0,0,0
4053,61665,SCORCH PENCIL DMND SHAPED 9CT ,LIGHTERS,2.0,2,2.0,0.0,75.0,75.0,75.00,75.00,69.75,5.25,7.0,Stable,0.0,Stable,0.0,2025-04-13,2025-04-14,145,1,0,0,0,0,0,0,0,2,0,0,0
4054,61696,SCORCH TURBO TORCH 6CT ,LIGHTERS,2.0,2,2.0,0.0,42.0,42.0,42.00,42.00,37.5,4.5,10.7,Stable,0.0,Stable,0.0,2025-04-13,2025-04-14,145,1,0,0,0,0,0,0,2,0,0,0,0
4055,011000405085,PYRAMID NON FILTER KING  BX ,CIGARETTE,2.0,1,2.0,0.0,66.19,66.19,66.19,66.19,65.11,1.08,1.6,Stable,0.0,Stable,0.0,2025-04-05,2025-04-05,153,1,0,0,0,0,0,0,0,1,0,0,0
4056,012300340847,CAMEL WIDES MNTH SLVR BOX 10CT,CIGARETTE,2.0,2,1.0,0.17,99.49,99.49,99.49,99.49,68.25,31.24,31.4,Stable,0.0,Stable,0.0,2025-08-04,2025-08-24,12,2,0,0,0,0,0,0,0,2,0,0,0
4057,022000298584,STARBURST STR ALL PINK KS 15CT,CANDYS,2.0,2,1.0,0.08,32.99,32.99,32.99,32.99,26.4,6.59,20.0,Stable,0.0,Stable,0.0,2025-06-06,2025-08-13,24,2,0,0,0,0,0,0,2,0,0,0,0
4058,849205031262,VUSE GLDN SPARK TOB 5.0% 5/3CT,ECIG - PODS,2.0,2,1.0,0.0,93.99,93.99,93.99,93.99,88.12,5.87,6.2,Stable,0.0,Stable,0.0,2025-04-04,2025-04-27,131,2,0,0,0,0,0,0,0,2,0,0,0
4059,737488028669,CLICKIT LIGHTER CIGAR 20CT,MISC,2.0,2,1.0,0.0,52.5,52.5,52.50,52.50,46.0,6.5,12.4,Stable,0.0,Stable,0.0,2025-03-14,2025-04-11,148,2,0,0,0,0,0,0,0,2,0,0,0
4060,073390712150,MENTOS GUM 6/28CT - SPEARMINT,GUMS/CHICLETS,2.0,2,1.0,0.0,13.99,13.99,13.99,13.99,11.45,2.54,18.2,Stable,0.0,Stable,0.0,2025-05-16,2025-05-20,108,2,0,0,0,0,0,2,0,0,0,0,0
4061,024300871665,LITTLE DEBBIE NUTTY BUDDY 6CT,FOOD,2.0,2,1.0,0.08,8.49,8.49,8.49,8.49,6.94,1.55,18.3,Stable,0.0,Stable,0.0,2025-05-17,2025-06-17,81,2,0,0,0,0,2,0,0,0,0,0,0
4062,024300874352,LITTLE DEBBIE CC BROWNIE 6CT,FOOD,2.0,2,1.0,0.08,8.49,8.49,8.49,8.49,6.94,1.55,18.3,Stable,0.0,Stable,0.0,2025-05-22,2025-06-12,86,2,0,0,0,0,2,0,0,0,0,0,0
4063,BMLT300,BOB MARLEY FLIP TOP LGT 20CT ,LIGHTERS,2.0,2,1.0,0.08,39.99,39.99,39.99,39.99,26.78,13.21,33.0,Stable,0.0,Stable,0.0,2025-04-06,2025-08-13,24,2,0,0,0,0,0,0,2,0,0,0,0
4064,024300874055,LITTLE DEBBIE PECAN PIE 6CT,FOOD,2.0,2,1.0,0.08,8.49,8.49,8.49,8.49,6.94,1.55,18.3,Stable,0.0,Stable,0.0,2025-05-17,2025-06-12,86,2,0,0,0,0,2,0,0,0,0,0,0
4065,072799118914,MAMBA 2.8OZ 24CT FUN PARK,CANDYS,2.0,2,1.0,0.0,27.99,27.99,27.99,27.99,22.99,5.0,17.9,Stable,0.0,Stable,0.0,2025-05-17,2025-05-24,104,2,0,0,0,0,0,0,2,0,0,0,0
4066,BMLT101,BOB MARLEY TORCH LGT 50CT,LIGHTERS,2.0,2,1.0,0.08,44.99,44.99,44.99,44.99,34.81,10.18,22.6,Stable,0.0,Stable,0.0,2025-05-09,2025-08-13,24,2,0,0,0,0,0,0,2,0,0,0,0
4067,BMLT400,BOB MARLEY CANDLE LGT 50CT,LIGHTERS,2.0,2,1.0,0.0,49.99,49.99,49.99,49.99,40.16,9.83,19.7,Stable,0.0,Stable,0.0,2025-04-19,2025-05-08,120,2,0,0,0,0,0,0,2,0,0,0,0
4068,10853195000532,EAGLE PT113B EMOJI TORCH 20CT,LIGHTERS,2.0,2,1.0,0.08,37.99,37.99,37.99,37.99,26.5,11.49,30.2,Stable,0.0,Stable,0.0,2025-04-10,2025-06-26,71,2,0,0,0,0,0,0,2,0,0,0,0
4069,10853195000549,EAGLE PT113G EMOJI TORCH 20CT,LIGHTERS,2.0,2,1.0,0.08,38.99,38.99,38.99,38.99,26.5,12.49,32.0,Stable,0.0,Stable,0.0,2025-03-21,2025-08-29,7,2,0,0,0,0,0,0,2,0,0,0,0
4070,041210910314,MAXWELL COFFEE CUP 16 OZ 50PC,MISC,2.0,2,1.0,0.17,2.99,2.99,2.99,2.99,0.6,2.39,79.9,Stable,0.0,Stable,0.0,2025-06-13,2025-07-02,66,2,0,0,2,0,0,0,0,0,0,0,0
4071,077170122689,OCB BAMBOO CONE 78 SMALL 8PK,CIG ROLLING PAPER,2.0,2,1.0,0.0,44.99,44.99,44.99,44.99,35.03,9.96,22.1,Stable,0.0,Stable,0.0,2025-04-08,2025-05-22,106,2,0,0,0,0,0,0,2,0,0,0,0
4072,850069391065,ZEXI THC 5MG WATER 12OZ 4CT,NOVELTY ITEMS,2.0,2,1.0,0.0,8.12,8.12,8.00,8.25,6.59,1.54,18.9,Stable,0.0,Stable,-3.1,2025-04-26,2025-04-30,128,2,0,0,0,0,2,0,0,0,0,0,0
4073,00003,WARNER 5FT CABLE 25CT TC-TC,CELLUAR ACCESSORIES,2.0,2,1.0,0.08,39.99,39.99,39.99,39.99,30.0,9.99,25.0,Stable,0.0,Stable,0.0,2025-03-30,2025-08-26,11,2,0,0,0,0,0,0,2,0,0,0,0
4074,071610501546,DM 55CT BOX  PALMA COLL,CIGARS,2.0,2,1.0,0.0,72.49,72.49,71.99,72.99,50.05,22.44,31.0,Stable,0.0,Stable,1.4,2025-04-11,2025-06-03,94,2,0,0,0,0,0,0,0,2,0,0,0
4075,10853195000044,EAGLE PT113US TORCH USA 20CT,NOVELTY ITEMS,2.0,2,1.0,0.08,31.99,31.99,31.99,31.99,25.8,6.19,19.3,Stable,0.0,Stable,0.0,2025-04-15,2025-08-04,33,2,0,0,0,0,0,0,2,0,0,0,0
4076,878848890493,PROTOUCH # PADLOCK 50MM 1CT,HARDWARE,2.0,2,1.0,0.08,2.29,2.29,2.29,2.29,1.02,1.27,55.4,Stable,0.0,Stable,0.0,2025-05-16,2025-07-05,63,2,0,0,2,0,0,0,0,0,0,0,0
4077,810179220471,BIG DOG WHOLE LF 10CT PALMA,LT-TAX-COLLECTED,2.0,2,1.0,0.0,24.99,24.99,24.99,24.99,20.0,4.99,20.0,Stable,0.0,Stable,0.0,2025-04-26,2025-05-13,116,2,0,0,0,0,0,0,2,0,0,0,0
4078,810179220457,BIG DOG WHOLE LF 10CT DRK ZAZA,LT-TAX-COLLECTED,2.0,2,1.0,0.0,24.99,24.99,24.99,24.99,20.0,4.99,20.0,Stable,0.0,Stable,0.0,2025-04-26,2025-05-13,116,2,0,0,0,0,0,0,2,0,0,0,0
4079,784762078971,ZIG ZAG LEAF 2/.99 25/2CT SWT,BLUNT WRAP,2.0,2,1.0,0.17,17.99,17.99,17.99,17.99,16.0,1.99,11.1,Stable,0.0,Stable,0.0,2025-07-01,2025-07-08,59,2,0,0,0,0,0,2,0,0,0,0,0
4080,888109250263,HOSTESS BABY BNDT 6CT - STRBRY,FOOD,2.0,2,1.0,0.0,9.99,9.99,9.99,9.99,8.15,1.84,18.4,Stable,0.0,Stable,0.0,2025-05-08,2025-05-17,112,2,0,0,0,0,2,0,0,0,0,0,0
4081,00041333085616,DURACELL D 6/2CT,BATTERY,2.0,2,1.0,0.08,22.99,22.99,22.99,22.99,14.94,8.05,35.0,Stable,0.0,Stable,0.0,2025-03-29,2025-06-23,75,2,0,0,0,0,0,0,2,0,0,0,0
4082,599168196231,TECHNO CANNABIS TOILET LGT 6CT,LIGHTERS,2.0,2,1.0,0.0,33.99,33.99,33.99,33.99,26.99,7.0,20.6,Stable,0.0,Stable,0.0,2025-05-03,2025-05-24,105,2,0,0,0,0,0,0,2,0,0,0,0
4083,599168202215,TECHNO COOKIE DOUBLE LGT 25CT,LIGHTERS,2.0,2,1.0,0.08,66.25,67.5,65.00,67.50,57.5,8.75,13.2,Stable,0.0,Stable,3.8,2025-04-27,2025-08-16,20,2,0,0,0,0,0,0,0,2,0,0,0
4084,VITA3,VITA PILLS TRIPLE 15CT,VITAMINS,2.0,1,2.0,0.0,21.0,21.0,21.00,21.00,18.0,3.0,14.3,Stable,0.0,Stable,0.0,2025-03-12,2025-03-12,177,1,0,0,0,0,0,0,1,0,0,0,0
4085,599168001887,TECHNO SHOE SFT FLAME LGT 12CT,LIGHTERS,2.0,2,1.0,0.0,32.25,32.25,32.00,32.50,27.5,4.75,14.7,Stable,0.0,Stable,1.6,2025-03-28,2025-05-08,121,2,0,0,0,0,0,0,2,0,0,0,0
4086,599168190390,ARCADE MACHINE TORCH LGT 6CT,LIGHTERS,2.0,2,1.0,0.0,34.24,34.24,33.50,34.99,29.99,4.25,12.4,Stable,0.0,Stable,-4.4,2025-03-31,2025-04-15,143,2,0,0,0,0,0,0,2,0,0,0,0
4087,619682021045,EZ ROLL DBL 25CT FRNCH MARTINI,BLUNT WRAP,2.0,2,1.0,0.17,7.74,7.74,6.99,8.49,6.99,0.75,9.7,Stable,0.0,Up,19.4,2025-07-10,2025-08-01,35,2,0,0,0,0,2,0,0,0,0,0,0
4088,071610498785,DM 55CT BOX CORONA DELUXE,CIGARS,2.0,2,2.0,0.0,71.99,71.99,71.99,71.99,54.45,17.54,24.4,Stable,0.0,Stable,0.0,2025-03-24,2025-03-27,162,1,0,0,0,0,0,0,0,2,0,0,0
4089,009800056309,TIC TAC BOTTLE 4CT FRUIT ADV,CANDYS,2.0,2,1.0,0.0,12.99,12.99,12.99,12.99,11.1,1.89,14.5,Stable,0.0,Stable,0.0,2025-04-28,2025-05-16,113,2,0,0,0,0,0,2,0,0,0,0,0
4090,801822705162,RULER GEOMETRIC 5PCS,STATIONARY,2.0,2,1.0,0.17,1.99,1.99,1.99,1.99,0.63,1.36,68.3,Stable,0.0,Stable,0.0,2025-07-16,2025-08-14,22,2,0,2,0,0,0,0,0,0,0,0,0
4091,060631917153,HOT WHEELS SWEET RACER 12CT,CANDYS,2.0,2,2.0,0.0,19.99,19.99,19.99,19.99,15.14,4.85,24.3,Stable,0.0,Stable,0.0,2025-04-28,2025-05-01,127,1,0,0,0,0,0,2,0,0,0,0,0
4092,819721010867,ENTOURAGE 25CT CONNOISSEUR,CIGARS,2.0,2,1.0,0.17,22.99,22.99,22.99,22.99,16.75,6.24,27.1,Stable,0.0,Stable,0.0,2025-06-12,2025-06-30,67,2,0,0,0,0,0,0,2,0,0,0,0
4093,819721010652,ENTOURAGE 25CT LE PRIVE,CIGARS,2.0,2,1.0,0.0,22.99,22.99,22.99,22.99,16.75,6.24,27.1,Stable,0.0,Stable,0.0,2025-03-23,2025-06-07,91,2,0,0,0,0,0,0,2,0,0,0,0
4094,719499005617,HIGH HEMP WRAPS 25CT FLORA PSN,BLUNT WRAP,2.0,2,1.0,0.08,11.99,11.99,11.99,11.99,8.25,3.74,31.2,Stable,0.0,Stable,0.0,2025-04-19,2025-07-21,47,2,0,0,0,0,0,2,0,0,0,0,0
4095,035106057146,BEECH-NUT $4.29 ORIG 12/3OZ,LT-TAX-COLLECTED,2.0,2,1.0,0.0,34.99,34.99,34.99,34.99,29.88,5.11,14.6,Stable,0.0,Stable,0.0,2025-05-14,2025-06-05,93,2,0,0,0,0,0,0,2,0,0,0,0
4096,887969007239,BLU E-CIG POLAR MINT 5 DISPOS,ELECTRONIC CIG,2.0,2,1.0,0.17,29.99,29.99,29.99,29.99,23.75,6.24,20.8,Stable,0.0,Stable,0.0,2025-08-02,2025-08-05,32,2,0,0,0,0,0,0,2,0,0,0,0
4097,RPM718,FANCY GLASS BONG RPM718,NOVELTY ITEMS,2.0,1,2.0,0.17,47.0,47.0,47.00,47.00,41.0,6.0,12.8,Stable,0.0,Stable,0.0,2025-07-14,2025-07-14,53,1,0,0,0,0,0,0,1,0,0,0,0
4098,09132760,DIAMOND AC 10FT 15CT USBC-IPHN,CELLUAR ACCESSORIES,2.0,2,1.0,0.17,57.99,57.99,57.99,57.99,45.0,12.99,22.4,Stable,0.0,Stable,0.0,2025-06-16,2025-08-02,35,2,0,0,0,0,0,0,0,2,0,0,0
4099,RPM704,FANCY GLASS BONG RPM704,NOVELTY ITEMS,2.0,2,1.0,0.08,43.0,42.0,42.00,44.00,37.0,6.0,14.0,Stable,0.0,Stable,-4.7,2025-03-12,2025-07-14,53,2,0,0,0,0,0,0,2,0,0,0,0
4100,RPM747,FANCY GLASS BONG RPM747,NOVELTY ITEMS,2.0,1,2.0,0.17,38.0,38.0,38.00,38.00,36.0,2.0,5.3,Stable,0.0,Stable,0.0,2025-07-14,2025-07-14,53,1,0,0,0,0,0,0,1,0,0,0,0
4101,009800056330,TIC TAC BOTTLE 4CT ORANGE,CANDYS,2.0,2,1.0,0.0,12.99,12.99,12.99,12.99,11.1,1.89,14.5,Stable,0.0,Stable,0.0,2025-04-28,2025-05-16,113,2,0,0,0,0,0,2,0,0,0,0,0
4102,8906034360283,NAGCHAMPAORIGINAL RED,INCENSE,2.0,2,1.0,0.0,8.99,8.99,8.99,8.99,4.99,4.0,44.5,Stable,0.0,Stable,0.0,2025-04-30,2025-05-18,111,2,0,0,0,0,2,0,0,0,0,0,0
4103,011000291107,EAGLE 20 ORANGE 100 BOX 10CT,CIGARETTE,2.0,1,2.0,0.17,59.59,59.59,59.59,59.59,56.7,2.89,4.8,Stable,0.0,Stable,0.0,2025-06-12,2025-06-12,85,1,0,0,0,0,0,0,0,1,0,0,0
4104,817719022076,FIT CRUNCH LOADED COOKIE 12CT,CANDYS,2.0,2,1.0,0.0,24.99,24.99,24.99,24.99,22.59,2.4,9.6,Stable,0.0,Stable,0.0,2025-04-21,2025-05-13,116,2,0,0,0,0,0,0,2,0,0,0,0
4105,734488500911,TROUT TORCH LGT 12CT 19050A,LIGHTERS,2.0,2,1.0,0.08,55.0,57.0,53.00,57.00,46.99,8.01,14.6,Stable,0.0,Up,7.3,2025-04-27,2025-08-26,10,2,0,0,0,0,0,0,0,2,0,0,0
4106,079200271466,NERDS BIG CHEWY SHARE SZ 12CT,CANDYS,2.0,2,1.0,0.08,26.99,26.99,26.99,26.99,22.22,4.77,17.7,Stable,0.0,Stable,0.0,2025-05-19,2025-06-26,72,2,0,0,0,0,0,0,2,0,0,0,0
4107,034000241866,HERSHEYS MILKICIOUS 24CT,CANDYS,2.0,2,1.0,0.0,29.99,29.99,29.99,29.99,22.95,7.04,23.5,Stable,0.0,Stable,0.0,2025-04-24,2025-04-28,130,2,0,0,0,0,0,0,2,0,0,0,0
4108,99913,WARNER CAR USB / TYPE-C 16CT,CELLUAR ACCESSORIES,2.0,2,1.0,0.0,24.99,24.99,24.99,24.99,18.4,6.59,26.4,Stable,0.0,Stable,0.0,2025-05-17,2025-05-19,110,2,0,0,0,0,0,0,2,0,0,0,0
4109,086400904933,OCB BAMBOO PAPER SLIM 24CT,CIG ROLLING PAPER,2.0,2,1.0,0.08,19.99,19.99,19.99,19.99,13.0,6.99,35.0,Stable,0.0,Stable,0.0,2025-03-27,2025-08-06,31,2,0,0,0,0,0,2,0,0,0,0,0
4110,888109150044,HOST DONETTES 10OZ BAG 1CT,CANDYS,2.0,1,2.0,0.0,3.49,3.49,3.49,3.49,2.57,0.92,26.4,Stable,0.0,Stable,0.0,2025-05-07,2025-05-07,122,1,0,0,0,1,0,0,0,0,0,0,0
4111,887969011793,ZONE 9MM 5CT TOBACCO,NICOTINE POUCHES,2.0,2,1.0,0.08,18.99,18.99,18.99,18.99,17.5,1.49,7.8,Stable,0.0,Stable,0.0,2025-04-12,2025-08-20,17,2,0,0,0,0,0,2,0,0,0,0,0
4112,MAGICD8,MAGIC D8 CART 1CT - ALL FLAVOR,JBR,2.0,1,2.0,0.0,7.0,7.0,7.00,7.00,6.0,1.0,14.3,Stable,0.0,Stable,0.0,2025-03-31,2025-03-31,158,1,0,0,0,0,1,0,0,0,0,0,0
4113,700598109016,OPMS SILVER 8G/16CT GRN MALAY,VITAMINS,2.0,1,2.0,0.0,3.29,3.29,3.29,3.29,2.85,0.44,13.4,Stable,0.0,Stable,0.0,2025-03-30,2025-03-30,160,1,0,0,0,1,0,0,0,0,0,0,0
4114,040000591108,SNICKERS HIGH PROTEIN PB 12CT,CANDYS,2.0,2,1.0,0.0,29.99,29.99,29.99,29.99,24.79,5.2,17.3,Stable,0.0,Stable,0.0,2025-04-19,2025-04-24,135,2,0,0,0,0,0,0,2,0,0,0,0
4115,844504002777,SENECA CIGAR CHERRY 10CT,CIGAR GA,2.0,1,2.0,0.17,9.49,9.49,9.49,9.49,7.52,1.97,20.8,Stable,0.0,Stable,0.0,2025-06-10,2025-06-10,87,1,0,0,0,0,1,0,0,0,0,0,0
4116,040000504047,MILKYWAY MIDNIGHT 2TOGO 24CT,CANDYS,2.0,2,1.0,0.08,49.99,49.99,49.99,49.99,43.01,6.98,14.0,Stable,0.0,Stable,0.0,2025-03-25,2025-08-12,25,2,0,0,0,0,0,0,2,0,0,0,0
4117,818892016036,GT MINI 3/99SWEET CIGARIL 45CT,CIGAR GA,2.0,1,2.0,0.0,8.99,8.99,8.99,8.99,7.39,1.6,17.8,Stable,0.0,Stable,0.0,2025-03-28,2025-03-28,162,1,0,0,0,0,1,0,0,0,0,0,0
4118,072250007665,MRS FRESHLEY HERSHEY TC 8CT,CANDYS,2.0,2,1.0,0.0,12.99,12.99,12.99,12.99,10.41,2.58,19.9,Stable,0.0,Stable,0.0,2025-03-11,2025-03-18,172,2,0,0,0,0,0,2,0,0,0,0,0
4119,CT2110,"PACKAGING TAPE 2"" x 110' 36CT",STATIONARY,2.0,2,1.0,0.08,45.0,45.0,45.00,45.00,21.5,23.5,52.2,Stable,0.0,Stable,0.0,2025-04-23,2025-08-06,31,2,0,0,0,0,0,0,2,0,0,0,0
4120,887969005785,BLU E-CIG MAGNI MENTHOL 5 DISP,ELECTRONIC CIG,2.0,2,1.0,0.08,29.99,29.99,29.99,29.99,23.75,6.24,20.8,Stable,0.0,Stable,0.0,2025-05-24,2025-08-05,32,2,0,0,0,0,0,0,2,0,0,0,0
4121,045635981912,WOODEN U/KNIFE JAR 24 CT,NOVELTY ITEMS,2.0,1,2.0,0.0,11.99,11.99,11.99,11.99,7.49,4.5,37.5,Stable,0.0,Stable,0.0,2025-03-22,2025-03-22,168,1,0,0,0,0,0,1,0,0,0,0,0
4122,686464607209,KM MONKEY SWING CANDY 12CT,CANDYS,2.0,2,1.0,0.0,12.99,12.99,12.99,12.99,10.93,2.06,15.9,Stable,0.0,Stable,0.0,2025-05-07,2025-05-27,102,2,0,0,0,0,0,2,0,0,0,0,0
4123,632365625217,KOKO 12CT SOUR TRIPL CANDY DIP,CANDYS,2.0,2,1.0,0.0,13.99,13.99,13.99,13.99,10.04,3.95,28.2,Stable,0.0,Stable,0.0,2025-04-05,2025-05-25,104,2,0,0,0,0,0,2,0,0,0,0,0
4124,632365625774,DIPPIN DOTS 20CT SUGAR COATED ,CANDYS,2.0,2,1.0,0.08,10.99,10.99,10.99,10.99,9.18,1.81,16.5,Stable,0.0,Stable,0.0,2025-04-04,2025-07-06,61,2,0,0,0,0,0,2,0,0,0,0,0
4125,801822505687,CUTTER SET 8 PCS,HARDWARE,2.0,2,1.0,0.0,0.99,0.99,0.99,0.99,0.55,0.44,44.4,Stable,0.0,Stable,0.0,2025-04-27,2025-06-06,91,2,2,0,0,0,0,0,0,0,0,0,0
4126,037000512189,CREST TOOTHPASTE 2.2/2.7OZ 1CT,CLEANING PRODUCTS,2.0,1,2.0,0.17,1.59,1.59,1.59,1.59,0.9,0.69,43.4,Stable,0.0,Stable,0.0,2025-08-17,2025-08-17,19,1,0,1,0,0,0,0,0,0,0,0,0
4127,16285049269705,VIVA ZEN ULT MIT120 HONEY 12CT,KRATOM,2.0,2,1.0,0.0,75.0,75.0,75.00,75.00,66.0,9.0,12.0,Stable,0.0,Stable,0.0,2025-04-04,2025-04-10,148,2,0,0,0,0,0,0,0,2,0,0,0
4128,6906926549880,DIAMOND AC CABLE 12CT TYPE C,CELLUAR ACCESSORIES,2.0,2,1.0,0.08,19.99,19.99,19.99,19.99,15.0,4.99,25.0,Stable,0.0,Stable,0.0,2025-04-10,2025-07-02,65,2,0,0,0,0,0,2,0,0,0,0,0
4129,185092030064,PALMETTO MENTHOL GREEN BX,CIGARETTE,2.0,1,2.0,0.0,26.99,26.99,26.99,26.99,25.5,1.49,5.5,Stable,0.0,Stable,0.0,2025-04-16,2025-04-16,142,1,0,0,0,0,0,0,1,0,0,0,0
4130,058847189907,FIRSTFORCE GLASS CLEANER 64OZ,CLEANING PRODUCTS,2.0,2,2.0,0.17,1.79,1.79,1.79,1.79,0.92,0.88,48.9,Stable,0.0,Stable,0.0,2025-08-03,2025-08-04,33,1,0,2,0,0,0,0,0,0,0,0,0
4131,717340437549,CAKE 2G LIVE RESIN D8 5CT,ECIG - DISP D8,2.0,1,2.0,0.17,70.0,70.0,70.00,70.00,68.75,1.25,1.8,Stable,0.0,Stable,0.0,2025-08-17,2025-08-17,19,1,0,0,0,0,0,0,0,1,0,0,0
4132,022000114891,ORBIT GUM 12CT - BUBBLEMINT ,GUMS/CHICLETS,2.0,2,1.0,0.0,13.99,13.99,13.99,13.99,11.38,2.61,18.7,Stable,0.0,Stable,0.0,2025-04-06,2025-04-13,145,2,0,0,0,0,0,2,0,0,0,0,0
4133,035000463838,COLGATE TOOTH PASTE 4.8OZ 1CT,HOUSEHOLD GOODS,2.0,1,2.0,0.0,2.79,2.79,2.79,2.79,1.85,0.94,33.7,Stable,0.0,Stable,0.0,2025-03-18,2025-03-18,172,1,0,0,1,0,0,0,0,0,0,0,0
4134,801822401071,CABLE CLIPS 40107,HARDWARE,2.0,2,1.0,0.0,1.49,1.49,1.49,1.49,0.65,0.84,56.4,Stable,0.0,Stable,0.0,2025-03-26,2025-04-27,132,2,0,2,0,0,0,0,0,0,0,0,0
4135,BLISTEX12,BLISTEX MEDICATED LIP BLM 12CT,NOVELTY ITEMS,2.0,1,2.0,0.17,14.99,14.99,14.99,14.99,12.0,2.99,19.9,Stable,0.0,Stable,0.0,2025-06-22,2025-06-22,76,1,0,0,0,0,0,1,0,0,0,0,0
4136,LAB10,LAB D KEYCHAIN 10CT,MISC,2.0,1,2.0,0.17,21.99,21.99,21.99,21.99,19.9,2.09,9.5,Stable,0.0,Stable,0.0,2025-08-09,2025-08-09,27,1,0,0,0,0,0,0,1,0,0,0,0
4137,034000723362,ICE BREAKERS DUO 8CT- RASPBRY,GUMS/CHICLETS,2.0,2,1.0,0.0,16.99,16.99,16.99,16.99,13.6,3.39,20.0,Stable,0.0,Stable,0.0,2025-05-13,2025-05-27,101,2,0,0,0,0,0,2,0,0,0,0,0
4138,812615006731,CLIPPER CIGAR 10CT STRAWBERRY,CIGARS,2.0,1,2.0,0.0,11.99,11.99,11.99,11.99,7.45,4.54,37.9,Stable,0.0,Stable,0.0,2025-03-13,2025-03-13,176,1,0,0,0,0,0,1,0,0,0,0,0
4139,619682999023,TRUE HEMP 25/2CT BANANA,BLUNT WRAP,2.0,2,1.0,0.17,5.0,5.0,0.00,9.99,8.0,-3.0,-60.2,Stable,0.0,Down,-200.0,2025-07-27,2025-09-01,5,2,1,0,0,0,1,0,0,0,0,0,0
4140,6291108161203,AL FAKHER 10 X 50GM GUM,LT-TAX PAID,2.0,2,1.0,0.08,17.49,17.99,16.99,17.99,15.5,1.99,11.4,Stable,0.0,Up,5.7,2025-04-20,2025-07-29,38,2,0,0,0,0,0,2,0,0,0,0,0
4141,6291108164105,AL FAKHER 10 X 50GM 2 APL BHRN,LT-TAX PAID,2.0,2,1.0,0.08,17.24,17.99,16.49,17.99,15.5,1.74,10.1,Stable,0.0,Up,8.7,2025-03-25,2025-07-19,49,2,0,0,0,0,0,2,0,0,0,0,0
4142,6291108162491,AL FAKHER 10 X 50GM GRAPE ,LT-TAX PAID,2.0,2,1.0,0.0,16.74,16.74,16.49,16.99,15.5,1.24,7.4,Stable,0.0,Stable,3.0,2025-03-10,2025-05-14,115,2,0,0,0,0,0,2,0,0,0,0,0
4143,741961221034,RHINO 69 GUMMY BAG 24CT/BX,CBD/HEMP,2.0,2,1.0,0.08,23.5,24.0,22.99,24.00,18.0,5.5,23.4,Stable,0.0,Stable,4.3,2025-03-10,2025-07-08,60,2,0,0,0,0,0,0,2,0,0,0,0
4144,PTT96,PREMIER TOILET TISSUE 96CT,HOUSEHOLD GOODS,2.0,2,2.0,0.17,45.99,45.99,45.99,45.99,32.5,13.49,29.3,Stable,0.0,Stable,0.0,2025-08-10,2025-08-11,25,1,0,0,0,0,0,0,2,0,0,0,0
4145,6291108161869,AL FAKHER 10 X 50GM CHERRY ,LT-TAX PAID,2.0,2,1.0,0.17,17.99,17.99,17.99,17.99,15.5,2.49,13.8,Stable,0.0,Stable,0.0,2025-07-07,2025-07-29,38,2,0,0,0,0,0,2,0,0,0,0,0
4146,071610340909,BACKWOODS SELECT 10/3CT SATIN,CIGARS,2.0,2,2.0,0.0,36.99,36.99,36.99,36.99,27.51,9.48,25.6,Stable,0.0,Stable,0.0,2025-03-10,2025-03-15,175,1,0,0,0,0,0,0,2,0,0,0,0
4147,6291108161517,AL FAKHER 10 X 50GM LEMON ,LT-TAX PAID,2.0,2,1.0,0.0,16.74,16.74,16.49,16.99,15.5,1.24,7.4,Stable,0.0,Stable,3.0,2025-03-29,2025-05-16,113,2,0,0,0,0,0,2,0,0,0,0,0
4148,840170608879,VELO PLUS 3MG 5CT - WINTERGRN,NICOTINE POUCHES,2.0,2,1.0,0.17,21.49,21.49,21.49,21.49,20.68,0.81,3.8,Stable,0.0,Stable,0.0,2025-08-26,2025-08-31,5,2,0,0,0,0,0,0,2,0,0,0,0
4149,RF,RESTOCK FEE,MISC,2.0,1,2.0,0.0,3.3,3.3,3.30,3.30,0.0,3.3,100.0,Stable,0.0,Stable,0.0,2025-04-11,2025-04-11,147,1,0,0,0,1,0,0,0,0,0,0,0
4150,10811020000003,SLEEP WALKER 2CT BLISTER BOX,VITAMINS,2.0,2,1.0,0.0,39.0,39.0,39.00,39.00,37.0,2.0,5.1,Stable,0.0,Stable,0.0,2025-04-02,2025-04-30,128,2,0,0,0,0,0,0,2,0,0,0,0
4151,012300345231,CAMEL SNUS ROBURST 5CT,T7 SMOKELESS GA,2.0,2,1.0,0.08,33.24,33.49,32.99,33.49,28.15,5.09,15.3,Stable,0.0,Stable,1.5,2025-04-29,2025-07-29,39,2,0,0,0,0,0,0,2,0,0,0,0
4152,8699415913160,VITA WNDR HONEY 12CT,VITAMINS,2.0,2,1.0,0.0,9.99,9.99,9.99,9.99,18.0,-8.01,-80.2,Stable,0.0,Stable,0.0,2025-04-16,2025-05-05,124,2,0,0,0,0,2,0,0,0,0,0,0
4153,802284004664,EDGEFIELD SILVER 100 BOX 10CT,CIGARETTE,2.0,1,2.0,0.0,36.69,36.69,36.69,36.69,34.09,2.6,7.1,Stable,0.0,Stable,0.0,2025-05-28,2025-05-28,100,1,0,0,0,0,0,0,1,0,0,0,0
4154,TT12,TECHNOTORCH SLANT LGT 12CT,LIGHTERS,2.0,2,1.0,0.0,55.0,55.0,54.99,55.00,48.5,6.49,11.8,Stable,0.0,Stable,0.0,2025-03-15,2025-05-12,117,2,0,0,0,0,0,0,0,2,0,0,0
4155,842426155243,GT WOODS WRAP 30/2CT SWT ARM,BLUNT WRAP,2.0,2,1.0,0.0,32.99,32.99,32.99,32.99,30.0,2.99,9.1,Stable,0.0,Stable,0.0,2025-04-10,2025-05-17,112,2,0,0,0,0,0,0,2,0,0,0,0
4156,78574,STP 78574 OCTANE BOOSTER 12CT,AUTOMOTIVE,2.0,2,1.0,0.17,65.99,65.99,65.99,65.99,49.95,16.04,24.3,Stable,0.0,Stable,0.0,2025-07-20,2025-08-19,17,2,0,0,0,0,0,0,0,2,0,0,0
4157,0925130,DIAMOND AC 10FT 15CT USBC - C,CELLUAR ACCESSORIES,2.0,2,1.0,0.17,49.99,49.99,49.99,49.99,33.75,16.24,32.5,Stable,0.0,Stable,0.0,2025-06-16,2025-08-13,23,2,0,0,0,0,0,0,2,0,0,0,0
4158,3014260428884,GILLETTE BLUE PLUS 12/2PK ,COSMETICS & BEAUTY,2.0,1,2.0,0.17,16.99,16.99,16.99,16.99,8.88,8.11,47.7,Stable,0.0,Stable,0.0,2025-08-01,2025-08-01,35,1,0,0,0,0,0,1,0,0,0,0,0
4159,044600008899,FORMULA 409 CLEANER A2 4OZ,NOVELTY ITEMS,2.0,1,2.0,0.17,5.49,5.49,5.49,5.49,3.47,2.02,36.8,Stable,0.0,Stable,0.0,2025-08-25,2025-08-25,12,1,0,0,0,0,1,0,0,0,0,0,0
4160,023604207231,TWANG SALT 200CT SWT SR CHILI,FOOD,2.0,2,1.0,0.08,15.99,15.99,15.99,15.99,7.49,8.5,53.2,Stable,0.0,Stable,0.0,2025-05-06,2025-09-02,3,2,0,0,0,0,0,2,0,0,0,0,0
4161,00768395525088,FINDERS KEEPERS 6CT LOL,CANDYS,2.0,1,2.0,0.0,12.99,12.99,12.99,12.99,10.02,2.97,22.9,Stable,0.0,Stable,0.0,2025-03-27,2025-03-27,162,1,0,0,0,0,0,1,0,0,0,0,0
4162,JUST CBD 60CT,JUST CBD H/S CINNAMON 60CT,VITAMINS,2.0,1,2.0,0.17,30.0,30.0,30.00,30.00,36.0,-6.0,-20.0,Stable,0.0,Stable,0.0,2025-06-15,2025-06-15,82,1,0,0,0,0,0,0,1,0,0,0,0
4163,10853195000587,EAGLE PT132N PEN TORCH 12CT,NOVELTY ITEMS,2.0,2,1.0,0.0,36.99,36.99,36.99,36.99,29.25,7.74,20.9,Stable,0.0,Stable,0.0,2025-03-21,2025-04-04,155,2,0,0,0,0,0,0,2,0,0,0,0
4164,878848890141,CLEANHOUSE MOUSE GLUE TRAP 4CT,CLEANING PRODUCTS,2.0,1,2.0,0.17,1.29,1.29,1.29,1.29,0.62,0.67,51.6,Stable,0.0,Stable,0.0,2025-08-18,2025-08-18,19,1,0,1,0,0,0,0,0,0,0,0,0
4165,5060521429884,CLEARANCE EASE 8000 PUFFS 10CT,ELECTRONIC CIG,2.0,1,2.0,0.0,29.99,29.99,29.99,29.99,66.9,-36.91,-123.1,Stable,0.0,Stable,0.0,2025-04-18,2025-04-18,141,1,0,0,0,0,0,0,1,0,0,0,0
4166,722429640444,AWESOME LAUNDRY DTRGNT 64OZ,CLEANING PRODUCTS,2.0,1,2.0,0.17,3.79,3.79,3.79,3.79,2.0,1.79,47.2,Stable,0.0,Stable,0.0,2025-06-19,2025-06-19,79,1,0,0,0,1,0,0,0,0,0,0,0
4167,676979913063,PAPER CUPS DESIGN 12OZ 24CT ,HOUSEHOLD GOODS,2.0,1,2.0,0.17,2.49,2.49,2.49,2.49,1.61,0.88,35.3,Stable,0.0,Stable,0.0,2025-08-10,2025-08-10,27,1,0,0,1,0,0,0,0,0,0,0,0
4168,655708119525,TYLENOL E/S BLSTR 12/2CT,MEDICINE,2.0,2,1.0,0.08,6.99,6.99,6.99,6.99,5.88,1.11,15.9,Stable,0.0,Stable,0.0,2025-05-12,2025-06-18,79,2,0,0,0,0,2,0,0,0,0,0,0
4169,726597633512,FADED KO LR 2.5G DISP 6CT,ECIG - DISP D8,2.0,1,2.0,0.0,60.0,60.0,60.00,60.00,57.5,2.5,4.2,Stable,0.0,Stable,0.0,2025-03-24,2025-03-24,165,1,0,0,0,0,0,0,0,1,0,0,0
4170,716165200253,RAW PERFORTED GUMMED TIP 24CT,CIG ROLLING PAPER,2.0,1,2.0,0.0,14.99,14.99,14.99,14.99,12.0,2.99,19.9,Stable,0.0,Stable,0.0,2025-03-22,2025-03-22,168,1,0,0,0,0,0,1,0,0,0,0,0
4171,SP350,MINI PIPE & GRINDER SET 1CT,NOVELTY ITEMS,2.0,1,2.0,0.0,4.5,4.5,4.50,4.50,3.5,1.0,22.2,Stable,0.0,Stable,0.0,2025-05-19,2025-05-19,109,1,0,0,0,1,0,0,0,0,0,0,0
4172,801822503690,DS SCREWS ASSORTED 77PC HOWDY,HARDWARE,2.0,2,1.0,0.0,1.59,1.59,1.59,1.59,0.55,1.04,65.4,Stable,0.0,Stable,0.0,2025-03-15,2025-05-08,121,2,0,2,0,0,0,0,0,0,0,0,0
4173,033300666423,KAYAK FC NATURAL $2.29 10CT,T7 SMOKELESS GA,2.0,2,1.0,0.17,13.99,13.99,13.99,13.99,11.46,2.53,18.1,Stable,0.0,Stable,0.0,2025-08-24,2025-09-03,2,2,0,0,0,0,0,2,0,0,0,0,0
4174,66622,WARNER EARPHONE 12CT IPHONE,CELLUAR ACCESSORIES,2.0,2,1.0,0.0,29.99,29.99,29.99,29.99,21.0,8.99,30.0,Stable,0.0,Stable,0.0,2025-03-18,2025-06-03,95,2,0,0,0,0,0,0,2,0,0,0,0
4175,8414646310744,SUPER SCHOOL GLUE STICKS,STATIONARY,2.0,1,2.0,0.17,0.89,0.89,0.89,0.89,0.45,0.44,49.4,Stable,0.0,Stable,0.0,2025-07-11,2025-07-11,56,1,1,0,0,0,0,0,0,0,0,0,0
4176,801822502129,"WOOD NAILS 3"" HOWDY T-50212",HARDWARE,2.0,1,2.0,0.0,0.99,0.99,0.99,0.99,0.5,0.49,49.5,Stable,0.0,Stable,0.0,2025-03-15,2025-03-15,175,1,1,0,0,0,0,0,0,0,0,0,0
4177,GEN16,WARNER DISPLAY 10FT CABLE 96CT,CBD/HEMP,2.0,1,2.0,0.17,279.99,279.99,279.99,279.99,235.0,44.99,16.1,Stable,0.0,Stable,0.0,2025-07-30,2025-07-30,38,1,0,0,0,0,0,0,0,0,0,1,0
4178,787692835560,LENNY & LARRY 12CT OAT RAISIN,COOKIES,2.0,2,2.0,0.17,22.49,22.49,22.49,22.49,15.63,6.86,30.5,Stable,0.0,Stable,0.0,2025-08-10,2025-08-12,25,1,0,0,0,0,0,0,2,0,0,0,0
4179,033300518166,RAILROAD MILLS SNUFF SWEET 1CT,T7 SMOKELESS GA,2.0,1,2.0,0.0,41.0,41.0,41.00,41.00,39.58,1.42,3.5,Stable,0.0,Stable,0.0,2025-04-23,2025-04-23,136,1,0,0,0,0,0,0,1,0,0,0,0
4180,072790000157,MAGIC SHAVING POWDER BLUE 5.OZ,COSMETICS & BEAUTY,2.0,2,1.0,0.08,2.99,2.99,2.99,2.99,1.95,1.04,34.8,Stable,0.0,Stable,0.0,2025-04-03,2025-07-05,62,2,0,0,2,0,0,0,0,0,0,0,0
4181,801822705391,DUCK TAPE BLACK 1CT,HARDWARE,2.0,1,2.0,0.17,1.19,1.19,1.19,1.19,0.48,0.71,59.7,Stable,0.0,Stable,0.0,2025-09-02,2025-09-02,3,1,0,1,0,0,0,0,0,0,0,0,0
4182,033300611270,TOPS DRY SNUFF RED 12 CT,T7 SMOKELESS GA,2.0,2,1.0,0.0,144.99,144.99,144.99,144.99,135.91,9.08,6.3,Stable,0.0,Stable,0.0,2025-03-31,2025-05-11,118,2,0,0,0,0,0,0,0,0,2,0,0
4183,784762070012,ZIG ZAG CONES 15/2CT STRT UP,BLUNT WRAP,2.0,2,1.0,0.08,10.99,10.99,10.99,10.99,9.3,1.69,15.4,Stable,0.0,Stable,0.0,2025-04-30,2025-06-24,74,2,0,0,0,0,0,2,0,0,0,0,0
4184,784762070074,ZIG ZAG CONES 15/2CT BLUEBERRY,BLUNT WRAP,2.0,2,1.0,0.08,10.99,10.99,10.99,10.99,9.3,1.69,15.4,Stable,0.0,Stable,0.0,2025-04-30,2025-06-24,74,2,0,0,0,0,0,2,0,0,0,0,0
4185,8697288521284,BEYOGLU DUBAI CHOC. 35G 24CT,CANDYS,2.0,2,2.0,0.17,42.0,42.0,42.00,42.00,32.0,10.0,23.8,Stable,0.0,Stable,0.0,2025-09-05,2025-09-05,1,1,0,0,0,0,0,0,2,0,0,0,0
4186,5029053560762,KLEENEX POCKT TISSUE 8CT,HOUSEHOLD GOODS,2.0,2,1.0,0.08,1.59,1.59,1.59,1.59,1.12,0.47,29.6,Stable,0.0,Stable,0.0,2025-05-28,2025-07-06,61,2,0,2,0,0,0,0,0,0,0,0,0
4187,195893773725,SPLIFFY LEAF 10CT,LT-TAX-COLLECTED,2.0,1,2.0,0.17,54.99,54.99,54.99,54.99,40.0,14.99,27.3,Stable,0.0,Stable,0.0,2025-06-16,2025-06-16,82,1,0,0,0,0,0,0,0,1,0,0,0
4188,042100011326,GRIZZLY PREM DARK LC MINT 5CT,T7 SMOKELESS GA,2.0,2,1.0,0.17,26.29,26.29,26.09,26.49,21.6,4.69,17.8,Stable,0.0,Stable,-1.5,2025-07-10,2025-08-01,36,2,0,0,0,0,0,0,2,0,0,0,0
4189,033300230266,KAYAK TUB 14.4OZ LC STRGHT,T7 SMOKELESS GA,2.0,1,2.0,0.17,16.49,16.49,16.49,16.49,15.14,1.35,8.2,Stable,0.0,Stable,0.0,2025-08-15,2025-08-15,22,1,0,0,0,0,0,1,0,0,0,0,0
4190,707670190290,TECHNO BLASTER TORCH 1CT,LIGHTERS,2.0,1,2.0,0.0,8.25,8.25,8.25,8.25,7.0,1.25,15.2,Stable,0.0,Stable,0.0,2025-03-13,2025-03-13,177,1,0,0,0,0,1,0,0,0,0,0,0
4191,077170119986,JOB VIRGIN CONE 1.25 6PK 32CT,CIG ROLLING PAPER,2.0,2,1.0,0.08,34.99,34.99,34.99,34.99,26.4,8.59,24.5,Stable,0.0,Stable,0.0,2025-05-17,2025-08-18,19,2,0,0,0,0,0,0,2,0,0,0,0
4192,764053452864,"GT. 6"" FM PLT 25PC 1CT PNK/BL",HOUSEHOLD GOODS,2.0,1,2.0,0.0,0.89,0.89,0.89,0.89,0.65,0.24,27.0,Stable,0.0,Stable,0.0,2025-05-07,2025-05-07,121,1,1,0,0,0,0,0,0,0,0,0,0
4193,784762072337,ZIG ZAG CIG 3/99 15/3CT STRBRY,CIGARS,2.0,2,1.0,0.08,10.99,10.99,10.99,10.99,7.35,3.64,33.1,Stable,0.0,Stable,0.0,2025-04-26,2025-08-03,34,2,0,0,0,0,0,2,0,0,0,0,0
4194,021610502345,DM 4PK 5/4CT HONEY SPORT,CIGARS,2.0,2,1.0,0.0,27.99,27.99,27.99,27.99,20.2,7.79,27.8,Stable,0.0,Stable,0.0,2025-04-05,2025-04-18,141,2,0,0,0,0,0,0,2,0,0,0,0
4195,018026361609,ELEGANT FACIAL SOFT TISSUE 1CT,HOUSEHOLD GOODS,2.0,1,2.0,0.17,1.49,1.49,1.49,1.49,0.78,0.71,47.7,Stable,0.0,Stable,0.0,2025-08-24,2025-08-24,13,1,0,1,0,0,0,0,0,0,0,0,0
4196,018026024405,SMART VALUE PPR PLATE 9IN 40CT,MISC,2.0,1,2.0,0.17,1.99,1.99,1.99,1.99,0.91,1.08,54.3,Stable,0.0,Stable,0.0,2025-08-17,2025-08-17,20,1,0,1,0,0,0,0,0,0,0,0,0
4197,676979861685,U B&W CONTAINERS 38OZ 10PK 1CT,HOUSEHOLD GOODS,2.0,1,2.0,0.17,3.99,3.99,3.99,3.99,2.39,1.6,40.1,Stable,0.0,Stable,0.0,2025-08-20,2025-08-20,17,1,0,0,0,1,0,0,0,0,0,0,0
4198,676979861678,U B&W CONTAINERS 32OZ 10PK 1CT,HOUSEHOLD GOODS,2.0,1,2.0,0.17,3.99,3.99,3.99,3.99,2.39,1.6,40.1,Stable,0.0,Stable,0.0,2025-08-20,2025-08-20,17,1,0,0,0,1,0,0,0,0,0,0,0
4199,HP268BB,SILICONE BABY BOTTLE HAND PIPE,NOVELTY ITEMS,2.0,1,2.0,0.0,4.0,4.0,4.00,4.00,2.99,1.01,25.2,Stable,0.0,Stable,0.0,2025-03-21,2025-03-21,168,1,0,0,0,1,0,0,0,0,0,0,0
4200,04223719,KODIAK STRAIGHT 5CT,T7 SMOKELESS GA,2.0,1,2.0,0.0,30.49,30.49,30.49,30.49,27.95,2.54,8.3,Stable,0.0,Stable,0.0,2025-03-12,2025-03-12,177,1,0,0,0,0,0,0,1,0,0,0,0
4201,9782202100580,CLEARANCE RARE SIPPP 8000 10CT,ELECTRONIC CIG,2.0,2,1.0,0.08,34.99,34.99,34.99,34.99,42.5,-7.51,-21.5,Stable,0.0,Stable,0.0,2025-04-09,2025-08-23,13,2,0,0,0,0,0,0,2,0,0,0,0
4202,6291108161791,AL FAKHER 10 X 50GM COCKTAIL ,LT-TAX PAID,2.0,2,1.0,0.17,17.99,17.99,17.99,17.99,15.5,2.49,13.8,Stable,0.0,Stable,0.0,2025-07-15,2025-07-29,38,2,0,0,0,0,0,2,0,0,0,0,0
4203,817127027120,DOPPYWOODS 8/5CT DARK LEAF,CIGARS,2.0,2,1.0,0.0,27.99,27.99,27.99,27.99,21.0,6.99,25.0,Stable,0.0,Stable,0.0,2025-04-18,2025-04-26,133,2,0,0,0,0,0,0,2,0,0,0,0
4204,LBC56,LAB D DOLL IN NET 56CT,MISC,2.0,2,1.0,0.17,155.0,155.0,140.00,170.00,108.0,47.0,30.3,Stable,0.0,Down,-19.4,2025-07-25,2025-07-29,38,2,0,0,0,0,0,0,0,0,2,0,0
4205,072108810140,MOON PIE BLUEBERRY 9CT,COOKIES,2.0,2,1.0,0.17,5.49,5.49,5.49,5.49,4.6,0.89,16.2,Stable,0.0,Stable,0.0,2025-07-26,2025-08-14,22,2,0,0,0,0,2,0,0,0,0,0,0
4206,791684067686,ROYAL HONEY DELTA 20GM 12CT/BX,VITAMINS,2.0,2,2.0,0.0,16.0,16.0,15.00,16.99,9.99,6.0,37.5,Stable,0.0,Stable,0.0,2025-03-18,2025-03-21,169,1,0,0,0,0,0,2,0,0,0,0,0
4207,737488029123,CLICKIT LIGHT UP BODY FIG 20CT,LIGHTERS,2.0,2,1.0,0.0,53.75,53.75,52.50,55.00,50.5,3.25,6.0,Stable,0.0,Stable,4.7,2025-03-21,2025-05-12,117,2,0,0,0,0,0,0,0,2,0,0,0
4208,649964308380,WILD HEMP CONE 1.25 WHT 50CT,CIG ROLLING PAPER,2.0,1,2.0,0.0,3.99,3.99,3.99,3.99,2.99,1.0,25.1,Stable,0.0,Stable,0.0,2025-06-01,2025-06-01,97,1,0,0,0,1,0,0,0,0,0,0,0
4209,842426157230,GT 3/92 WATERMELON 15/3CT,CIGARS,2.0,2,1.0,0.17,7.99,7.99,7.99,7.99,5.25,2.74,34.3,Stable,0.0,Stable,0.0,2025-06-22,2025-08-27,9,2,0,0,0,0,2,0,0,0,0,0,0
4210,737488028614,CLICKIT CIGG SLIDE FLAME 30CT,MISC,2.0,2,1.0,0.08,66.25,65.0,65.00,67.50,55.0,11.25,17.0,Stable,0.0,Stable,-3.8,2025-05-15,2025-08-30,7,2,0,0,0,0,0,0,0,2,0,0,0
4211,716165256373,RAW TERP CONES 12/6CT PRPL APE,CIG ROLLING PAPER,2.0,1,2.0,0.17,0.0,0.0,0.00,0.00,42.75,-42.75,0.0,Stable,0.0,Stable,0.0,2025-07-04,2025-07-04,64,1,1,0,0,0,0,0,0,0,0,0,0
4212,737488028973,CLICKIT TRANSPARENT LGT 25CT ,MISC,2.0,2,1.0,0.0,67.5,67.5,67.50,67.50,60.0,7.5,11.1,Stable,0.0,Stable,0.0,2025-03-21,2025-05-25,104,2,0,0,0,0,0,0,0,2,0,0,0
4213,WP20,WINDROOF POKER LIGHTER 20CT,LIGHTERS,2.0,2,1.0,0.08,46.25,45.0,45.00,47.50,42.5,3.75,8.1,Stable,0.0,Down,-5.4,2025-05-26,2025-08-20,17,2,0,0,0,0,0,0,2,0,0,0,0
4214,633632984396,DREAM ELECTRIC HOT PLATE 1CT,NOVELTY ITEMS,2.0,2,1.0,0.0,13.5,13.5,12.00,14.99,9.76,3.73,27.7,Stable,0.0,Up,22.2,2025-05-26,2025-06-03,95,2,0,0,0,0,0,2,0,0,0,0,0
4215,072084057423,FRUNAS L 48CT CHERRY,CANDYS,2.0,2,1.0,0.17,5.49,5.49,5.49,5.49,4.39,1.1,20.0,Stable,0.0,Stable,0.0,2025-07-13,2025-08-31,5,2,0,0,0,0,2,0,0,0,0,0,0
4216,H159,SILICONE SPACE CAPSULES H159,NOVELTY ITEMS,2.0,1,2.0,0.0,14.99,14.99,14.99,14.99,10.75,4.24,28.3,Stable,0.0,Stable,0.0,2025-05-07,2025-05-07,121,1,0,0,0,0,0,1,0,0,0,0,0
4217,725272730133,STEAM ROLLER SET 1CT,NOVELTY ITEMS,2.0,1,2.0,0.0,6.5,6.5,6.50,6.50,4.5,2.0,30.8,Stable,0.0,Stable,0.0,2025-04-04,2025-04-04,155,1,0,0,0,0,1,0,0,0,0,0,0
4218,842426174541,GT MINI 3/1.19 GRN SWT 45CT,CIGAR GA,2.0,2,1.0,0.17,10.99,10.99,10.99,10.99,9.33,1.66,15.1,Stable,0.0,Stable,0.0,2025-06-30,2025-08-12,25,2,0,0,0,0,0,2,0,0,0,0,0
4219,810173280044,BLAZY SUS RICE CN 1 1/4 21/6CT,CIG ROLLING PAPER,2.0,2,1.0,0.17,28.99,28.99,28.99,28.99,24.68,4.31,14.9,Stable,0.0,Stable,0.0,2025-07-01,2025-08-25,11,2,0,0,0,0,0,0,2,0,0,0,0
4220,KEY CHAIN SET,KEY CHAIN SET 12CT,HOUSEHOLD GOODS,2.0,1,2.0,0.0,8.0,8.0,8.00,8.00,4.99,3.01,37.6,Stable,0.0,Stable,0.0,2025-03-31,2025-03-31,158,1,0,0,0,0,1,0,0,0,0,0,0
4221,10850018987049,KING PALM MINI WMELON WAV 20CT,BLUNT WRAP,2.0,2,1.0,0.08,27.99,27.99,27.99,27.99,25.99,2.0,7.1,Stable,0.0,Stable,0.0,2025-05-31,2025-07-15,53,2,0,0,0,0,0,0,2,0,0,0,0
4222,737488029116,CLICKIT TORCH 2IN1 FLAME 20CT ,MISC,2.0,2,1.0,0.17,59.0,59.0,59.00,59.00,50.0,9.0,15.3,Stable,0.0,Stable,0.0,2025-07-14,2025-08-15,22,2,0,0,0,0,0,0,0,2,0,0,0
4223,737488029376,CLICKIT FIRE EXTINGUISHER 25CT,MISC,2.0,2,1.0,0.0,58.0,58.0,57.50,58.50,50.75,7.25,12.5,Stable,0.0,Stable,1.7,2025-04-27,2025-06-05,93,2,0,0,0,0,0,0,0,2,0,0,0
4224,10819913014984,JUUL VIRGINIA TOB 3% 2PK 8CT,ECIG - PODS,2.0,2,1.0,0.17,72.99,72.99,72.99,72.99,61.92,11.07,15.2,Stable,0.0,Stable,0.0,2025-06-19,2025-07-23,44,2,0,0,0,0,0,0,0,2,0,0,0
4225,RPM087,FANCY GLASS BONG RPM087,NOVELTY ITEMS,2.0,2,2.0,0.17,42.0,42.0,42.00,42.00,36.0,6.0,14.3,Stable,0.0,Stable,0.0,2025-07-14,2025-07-14,53,1,0,0,0,0,0,0,2,0,0,0,0
4226,012300119818,CAMEL CRUSH MENT SMOOTH 10CT,CIGARETTE,2.0,2,1.0,0.17,86.79,86.79,86.79,86.79,84.41,2.38,2.7,Stable,0.0,Stable,0.0,2025-08-02,2025-08-04,33,2,0,0,0,0,0,0,0,2,0,0,0
4227,TEXF,HAVOLINE ATF TYPE F 12CT,AUTOMOTIVE,2.0,2,1.0,0.08,57.99,57.99,57.99,57.99,45.0,12.99,22.4,Stable,0.0,Stable,0.0,2025-06-06,2025-08-13,24,2,0,0,0,0,0,0,0,2,0,0,0
4228,801822401064,CUTTER SET 3PCS 40106,HARDWARE,2.0,1,2.0,0.17,1.99,1.99,1.99,1.99,0.7,1.29,64.8,Stable,0.0,Stable,0.0,2025-07-06,2025-07-06,62,1,0,1,0,0,0,0,0,0,0,0,0
4229,801822400876,DOOR HINGES 40087,HARDWARE,2.0,1,2.0,0.0,2.99,2.99,2.99,2.99,0.7,2.29,76.6,Stable,0.0,Stable,0.0,2025-04-27,2025-04-27,132,1,0,0,1,0,0,0,0,0,0,0,0
4230,801822400586,WOOD CARVING SET 6PCS,HARDWARE,2.0,2,1.0,0.17,1.99,1.99,1.99,1.99,0.65,1.34,67.3,Stable,0.0,Stable,0.0,2025-06-14,2025-08-26,10,2,0,2,0,0,0,0,0,0,0,0,0
4231,071610302778,BACKWOODS 1PK 24/1CT DK STOUT,CIGARS,2.0,2,1.0,0.08,25.74,25.99,25.49,25.99,18.0,7.74,30.1,Stable,0.0,Stable,1.9,2025-04-24,2025-06-15,83,2,0,0,0,0,0,0,2,0,0,0,0
4232,802284004473,EDGEFIELD SILVER BOX,CIGARETTE,2.0,1,2.0,0.0,36.69,36.69,36.69,36.69,34.09,2.6,7.1,Stable,0.0,Stable,0.0,2025-05-13,2025-05-13,116,1,0,0,0,0,0,0,1,0,0,0,0
4233,860012424214,SURGE SHOTS 12/2OZ,VITAMINS,2.0,2,1.0,0.17,57.0,57.0,57.00,57.00,54.0,3.0,5.3,Stable,0.0,Stable,0.0,2025-06-19,2025-07-14,54,2,0,0,0,0,0,0,0,2,0,0,0
4234,079200136468,SWEET TARTS 36CT,CANDYS,2.0,2,1.0,0.08,37.99,37.99,37.99,37.99,30.96,7.03,18.5,Stable,0.0,Stable,0.0,2025-05-30,2025-08-03,33,2,0,0,0,0,0,0,2,0,0,0,0
4235,031700236253,GAME LEAF 8/5CT - BLACK CHERRY,CIGARS,2.0,1,2.0,0.17,23.99,23.99,23.99,23.99,16.75,7.24,30.2,Stable,0.0,Stable,0.0,2025-06-18,2025-06-18,80,1,0,0,0,0,0,0,1,0,0,0,0
4236,802284004411,EDGEFIELD RED BOX 10CT,CIGARETTE,2.0,1,2.0,0.0,36.69,36.69,36.69,36.69,34.09,2.6,7.1,Stable,0.0,Stable,0.0,2025-04-30,2025-04-30,128,1,0,0,0,0,0,0,1,0,0,0,0
4237,887969011854,ZONE 6MM 5CT PEPPERMINT,NICOTINE POUCHES,2.0,2,1.0,0.17,18.99,18.99,18.99,18.99,17.5,1.49,7.8,Stable,0.0,Stable,0.0,2025-07-22,2025-08-11,25,2,0,0,0,0,0,2,0,0,0,0,0
4238,8681511382452,ADALYA 250GM MNG TNGS,LT-TAX PAID,2.0,1,2.0,0.17,10.49,10.49,10.49,10.49,9.0,1.49,14.2,Stable,0.0,Stable,0.0,2025-08-22,2025-08-22,14,1,0,0,0,0,0,1,0,0,0,0,0
4239,676737971137,CIGNATURE 8/5CT HONEY,CIGARS,2.0,2,1.0,0.17,29.99,29.99,29.99,29.99,22.38,7.61,25.4,Stable,0.0,Stable,0.0,2025-07-04,2025-07-11,57,2,0,0,0,0,0,0,2,0,0,0,0
4240,072084057416,FRUNAS L 48CT GREEN APPLE,CANDYS,2.0,2,1.0,0.17,5.49,5.49,5.49,5.49,4.39,1.1,20.0,Stable,0.0,Stable,0.0,2025-07-13,2025-08-31,5,2,0,0,0,0,2,0,0,0,0,0,0
4241,817458026274,WILD HEMP HEMPETTES CIG,CBD/HEMP,2.0,1,2.0,0.17,39.99,39.99,39.99,39.99,46.5,-6.51,-16.3,Stable,0.0,Stable,0.0,2025-06-23,2025-06-23,75,1,0,0,0,0,0,0,1,0,0,0,0
4242,878848140109,ELECTRONIKS A19 BULBS 3PK 60W,HOUSEHOLD GOODS,2.0,1,2.0,0.17,1.29,1.29,1.29,1.29,0.69,0.6,46.6,Stable,0.0,Stable,0.0,2025-08-20,2025-08-20,17,1,0,1,0,0,0,0,0,0,0,0,0
4243,61410,SCORCH QUAD METAL LGT 6CT,LIGHTERS,2.0,2,1.0,0.08,50.75,55.0,46.50,55.00,43.5,7.25,14.3,Stable,0.0,Up,16.7,2025-04-05,2025-08-26,10,2,0,0,0,0,0,0,1,1,0,0,0
4244,716165154464,RAW TRAY LARGE 1CT,NOVELTY ITEMS,2.0,1,2.0,0.17,8.99,8.99,8.99,8.99,6.99,2.0,22.2,Stable,0.0,Stable,0.0,2025-06-15,2025-06-15,83,1,0,0,0,0,1,0,0,0,0,0,0
4245,716165157977,RAW NATURAL TIPS BOOK 480CT,CIG ROLLING PAPER,2.0,2,2.0,0.0,2.99,2.99,2.99,2.99,2.25,0.74,24.7,Stable,0.0,Stable,0.0,2025-03-30,2025-03-30,159,1,0,0,2,0,0,0,0,0,0,0,0
4246,842426185431,GT LEAF WRAP 2/1.79 25CT NATRL,BLUNT WRAP,2.0,2,1.0,0.17,25.99,25.99,25.99,25.99,22.99,3.0,11.5,Stable,0.0,Stable,0.0,2025-08-04,2025-08-26,11,2,0,0,0,0,0,0,2,0,0,0,0
4247,842426185370,GT LEAF WRAP 2/1.79 25CT STRBR,BLUNT WRAP,2.0,2,1.0,0.17,25.99,25.99,25.99,25.99,22.99,3.0,11.5,Stable,0.0,Stable,0.0,2025-08-04,2025-08-13,23,2,0,0,0,0,0,0,2,0,0,0,0
4248,842426185318,GT LEAF WRAP 2/1.79 25CT CHOCL,BLUNT WRAP,2.0,2,1.0,0.17,25.99,25.99,25.99,25.99,22.99,3.0,11.5,Stable,0.0,Stable,0.0,2025-08-04,2025-08-26,11,2,0,0,0,0,0,0,2,0,0,0,0
4249,716165257233,LGT RAW TORCH LIGHTER 20CT,LIGHTERS,2.0,2,1.0,0.17,36.99,36.99,36.99,36.99,29.0,7.99,21.6,Stable,0.0,Stable,0.0,2025-07-17,2025-09-02,3,2,0,0,0,0,0,0,2,0,0,0,0
4250,10854029008731,KING PALM MINI BERRY TERP 20CT,BLUNT WRAP,2.0,2,1.0,0.08,27.99,27.99,27.99,27.99,25.99,2.0,7.1,Stable,0.0,Stable,0.0,2025-03-17,2025-07-15,53,2,0,0,0,0,0,0,2,0,0,0,0
4251,0964750,DIAMOND AC 10FT 15CT USB - IPH,CELLUAR ACCESSORIES,2.0,2,1.0,0.17,22.5,22.5,0.00,45.00,37.5,-15.0,-66.7,Stable,0.0,Up,200.0,2025-06-08,2025-07-18,50,2,1,0,0,0,0,0,1,0,0,0,0
4252,6955109200131,PLAYING CARD CLASSIC 12/12CT,MISC,2.0,2,1.0,0.08,10.99,10.99,10.99,10.99,6.99,4.0,36.4,Stable,0.0,Stable,0.0,2025-05-24,2025-06-30,67,2,0,0,0,0,0,2,0,0,0,0,0
4253,878848900925,ELECTRONIKS EXTNSN CORD 25FT,HOUSEHOLD GOODS,2.0,1,2.0,0.17,11.99,11.99,11.99,11.99,7.16,4.83,40.3,Stable,0.0,Stable,0.0,2025-08-14,2025-08-14,22,1,0,0,0,0,0,1,0,0,0,0,0
4254,801822702284,"RULED I/CARD 4 X6 "" 100SHEETS",STATIONARY,2.0,1,2.0,0.17,1.49,1.49,1.49,1.49,0.48,1.01,67.8,Stable,0.0,Stable,0.0,2025-07-16,2025-07-16,52,1,0,1,0,0,0,0,0,0,0,0,0
4255,077170119887,JOKER JAR 1.25 $.99 72CT,CIG ROLLING PAPER,2.0,2,2.0,0.17,39.99,39.99,39.99,39.99,33.33,6.66,16.7,Stable,0.0,Stable,0.0,2025-06-25,2025-06-27,71,1,0,0,0,0,0,0,2,0,0,0,0
4256,842426155267,GT WOODS WRAP 30/2CT PLATINUM,BLUNT WRAP,2.0,2,1.0,0.0,32.99,32.99,32.99,32.99,30.0,2.99,9.1,Stable,0.0,Stable,0.0,2025-05-03,2025-05-17,112,2,0,0,0,0,0,0,2,0,0,0,0
4257,810134926639,BLAZY SUSAN T LEAF 25/2CT ORIG,BLUNT WRAP,2.0,2,1.0,0.08,20.99,20.99,20.99,20.99,17.74,3.24,15.5,Stable,0.0,Stable,0.0,2025-05-05,2025-07-05,63,2,0,0,0,0,0,0,2,0,0,0,0
4258,810146970200,COLORS WRAPS 25/2CT OPPS,BLUNT WRAP,2.0,1,2.0,0.0,0.0,0.0,0.00,0.00,6.15,-6.15,0.0,Stable,0.0,Stable,0.0,2025-04-06,2025-04-06,153,1,1,0,0,0,0,0,0,0,0,0,0
4259,035549101253,PLASTIC PLATES 9IN 10CT,HOUSEHOLD GOODS,2.0,1,2.0,0.17,1.09,1.09,1.09,1.09,0.84,0.25,22.9,Stable,0.0,Stable,0.0,2025-08-17,2025-08-17,20,1,0,1,0,0,0,0,0,0,0,0,0
4260,LB426,LAB D SURPRISE DOLL 6CT,MISC,2.0,2,2.0,0.17,51.5,51.5,51.00,52.00,42.0,9.5,18.4,Stable,0.0,Stable,0.0,2025-07-14,2025-07-16,51,1,0,0,0,0,0,0,0,2,0,0,0
4261,LB726,LAB D INTERESTING DOLL 6CT,MISC,2.0,2,2.0,0.17,88.5,88.5,87.00,90.00,72.0,16.5,18.6,Stable,0.0,Stable,0.0,2025-07-14,2025-07-17,51,1,0,0,0,0,0,0,0,2,0,0,0
4262,LBC84,LAB D BRACELET 84CT,MISC,2.0,1,2.0,0.17,270.0,270.0,270.00,270.00,189.99,80.01,29.6,Stable,0.0,Stable,0.0,2025-07-14,2025-07-14,53,1,0,0,0,0,0,0,0,0,0,1,0
4263,708926701338,WILDHORSE PIPE TOB 6OZ SMOOTH,LT-TAX PAID,2.0,1,2.0,0.17,5.99,5.99,5.99,5.99,4.83,1.16,19.4,Stable,0.0,Stable,0.0,2025-07-07,2025-07-07,60,1,0,0,0,0,1,0,0,0,0,0,0
4264,849205016290,VUSE RICH TOBACCO 5.0% 5/2CT,ECIG - PODS,2.0,2,1.0,0.08,66.99,66.99,66.99,66.99,60.27,6.72,10.0,Stable,0.0,Stable,0.0,2025-05-27,2025-08-15,22,2,0,0,0,0,0,0,0,2,0,0,0
4265,716165258032,RAW TERP CONES 12/6CT GA PIE,CIG ROLLING PAPER,2.0,2,1.0,0.17,49.99,49.99,49.99,49.99,42.75,7.24,14.5,Stable,0.0,Stable,0.0,2025-07-31,2025-08-04,32,2,0,0,0,0,0,0,2,0,0,0,0
4266,782993370222,DOG BISCUIT CUTTER KIT,MISC,2.0,1,2.0,0.0,0.99,0.99,0.99,0.99,0.0,0.99,100.0,Stable,0.0,Stable,0.0,2025-06-04,2025-06-04,94,1,1,0,0,0,0,0,0,0,0,0,0
4267,762765389508,KRATO PSEUDO PILLS 10/3CT,NOVELTY ITEMS,2.0,2,1.0,0.17,105.0,105.0,105.00,105.00,97.5,7.5,7.1,Stable,0.0,Stable,0.0,2025-08-03,2025-08-21,16,2,0,0,0,0,0,0,0,0,2,0,0
4268,817458026991,WILD HEMP PINEAPPLE BLAZ 200CT,NOVELTY ITEMS,2.0,1,2.0,0.17,39.99,39.99,39.99,39.99,39.83,0.16,0.4,Stable,0.0,Stable,0.0,2025-06-23,2025-06-23,75,1,0,0,0,0,0,0,1,0,0,0,0
4269,817458026946,WILD HEMP SWEET 200CT,NOVELTY ITEMS,2.0,1,2.0,0.17,39.99,39.99,39.99,39.99,39.83,0.16,0.4,Stable,0.0,Stable,0.0,2025-06-23,2025-06-23,75,1,0,0,0,0,0,0,1,0,0,0,0
4270,10811020000164,SLEEP WALKER GRAPE 2OZ 12CT,VITAMINS,2.0,2,1.0,0.17,34.99,34.99,34.99,34.99,30.0,4.99,14.3,Stable,0.0,Stable,0.0,2025-08-09,2025-08-17,19,2,0,0,0,0,0,0,2,0,0,0,0
4271,035549101581,STORAGE BAGS 35CT 11INx12.5IN,HOUSEHOLD GOODS,2.0,1,2.0,0.0,1.49,1.49,1.49,1.49,0.57,0.92,61.6,Stable,0.0,Stable,0.0,2025-05-07,2025-05-07,121,1,0,1,0,0,0,0,0,0,0,0,0
4272,708926701239,WILDHORSE PIPE TOB 6OZ MENTHOL,LT-TAX PAID,2.0,1,2.0,0.17,5.99,5.99,5.99,5.99,4.83,1.16,19.4,Stable,0.0,Stable,0.0,2025-07-03,2025-07-03,64,1,0,0,0,0,1,0,0,0,0,0,0
4273,676979011004,FOILRITE ALUMINUM PAN 2LB 3CT,KITCHEN & TOILET,2.0,1,2.0,0.17,1.59,1.59,1.59,1.59,0.78,0.81,50.9,Stable,0.0,Stable,0.0,2025-06-24,2025-06-24,73,1,0,1,0,0,0,0,0,0,0,0,0
4274,RPM705,FANCY GLASS BONG RPM705~,NOVELTY ITEMS,2.0,1,2.0,0.17,42.0,42.0,42.00,42.00,36.0,6.0,14.3,Stable,0.0,Stable,0.0,2025-07-14,2025-07-14,53,1,0,0,0,0,0,0,1,0,0,0,0
4275,10191554381077,IDEAL KIT SILICONE SPONGE 12CT,CLEANING PRODUCTS,2.0,2,1.0,0.17,14.99,14.99,14.99,14.99,7.8,7.19,48.0,Stable,0.0,Stable,0.0,2025-06-24,2025-07-08,60,2,0,0,0,0,0,2,0,0,0,0,0
4276,022000298737,STARBURST KS GUMMIES ORIG 15CT,CANDYS,2.0,2,1.0,0.08,34.99,34.99,34.99,34.99,27.37,7.62,21.8,Stable,0.0,Stable,0.0,2025-03-18,2025-07-25,42,2,0,0,0,0,0,0,2,0,0,0,0
4277,G16,GATORADE 16.9OZ BOTTLE 12 CT,DRINKS,2.0,2,2.0,0.0,22.99,22.99,22.99,22.99,20.57,2.42,10.5,Stable,0.0,Stable,0.0,2025-05-02,2025-05-02,127,1,0,0,0,0,0,0,2,0,0,0,0
4278,722429241290,AWESOME DEGREASER CLNR 24OZ,CLEANING PRODUCTS,2.0,1,2.0,0.17,2.99,2.99,2.99,2.99,1.33,1.66,55.5,Stable,0.0,Stable,0.0,2025-08-29,2025-08-29,8,1,0,0,1,0,0,0,0,0,0,0,0
4279,801822705438,DUCK TAPE GREEN,HARDWARE,2.0,1,2.0,0.17,1.19,1.19,1.19,1.19,0.48,0.71,59.7,Stable,0.0,Stable,0.0,2025-09-02,2025-09-02,3,1,0,1,0,0,0,0,0,0,0,0,0
4280,689176567496,FADED D11+THC-P DISP 2.5G 6CT,ECIG - DISP D8,2.0,1,2.0,0.0,60.0,60.0,60.00,60.00,57.5,2.5,4.2,Stable,0.0,Stable,0.0,2025-03-24,2025-03-24,165,1,0,0,0,0,0,0,0,1,0,0,0
4281,EVO3,EVOLVE 3 PIECE WRENCH SET,HARDWARE,2.0,1,2.0,0.17,2.99,2.99,2.99,2.99,1.0,1.99,66.6,Stable,0.0,Stable,0.0,2025-07-11,2025-07-11,56,1,0,0,1,0,0,0,0,0,0,0,0
4282,031700237809,WO 2/1.19 30/2CT STRAWBERRY,CIGARS,2.0,1,2.0,0.0,25.99,25.99,25.99,25.99,19.88,6.11,23.5,Stable,0.0,Stable,0.0,2025-03-21,2025-03-21,169,1,0,0,0,0,0,0,1,0,0,0,0
4283,7622201721534,HALLS 20CT COLA + CAFFEINE,CANDYS,2.0,2,1.0,0.0,16.99,16.99,16.99,16.99,14.49,2.5,14.7,Stable,0.0,Stable,0.0,2025-03-18,2025-03-24,165,2,0,0,0,0,0,2,0,0,0,0,0
4284,060631917337,POLLY POCKET RING POP 24CT,CANDYS,2.0,1,2.0,0.0,11.99,11.99,11.99,11.99,10.09,1.9,15.8,Stable,0.0,Stable,0.0,2025-04-11,2025-04-11,148,1,0,0,0,0,0,1,0,0,0,0,0
4285,801822505137,TOUCH LIGHT,HARDWARE,2.0,1,2.0,0.17,1.49,1.49,1.49,1.49,0.65,0.84,56.4,Stable,0.0,Stable,0.0,2025-08-27,2025-08-27,9,1,0,1,0,0,0,0,0,0,0,0,0
4286,796559467202,SLAPWOODS WHOLE LEAF 10CT,LT-TAX-COLLECTED,2.0,2,2.0,0.0,34.99,34.99,34.99,34.99,27.0,7.99,22.8,Stable,0.0,Stable,0.0,2025-03-14,2025-03-14,176,1,0,0,0,0,0,0,2,0,0,0,0
4287,676979860770,HEMORRHOID CREAM 1OZ,MEDICINE,2.0,1,2.0,0.17,1.59,1.59,1.59,1.59,0.51,1.08,67.9,Stable,0.0,Stable,0.0,2025-07-31,2025-07-31,37,1,0,1,0,0,0,0,0,0,0,0,0
4288,077170126359,OCB ORGANIC CONE 1 1/4 6PK,CIG ROLLING PAPER,2.0,2,1.0,0.08,32.99,32.99,32.99,32.99,24.9,8.09,24.5,Stable,0.0,Stable,0.0,2025-04-26,2025-07-30,37,2,0,0,0,0,0,0,2,0,0,0,0
4289,046500018350,OFF FAMILYCARE UNSCENTED 6OZ ,HOUSEHOLD GOODS,2.0,1,2.0,0.17,6.49,6.49,6.49,6.49,5.25,1.24,19.1,Stable,0.0,Stable,0.0,2025-08-01,2025-08-01,36,1,0,0,0,0,1,0,0,0,0,0,0
4290,076174513400,STANLEY 16OZ WOOD RIP HAMMER,HARDWARE,2.0,2,2.0,0.0,7.99,7.99,7.99,7.99,4.23,3.76,47.1,Stable,0.0,Stable,0.0,2025-03-31,2025-04-05,154,1,0,0,0,0,2,0,0,0,0,0,0
4291,090500110071,WINST $0.5OFF RED BOX 10CT,CIGARETTE,2.0,2,1.0,0.17,78.69,78.69,78.69,78.69,70.95,7.74,9.8,Stable,0.0,Stable,0.0,2025-07-24,2025-08-05,31,2,0,0,0,0,0,0,0,2,0,0,0
4292,10857545012046,BOB M HEMP WRAP NATURAL 25/2CT,BLUNT WRAP,2.0,2,1.0,0.0,13.99,13.99,13.99,13.99,12.5,1.49,10.7,Stable,0.0,Stable,0.0,2025-03-13,2025-05-08,120,2,0,0,0,0,0,2,0,0,0,0,0
4293,878848861264,MEASURING TAPE 5M 16FT ICT,HARDWARE,2.0,2,1.0,0.0,2.49,2.49,2.49,2.49,0.7,1.79,72.0,Stable,0.0,Stable,0.0,2025-03-27,2025-04-16,142,2,0,0,2,0,0,0,0,0,0,0,0
4294,817127028219,SHOW LEAF 2/1.29 15/2PK BANANA,LT-TAX-COLLECTED,2.0,2,1.0,0.17,12.99,12.99,12.99,12.99,10.5,2.49,19.2,Stable,0.0,Stable,0.0,2025-06-14,2025-08-20,17,2,0,0,0,0,0,2,0,0,0,0,0
4295,H1478,SILICONE RPG BAZOOKA H1478,NOVELTY ITEMS,2.0,1,2.0,0.0,4.0,4.0,4.00,4.00,2.75,1.25,31.2,Stable,0.0,Stable,0.0,2025-03-13,2025-03-13,177,1,0,0,0,1,0,0,0,0,0,0,0
4296,737488029093,CLICKIT DOLLAR COIN LGT 25CT,LIGHTERS,2.0,2,1.0,0.0,56.25,56.25,55.00,57.50,50.0,6.25,11.1,Stable,0.0,Stable,4.4,2025-04-15,2025-05-15,113,2,0,0,0,0,0,0,0,2,0,0,0
4297,040000605584,M & M KS 24CT PB & JELLY,CANDYS,2.0,2,1.0,0.08,49.49,49.99,48.99,49.99,42.02,7.47,15.1,Stable,0.0,Stable,2.0,2025-03-20,2025-08-07,29,2,0,0,0,0,0,0,2,0,0,0,0
4298,619585004411,DIAPERS BEBIN X-LARGE SZ 5 14P,KIDS STUFF,2.0,2,1.0,0.0,3.99,3.99,3.99,3.99,2.15,1.84,46.1,Stable,0.0,Stable,0.0,2025-04-19,2025-05-13,116,2,0,0,0,2,0,0,0,0,0,0,0
4299,810120068787,STIIIZY LEAF 8/5CT HNY ROASTED,LT-TAX-COLLECTED,2.0,1,2.0,0.0,39.99,39.99,39.99,39.99,33.0,6.99,17.5,Stable,0.0,Stable,0.0,2025-04-26,2025-04-26,133,1,0,0,0,0,0,0,1,0,0,0,0
4300,028200315519,L&M MENTHOL BOLD 10CT,CIGARETTE,2.0,1,2.0,0.17,82.39,82.39,82.39,82.39,77.88,4.51,5.5,Stable,0.0,Stable,0.0,2025-08-04,2025-08-04,33,1,0,0,0,0,0,0,0,1,0,0,0
4301,073390012243,MENTOS GUM 4CT-FRESH MINT,GUMS/CHICLETS,2.0,2,1.0,0.0,14.99,14.99,14.99,14.99,11.92,3.07,20.5,Stable,0.0,Stable,0.0,2025-03-21,2025-03-25,164,2,0,0,0,0,0,2,0,0,0,0,0
4302,676979855301,HAND SOAP 2LTR 1CT,COSMETICS & BEAUTY,2.0,2,1.0,0.0,3.99,3.99,3.99,3.99,0.85,3.14,78.7,Stable,0.0,Stable,0.0,2025-03-11,2025-03-27,163,2,0,0,0,2,0,0,0,0,0,0,0
4303,365860507114,LGT NASCAR LIGHTER 50CT,LIGHTERS,2.0,1,2.0,0.0,14.99,14.99,14.99,14.99,4.99,10.0,66.7,Stable,0.0,Stable,0.0,2025-03-27,2025-03-27,163,1,0,0,0,0,0,1,0,0,0,0,0
4304,849205032115,VUSE CLASIC TOBACCO 5.0% 5/4CT,ECIG - PODS,2.0,2,1.0,0.0,106.99,106.99,106.99,106.99,100.34,6.66,6.2,Stable,0.0,Stable,0.0,2025-04-23,2025-05-27,102,2,0,0,0,0,0,0,0,0,2,0,0
4305,801822701836,BUBBLE ENVELOPES P/SEAL,STATIONARY,2.0,1,2.0,0.0,1.09,1.09,1.09,1.09,0.6,0.49,45.0,Stable,0.0,Stable,0.0,2025-03-18,2025-03-18,172,1,0,1,0,0,0,0,0,0,0,0,0
4306,081287037170,FIREBIRD TRIPLE LIGHTER 12CT,NOVELTY ITEMS,2.0,2,1.0,0.0,37.99,37.99,37.99,37.99,25.0,12.99,34.2,Stable,0.0,Stable,0.0,2025-04-30,2025-05-19,110,2,0,0,0,0,0,0,2,0,0,0,0
4307,9180990238155,NINJA FACE MASK 12CT,HOUSEHOLD GOODS,2.0,2,1.0,0.0,17.99,17.99,17.99,17.99,12.0,5.99,33.3,Stable,0.0,Stable,0.0,2025-03-13,2025-04-18,140,2,0,0,0,0,0,2,0,0,0,0,0
4308,028052020128,555 GOLD 10CT,CIGARETTE,2.0,2,1.0,0.08,115.69,115.69,115.69,115.69,98.29,17.4,15.0,Stable,0.0,Stable,0.0,2025-06-04,2025-06-20,78,2,0,0,0,0,0,0,0,0,2,0,0
4309,707670207172,"TECHNO SPRAY CAN TORCH 8"" 1CT",LIGHTERS,2.0,2,1.0,0.17,10.5,10.5,10.00,11.00,7.0,3.5,33.3,Stable,0.0,Up,9.5,2025-07-15,2025-08-12,25,2,0,0,0,0,0,2,0,0,0,0,0
4310,043300020682,CARLTON RED 100 BOX 10CT,CIGARETTE,2.0,2,1.0,0.08,121.24,122.59,119.89,122.59,114.99,6.25,5.2,Stable,0.0,Stable,2.2,2025-03-18,2025-07-15,52,2,0,0,0,0,0,0,0,0,2,0,0
4311,801822502280,"DRY WALL SCREWS 1"" ",HARDWARE,2.0,2,1.0,0.0,1.49,1.49,1.49,1.49,0.5,0.99,66.4,Stable,0.0,Stable,0.0,2025-03-15,2025-05-08,121,2,0,2,0,0,0,0,0,0,0,0,0
4312,722429100092,AWESOME LAUNDRY DTRGNT 100OZ,CLEANING PRODUCTS,2.0,1,2.0,0.0,3.99,3.99,3.99,3.99,2.0,1.99,49.9,Stable,0.0,Stable,0.0,2025-03-19,2025-03-19,170,1,0,0,0,1,0,0,0,0,0,0,0
4313,10811020000409,SLEEP WALKER SHOT 12CT SR WMLN,VITAMINS,2.0,2,2.0,0.0,34.99,34.99,34.99,34.99,30.0,4.99,14.3,Stable,0.0,Stable,0.0,2025-05-12,2025-05-14,114,1,0,0,0,0,0,0,2,0,0,0,0
4314,709215615336,305'S MENTHOL GOLD 100 10CT,CIGARETTE,2.0,1,2.0,0.0,32.49,32.49,32.49,32.49,31.5,0.99,3.0,Stable,0.0,Stable,0.0,2025-05-27,2025-05-27,102,1,0,0,0,0,0,0,1,0,0,0,0
4315,801822700884,PENCILS MECHANICAL  ASST 8 PCS,STATIONARY,2.0,2,1.0,0.17,1.69,1.69,1.69,1.69,0.61,1.08,63.9,Stable,0.0,Stable,0.0,2025-06-16,2025-07-16,52,2,0,2,0,0,0,0,0,0,0,0,0
4316,070330646407,LGT BIC 50CT TRAY BOHEMAN,LIGHTERS,2.0,1,2.0,0.0,63.99,63.99,63.99,63.99,37.5,26.49,41.4,Stable,0.0,Stable,0.0,2025-03-22,2025-03-22,167,1,0,0,0,0,0,0,0,1,0,0,0
4317,CWP002,CERAMIC CHARACTER WATER PIPE,NOVELTY ITEMS,2.0,2,2.0,0.0,25.5,25.5,25.00,26.00,22.0,3.5,13.7,Stable,0.0,Stable,0.0,2025-03-12,2025-03-12,178,1,0,0,0,0,0,0,2,0,0,0,0
4318,7622210857293,HALLS 21CT IMPORT ,CANDYS,2.0,2,1.0,0.0,13.99,13.99,13.99,13.99,11.99,2.0,14.3,Stable,0.0,Stable,0.0,2025-03-28,2025-04-11,148,2,0,0,0,0,0,2,0,0,0,0,0
4319,768537181639,MINI BRUSH SET 3PC TWO TONE,HARDWARE,2.0,2,1.0,0.17,2.29,2.29,2.29,2.29,1.15,1.14,49.8,Stable,0.0,Stable,0.0,2025-07-09,2025-07-27,41,2,0,0,2,0,0,0,0,0,0,0,0
4320,801822320013,BBQ SKEWERS PINS 6PCS,HOUSEHOLD GOODS,2.0,1,2.0,0.17,0.99,0.99,0.99,0.99,0.45,0.54,54.5,Stable,0.0,Stable,0.0,2025-07-26,2025-07-26,42,1,1,0,0,0,0,0,0,0,0,0,0
4321,028200172709,B&H DELUX BOX 100 10CT,CIGARETTE,2.0,1,2.0,0.17,109.99,109.99,109.99,109.99,96.9,13.09,11.9,Stable,0.0,Stable,0.0,2025-07-10,2025-07-10,58,1,0,0,0,0,0,0,0,0,1,0,0
4322,709215213990,305'S NON FILTER BOX 10CT,CIGARETTE,2.0,1,2.0,0.0,32.49,32.49,32.49,32.49,31.29,1.2,3.7,Stable,0.0,Stable,0.0,2025-05-27,2025-05-27,102,1,0,0,0,0,0,0,1,0,0,0,0
4323,033300616923,KAYAK FC WINTERGREN TOWER 10CT,T7 SMOKELESS GA,2.0,2,2.0,0.0,23.99,23.99,23.99,23.99,22.53,1.46,6.1,Stable,0.0,Stable,0.0,2025-05-05,2025-05-05,124,1,0,0,0,0,0,0,2,0,0,0,0
4324,737488030365,CLICKIT MINI DINOSAUR 12CT,LIGHTERS,2.0,2,1.0,0.0,41.0,41.0,40.00,41.99,36.0,4.99,12.2,Stable,0.0,Stable,-4.9,2025-03-31,2025-05-09,120,2,0,0,0,0,0,0,2,0,0,0,0
4325,655708019603,BENADRYL ALERGY 30/2PK,MEDICINE,2.0,2,1.0,0.0,13.99,13.99,13.99,13.99,10.99,3.0,21.4,Stable,0.0,Stable,0.0,2025-03-12,2025-05-21,108,2,0,0,0,0,0,2,0,0,0,0,0
4326,801822503652,COMBINATION LOCK W/CHAIN,HARDWARE,2.0,2,1.0,0.0,1.69,1.69,1.69,1.69,0.75,0.94,55.6,Stable,0.0,Stable,0.0,2025-03-20,2025-06-06,91,2,0,2,0,0,0,0,0,0,0,0,0
4327,027200366040,BUGLER GOLD 6.5 OZ 12CT,LT-TAX-COLLECTED,2.0,2,1.0,0.0,49.99,49.99,49.99,49.99,29.5,20.49,41.0,Stable,0.0,Stable,0.0,2025-03-27,2025-04-20,138,2,0,0,0,0,0,0,2,0,0,0,0
4328,071737439456,BUGLER PIPE TOB GREEN 10OZ,LT-TAX PAID,2.0,1,2.0,0.0,13.49,13.49,13.49,13.49,12.12,1.37,10.2,Stable,0.0,Stable,0.0,2025-04-06,2025-04-06,152,1,0,0,0,0,0,1,0,0,0,0,0
4329,079567110071,WD-40 11OZ 1CT,AUTOMOTIVE,2.0,1,2.0,0.0,8.99,8.99,8.99,8.99,7.1,1.89,21.0,Stable,0.0,Stable,0.0,2025-04-02,2025-04-02,156,1,0,0,0,0,1,0,0,0,0,0,0
4330,018804059292,JARRITOS POPS PEG BAG 8OZ 1CT,CANDYS,2.0,1,2.0,0.0,2.79,2.79,2.79,2.79,2.18,0.6,21.7,Stable,0.0,Stable,0.0,2025-03-18,2025-03-18,171,1,0,0,1,0,0,0,0,0,0,0,0
4331,022000109040,ALTOIDS SMALL 9CT PEPPERMINT,CANDYS,2.0,2,1.0,0.08,10.99,10.99,10.99,10.99,8.66,2.33,21.2,Stable,0.0,Stable,0.0,2025-05-24,2025-07-02,66,2,0,0,0,0,0,2,0,0,0,0,0
4332,027800163018,KEEBLER CHIPS DELUXE MINI 6CT,COOKIES,2.0,2,1.0,0.0,7.99,7.99,7.99,7.99,7.32,0.67,8.4,Stable,0.0,Stable,0.0,2025-03-24,2025-05-07,122,2,0,0,0,0,2,0,0,0,0,0,0
4333,071610302044,BACKWOODS 1PK 24/1CT HNY BERRY,CIGARS,2.0,2,1.0,0.0,25.49,25.49,25.49,25.49,18.0,7.49,29.4,Stable,0.0,Stable,0.0,2025-03-14,2025-04-24,135,2,0,0,0,0,0,0,2,0,0,0,0
4334,305730169028,ADVIL LIQUI GELS 50/2CT,MEDICINE,2.0,2,1.0,0.0,22.99,22.99,22.99,22.99,16.25,6.74,29.3,Stable,0.0,Stable,0.0,2025-03-10,2025-03-18,171,2,0,0,0,0,0,0,2,0,0,0,0
4335,040000508854,M & M MILK CARAMEL KS 24CT,CANDYS,2.0,2,1.0,0.17,49.99,49.99,49.99,49.99,43.78,6.21,12.4,Stable,0.0,Stable,0.0,2025-07-23,2025-08-07,29,2,0,0,0,0,0,0,2,0,0,0,0
4336,070330661394,LGT BIC 50CT TRAY SHOP TALK ED,LIGHTERS,2.0,2,1.0,0.0,62.99,62.99,59.99,65.99,47.78,15.21,24.1,Stable,0.0,Up,9.5,2025-03-18,2025-06-05,93,2,0,0,0,0,0,0,0,2,0,0,0
4337,080893011079,LIL AUTO THICK GEL GLUE 1CT,HARDWARE,2.0,1,2.0,0.0,1.49,1.49,1.49,1.49,1.04,0.45,30.5,Stable,0.0,Stable,0.0,2025-05-02,2025-05-02,127,1,0,1,0,0,0,0,0,0,0,0,0
4338,012300131131,VANTAGE 100 SOFT 10CT,CIGARETTE,2.0,2,1.0,0.0,121.89,121.89,121.89,121.89,105.89,16.0,13.1,Stable,0.0,Stable,0.0,2025-03-17,2025-03-26,164,2,0,0,0,0,0,0,0,0,2,0,0
4339,6291108160046,AL FAKHER 10 X 50GM GUM MINT,LT-TAX PAID,2.0,2,1.0,0.0,16.99,16.99,16.99,16.99,15.5,1.49,8.8,Stable,0.0,Stable,0.0,2025-04-20,2025-05-24,104,2,0,0,0,0,0,2,0,0,0,0,0
4340,AQUA60,AQUAMAX COLOR CONTACTS 60CT,NOVELTY ITEMS,2.0,2,1.0,0.08,290.0,290.0,290.00,290.00,255.0,35.0,12.1,Stable,0.0,Stable,0.0,2025-03-12,2025-07-31,37,2,0,0,0,0,0,0,0,0,0,2,0
4341,RMP8,"PIPE 8"" JUICE BOX RM 1CT",NOVELTY ITEMS,2.0,1,2.0,0.0,10.5,10.5,10.50,10.50,6.75,3.75,35.7,Stable,0.0,Stable,0.0,2025-04-22,2025-04-22,136,1,0,0,0,0,0,1,0,0,0,0,0
4342,090500100072,MAVERICK SILVER 100 BOX,CIGARETTE,2.0,1,2.0,0.17,65.29,65.29,65.29,65.29,62.42,2.87,4.4,Stable,0.0,Stable,0.0,2025-07-30,2025-07-30,37,1,0,0,0,0,0,0,0,1,0,0,0
4343,3333666688884,METAL CAN OPENER 1CT,HOUSEHOLD GOODS,2.0,1,2.0,0.0,0.99,0.99,0.99,0.99,0.55,0.44,44.4,Stable,0.0,Stable,0.0,2025-04-17,2025-04-17,141,1,1,0,0,0,0,0,0,0,0,0,0
4344,011116,"PIPE 6"" CLEAR GLASS 60CT",NOVELTY ITEMS,2.0,2,1.0,0.08,28.74,32.5,24.99,32.50,16.8,11.94,41.6,Stable,0.0,Up,26.1,2025-06-01,2025-07-01,67,2,0,0,0,0,0,0,2,0,0,0,0
4345,P5135,"PIPE 5""/6"" ASSORTED 1CT",NOVELTY ITEMS,2.0,1,2.0,0.0,2.49,2.49,2.49,2.49,1.35,1.14,45.8,Stable,0.0,Stable,0.0,2025-04-09,2025-04-09,149,1,0,0,1,0,0,0,0,0,0,0,0
4346,602652204043,KIND BAR PRTN ASST 8/1.76OZ,CANDYS,2.0,2,1.0,0.08,22.99,22.99,22.99,22.99,19.13,3.86,16.8,Stable,0.0,Stable,0.0,2025-06-04,2025-08-07,29,2,0,0,0,0,0,0,2,0,0,0,0
4347,059642102016,DUBBLE BUBBLE GUM BALL  24CT ,GUMS/CHICLETS,2.0,2,1.0,0.0,31.99,31.99,31.99,31.99,25.92,6.07,19.0,Stable,0.0,Stable,0.0,2025-03-21,2025-05-01,127,2,0,0,0,0,0,0,2,0,0,0,0
4348,071737439494,BUGLER PIPE TOB GREEN 4OZ,LT-TAX-COLLECTED,2.0,1,2.0,0.0,5.99,5.99,5.99,5.99,3.2,2.79,46.6,Stable,0.0,Stable,0.0,2025-04-06,2025-04-06,152,1,0,0,0,0,1,0,0,0,0,0,0
4349,034000386451,REESES TAKE 5 REGULAR 18CT,CANDYS,2.0,2,1.0,0.0,19.99,19.99,19.99,19.99,17.21,2.78,13.9,Stable,0.0,Stable,0.0,2025-04-20,2025-05-13,115,2,0,0,0,0,0,2,0,0,0,0,0
4350,817127029216,SHOW BLK 1/$.49 25/1CT CLOVE,CIGARS,2.0,2,1.0,0.17,8.79,8.79,8.79,8.79,6.25,2.54,28.9,Stable,0.0,Stable,0.0,2025-08-21,2025-08-25,12,2,0,0,0,0,2,0,0,0,0,0,0
4351,801822816585,SHOWERY  CADDY,HOUSEHOLD GOODS,2.0,2,1.0,0.08,1.99,1.99,1.99,1.99,0.85,1.14,57.3,Stable,0.0,Stable,0.0,2025-03-18,2025-08-11,25,2,0,2,0,0,0,0,0,0,0,0,0
4352,KR84,KINGSFORD RED 8LB 4CT,HOUSEHOLD GOODS,2.0,2,1.0,0.0,47.99,47.99,47.99,47.99,39.28,8.71,18.1,Stable,0.0,Stable,0.0,2025-04-16,2025-05-17,112,2,0,0,0,0,0,0,2,0,0,0,0
4353,VITA90,VITA HERBAL STRIP DISPLAY 90CT,VITAMINS,2.0,2,1.0,0.0,150.0,150.0,149.99,150.00,135.0,15.0,10.0,Stable,0.0,Stable,-0.0,2025-04-04,2025-05-04,124,2,0,0,0,0,0,0,0,0,2,0,0
4354,HS01,SILICONE NECTOR COLLECTOR HS01,NOVELTY ITEMS,2.0,1,2.0,0.17,8.0,8.0,8.00,8.00,6.25,1.75,21.9,Stable,0.0,Stable,0.0,2025-06-11,2025-06-11,86,1,0,0,0,0,1,0,0,0,0,0,0
4355,619682999160,TRUE HEMP 25/2CT HORCHATA,BLUNT WRAP,2.0,2,1.0,0.17,0.0,0.0,0.00,0.00,8.0,-8.0,0.0,Stable,0.0,Stable,0.0,2025-06-08,2025-07-04,64,2,2,0,0,0,0,0,0,0,0,0,0
4356,5060380252333,MR JOINT HAND PIPE 1CT,NOVELTY ITEMS,2.0,1,2.0,0.0,5.0,5.0,5.00,5.00,3.35,1.65,33.0,Stable,0.0,Stable,0.0,2025-05-22,2025-05-22,106,1,0,0,0,0,1,0,0,0,0,0,0
4357,BBS24,BANANA BOAT SUNCREEN 24CT,CLEANING PRODUCTS,2.0,2,1.0,0.0,29.99,29.99,29.99,29.99,22.0,7.99,26.6,Stable,0.0,Stable,0.0,2025-04-27,2025-06-07,90,2,0,0,0,0,0,0,2,0,0,0,0
4358,5029053571980,KLEENEX POCKT TISSUE 12CT,HOUSEHOLD GOODS,2.0,2,1.0,0.0,2.49,2.49,2.49,2.49,1.8,0.69,27.7,Stable,0.0,Stable,0.0,2025-04-08,2025-05-28,101,2,0,0,2,0,0,0,0,0,0,0,0
4359,DK7160,PIPE & GRIND SET SAXOPHONE 1CT,NOVELTY ITEMS,2.0,2,1.0,0.0,5.24,5.24,5.00,5.49,4.25,1.0,19.0,Stable,0.0,Up,9.3,2025-03-13,2025-04-23,136,2,0,0,0,0,2,0,0,0,0,0,0
4360,PFL4080,"PIPE 4"" FLOWER O/B 80CT",NOVELTY ITEMS,2.0,2,1.0,0.08,25.5,24.0,24.00,26.99,16.0,9.5,37.2,Stable,0.0,Down,-11.7,2025-03-24,2025-06-18,80,2,0,0,0,0,0,0,2,0,0,0,0
4361,602652208027,KIND PROTEIN DK CHOC 8/1.76OZ,CANDYS,2.0,2,1.0,0.08,22.99,22.99,22.99,22.99,19.13,3.86,16.8,Stable,0.0,Stable,0.0,2025-06-04,2025-08-07,29,2,0,0,0,0,0,0,2,0,0,0,0
4362,615764565810,SCALE FLYING H KIT 1CT,NOVELTY ITEMS,2.0,2,1.0,0.0,21.0,21.0,20.00,21.99,18.0,3.0,14.3,Stable,0.0,Down,-9.5,2025-04-03,2025-04-24,135,2,0,0,0,0,0,0,2,0,0,0,0
4363,051497066734,BLAZY SUSAN BALZY TIPS 25CT,CIG ROLLING PAPER,2.0,2,1.0,0.08,10.99,10.99,10.99,10.99,7.0,3.99,36.3,Stable,0.0,Stable,0.0,2025-05-24,2025-07-04,63,2,0,0,0,0,0,2,0,0,0,0,0
4364,655708147863,LIFESTYLES CONDOMS 48/1CT,CONDOMS,2.0,1,2.0,0.0,9.99,9.99,9.99,9.99,7.1,2.89,28.9,Stable,0.0,Stable,0.0,2025-04-18,2025-04-18,141,1,0,0,0,0,1,0,0,0,0,0,0
4365,034000245123,HERSHEY SPC DARK CHOCO 36CT,CANDYS,2.0,2,1.0,0.0,29.99,29.99,29.99,29.99,22.95,7.04,23.5,Stable,0.0,Stable,0.0,2025-04-22,2025-04-28,130,2,0,0,0,0,0,0,2,0,0,0,0
4366,737488029048,EAGLE LID & LED CLOCK LGT 20CT,LIGHTERS,2.0,2,1.0,0.08,71.25,70.0,70.00,72.50,64.0,7.25,10.2,Stable,0.0,Stable,-3.5,2025-03-13,2025-06-11,86,2,0,0,0,0,0,0,0,2,0,0,0
4367,737488029369,CLICKIT LID & SIDE W/LIGH 20CT,LIGHTERS,2.0,2,1.0,0.17,56.0,56.0,54.99,57.00,48.0,7.99,14.3,Stable,0.0,Stable,-3.6,2025-07-08,2025-07-15,52,2,0,0,0,0,0,0,0,2,0,0,0
4368,6977292670140,SPACE GAS 3.3L N20 1CT,MISC,2.0,1,2.0,0.0,42.5,42.5,42.50,42.50,38.0,4.5,10.6,Stable,0.0,Stable,0.0,2025-05-22,2025-05-22,107,1,0,0,0,0,0,0,1,0,0,0,0
4369,16285049261471,VIVA ZEN GUMMIES 20MG 12/5CT,VITAMINS,2.0,2,2.0,0.0,73.74,73.74,72.50,74.99,66.0,7.75,10.5,Stable,0.0,Stable,0.0,2025-03-13,2025-03-15,175,1,0,0,0,0,0,0,0,2,0,0,0
4370,029000022102,PLANTERS 2/1.09 RSTD PNTS 18CT,FOOD,2.0,2,1.0,0.17,7.74,7.74,7.49,7.99,6.31,1.43,18.5,Stable,0.0,Up,6.5,2025-07-27,2025-08-05,32,2,0,0,0,0,2,0,0,0,0,0,0
4371,PENZATF,PENZOIL OIL ATF 6/1QT,AUTOMOTIVE,2.0,2,1.0,0.08,31.99,31.99,31.99,31.99,28.27,3.72,11.6,Stable,0.0,Stable,0.0,2025-05-29,2025-08-13,23,2,0,0,0,0,0,0,2,0,0,0,0
4372,H115,SILICONE TEAPOT BUBBLER H115,NOVELTY ITEMS,2.0,1,2.0,0.0,12.99,12.99,12.99,12.99,7.43,5.56,42.8,Stable,0.0,Stable,0.0,2025-05-22,2025-05-22,106,1,0,0,0,0,0,1,0,0,0,0,0
4373,025900421120,SS LEGEND 2/1.49 ORIG 15/2CT,CIGARS,2.0,2,1.0,0.17,17.99,17.99,17.99,17.99,13.25,4.74,26.3,Stable,0.0,Stable,0.0,2025-06-17,2025-07-04,64,2,0,0,0,0,0,2,0,0,0,0,0
4374,RPM703,FANCY GLASS BONG RPM703,NOVELTY ITEMS,2.0,1,2.0,0.17,32.0,32.0,32.00,32.00,27.0,5.0,15.6,Stable,0.0,Stable,0.0,2025-07-14,2025-07-14,53,1,0,0,0,0,0,0,1,0,0,0,0
4375,19611,GAME BOY LGT 12C FLIP TOP,LIGHTERS,2.0,2,1.0,0.0,19.99,19.99,19.99,19.99,14.5,5.49,27.5,Stable,0.0,Stable,0.0,2025-04-07,2025-04-19,140,2,0,0,0,0,0,2,0,0,0,0,0
4376,042897959849,BIG LEAGUE CHEW 12CT SLAM STWR,GUMS/CHICLETS,2.0,2,1.0,0.08,14.99,14.99,14.99,14.99,12.47,2.52,16.8,Stable,0.0,Stable,0.0,2025-03-13,2025-06-19,79,2,0,0,0,0,0,2,0,0,0,0,0
4377,61491,SCORCH TORCH X SERIES TURB 6CT,LIGHTERS,2.0,2,2.0,0.17,43.5,43.5,43.50,43.50,39.0,4.5,10.3,Stable,0.0,Stable,0.0,2025-07-07,2025-07-07,60,1,0,0,0,0,0,0,2,0,0,0,0
4378,780707801123,FURNITURE POLISH 46CT,CLEANING PRODUCTS,2.0,1,2.0,0.17,1.29,1.29,1.29,1.29,0.3,0.99,76.7,Stable,0.0,Stable,0.0,2025-06-24,2025-06-24,73,1,0,1,0,0,0,0,0,0,0,0,0
4379,022000124074,STARBURST MINIS OPRIG KS 15CT,CANDYS,2.0,2,1.0,0.0,34.99,34.99,34.99,34.99,27.63,7.36,21.0,Stable,0.0,Stable,0.0,2025-04-08,2025-05-12,116,2,0,0,0,0,0,0,2,0,0,0,0
4380,633632984594,DREAM HOOKAH FOIL 13CM RD 50CT,NOVELTY ITEMS,2.0,2,1.0,0.08,1.25,0.0,0.00,2.49,1.15,0.1,7.6,Stable,0.0,Down,-200.0,2025-04-20,2025-09-01,5,2,1,0,1,0,0,0,0,0,0,0,0
4381,840439106788,ZIG ZAG ROSE CONES 8/3CT,CIG ROLLING PAPER,2.0,1,2.0,0.0,79.99,79.99,79.99,79.99,72.0,7.99,10.0,Stable,0.0,Stable,0.0,2025-04-27,2025-04-27,131,1,0,0,0,0,0,0,0,1,0,0,0
4382,632365625873,KOKO CANDY DINOSAUR SPRAY 12CT,CANDYS,2.0,2,1.0,0.08,19.99,19.99,19.99,19.99,14.58,5.41,27.1,Stable,0.0,Stable,0.0,2025-05-07,2025-07-28,40,2,0,0,0,0,0,2,0,0,0,0,0
4383,CTKK50,CELLTEKK FLOOR DISP 10FT 50CT,CELLUAR ACCESSORIES,2.0,1,2.0,0.0,149.99,149.99,149.99,149.99,112.5,37.49,25.0,Stable,0.0,Stable,0.0,2025-04-25,2025-04-25,134,1,0,0,0,0,0,0,0,0,1,0,0
4384,850043583790,TYSON LEAF 10/5CT HONEY BRBN,BLUNT WRAP,2.0,2,1.0,0.0,29.99,29.99,29.99,29.99,27.5,2.49,8.3,Stable,0.0,Stable,0.0,2025-03-14,2025-03-23,166,2,0,0,0,0,0,0,2,0,0,0,0
4385,101051003191,WULF UNI 650MAH MOD 1CT,NOVELTY ITEMS,2.0,1,2.0,0.0,14.99,14.99,14.99,14.99,11.0,3.99,26.6,Stable,0.0,Stable,0.0,2025-03-27,2025-03-27,163,1,0,0,0,0,0,1,0,0,0,0,0
4386,716053605399,CELLTEKK CTD AUX IPH 10CT,CELLUAR ACCESSORIES,2.0,2,1.0,0.0,22.99,22.99,22.99,22.99,17.5,5.49,23.9,Stable,0.0,Stable,0.0,2025-04-01,2025-05-18,110,2,0,0,0,0,0,0,2,0,0,0,0
4387,716053605672,CELLTEKK CTD TYPE-C HEADPHONE,CELLUAR ACCESSORIES,2.0,2,1.0,0.08,36.99,36.99,36.99,36.99,27.5,9.49,25.7,Stable,0.0,Stable,0.0,2025-03-24,2025-07-30,38,2,0,0,0,0,0,0,2,0,0,0,0
4388,040000581482,SNICKERS HIGH PROTEIN BAR 12CT,CANDYS,2.0,2,1.0,0.0,29.99,29.99,29.99,29.99,24.85,5.14,17.1,Stable,0.0,Stable,0.0,2025-04-24,2025-04-28,130,2,0,0,0,0,0,0,2,0,0,0,0
4389,850043583776,TYSON LEAF 10/5CT NATURAL,BLUNT WRAP,2.0,2,2.0,0.0,29.99,29.99,29.99,29.99,27.5,2.49,8.3,Stable,0.0,Stable,0.0,2025-03-13,2025-03-14,176,1,0,0,0,0,0,0,2,0,0,0,0
4390,731015065721,"SCISSORS 2 1/2"" ",NOVELTY ITEMS,2.0,1,2.0,0.17,0.5,0.5,0.50,0.50,0.3,0.2,40.0,Stable,0.0,Stable,0.0,2025-06-24,2025-06-24,73,1,1,0,0,0,0,0,0,0,0,0,0
4391,632365626696,KOKO CANDY CLACKERS BAM 12CT,CANDYS,2.0,2,1.0,0.0,13.99,13.99,13.99,13.99,10.04,3.95,28.2,Stable,0.0,Stable,0.0,2025-04-28,2025-05-13,115,2,0,0,0,0,0,2,0,0,0,0,0
4392,CTKK-138,CELLTEKK COUNTER DISPLAY 138CT,CELLUAR ACCESSORIES,2.0,2,1.0,0.17,299.0,299.0,299.00,299.00,255.3,43.7,14.6,Stable,0.0,Stable,0.0,2025-07-30,2025-08-19,17,2,0,0,0,0,0,0,0,0,0,2,0
4393,048014375028,AFTERSHOCKS POP CNDY TRAY 16CT,CANDYS,2.0,2,1.0,0.0,39.99,39.99,39.99,39.99,33.94,6.05,15.1,Stable,0.0,Stable,0.0,2025-03-22,2025-04-01,157,2,0,0,0,0,0,0,2,0,0,0,0
4394,686464525206,KM HAPPY VAN 12CT,CANDYS,2.0,2,1.0,0.08,12.99,12.99,12.99,12.99,9.94,3.05,23.5,Stable,0.0,Stable,0.0,2025-05-25,2025-07-18,50,2,0,0,0,0,0,2,0,0,0,0,0
4395,854672000505,LIGHTER LEASH STD 30CT,NOVELTY ITEMS,2.0,2,1.0,0.0,24.99,24.99,24.99,24.99,20.5,4.49,18.0,Stable,0.0,Stable,0.0,2025-03-10,2025-03-18,172,2,0,0,0,0,0,0,2,0,0,0,0
4396,762446724208,TW POUCH PEACH 5CT,T7 SMOKELESS GA,2.0,1,2.0,0.17,12.69,12.69,12.69,12.69,11.65,1.04,8.2,Stable,0.0,Stable,0.0,2025-08-31,2025-08-31,5,1,0,0,0,0,0,1,0,0,0,0,0
4397,034000724079,ICE BREAKERS MINT 8CT- CANDY C,GUMS/CHICLETS,2.0,2,1.0,0.17,16.99,16.99,16.99,16.99,15.06,1.93,11.4,Stable,0.0,Stable,0.0,2025-08-03,2025-08-24,13,2,0,0,0,0,0,2,0,0,0,0,0
4398,716165178903,ELEMENTS ARTESANO 1 1/4CT 15CT,CIG ROLLING PAPER,2.0,2,1.0,0.0,30.99,30.99,30.99,30.99,26.55,4.44,14.3,Stable,0.0,Stable,0.0,2025-03-18,2025-05-13,116,2,0,0,0,0,0,0,2,0,0,0,0
4399,WG,WHITE GLOVES,GLOVES & T SHIRTS,2.0,2,1.0,0.0,6.99,6.99,6.99,6.99,1.95,5.04,72.1,Stable,0.0,Stable,0.0,2025-03-13,2025-04-08,150,2,0,0,0,0,2,0,0,0,0,0,0
4400,819466011471,HIFI 5/$0.99 15/5CT NCTR PUNCH,CIGARS,2.0,2,1.0,0.17,11.99,11.99,11.99,11.99,9.0,2.99,24.9,Stable,0.0,Stable,0.0,2025-06-16,2025-06-22,76,2,0,0,0,0,0,2,0,0,0,0,0
4401,716165178927,ELEMENTS  ARTESANO TN KS 15CT,CIG ROLLING PAPER,2.0,2,1.0,0.0,32.99,32.99,32.99,32.99,26.55,6.44,19.5,Stable,0.0,Stable,0.0,2025-03-24,2025-05-18,110,2,0,0,0,0,0,0,2,0,0,0,0
4402,034000725076,ICE BREAKERS MINT 8CT- RASP LE,GUMS/CHICLETS,2.0,2,1.0,0.0,16.99,16.99,16.99,16.99,13.6,3.39,20.0,Stable,0.0,Stable,0.0,2025-04-16,2025-05-04,125,2,0,0,0,0,0,2,0,0,0,0,0
4403,034000953417,REESES BIG CUP CHO LAV KS 16CT,CANDYS,2.0,2,1.0,0.0,31.99,31.99,31.99,31.99,26.08,5.91,18.5,Stable,0.0,Stable,0.0,2025-03-20,2025-03-27,163,2,0,0,0,0,0,0,2,0,0,0,0
4404,578021376980,SWAG USB SMART CHARGER 50CT,NOVELTY ITEMS,2.0,2,1.0,0.17,24.74,24.74,22.50,26.99,15.0,9.75,39.4,Stable,0.0,Up,18.1,2025-07-10,2025-08-30,6,2,0,0,0,0,0,0,2,0,0,0,0
4405,762446430208,LONGHORN FC WINTERGREEN 5CT,T7 SMOKELESS GA,2.0,2,1.0,0.0,13.24,13.24,12.99,13.49,11.78,1.46,11.1,Stable,0.0,Stable,3.8,2025-04-28,2025-05-08,120,2,0,0,0,0,0,2,0,0,0,0,0
4406,034000531035,TWIZZLERS STRAWBERRY K/S 15CT,CANDYS,2.0,2,1.0,0.17,29.99,29.99,29.99,29.99,24.3,5.69,19.0,Stable,0.0,Stable,0.0,2025-07-15,2025-09-04,1,2,0,0,0,0,0,0,2,0,0,0,0
4407,031700233207,GAME LEAF SO2 15/2CT BLK CHRY,CIGARS,2.0,2,1.0,0.0,18.99,18.99,18.99,18.99,13.25,5.74,30.2,Stable,0.0,Stable,0.0,2025-04-03,2025-05-16,112,2,0,0,0,0,0,2,0,0,0,0,0
4408,832310240186,KADOBAR 3MG 5CT WMLN MINT,NICOTINE POUCHES,1.0,1,1.0,0.0,10.99,10.99,10.99,10.99,10.0,0.99,9.0,Stable,0.0,Stable,0.0,2025-05-09,2025-05-09,120,1,0,0,0,0,0,1,0,0,0,0,0
4409,072084055566,JUNGLE JOLLIES CHOCOLATE 48CT,CANDYS,1.0,1,1.0,0.0,3.29,3.29,3.29,3.29,2.25,1.04,31.6,Stable,0.0,Stable,0.0,2025-04-09,2025-04-09,149,1,0,0,0,1,0,0,0,0,0,0,0
4410,6291108167724,AL FAKHER 250GM MAGIC LOVE,LT-TAX PAID,1.0,1,1.0,0.0,9.99,9.99,9.99,9.99,8.65,1.34,13.4,Stable,0.0,Stable,0.0,2025-04-13,2025-04-13,145,1,0,0,0,0,1,0,0,0,0,0,0
4411,031700232415,GAME SAVE ON 4 7/4CT WHITE GRP,CIGARS,1.0,1,1.0,0.08,13.99,13.99,13.99,13.99,10.67,3.32,23.7,Stable,0.0,Stable,0.0,2025-09-05,2025-09-05,1,1,0,0,0,0,0,1,0,0,0,0,0
4412,817127029223,SHOW BLK 1/$.49 25/1CT LITE,CIGARS,1.0,1,1.0,0.08,8.79,8.79,8.79,8.79,6.25,2.54,28.9,Stable,0.0,Stable,0.0,2025-08-25,2025-08-25,12,1,0,0,0,0,1,0,0,0,0,0,0
4413,EHC16-W,EMPRESS 16OZ 20/50CT COFFE CUP,HOUSEHOLD GOODS,1.0,1,1.0,0.08,64.99,64.99,64.99,64.99,50.19,14.8,22.8,Stable,0.0,Stable,0.0,2025-08-04,2025-08-04,33,1,0,0,0,0,0,0,0,1,0,0,0
4414,ZPF24,ZIPPO FLINT CARD 24CT,HARDWARE,1.0,1,1.0,0.08,13.99,13.99,13.99,13.99,11.99,2.0,14.3,Stable,0.0,Stable,0.0,2025-07-24,2025-07-24,43,1,0,0,0,0,0,1,0,0,0,0,0
4415,012300708135,CAMEL WIDES BLUE 10CT,CIGARETTE,1.0,1,1.0,0.08,96.79,96.79,96.79,96.79,87.65,9.14,9.4,Stable,0.0,Stable,0.0,2025-06-25,2025-06-25,73,1,0,0,0,0,0,0,0,1,0,0,0
4416,743690022975,LUSTI POMADE HAIR GREASE 4OZ,CLEAM,1.0,1,1.0,0.08,1.59,1.59,1.59,1.59,1.12,0.47,29.6,Stable,0.0,Stable,0.0,2025-08-01,2025-08-01,36,1,0,1,0,0,0,0,0,0,0,0,0
4417,028200305015,BASIC BLU BOX ,CIGARETTE,1.0,1,1.0,0.08,88.19,88.19,88.19,88.19,74.47,13.72,15.6,Stable,0.0,Stable,0.0,2025-06-30,2025-06-30,67,1,0,0,0,0,0,0,0,1,0,0,0
4418,706384589680,BLISS X EDGE PSEUDO SHOT 12CT,VITAMINS,1.0,1,1.0,0.08,54.0,54.0,54.00,54.00,50.0,4.0,7.4,Stable,0.0,Stable,0.0,2025-08-07,2025-08-07,29,1,0,0,0,0,0,0,0,1,0,0,0
4419,801822072554,MOP W/STICK,CLEANING PRODUCTS,1.0,1,1.0,0.0,4.99,4.99,4.99,4.99,0.8,4.19,84.0,Stable,0.0,Stable,0.0,2025-05-22,2025-05-22,106,1,0,0,0,1,0,0,0,0,0,0,0
4420,630187015735,LUCKY SEVEN DICE 24/2CT,MISC,1.0,1,1.0,0.08,2.79,2.79,2.79,2.79,2.0,0.79,28.3,Stable,0.0,Stable,0.0,2025-06-29,2025-06-29,68,1,0,0,1,0,0,0,0,0,0,0,0
4421,801822501900,"DS SUN SHADDER 23.6""*47.2""",AUTOMOTIVE,1.0,1,1.0,0.08,1.99,1.99,1.99,1.99,0.75,1.24,62.3,Stable,0.0,Stable,0.0,2025-07-31,2025-07-31,37,1,0,1,0,0,0,0,0,0,0,0,0
4422,619682999221,TRUE HEMP 25/2CT MARGARITA,BLUNT WRAP,1.0,1,1.0,0.08,0.0,0.0,0.00,0.00,8.0,-8.0,0.0,Stable,0.0,Stable,0.0,2025-06-08,2025-06-08,89,1,1,0,0,0,0,0,0,0,0,0,0
4423,027200104871,BUGLER CIG PAPER ORIG 24CT,CIG ROLLING PAPER,1.0,1,1.0,0.0,29.99,29.99,29.99,29.99,23.04,6.95,23.2,Stable,0.0,Stable,0.0,2025-03-29,2025-03-29,160,1,0,0,0,0,0,0,1,0,0,0,0
4424,6976110752501,JUICY BAR 2500 10CT,ELECTRONIC CIG,1.0,1,1.0,0.0,40.0,40.0,40.00,40.00,37.8,2.2,5.5,Stable,0.0,Stable,0.0,2025-03-12,2025-03-12,177,1,0,0,0,0,0,0,1,0,0,0,0
4425,087860098934,BLUNTEFFECTS INCENSE 72CT,INCENSE,1.0,1,1.0,0.08,29.99,29.99,29.99,29.99,29.95,0.04,0.1,Stable,0.0,Stable,0.0,2025-08-28,2025-08-28,9,1,0,0,0,0,0,0,1,0,0,0,0
4426,686464316200,KM UNICORN DOO MINI 12CT,CANDYS,1.0,1,1.0,0.08,12.99,12.99,12.99,12.99,9.72,3.27,25.2,Stable,0.0,Stable,0.0,2025-07-06,2025-07-06,61,1,0,0,0,0,0,1,0,0,0,0,0
4427,031700239254,GAME LEAF 5/3.79 8/5CT COGNAC,CIGARS,1.0,1,1.0,0.0,21.99,21.99,21.99,21.99,16.83,5.16,23.5,Stable,0.0,Stable,0.0,2025-05-08,2025-05-08,120,1,0,0,0,0,0,0,1,0,0,0,0
4428,810146970194,COLORS WRAPS 25/2CT ONE HNDRD,BLUNT WRAP,1.0,1,1.0,0.0,0.0,0.0,0.00,0.00,6.15,-6.15,0.0,Stable,0.0,Stable,0.0,2025-04-06,2025-04-06,153,1,1,0,0,0,0,0,0,0,0,0,0
4429,801822701546,THUMB TACK SILVER 200 1CT,STATIONARY,1.0,1,1.0,0.0,0.89,0.89,0.89,0.89,0.45,0.44,49.4,Stable,0.0,Stable,0.0,2025-03-26,2025-03-26,164,1,1,0,0,0,0,0,0,0,0,0,0
4430,033200000907,AIM TP WHTNG MNT GEL5.5OZ 1CT,HOUSEHOLD GOODS,1.0,1,1.0,0.08,1.49,1.49,1.49,1.49,0.79,0.7,47.0,Stable,0.0,Stable,0.0,2025-06-24,2025-06-24,73,1,0,1,0,0,0,0,0,0,0,0,0
4431,103211637383,FANCY HAND PIPE SLAM DANK 1CT,NOVELTY ITEMS,1.0,1,1.0,0.08,0.0,0.0,0.00,0.00,4.62,-4.62,0.0,Stable,0.0,Stable,0.0,2025-09-01,2025-09-01,5,1,1,0,0,0,0,0,0,0,0,0,0
4432,077170119863,JOKER JAR ORNGE 1.25 $.99 72CT,CIG ROLLING PAPER,1.0,1,1.0,0.0,39.99,39.99,39.99,39.99,33.33,6.66,16.7,Stable,0.0,Stable,0.0,2025-03-31,2025-03-31,159,1,0,0,0,0,0,0,1,0,0,0,0
4433,602652282218,KIND BAR ENERGY DK CHOC PB 6CT,CANDYS,1.0,1,1.0,0.0,7.99,7.99,7.99,7.99,6.47,1.52,19.0,Stable,0.0,Stable,0.0,2025-03-21,2025-03-21,169,1,0,0,0,0,1,0,0,0,0,0,0
4434,632365626276,KOKO CANDY KING COBRA TOY 12CT,CANDYS,1.0,1,1.0,0.08,13.99,13.99,13.99,13.99,10.04,3.95,28.2,Stable,0.0,Stable,0.0,2025-08-11,2025-08-11,25,1,0,0,0,0,0,1,0,0,0,0,0
4435,09675840,DIAMOND AC 10FT 15CT USB MICRO,CELLUAR ACCESSORIES,1.0,1,1.0,0.0,52.99,52.99,52.99,52.99,37.5,15.49,29.2,Stable,0.0,Stable,0.0,2025-04-11,2025-04-11,148,1,0,0,0,0,0,0,0,1,0,0,0
4436,768537073613,3 NUMBER SL LUGGAGE LOCK 1CT,HARDWARE,1.0,1,1.0,0.08,0.0,0.0,0.00,0.00,0.74,-0.74,0.0,Stable,0.0,Stable,0.0,2025-06-08,2025-06-08,89,1,1,0,0,0,0,0,0,0,0,0,0
4437,713310633676,NOVA 440VOLT MIT 360 SHOT 12CT,KRATOM,1.0,1,1.0,0.0,104.0,104.0,104.00,104.00,96.0,8.0,7.7,Stable,0.0,Stable,0.0,2025-04-15,2025-04-15,144,1,0,0,0,0,0,0,0,0,1,0,0
4438,PB PINT,PAPER BAG PINT 500CT,SHOPPING BAGS,1.0,1,1.0,0.08,11.99,11.99,11.99,11.99,8.59,3.4,28.4,Stable,0.0,Stable,0.0,2025-06-12,2025-06-12,86,1,0,0,0,0,0,1,0,0,0,0,0
4439,645781126176,JUNGO LEAF 10/5CT TSTD COCONUT,LT-TAX PAID,1.0,1,1.0,0.0,34.99,34.99,34.99,34.99,31.04,3.95,11.3,Stable,0.0,Stable,0.0,2025-05-15,2025-05-15,113,1,0,0,0,0,0,0,1,0,0,0,0
4440,850837012611,"PIPE 5"" W/P MIX COLOR 22CT",NOVELTY ITEMS,1.0,1,1.0,0.0,54.99,54.99,54.99,54.99,44.0,10.99,20.0,Stable,0.0,Stable,0.0,2025-05-16,2025-05-16,113,1,0,0,0,0,0,0,0,1,0,0,0
4441,WP7J,"PIPE 7"" WP7J FANCY PIPE 7CT",NOVELTY ITEMS,1.0,1,1.0,0.0,39.99,39.99,39.99,39.99,31.5,8.49,21.2,Stable,0.0,Stable,0.0,2025-05-16,2025-05-16,113,1,0,0,0,0,0,0,1,0,0,0,0
4442,784762070043,ZIG ZAG CONES 15/2CT GRAPE,BLUNT WRAP,1.0,1,1.0,0.0,10.99,10.99,10.99,10.99,9.3,1.69,15.4,Stable,0.0,Stable,0.0,2025-04-30,2025-04-30,129,1,0,0,0,0,0,1,0,0,0,0,0
4443,707670001367,TECHNO TORCH LGTR DISPLAY 72CT,NOVELTY ITEMS,1.0,1,1.0,0.08,80.0,80.0,80.00,80.00,69.99,10.01,12.5,Stable,0.0,Stable,0.0,2025-08-15,2025-08-15,22,1,0,0,0,0,0,0,0,1,0,0,0
4444,031700236451,GAME 2/99 30/2CT BLK SAPPHIRE,CIGARS,1.0,1,1.0,0.0,21.99,21.99,21.99,21.99,17.0,4.99,22.7,Stable,0.0,Stable,0.0,2025-06-05,2025-06-05,93,1,0,0,0,0,0,0,1,0,0,0,0
4445,801822700464,DS PEN RETRACTABLE 3PC ,STATIONARY,1.0,1,1.0,0.08,1.69,1.69,1.69,1.69,0.55,1.14,67.5,Stable,0.0,Stable,0.0,2025-07-03,2025-07-03,65,1,0,1,0,0,0,0,0,0,0,0,0
4446,786000010293,"SLIDER 1.5"" 25CT. JAR",NOVELTY ITEMS,1.0,1,1.0,0.0,29.0,29.0,29.00,29.00,18.99,10.01,34.5,Stable,0.0,Stable,0.0,2025-03-12,2025-03-12,178,1,0,0,0,0,0,0,1,0,0,0,0
4447,676979820491,STEEL WOOL SCRUBING PADS 10CT,CLEANING PRODUCTS,1.0,1,1.0,0.0,2.49,2.49,2.49,2.49,1.2,1.29,51.8,Stable,0.0,Stable,0.0,2025-05-16,2025-05-16,113,1,0,0,1,0,0,0,0,0,0,0,0
4448,628504926451,VIVA ZEN GV KRATOM 17.6OZ,VITAMINS,1.0,1,1.0,0.08,19.5,19.5,19.50,19.50,17.99,1.51,7.7,Stable,0.0,Stable,0.0,2025-07-07,2025-07-07,61,1,0,0,0,0,0,1,0,0,0,0,0
4449,842426155106,GT WOODS 2/1.49 15/2CT HNY BRY,CIGAR GA,1.0,1,1.0,0.08,17.49,17.49,17.49,17.49,15.98,1.51,8.6,Stable,0.0,Stable,0.0,2025-09-01,2025-09-01,5,1,0,0,0,0,0,1,0,0,0,0,0
4450,025900282745,SS LITTLE SWEET CIG TWN PK REG,LIT CIGARS 003251,1.0,1,1.0,0.08,23.99,23.99,23.99,23.99,19.5,4.49,18.7,Stable,0.0,Stable,0.0,2025-08-07,2025-08-07,29,1,0,0,0,0,0,0,1,0,0,0,0
4451,833558007067,UMBRELLA BLUE FOLDABLE 1CT,NOVELTY ITEMS,1.0,1,1.0,0.08,2.29,2.29,2.29,2.29,1.17,1.12,49.0,Stable,0.0,Stable,0.0,2025-08-28,2025-08-28,8,1,0,0,1,0,0,0,0,0,0,0,0
4452,087860242405,BLUNTEFFECTS INCENSE 30CT/24PL,INCENSE,1.0,1,1.0,0.08,79.99,79.99,79.99,79.99,65.99,14.0,17.5,Stable,0.0,Stable,0.0,2025-09-04,2025-09-04,1,1,0,0,0,0,0,0,0,1,0,0,0
4453,10077170260104,TOP CIG FILTER TIPS 30/100CT,CIG ROLLING PAPER,1.0,1,1.0,0.0,24.99,24.99,24.99,24.99,18.0,6.99,28.0,Stable,0.0,Stable,0.0,2025-05-02,2025-05-02,126,1,0,0,0,0,0,0,1,0,0,0,0
4454,025900425432,SS 2/1.29 30/2CT CSTL CCKTL,CIGARS,1.0,1,1.0,0.08,27.99,27.99,27.99,27.99,14.5,13.49,48.2,Stable,0.0,Stable,0.0,2025-08-22,2025-08-22,14,1,0,0,0,0,0,0,1,0,0,0,0
4455,8681657415762,ODDIE DUBAI CHOCOLAT 27GM 20CT,CANDYS,1.0,1,1.0,0.08,45.0,45.0,45.00,45.00,36.0,9.0,20.0,Stable,0.0,Stable,0.0,2025-09-01,2025-09-01,4,1,0,0,0,0,0,0,1,0,0,0,0
4456,073390050573,TRIDENT 4CT VIBE-SPERMINT RUSH,GUMS/CHICLETS,1.0,1,1.0,0.08,14.49,14.49,14.49,14.49,11.2,3.29,22.7,Stable,0.0,Stable,0.0,2025-09-01,2025-09-01,4,1,0,0,0,0,0,1,0,0,0,0,0
4457,SXPC36,VITA HERBAL POUCH DISP 36/2CT,VITAMINS,1.0,1,1.0,0.08,100.0,100.0,100.00,100.00,90.0,10.0,10.0,Stable,0.0,Stable,0.0,2025-07-15,2025-07-15,53,1,0,0,0,0,0,0,0,0,1,0,0
4458,676979000770,FOILRITE ALUMINUM PAN 1LB 3CT,KITCHEN & TOILET,1.0,1,1.0,0.08,0.99,0.99,0.99,0.99,0.47,0.52,52.5,Stable,0.0,Stable,0.0,2025-06-24,2025-06-24,73,1,1,0,0,0,0,0,0,0,0,0,0
4459,801822500309,PAINT ROLLER,HARDWARE,1.0,1,1.0,0.0,1.99,1.99,1.99,1.99,0.8,1.19,59.8,Stable,0.0,Stable,0.0,2025-03-31,2025-03-31,158,1,0,1,0,0,0,0,0,0,0,0,0
4460,025900335557,SS 2/$1.39 30/2CT - GREEN,CIGARS,1.0,1,1.0,0.08,31.49,31.49,31.49,31.49,24.3,7.19,22.8,Stable,0.0,Stable,0.0,2025-09-05,2025-09-05,1,1,0,0,0,0,0,0,1,0,0,0,0
4461,H7P,"SILICONE PNTD BEAKER 14"" H7P",NOVELTY ITEMS,1.0,1,1.0,0.0,8.99,8.99,8.99,8.99,8.99,0.0,0.0,Stable,0.0,Stable,0.0,2025-05-07,2025-05-07,121,1,0,0,0,0,1,0,0,0,0,0,0
4462,801822851036,THERMOS SLV ATL GRTNG,HOUSEHOLD GOODS,1.0,1,1.0,0.0,3.99,3.99,3.99,3.99,3.25,0.74,18.5,Stable,0.0,Stable,0.0,2025-03-26,2025-03-26,164,1,0,0,0,1,0,0,0,0,0,0,0
4463,8906181782945,CLEW 6MG 5CT SPEARMINT,NICOTINE POUCHES,1.0,1,1.0,0.0,15.99,15.99,15.99,15.99,15.0,0.99,6.2,Stable,0.0,Stable,0.0,2025-05-02,2025-05-02,127,1,0,0,0,0,0,1,0,0,0,0,0
4464,810134929975,BLAZY SUS RICE CN 53MM 21/12CT,CIG ROLLING PAPER,1.0,1,1.0,0.08,36.99,36.99,36.99,36.99,31.5,5.49,14.8,Stable,0.0,Stable,0.0,2025-08-21,2025-08-21,16,1,0,0,0,0,0,0,1,0,0,0,0
4465,026200144863,SLIM JIM MONSTER 18CT MILD,FOOD,1.0,1,1.0,0.0,0.0,0.0,0.00,0.00,35.27,-35.27,0.0,Stable,0.0,Stable,0.0,2025-04-05,2025-04-05,154,1,1,0,0,0,0,0,0,0,0,0,0
4466,685141975013,RED BUCK MILD 16OZ PIPE TOBACC,LT-TAX-COLLECTED,1.0,1,1.0,0.0,7.99,7.99,7.99,7.99,6.25,1.74,21.8,Stable,0.0,Stable,0.0,2025-04-06,2025-04-06,152,1,0,0,0,0,1,0,0,0,0,0,0
4467,JBJAR72,JOB GOLD PAPER 72CT JAR,CIG ROLLING PAPER,1.0,1,1.0,0.0,99.99,99.99,99.99,99.99,90.0,9.99,10.0,Stable,0.0,Stable,0.0,2025-04-19,2025-04-19,140,1,0,0,0,0,0,0,0,1,0,0,0
4468,844504001473,SENECA CIGAR MENTHOL 10CT,CIGAR GA,1.0,1,1.0,0.08,9.49,9.49,9.49,9.49,7.52,1.97,20.8,Stable,0.0,Stable,0.0,2025-08-12,2025-08-12,24,1,0,0,0,0,1,0,0,0,0,0,0
4469,784762071729,ZIG ZAG WRAP 2/99 25/2CT DRGNB,BLUNT WRAP,1.0,1,1.0,0.0,14.99,14.99,14.99,14.99,13.5,1.49,9.9,Stable,0.0,Stable,0.0,2025-06-03,2025-06-03,94,1,0,0,0,0,0,1,0,0,0,0,0
4470,041570109045,BLUE DIAMOND ALMONDS 12/1.5OZ,FOOD,1.0,1,1.0,0.0,0.0,0.0,0.00,0.00,9.84,-9.84,0.0,Stable,0.0,Stable,0.0,2025-03-11,2025-03-11,178,1,1,0,0,0,0,0,0,0,0,0,0
4471,817458027011,WILD HEMP COOL MENTHOL 200CT,NOVELTY ITEMS,1.0,1,1.0,0.08,39.99,39.99,39.99,39.99,46.5,-6.51,-16.3,Stable,0.0,Stable,0.0,2025-06-23,2025-06-23,75,1,0,0,0,0,0,0,1,0,0,0,0
4472,6989579111918,MAX II DISPOSABLE RAZOR 24CT,HOUSEHOLD GOODS,1.0,1,1.0,0.0,4.99,4.99,4.99,4.99,3.99,1.0,20.0,Stable,0.0,Stable,0.0,2025-03-18,2025-03-18,171,1,0,0,0,1,0,0,0,0,0,0,0
4473,BODY16OZ,BODY ARMOR SPORTS 160OZ 12CT,DRINKS,1.0,1,1.0,0.0,17.99,17.99,17.99,17.99,14.99,3.0,16.7,Stable,0.0,Stable,0.0,2025-03-28,2025-03-28,161,1,0,0,0,0,0,1,0,0,0,0,0
4474,034000236220,KIT KAT DARK KING SIZE 24CT,CANDYS,1.0,1,1.0,0.08,49.99,49.99,49.99,49.99,40.09,9.9,19.8,Stable,0.0,Stable,0.0,2025-07-22,2025-07-22,45,1,0,0,0,0,0,0,1,0,0,0,0
4475,801822332177,ICE SCRAPPER W/BRUSH ,HOUSEHOLD GOODS,1.0,1,1.0,0.08,2.99,2.99,2.99,2.99,1.0,1.99,66.6,Stable,0.0,Stable,0.0,2025-06-23,2025-06-23,75,1,0,0,1,0,0,0,0,0,0,0,0
4476,031700901809,WO 2/1.49 BLUNT WT GRPE 20CT,CIGARS,1.0,1,1.0,0.0,23.99,23.99,23.99,23.99,17.32,6.67,27.8,Stable,0.0,Stable,0.0,2025-04-22,2025-04-22,136,1,0,0,0,0,0,0,1,0,0,0,0
4477,030800901009,NECCO WAFERS 24CT,CANDYS,1.0,1,1.0,0.0,29.99,29.99,29.99,29.99,24.23,5.76,19.2,Stable,0.0,Stable,0.0,2025-05-07,2025-05-07,122,1,0,0,0,0,0,0,1,0,0,0,0
4478,849855002391,SV PIPE TOBACCO 12OZ MELLOW BL,LT-TAX-COLLECTED,1.0,1,1.0,0.0,19.99,19.99,19.99,19.99,16.37,3.62,18.1,Stable,0.0,Stable,0.0,2025-03-18,2025-03-18,172,1,0,0,0,0,0,1,0,0,0,0,0
4479,842426146258,GT 3/99 HD 15/3CT KASH,CIGAR GA,1.0,1,1.0,0.08,11.99,11.99,11.99,11.99,10.08,1.91,15.9,Stable,0.0,Stable,0.0,2025-06-13,2025-06-13,85,1,0,0,0,0,0,1,0,0,0,0,0
4480,737488028720,CLICKIT PISTOL WNDPRF LSR 16CT,LIGHTERS,1.0,1,1.0,0.08,47.0,47.0,47.00,47.00,37.5,9.5,20.2,Stable,0.0,Stable,0.0,2025-07-27,2025-07-27,41,1,0,0,0,0,0,0,1,0,0,0,0
4481,708926701130,WILDHORSE PIPE TOB 6OZ REGULAR,LT-TAX PAID,1.0,1,1.0,0.0,5.99,5.99,5.99,5.99,4.83,1.16,19.4,Stable,0.0,Stable,0.0,2025-04-06,2025-04-06,152,1,0,0,0,0,1,0,0,0,0,0,0
4482,3641764172922,"PIPE 6"" WP MINAKARI 15CT",NOVELTY ITEMS,1.0,1,1.0,0.0,60.0,60.0,60.00,60.00,48.75,11.25,18.8,Stable,0.0,Stable,0.0,2025-04-27,2025-04-27,131,1,0,0,0,0,0,0,0,1,0,0,0
4483,073100002472,RED SEAL SWEET SNUFF 12CT,T7 SMOKELESS GA,1.0,1,1.0,0.08,354.99,354.99,354.99,354.99,275.18,79.81,22.5,Stable,0.0,Stable,0.0,2025-08-24,2025-08-24,12,1,0,0,0,0,0,0,0,0,0,1,0
4484,645781449916,JUNGO LEAF 10/5CT LIMONCELLO,LT-TAX PAID,1.0,1,1.0,0.0,34.99,34.99,34.99,34.99,31.04,3.95,11.3,Stable,0.0,Stable,0.0,2025-05-15,2025-05-15,113,1,0,0,0,0,0,0,1,0,0,0,0
4485,033300611225,STRAWBERRY SWEET SNUFF 12CT,T7 SMOKELESS GA,1.0,1,1.0,0.08,144.99,144.99,144.99,144.99,135.91,9.08,6.3,Stable,0.0,Stable,0.0,2025-07-04,2025-07-04,64,1,0,0,0,0,0,0,0,0,1,0,0
4486,073390051198,TRIDENT 12CT WILD STRAW+TANGY,GUMS/CHICLETS,1.0,1,1.0,0.08,14.99,14.99,14.99,14.99,12.6,2.39,15.9,Stable,0.0,Stable,0.0,2025-09-05,2025-09-05,1,1,0,0,0,0,0,1,0,0,0,0,0
4487,029000016477,PLANTERS 15CT SALTED CASHEW,FOOD,1.0,1,1.0,0.08,24.49,24.49,24.49,24.49,19.34,5.15,21.0,Stable,0.0,Stable,0.0,2025-08-28,2025-08-28,8,1,0,0,0,0,0,0,1,0,0,0,0
4488,16FLTS,DART LIDS 16FTLS LIFTNLOCK1000,HOUSEHOLD GOODS,1.0,1,1.0,0.0,49.99,49.99,49.99,49.99,36.44,13.55,27.1,Stable,0.0,Stable,0.0,2025-05-25,2025-05-25,104,1,0,0,0,0,0,0,1,0,0,0,0
4489,017724109452,EXCIDE BATTERY PROTECTOR KIT,AUTOMOTIVE,1.0,1,1.0,0.0,1.99,1.99,1.99,1.99,0.55,1.44,72.4,Stable,0.0,Stable,0.0,2025-04-17,2025-04-17,141,1,0,1,0,0,0,0,0,0,0,0,0
4490,008660008640,ZIG ZAG CONE MINI UT 70'S 8PK,CIG ROLLING PAPER,1.0,1,1.0,0.0,21.99,21.99,21.99,21.99,18.0,3.99,18.1,Stable,0.0,Stable,0.0,2025-05-27,2025-05-27,102,1,0,0,0,0,0,0,1,0,0,0,0
4491,033300636174,STARR PEACH TOB B1G1 6CT,LT-TAX PAID,1.0,1,1.0,0.0,33.99,33.99,33.99,33.99,30.66,3.33,9.8,Stable,0.0,Stable,0.0,2025-03-22,2025-03-22,168,1,0,0,0,0,0,0,1,0,0,0,0
4492,716165152798,RAW 79MM 1.25/1.5 ROLLER 12CT,CIG ROLLING PAPER,1.0,1,1.0,0.0,17.99,17.99,17.99,17.99,13.5,4.49,25.0,Stable,0.0,Stable,0.0,2025-06-02,2025-06-02,96,1,0,0,0,0,0,1,0,0,0,0,0
4493,676979890128,WOMENS 6 BLADES RAZOR 2PK 1CT,HOUSEHOLD GOODS,1.0,1,1.0,0.08,1.59,1.59,1.59,1.59,0.6,0.99,62.3,Stable,0.0,Stable,0.0,2025-08-18,2025-08-18,19,1,0,1,0,0,0,0,0,0,0,0,0
4494,00041333086613,DURACELL C 8/2CT,BATTERY,1.0,1,1.0,0.0,30.99,30.99,30.99,30.99,16.4,14.59,47.1,Stable,0.0,Stable,0.0,2025-03-30,2025-03-30,160,1,0,0,0,0,0,0,1,0,0,0,0
4495,103211637352,FANCY HAND PIPE ICE CREAM 1CT,NOVELTY ITEMS,1.0,1,1.0,0.08,0.0,0.0,0.00,0.00,8.14,-8.14,0.0,Stable,0.0,Stable,0.0,2025-09-01,2025-09-01,5,1,1,0,0,0,0,0,0,0,0,0,0
4496,19312165920887,TK PETS DIPPER POP DIP/LICK,CANDYS,1.0,1,1.0,0.0,12.99,12.99,12.99,12.99,9.84,3.15,24.2,Stable,0.0,Stable,0.0,2025-03-14,2025-03-14,176,1,0,0,0,0,0,1,0,0,0,0,0
4497,10849855003111,BACKWOOD PIPE TOB 6CT ORIGINAL,LT-TAX-COLLECTED,1.0,1,1.0,0.08,23.99,23.99,23.99,23.99,18.66,5.33,22.2,Stable,0.0,Stable,0.0,2025-06-22,2025-06-22,75,1,0,0,0,0,0,0,1,0,0,0,0
4498,6922376870206,COMB BLACK JAR  72CT,COSMETICS & BEAUTY,1.0,1,1.0,0.08,4.99,4.99,4.99,4.99,2.7,2.29,45.9,Stable,0.0,Stable,0.0,2025-07-16,2025-07-16,51,1,0,0,0,1,0,0,0,0,0,0,0
4499,025900229627,SS 2/1.29 30/2CT BANANA SMASH,CIGARS,1.0,1,1.0,0.0,27.99,27.99,27.99,27.99,14.5,13.49,48.2,Stable,0.0,Stable,0.0,2025-04-26,2025-04-26,133,1,0,0,0,0,0,0,1,0,0,0,0
4500,036882558346,DW CIGAR SPLIT CUTTER 100CT ,NOVELTY ITEMS,1.0,1,1.0,0.0,39.99,39.99,39.99,39.99,31.99,8.0,20.0,Stable,0.0,Stable,0.0,2025-03-18,2025-03-18,172,1,0,0,0,0,0,0,1,0,0,0,0
4501,8681511389710,ADALYA 10 X 50GM STAWBRY SPLSH,LT-TAX PAID,1.0,1,1.0,0.0,17.99,17.99,17.99,17.99,16.0,1.99,11.1,Stable,0.0,Stable,0.0,2025-03-19,2025-03-19,171,1,0,0,0,0,0,1,0,0,0,0,0
4502,073170731197,OLD W 18CT BF & CHEESE SAUSAGE,FOOD,1.0,1,1.0,0.0,43.99,43.99,43.99,43.99,37.44,6.55,14.9,Stable,0.0,Stable,0.0,2025-05-12,2025-05-12,116,1,0,0,0,0,0,0,1,0,0,0,0
4503,812319010867,GT FTW 2/.79 25CT WHITE GRAPE,BLUNT WRAP,1.0,1,1.0,0.0,10.99,10.99,10.99,10.99,7.55,3.44,31.3,Stable,0.0,Stable,0.0,2025-05-11,2025-05-11,117,1,0,0,0,0,0,1,0,0,0,0,0
4504,034000943142,KIT KAT BIRTHDAY CAKE KS 24CT,CANDYS,1.0,1,1.0,0.08,49.99,49.99,49.99,49.99,40.09,9.9,19.8,Stable,0.0,Stable,0.0,2025-07-31,2025-07-31,37,1,0,0,0,0,0,0,1,0,0,0,0
4505,070330644205,LGT BIC 50CT TRAY MILLENIAL,LIGHTERS,1.0,1,1.0,0.0,63.99,63.99,63.99,63.99,42.5,21.49,33.6,Stable,0.0,Stable,0.0,2025-03-22,2025-03-22,167,1,0,0,0,0,0,0,0,1,0,0,0
4506,676979910994,STARCH SPRAY SCENT 13OZ 1 CT,HOUSEHOLD GOODS,1.0,1,1.0,0.08,1.89,1.89,1.89,1.89,0.91,0.98,51.9,Stable,0.0,Stable,0.0,2025-07-31,2025-07-31,37,1,0,1,0,0,0,0,0,0,0,0,0
4507,686464432214,KM ROCK PAPER SCISSORS 12CT,CANDYS,1.0,1,1.0,0.0,12.99,12.99,12.99,12.99,9.94,3.05,23.5,Stable,0.0,Stable,0.0,2025-03-14,2025-03-14,176,1,0,0,0,0,0,1,0,0,0,0,0
4508,720707766794,VITA HERBAL VIP SHOTS 12CT,VITAMINS,1.0,1,1.0,0.0,14.0,14.0,14.00,14.00,10.0,4.0,28.6,Stable,0.0,Stable,0.0,2025-03-14,2025-03-14,176,1,0,0,0,0,0,1,0,0,0,0,0
4509,058732934575,KING PALM 5PK 10MM FILTER 24CT,BLUNT WRAP,1.0,1,1.0,0.0,29.99,29.99,29.99,29.99,24.99,5.0,16.7,Stable,0.0,Stable,0.0,2025-03-13,2025-03-13,177,1,0,0,0,0,0,0,1,0,0,0,0
4510,6931550440784,LAB D THE MONSTER 6CT,MISC,1.0,1,1.0,0.08,60.0,60.0,60.00,60.00,49.99,10.01,16.7,Stable,0.0,Stable,0.0,2025-08-06,2025-08-06,30,1,0,0,0,0,0,0,0,1,0,0,0
4511,LM5000,CLEARANCE LOST MARY OS5K 10CT,ELECTRONIC CIG,1.0,1,1.0,0.0,30.0,30.0,30.00,30.00,45.0,-15.0,-50.0,Stable,0.0,Stable,0.0,2025-05-29,2025-05-29,100,1,0,0,0,0,0,0,1,0,0,0,0
4512,737488029345,CLICKIT GH5834 W/CIG BOX 12CT,MISC,1.0,1,1.0,0.0,57.5,57.5,57.50,57.50,50.0,7.5,13.0,Stable,0.0,Stable,0.0,2025-03-21,2025-03-21,168,1,0,0,0,0,0,0,0,1,0,0,0
4513,801822210567,MOP COTTON # 16 WITH HANDLE,CLEANING PRODUCTS,1.0,1,1.0,0.0,5.99,5.99,5.99,5.99,1.55,4.44,74.1,Stable,0.0,Stable,0.0,2025-03-16,2025-03-16,174,1,0,0,0,0,1,0,0,0,0,0,0
4514,029000016538,PLANTERS 15CT HONEY ROAST,FOOD,1.0,1,1.0,0.08,10.99,10.99,10.99,10.99,9.3,1.69,15.4,Stable,0.0,Stable,0.0,2025-07-27,2025-07-27,41,1,0,0,0,0,0,1,0,0,0,0,0
4515,073170732323,OLD W 18CT H&S PEP JACK CHEESE,FOOD,1.0,1,1.0,0.0,43.99,43.99,43.99,43.99,37.44,6.55,14.9,Stable,0.0,Stable,0.0,2025-05-12,2025-05-12,116,1,0,0,0,0,0,0,1,0,0,0,0
4516,073170732293,OLD W 18CT HOT & SPICY STICKS,FOOD,1.0,1,1.0,0.0,25.99,25.99,25.99,25.99,22.14,3.85,14.8,Stable,0.0,Stable,0.0,2025-05-12,2025-05-12,116,1,0,0,0,0,0,0,1,0,0,0,0
4517,850056386319,THE DEMON GUMMIES D8 20/10CT,CBD/HEMP,1.0,1,1.0,0.08,260.0,260.0,260.00,260.00,240.0,20.0,7.7,Stable,0.0,Stable,0.0,2025-07-22,2025-07-22,45,1,0,0,0,0,0,0,0,0,0,1,0
4518,676979890395,D+A ASTD BANDAGES 100CT ,MEDICINE,1.0,1,1.0,0.08,2.49,2.49,2.49,2.49,0.65,1.84,73.9,Stable,0.0,Stable,0.0,2025-08-15,2025-08-15,22,1,0,0,1,0,0,0,0,0,0,0,0
4519,703674234169,LIPHT MIT 150 KRATOM SHOT 12CT,VITAMINS,1.0,1,1.0,0.0,72.5,72.5,72.50,72.50,66.0,6.5,9.0,Stable,0.0,Stable,0.0,2025-04-05,2025-04-05,154,1,0,0,0,0,0,0,0,1,0,0,0
4520,SONG200,SONG OF SUDAN 3PC 200CT DISP,INCENSE,1.0,1,1.0,0.08,79.99,79.99,79.99,79.99,65.0,14.99,18.7,Stable,0.0,Stable,0.0,2025-07-21,2025-07-21,46,1,0,0,0,0,0,0,0,1,0,0,0
4521,034000229161,REESES BIG CUP PUFFS KS 16CT,CANDYS,1.0,1,1.0,0.0,32.99,32.99,32.99,32.99,26.46,6.53,19.8,Stable,0.0,Stable,0.0,2025-04-07,2025-04-07,152,1,0,0,0,0,0,0,1,0,0,0,0
4522,028200305114,BASIC MNTH SILVER BOX,CIGARETTE,1.0,1,1.0,0.08,88.19,88.19,88.19,88.19,61.84,26.35,29.9,Stable,0.0,Stable,0.0,2025-07-21,2025-07-21,46,1,0,0,0,0,0,0,0,1,0,0,0
4523,CRUNK ,CRUNK ALL FLVRS 16OZ,DRINKS,1.0,1,1.0,0.08,29.99,29.99,29.99,29.99,23.99,6.0,20.0,Stable,0.0,Stable,0.0,2025-08-05,2025-08-05,31,1,0,0,0,0,0,0,1,0,0,0,0
4524,676979860732,ITCH STOPPING CREAM 1.25OZ,COSMETICS & BEAUTY,1.0,1,1.0,0.0,1.49,1.49,1.49,1.49,0.58,0.91,61.1,Stable,0.0,Stable,0.0,2025-04-15,2025-04-15,143,1,0,1,0,0,0,0,0,0,0,0,0
4525,GB50,LGT GIBSON  LIGHTER 50CT,LIGHTERS,1.0,1,1.0,0.08,9.99,9.99,9.99,9.99,4.99,5.0,50.1,Stable,0.0,Stable,0.0,2025-07-05,2025-07-05,62,1,0,0,0,0,1,0,0,0,0,0,0
4526,19083328,"FANCY PIPE 14"" 7MM 1CT",NOVELTY ITEMS,1.0,1,1.0,0.0,21.99,21.99,21.99,21.99,18.75,3.24,14.7,Stable,0.0,Stable,0.0,2025-05-07,2025-05-07,121,1,0,0,0,0,0,0,1,0,0,0,0
4527,762446522200,SOUTHERN PRIDE 12CT,LT-TAX PAID,1.0,1,1.0,0.0,89.99,89.99,89.99,89.99,85.54,4.45,4.9,Stable,0.0,Stable,0.0,2025-05-20,2025-05-20,108,1,0,0,0,0,0,0,0,1,0,0,0
4528,018505123308,TOKE TOKEN WHITE $.99 72CT,CIG ROLLING PAPER,1.0,1,1.0,0.0,29.99,29.99,29.99,29.99,18.95,11.04,36.8,Stable,0.0,Stable,0.0,2025-05-29,2025-05-29,99,1,0,0,0,0,0,0,1,0,0,0,0
4529,676979556635,CARE DBL EDGED BLADE 4/20CT ,HOUSEHOLD GOODS,1.0,1,1.0,0.08,3.99,3.99,3.99,3.99,1.92,2.07,51.9,Stable,0.0,Stable,0.0,2025-08-10,2025-08-10,26,1,0,0,0,1,0,0,0,0,0,0,0
4530,849205032146,VUSE CLASIC TOBACCO 2.4% 5/4CT,ECIG - PODS,1.0,1,1.0,0.0,103.99,103.99,103.99,103.99,99.39,4.6,4.4,Stable,0.0,Stable,0.0,2025-03-29,2025-03-29,161,1,0,0,0,0,0,0,0,0,1,0,0
4531,091585048846,CLIPPER LIGHTER 4 TIER 168CT,MISC,1.0,1,1.0,0.0,164.99,164.99,164.99,164.99,146.4,18.59,11.3,Stable,0.0,Stable,0.0,2025-03-13,2025-03-13,176,1,0,0,0,0,0,0,0,0,1,0,0
4532,6903148242780,SOAP 2 PK TIDE LAUNDRY 238GM,CLEANING PRODUCTS,1.0,1,1.0,0.0,1.99,1.99,1.99,1.99,1.42,0.57,28.6,Stable,0.0,Stable,0.0,2025-05-07,2025-05-07,122,1,0,1,0,0,0,0,0,0,0,0,0
4533,091585045142,CLIPPER ICE CUBE LIGHTE 48+5CT,MISC,1.0,1,1.0,0.08,43.99,43.99,43.99,43.99,28.32,15.67,35.6,Stable,0.0,Stable,0.0,2025-07-28,2025-07-28,39,1,0,0,0,0,0,0,1,0,0,0,0
4534,812319010560,GT FTW 2/.79 25CT PEACH,BLUNT WRAP,1.0,1,1.0,0.08,10.99,10.99,10.99,10.99,7.55,3.44,31.3,Stable,0.0,Stable,0.0,2025-08-27,2025-08-27,10,1,0,0,0,0,0,1,0,0,0,0,0
4535,659873238791,K-SHOT 12CT - NU,NOVELTY ITEMS,1.0,1,1.0,0.0,35.0,35.0,35.00,35.00,32.0,3.0,8.6,Stable,0.0,Stable,0.0,2025-05-02,2025-05-02,126,1,0,0,0,0,0,0,1,0,0,0,0
4536,6291108161937,AL FAKHER 10 X 50GM GRENADINE ,LT-TAX PAID,1.0,1,1.0,0.0,16.49,16.49,16.49,16.49,15.5,0.99,6.0,Stable,0.0,Stable,0.0,2025-04-09,2025-04-09,149,1,0,0,0,0,0,1,0,0,0,0,0
4537,033300611300,TOPS SWEET DRY SNUFF (BLU) 12C,T7 SMOKELESS GA,1.0,1,1.0,0.08,144.99,144.99,144.99,144.99,135.91,9.08,6.3,Stable,0.0,Stable,0.0,2025-07-14,2025-07-14,54,1,0,0,0,0,0,0,0,0,1,0,0
4538,192568962200,KM CRUNCHY CRAWLY 12CT,CANDYS,1.0,1,1.0,0.0,12.99,12.99,12.99,12.99,9.94,3.05,23.5,Stable,0.0,Stable,0.0,2025-04-01,2025-04-01,157,1,0,0,0,0,0,1,0,0,0,0,0
4539,818892016555,GT FTW 2/.79 25CT FRUIT PNCH,BLUNT WRAP,1.0,1,1.0,0.0,10.99,10.99,10.99,10.99,7.55,3.44,31.3,Stable,0.0,Stable,0.0,2025-04-06,2025-04-06,152,1,0,0,0,0,0,1,0,0,0,0,0
4540,058847950309,KITCHEN & BATH CLEANER 32OZ,CLEANING PRODUCTS,1.0,1,1.0,0.08,1.59,1.59,1.59,1.59,0.84,0.75,47.2,Stable,0.0,Stable,0.0,2025-07-02,2025-07-02,66,1,0,1,0,0,0,0,0,0,0,0,0
4541,850041475011,TRIPLE SQUEEZE SOUR 12CT,CANDYS,1.0,1,1.0,0.0,13.99,13.99,13.99,13.99,10.8,3.19,22.8,Stable,0.0,Stable,0.0,2025-04-16,2025-04-16,143,1,0,0,0,0,0,1,0,0,0,0,0
4542,FLYINGC,CLEARANCE FLYINCUP 8KPUFF 10CT,ELECTRONIC CIG,1.0,1,1.0,0.08,29.99,29.99,29.99,29.99,40.0,-10.01,-33.4,Stable,0.0,Stable,0.0,2025-07-27,2025-07-27,40,1,0,0,0,0,0,0,1,0,0,0,0
4543,676979100098,U CHOICE BABY WIPES 120CT,MISC,1.0,1,1.0,0.08,1.69,1.69,1.69,1.69,0.81,0.88,52.1,Stable,0.0,Stable,0.0,2025-08-14,2025-08-14,22,1,0,1,0,0,0,0,0,0,0,0,0
4544,5901508238313,WINTER CAP PARKERS 12CT,HOUSEHOLD GOODS,1.0,1,1.0,0.0,17.99,17.99,17.99,17.99,12.99,5.0,27.8,Stable,0.0,Stable,0.0,2025-03-12,2025-03-12,178,1,0,0,0,0,0,1,0,0,0,0,0
4545,076940197063,LD LIGHT GREEN BOX 10CT,CIGARETTE,1.0,1,1.0,0.08,30.99,30.99,30.99,30.99,30.14,0.85,2.7,Stable,0.0,Stable,0.0,2025-08-20,2025-08-20,16,1,0,0,0,0,0,0,1,0,0,0,0
4546,031700238738,GAME LEAF 5/2.99 8/5CT TROPCAL,CIGARS,1.0,1,1.0,0.0,18.99,18.99,18.99,18.99,14.0,4.99,26.3,Stable,0.0,Stable,0.0,2025-04-03,2025-04-03,156,1,0,0,0,0,0,1,0,0,0,0,0
4547,9555708301016,VITA  DOUBLE SHOT 10CT,VITAMINS,1.0,1,1.0,0.0,8.99,8.99,8.99,8.99,8.5,0.49,5.5,Stable,0.0,Stable,0.0,2025-04-17,2025-04-17,141,1,0,0,0,0,1,0,0,0,0,0,0
4548,99903,WARNER 10FT CABLE 25CT MICRO,CELLUAR ACCESSORIES,1.0,1,1.0,0.0,9.0,9.0,9.00,9.00,47.25,-38.25,-425.0,Stable,0.0,Stable,0.0,2025-04-10,2025-04-10,149,1,0,0,0,0,1,0,0,0,0,0,0
4549,61558,SCORCH TORCH BLASTER 6CT,LIGHTERS,1.0,1,1.0,0.0,60.0,60.0,60.00,60.00,53.94,6.06,10.1,Stable,0.0,Stable,0.0,2025-03-26,2025-03-26,164,1,0,0,0,0,0,0,0,1,0,0,0
4550,090500110736,WINST $0.5OFF SELECT GOLD 100,CIGARETTE,1.0,1,1.0,0.0,76.99,76.99,76.99,76.99,70.95,6.04,7.8,Stable,0.0,Stable,0.0,2025-03-31,2025-03-31,159,1,0,0,0,0,0,0,0,1,0,0,0
4551,652369371187,CAMOUFLAGE LIGHTER 1CT,LIGHTERS,1.0,1,1.0,0.08,0.69,0.69,0.69,0.69,0.31,0.38,55.1,Stable,0.0,Stable,0.0,2025-06-25,2025-06-25,72,1,1,0,0,0,0,0,0,0,0,0,0
4552,6931377227728,KN95 MASK INDIVIDUAL 30CT ,HOUSEHOLD GOODS,1.0,1,1.0,0.08,19.99,19.99,19.99,19.99,12.0,7.99,40.0,Stable,0.0,Stable,0.0,2025-08-10,2025-08-10,26,1,0,0,0,0,0,1,0,0,0,0,0
4553,818892016524,GT MINI 3/99 GREEN CIGARL 45CT,CIGAR GA,1.0,1,1.0,0.0,8.99,8.99,8.99,8.99,7.39,1.6,17.8,Stable,0.0,Stable,0.0,2025-03-28,2025-03-28,162,1,0,0,0,0,1,0,0,0,0,0,0
4554,018505144294,BLINK FANCY LIGHTERS 50CT,LIGHTERS,1.0,1,1.0,0.08,21.99,21.99,21.99,21.99,17.5,4.49,20.4,Stable,0.0,Stable,0.0,2025-08-14,2025-08-14,23,1,0,0,0,0,0,0,1,0,0,0,0
4555,4902430400992,PANTENE SHAMPOO 320ML,COSMETICS & BEAUTY,1.0,1,1.0,0.08,3.99,3.99,3.99,3.99,2.75,1.24,31.1,Stable,0.0,Stable,0.0,2025-08-10,2025-08-10,26,1,0,0,0,1,0,0,0,0,0,0,0
4556,023604200331,TWANG SALT 200 CT CHILI LIME ,FOOD,1.0,1,1.0,0.0,15.99,15.99,15.99,15.99,7.49,8.5,53.2,Stable,0.0,Stable,0.0,2025-04-04,2025-04-04,155,1,0,0,0,0,0,1,0,0,0,0,0
4557,801822811573,DS AIR FRESHNER TROPICAL 1CT,AIR FRESHENER,1.0,1,1.0,0.08,1.49,1.49,1.49,1.49,0.65,0.84,56.4,Stable,0.0,Stable,0.0,2025-06-24,2025-06-24,73,1,0,1,0,0,0,0,0,0,0,0,0
4558,817127028226,SHOW LEAF 2/1.29 15/2PK DARK,LT-TAX-COLLECTED,1.0,1,1.0,0.0,12.99,12.99,12.99,12.99,10.5,2.49,19.2,Stable,0.0,Stable,0.0,2025-03-27,2025-03-27,163,1,0,0,0,0,0,1,0,0,0,0,0
4559,10018505144140,BLINK TORCH GUN 12CT,LIGHTERS,1.0,1,1.0,0.0,24.99,24.99,24.99,24.99,18.0,6.99,28.0,Stable,0.0,Stable,0.0,2025-03-29,2025-03-29,160,1,0,0,0,0,0,0,1,0,0,0,0
4560,897620000318,NATURAL MASKING TAPE 2PK 1CT,STATIONARY,1.0,1,1.0,0.08,1.49,1.49,1.49,1.49,0.55,0.94,63.1,Stable,0.0,Stable,0.0,2025-08-04,2025-08-04,33,1,0,1,0,0,0,0,0,0,0,0,0
4561,026200002590,SLIM JIM MONS SHORTBOI 24CT OG,FOOD,1.0,1,1.0,0.0,0.0,0.0,0.00,0.00,25.2,-25.2,0.0,Stable,0.0,Stable,0.0,2025-03-22,2025-03-22,168,1,1,0,0,0,0,0,0,0,0,0,0
4562,731123122620,NAIL CLIPPER SET,COSMETICS & BEAUTY,1.0,1,1.0,0.08,1.29,1.29,1.29,1.29,0.6,0.69,53.5,Stable,0.0,Stable,0.0,2025-08-15,2025-08-15,22,1,0,1,0,0,0,0,0,0,0,0,0
4563,GS013,FANCY WATER PIPE 1CT,NOVELTY ITEMS,1.0,1,1.0,0.0,21.99,21.99,21.99,21.99,20.0,1.99,9.0,Stable,0.0,Stable,0.0,2025-05-07,2025-05-07,121,1,0,0,0,0,0,0,1,0,0,0,0
4564,737488029703,CLICKIT WALKIE TAKIE 20CT,LIGHTERS,1.0,1,1.0,0.0,64.99,64.99,64.99,64.99,58.0,6.99,10.8,Stable,0.0,Stable,0.0,2025-03-31,2025-03-31,159,1,0,0,0,0,0,0,0,1,0,0,0
4565,044000020279,CHIPS AHOY 1OZ  12 CT,COOKIES,1.0,1,1.0,0.0,8.49,8.49,8.49,8.49,6.79,1.7,20.0,Stable,0.0,Stable,0.0,2025-04-17,2025-04-17,142,1,0,0,0,0,1,0,0,0,0,0,0
4566,737488029239,CLICKIT HANDBAG FLAME LGT 20CT,LIGHTERS,1.0,1,1.0,0.0,48.5,48.5,48.50,48.50,42.0,6.5,13.4,Stable,0.0,Stable,0.0,2025-04-17,2025-04-17,142,1,0,0,0,0,0,0,1,0,0,0,0
4567,731123123849,GLOVES LEATHER WORKING 12CT,GLOVES & T SHIRTS,1.0,1,1.0,0.0,14.99,14.99,14.99,14.99,12.99,2.0,13.3,Stable,0.0,Stable,0.0,2025-03-28,2025-03-28,162,1,0,0,0,0,0,1,0,0,0,0,0
4568,784762070104,ZIG ZAG CONES 15/2CT DRAGONBRY,BLUNT WRAP,1.0,1,1.0,0.0,10.99,10.99,10.99,10.99,9.3,1.69,15.4,Stable,0.0,Stable,0.0,2025-04-30,2025-04-30,129,1,0,0,0,0,0,1,0,0,0,0,0
4569,784762080226,ZIG ZAG LEAF 2/1.29 15CT NATR,CIGARS,1.0,1,1.0,0.0,13.99,13.99,13.99,13.99,10.2,3.79,27.1,Stable,0.0,Stable,0.0,2025-04-29,2025-04-29,129,1,0,0,0,0,0,1,0,0,0,0,0
4570,058847950507,SPOT & STAIN REMOVER SPREY 1CT,CLEANING PRODUCTS,1.0,1,1.0,0.08,1.59,1.59,1.59,1.59,0.84,0.75,47.0,Stable,0.0,Stable,0.0,2025-08-21,2025-08-21,16,1,0,1,0,0,0,0,0,0,0,0,0
4571,878848862018,MEASURING TAPE 10M 33FT 1CT,HARDWARE,1.0,1,1.0,0.0,4.49,4.49,4.49,4.49,1.61,2.88,64.0,Stable,0.0,Stable,0.0,2025-04-11,2025-04-11,148,1,0,0,0,1,0,0,0,0,0,0,0
4572,632365626375,KOKO CANDY SWEET SHOT TOY 12CT,CANDYS,1.0,1,1.0,0.0,13.99,13.99,13.99,13.99,10.04,3.95,28.2,Stable,0.0,Stable,0.0,2025-04-30,2025-04-30,128,1,0,0,0,0,0,1,0,0,0,0,0
4573,680585396387,MIT 45 BOOST 12CT,VITAMINS,1.0,1,1.0,0.0,38.0,38.0,38.00,38.00,34.2,3.8,10.0,Stable,0.0,Stable,0.0,2025-04-15,2025-04-15,144,1,0,0,0,0,0,0,1,0,0,0,0
4574,031700009840,GAME 2/99 GOLD HONEY 30CT.,CIGARS,1.0,1,1.0,0.08,21.99,21.99,21.99,21.99,16.5,5.49,25.0,Stable,0.0,Stable,0.0,2025-06-08,2025-06-08,89,1,0,0,0,0,0,0,1,0,0,0,0
4575,H34,SILICONE HAND PIPE W/STASH H34,NOVELTY ITEMS,1.0,1,1.0,0.0,2.75,2.75,2.75,2.75,1.88,0.87,31.6,Stable,0.0,Stable,0.0,2025-03-26,2025-03-26,164,1,0,0,1,0,0,0,0,0,0,0,0
4576,090500110088,WINST $0.5OFF GOLD BOX 10CT,CIGARETTE,1.0,1,1.0,0.0,76.99,76.99,76.99,76.99,44.38,32.61,42.4,Stable,0.0,Stable,0.0,2025-05-27,2025-05-27,102,1,0,0,0,0,0,0,0,1,0,0,0
4577,031700239025,GAME LEAF 2/1.49 15/2CT BLK RU,CIGARS,1.0,1,1.0,0.0,16.99,16.99,16.99,16.99,12.23,4.76,28.0,Stable,0.0,Stable,0.0,2025-06-05,2025-06-05,92,1,0,0,0,0,0,1,0,0,0,0,0
4578,784762072320,ZIG ZAG CIG 3/99 15/3CT STRTUP,CIGARS,1.0,1,1.0,0.08,10.99,10.99,10.99,10.99,7.35,3.64,33.1,Stable,0.0,Stable,0.0,2025-08-03,2025-08-03,34,1,0,0,0,0,0,1,0,0,0,0,0
4579,9556296142753,VITA VIP CHOCO 12CT,VITAMINS,1.0,1,1.0,0.08,9.99,9.99,9.99,9.99,6.99,3.0,30.0,Stable,0.0,Stable,0.0,2025-08-10,2025-08-10,27,1,0,0,0,0,1,0,0,0,0,0,0
4580,3641774102957,SAFE CAN NOVELTY 6CT TC2506,NOVELTY ITEMS,1.0,1,1.0,0.0,19.99,19.99,19.99,19.99,15.0,4.99,25.0,Stable,0.0,Stable,0.0,2025-04-05,2025-04-05,154,1,0,0,0,0,0,1,0,0,0,0,0
4581,CTK264,CELLTEKK FLOOR DISPLAY 264CT,CELLUAR ACCESSORIES,1.0,1,1.0,0.08,649.99,649.99,649.99,649.99,525.77,124.22,19.1,Stable,0.0,Stable,0.0,2025-06-27,2025-06-27,70,1,0,0,0,0,0,0,0,0,0,0,1
4582,630808826191,HONEYGIZER HONEY 24CT,VITAMINS,1.0,1,1.0,0.0,24.99,24.99,24.99,24.99,22.0,2.99,12.0,Stable,0.0,Stable,0.0,2025-04-16,2025-04-16,143,1,0,0,0,0,0,0,1,0,0,0,0
4583,025900443054,OPTIMO 2/99 30/2CT SILVER,CIGARS,1.0,1,1.0,0.0,22.99,22.99,22.99,22.99,17.25,5.74,25.0,Stable,0.0,Stable,0.0,2025-03-30,2025-03-30,159,1,0,0,0,0,0,0,1,0,0,0,0
4584,676307805473,MYSTIC LABS D9 120MG 6/12CT,CBD/HEMP,1.0,1,1.0,0.0,37.5,37.5,37.50,37.50,30.0,7.5,20.0,Stable,0.0,Stable,0.0,2025-05-18,2025-05-18,110,1,0,0,0,0,0,0,1,0,0,0,0
4585,073390010034,AIR HEADS 18CT XTREMES BITES,CANDYS,1.0,1,1.0,0.0,21.99,21.99,21.99,21.99,18.34,3.65,16.6,Stable,0.0,Stable,0.0,2025-03-12,2025-03-12,178,1,0,0,0,0,0,0,1,0,0,0,0
4586,617723191214,ATM LED SIGN,NOVELTY ITEMS,1.0,1,1.0,0.08,19.99,19.99,19.99,19.99,9.99,10.0,50.0,Stable,0.0,Stable,0.0,2025-08-17,2025-08-17,19,1,0,0,0,0,0,1,0,0,0,0,0
4587,655708117804,ADVIL SINUS BLSTR 12/2CT,MEDICINE,1.0,1,1.0,0.0,7.99,7.99,7.99,7.99,6.24,1.75,21.9,Stable,0.0,Stable,0.0,2025-04-13,2025-04-13,145,1,0,0,0,0,1,0,0,0,0,0,0
4588,050428431566,CVS ITCH SPRAY 2FL OZ,MEDICINE,1.0,1,1.0,0.08,3.79,3.79,3.79,3.79,2.75,1.04,27.4,Stable,0.0,Stable,0.0,2025-07-11,2025-07-11,56,1,0,0,0,1,0,0,0,0,0,0,0
4589,784762071668,ZIG ZAG WRAP 2/99 25/2CT STRBY,BLUNT WRAP,1.0,1,1.0,0.08,14.99,14.99,14.99,14.99,13.75,1.24,8.3,Stable,0.0,Stable,0.0,2025-09-04,2025-09-04,1,1,0,0,0,0,0,1,0,0,0,0,0
4590,070137500193,BLK & MLD 10/5PK PT GOLD/MLD ,CIGARS,1.0,1,1.0,0.0,54.59,54.59,54.59,54.59,49.16,5.43,9.9,Stable,0.0,Stable,0.0,2025-04-03,2025-04-03,156,1,0,0,0,0,0,0,0,1,0,0,0
4591,878848863022,HOMESTYLE TOE NAIL CLIPER 24CT,NOVELTY ITEMS,1.0,1,1.0,0.08,12.99,12.99,12.99,12.99,8.06,4.93,37.9,Stable,0.0,Stable,0.0,2025-09-05,2025-09-05,1,1,0,0,0,0,0,1,0,0,0,0,0
4592,878848865194,PROTOUCH TSA LUGGAGE LOCK 1CT,HARDWARE,1.0,1,1.0,0.08,3.99,3.99,3.99,3.99,2.85,1.14,28.6,Stable,0.0,Stable,0.0,2025-08-10,2025-08-10,26,1,0,0,0,1,0,0,0,0,0,0,0
4593,878848890943,PROTOUCH MASKING TAPE 1CT,HOUSEHOLD GOODS,1.0,1,1.0,0.08,0.99,0.99,0.99,0.99,0.57,0.42,42.4,Stable,0.0,Stable,0.0,2025-08-04,2025-08-04,33,1,1,0,0,0,0,0,0,0,0,0,0
4594,19025,PISTOL TORCH LIGHTER 12CT,LIGHTERS,1.0,1,1.0,0.08,69.99,69.99,69.99,69.99,63.0,6.99,10.0,Stable,0.0,Stable,0.0,2025-06-14,2025-06-14,84,1,0,0,0,0,0,0,0,1,0,0,0
4595,043152007107,CLORALEN BLEACH FRESH SCE 22OZ,CLEANING PRODUCTS,1.0,1,1.0,0.0,3.99,3.99,3.99,3.99,2.11,1.88,47.1,Stable,0.0,Stable,0.0,2025-05-07,2025-05-07,122,1,0,0,0,1,0,0,0,0,0,0,0
4596,034000018178,MOUNDS DARK C/COCONUT 24CT,CANDYS,1.0,1,1.0,0.08,29.99,29.99,29.99,29.99,22.95,7.04,23.5,Stable,0.0,Stable,0.0,2025-08-18,2025-08-18,18,1,0,0,0,0,0,0,1,0,0,0,0
4597,815970020251,TWISTED HEMP 4/99CALIFO DREAM,BLUNT WRAP,1.0,1,1.0,0.08,8.99,8.99,8.99,8.99,7.5,1.49,16.6,Stable,0.0,Stable,0.0,2025-07-30,2025-07-30,38,1,0,0,0,0,1,0,0,0,0,0,0
4598,422361,KODIAK MINT 5CT,T7 SMOKELESS GA,1.0,1,1.0,0.08,31.89,31.89,31.89,31.89,26.75,5.14,16.1,Stable,0.0,Stable,0.0,2025-08-07,2025-08-07,30,1,0,0,0,0,0,0,1,0,0,0,0
4599,878114000908,STACKER2 PHENYL STRACK 4X24,VITAMINS,1.0,1,1.0,0.08,16.99,16.99,16.99,16.99,11.88,5.11,30.1,Stable,0.0,Stable,0.0,2025-06-17,2025-06-17,80,1,0,0,0,0,0,1,0,0,0,0,0
4600,801822502310,"DRY WALL SCREWS 2.5""",HARDWARE,1.0,1,1.0,0.08,1.29,1.29,1.29,1.29,0.6,0.69,53.5,Stable,0.0,Stable,0.0,2025-07-26,2025-07-26,42,1,0,1,0,0,0,0,0,0,0,0,0
4601,617723252526,CIGAR CUTTER 60CT,NOVELTY ITEMS,1.0,1,1.0,0.08,41.99,41.99,41.99,41.99,29.4,12.59,30.0,Stable,0.0,Stable,0.0,2025-07-15,2025-07-15,53,1,0,0,0,0,0,0,1,0,0,0,0
4602,801822502303,"DRY WALL SCREWS 2""",HARDWARE,1.0,1,1.0,0.08,0.99,0.99,0.99,0.99,0.5,0.49,49.5,Stable,0.0,Stable,0.0,2025-07-26,2025-07-26,42,1,1,0,0,0,0,0,0,0,0,0,0
4603,WARREN,WARREN OIL 12 CT,AUTOMOTIVE,1.0,1,1.0,0.08,43.99,43.99,43.99,43.99,32.15,11.84,26.9,Stable,0.0,Stable,0.0,2025-08-15,2025-08-15,22,1,0,0,0,0,0,0,1,0,0,0,0
4604,801822502358,"BLACK DRY WALL SCREWS 2 1/2""",HARDWARE,1.0,1,1.0,0.08,1.59,1.59,1.59,1.59,0.5,1.09,68.6,Stable,0.0,Stable,0.0,2025-07-05,2025-07-05,62,1,0,1,0,0,0,0,0,0,0,0,0
4605,632365627228,KOKO ICEE 3CT SNACK BAR CANDY,CANDYS,1.0,1,1.0,0.08,3.99,3.99,3.99,3.99,2.66,1.34,33.5,Stable,0.0,Stable,0.0,2025-08-24,2025-08-24,12,1,0,0,0,1,0,0,0,0,0,0,0
4606,801822701492,BINDER CLIPS ASSTD 12 PCS,STATIONARY,1.0,1,1.0,0.0,2.49,2.49,2.49,2.49,0.64,1.85,74.3,Stable,0.0,Stable,0.0,2025-04-01,2025-04-01,158,1,0,0,1,0,0,0,0,0,0,0,0
4607,818892013844,GT 45CT. WATERMELON 3/99,CIGAR GA,1.0,1,1.0,0.0,8.99,8.99,8.99,8.99,7.73,1.26,14.0,Stable,0.0,Stable,0.0,2025-03-10,2025-03-10,180,1,0,0,0,0,1,0,0,0,0,0,0
4608,78571,STP 78571 FUEL INJ & CARB 12CT,AUTOMOTIVE,1.0,1,1.0,0.0,37.99,37.99,37.99,37.99,24.35,13.64,35.9,Stable,0.0,Stable,0.0,2025-04-20,2025-04-20,139,1,0,0,0,0,0,0,1,0,0,0,0
4609,6291108161456,AL FAKHER 250GM PINEAPPLE,LT-TAX PAID,1.0,1,1.0,0.0,9.99,9.99,9.99,9.99,8.5,1.49,14.9,Stable,0.0,Stable,0.0,2025-06-03,2025-06-03,95,1,0,0,0,0,1,0,0,0,0,0,0
4610,031700232255,GAME 2/99 MANGO 30CT,CIGARS,1.0,1,1.0,0.0,21.99,21.99,21.99,21.99,16.5,5.49,25.0,Stable,0.0,Stable,0.0,2025-03-18,2025-03-18,171,1,0,0,0,0,0,0,1,0,0,0,0
4611,818892014254,GT FTW 2/.79 25CT BLACK,BLUNT WRAP,1.0,1,1.0,0.0,10.99,10.99,10.99,10.99,6.49,4.5,40.9,Stable,0.0,Stable,0.0,2025-05-11,2025-05-11,117,1,0,0,0,0,0,1,0,0,0,0,0
4612,090500110118,WINST $0.5OFF RED 100 B0X 10CT,CIGARETTE,1.0,1,1.0,0.0,76.99,76.99,76.99,76.99,60.45,16.54,21.5,Stable,0.0,Stable,0.0,2025-05-30,2025-05-30,99,1,0,0,0,0,0,0,0,1,0,0,0
4613,073100031700,SKOAL XTRA LC WINTERGREEN 5CT,T7 SMOKELESS GA,1.0,1,1.0,0.08,30.79,30.79,30.79,30.79,29.76,1.03,3.3,Stable,0.0,Stable,0.0,2025-08-31,2025-08-31,5,1,0,0,0,0,0,0,1,0,0,0,0
4614,GOLD ATFA,GOLD BAND ATF TYPE A 12/1QT,AUTOMOTIVE,1.0,1,1.0,0.08,43.99,43.99,43.99,43.99,32.95,11.04,25.1,Stable,0.0,Stable,0.0,2025-08-15,2025-08-15,22,1,0,0,0,0,0,0,1,0,0,0,0
4615,716165177821,ELEMENTS ULT THIN KS 50CT,CIG ROLLING PAPER,1.0,1,1.0,0.08,27.99,27.99,27.99,27.99,23.34,4.65,16.6,Stable,0.0,Stable,0.0,2025-08-29,2025-08-29,8,1,0,0,0,0,0,0,1,0,0,0,0
4616,686464515207,KM BABY SOUR SODA POP 12CT,CANDYS,1.0,1,1.0,0.08,12.99,12.99,12.99,12.99,11.88,1.11,8.5,Stable,0.0,Stable,0.0,2025-07-18,2025-07-18,50,1,0,0,0,0,0,1,0,0,0,0,0
4617,079567110101.,WD-40 3OZ 12CT,AUTOMOTIVE,1.0,1,1.0,0.0,44.99,44.99,44.99,44.99,37.0,7.99,17.8,Stable,0.0,Stable,0.0,2025-04-27,2025-04-27,131,1,0,0,0,0,0,0,1,0,0,0,0
4618,GWP635,FANCY PIPE 1CT GWP635,NOVELTY ITEMS,1.0,1,1.0,0.0,34.0,34.0,34.00,34.00,29.49,4.51,13.3,Stable,0.0,Stable,0.0,2025-03-12,2025-03-12,178,1,0,0,0,0,0,0,1,0,0,0,0
4619,813276020906,"BADSHAH HOOKAH 1 HOSE 17"" 1CT",NOVELTY ITEMS,1.0,1,1.0,0.0,10.5,10.5,10.50,10.50,8.0,2.5,23.8,Stable,0.0,Stable,0.0,2025-03-13,2025-03-13,177,1,0,0,0,0,0,1,0,0,0,0,0
4620,185092000821,PALMETTO GOLD 100 BOX 10CT,CIGARETTE,1.0,1,1.0,0.0,29.29,29.29,29.29,29.29,25.5,3.79,12.9,Stable,0.0,Stable,0.0,2025-04-08,2025-04-08,151,1,0,0,0,0,0,0,1,0,0,0,0
4621,6974828617600,EVOK 6MG 5CT SPEARMINT,NICOTINE POUCHES,1.0,1,1.0,0.0,9.99,9.99,9.99,9.99,8.5,1.49,14.9,Stable,0.0,Stable,0.0,2025-04-17,2025-04-17,142,1,0,0,0,0,1,0,0,0,0,0,0
4622,384242136544,FLYING H 4GMCART STONER 5CT,ECIG - PODS D8,1.0,1,1.0,0.0,47.5,47.5,47.50,47.50,40.0,7.5,15.8,Stable,0.0,Stable,0.0,2025-03-30,2025-03-30,160,1,0,0,0,0,0,0,1,0,0,0,0
4623,717340436504,CAKE 2G COLD PACK DISP 5CT,ECIG - DISP D8,1.0,1,1.0,0.0,90.0,90.0,90.00,90.00,67.5,22.5,25.0,Stable,0.0,Stable,0.0,2025-03-13,2025-03-13,177,1,0,0,0,0,0,0,0,1,0,0,0
4624,716053605634,CELLTEKK CTD 20W USBC TYPE-C,CELLUAR ACCESSORIES,1.0,1,1.0,0.08,36.99,36.99,36.99,36.99,27.5,9.49,25.7,Stable,0.0,Stable,0.0,2025-06-16,2025-06-16,82,1,0,0,0,0,0,0,1,0,0,0,0
4625,676979912486,FRESHRITE DISPOSA GLOVES 500CT,HOUSEHOLD GOODS,1.0,1,1.0,0.08,3.49,3.49,3.49,3.49,1.92,1.57,44.9,Stable,0.0,Stable,0.0,2025-07-29,2025-07-29,39,1,0,0,0,1,0,0,0,0,0,0,0
4626,810120068671,STIIIZY LEAF 8/5CT GOLDEN,LT-TAX-COLLECTED,1.0,1,1.0,0.0,39.99,39.99,39.99,39.99,33.0,6.99,17.5,Stable,0.0,Stable,0.0,2025-04-26,2025-04-26,133,1,0,0,0,0,0,0,1,0,0,0,0
4627,840045207695,ROGUE 3MG POUCH 5CT ORIGNL,NICOTINE POUCHES,1.0,1,1.0,0.08,20.49,20.49,20.49,20.49,19.0,1.49,7.3,Stable,0.0,Stable,0.0,2025-08-07,2025-08-07,29,1,0,0,0,0,0,0,1,0,0,0,0
4628,H213,SILICONE LASER GUN PIPE H213,NOVELTY ITEMS,1.0,1,1.0,0.0,14.0,14.0,14.00,14.00,10.9,3.1,22.1,Stable,0.0,Stable,0.0,2025-05-07,2025-05-07,121,1,0,0,0,0,0,1,0,0,0,0,0
4629,719499005204,HIGH HEMP ORG ROLL PAPER 1 1/4,CIG ROLLING PAPER,1.0,1,1.0,0.0,17.99,17.99,17.99,17.99,14.0,3.99,22.2,Stable,0.0,Stable,0.0,2025-05-02,2025-05-02,126,1,0,0,0,0,0,1,0,0,0,0,0
4630,6291108166819,AL FAKHER 250GM ORANGE,LT-TAX PAID,1.0,1,1.0,0.08,10.49,10.49,10.49,10.49,8.65,1.84,17.5,Stable,0.0,Stable,0.0,2025-08-12,2025-08-12,24,1,0,0,0,0,0,1,0,0,0,0,0
4631,CTKK-116,CELLTEKK COUNTER DISPLAY 116CT,CELLUAR ACCESSORIES,1.0,1,1.0,0.08,240.0,240.0,240.00,240.00,203.0,37.0,15.4,Stable,0.0,Stable,0.0,2025-07-21,2025-07-21,46,1,0,0,0,0,0,0,0,0,0,1,0
4632,852682507250,RUBBERBAND COLORFUL 12CT,MISC,1.0,1,1.0,0.08,4.99,4.99,4.99,4.99,2.5,2.49,49.9,Stable,0.0,Stable,0.0,2025-06-19,2025-06-19,78,1,0,0,0,1,0,0,0,0,0,0,0
4633,012300367585,VANTAGE CLASSIC SILVER 100S ,CIGARETTE,1.0,1,1.0,0.0,124.59,124.59,124.59,124.59,95.13,29.46,23.6,Stable,0.0,Stable,0.0,2025-05-14,2025-05-14,115,1,0,0,0,0,0,0,0,0,1,0,0
4634,077170122450,OCB BAMBOO CONE K/S 3PK,CIG ROLLING PAPER,1.0,1,1.0,0.0,34.99,34.99,34.99,34.99,25.0,9.99,28.6,Stable,0.0,Stable,0.0,2025-04-08,2025-04-08,151,1,0,0,0,0,0,0,1,0,0,0,0
4635,12J16,DART CUPS 12OZ 1000CT,HOUSEHOLD GOODS,1.0,1,1.0,0.0,69.99,69.99,69.99,69.99,56.99,13.0,18.6,Stable,0.0,Stable,0.0,2025-03-22,2025-03-22,167,1,0,0,0,0,0,0,0,1,0,0,0
4636,840045207633,ROGUE 3MG POUCH 5CT TABAC,NICOTINE POUCHES,1.0,1,1.0,0.0,20.49,20.49,20.49,20.49,19.0,1.49,7.3,Stable,0.0,Stable,0.0,2025-05-11,2025-05-11,118,1,0,0,0,0,0,0,1,0,0,0,0
4637,46000107105004,NERDS RAINBOW VIDEO BOX 12CT ,CANDYS,1.0,1,1.0,0.08,19.99,19.99,19.99,19.99,15.98,4.01,20.1,Stable,0.0,Stable,0.0,2025-08-26,2025-08-26,11,1,0,0,0,0,0,1,0,0,0,0,0
4638,66632,WARNER EARPHONE 12CT W/MIC,CELLUAR ACCESSORIES,1.0,1,1.0,0.08,29.99,29.99,29.99,29.99,21.0,8.99,30.0,Stable,0.0,Stable,0.0,2025-07-04,2025-07-04,64,1,0,0,0,0,0,0,1,0,0,0,0
4639,086400904957,OCB BAMBOO WITH TIPS 1 1/4 24C,CIG ROLLING PAPER,1.0,1,1.0,0.08,29.99,29.99,29.99,29.99,23.0,6.99,23.3,Stable,0.0,Stable,0.0,2025-06-22,2025-06-22,76,1,0,0,0,0,0,0,1,0,0,0,0
4640,707670101562,SOUL SMALL DUAL FLAME 25CT,LIGHTERS,1.0,1,1.0,0.0,22.99,22.99,22.99,22.99,18.75,4.24,18.4,Stable,0.0,Stable,0.0,2025-06-01,2025-06-01,96,1,0,0,0,0,0,0,1,0,0,0,0
4641,09547430,DIAMOND AC CABLE 25CT AUX- IPH,CELLUAR ACCESSORIES,1.0,1,1.0,0.0,39.99,39.99,39.99,39.99,31.25,8.74,21.9,Stable,0.0,Stable,0.0,2025-04-04,2025-04-04,155,1,0,0,0,0,0,0,1,0,0,0,0
4642,09367193,DIAMOND AC CABLE 25CT AUX - C,CELLUAR ACCESSORIES,1.0,1,1.0,0.08,29.99,29.99,29.99,29.99,22.5,7.49,25.0,Stable,0.0,Stable,0.0,2025-07-04,2025-07-04,64,1,0,0,0,0,0,0,1,0,0,0,0
4643,11101,WARNER CTD CAR CHARGER 12CT,CELLUAR ACCESSORIES,1.0,1,1.0,0.0,32.99,32.99,32.99,32.99,21.0,11.99,36.3,Stable,0.0,Stable,0.0,2025-03-27,2025-03-27,162,1,0,0,0,0,0,0,1,0,0,0,0
4644,717932341575.,"NEW ERA INCENSE 19"" 30STK 24CT",INCENSE,1.0,1,1.0,0.0,69.99,69.99,69.99,69.99,56.0,13.99,20.0,Stable,0.0,Stable,0.0,2025-04-13,2025-04-13,146,1,0,0,0,0,0,0,0,1,0,0,0
4645,11102,WARNER CTD HOME CHARGER 12CT,CELLUAR ACCESSORIES,1.0,1,1.0,0.08,32.99,32.99,32.99,32.99,24.0,8.99,27.3,Stable,0.0,Stable,0.0,2025-06-16,2025-06-16,82,1,0,0,0,0,0,0,1,0,0,0,0
4646,801822703724,SIGN NO SMOKING,MISC,1.0,1,1.0,0.0,1.29,1.29,1.29,1.29,0.29,1.0,77.5,Stable,0.0,Stable,0.0,2025-05-24,2025-05-24,105,1,0,1,0,0,0,0,0,0,0,0,0
4647,040000605546,M & M RS 24CT PB & JELLY,CANDYS,1.0,1,1.0,0.0,34.99,34.99,34.99,34.99,27.49,7.5,21.4,Stable,0.0,Stable,0.0,2025-05-04,2025-05-04,124,1,0,0,0,0,0,0,1,0,0,0,0
4648,840439106160,KARMA HEMP WRAP TROPIK 25CT,BLUNT WRAP,1.0,1,1.0,0.0,11.99,11.99,11.99,11.99,9.3,2.69,22.4,Stable,0.0,Stable,0.0,2025-05-24,2025-05-24,105,1,0,0,0,0,0,1,0,0,0,0,0
4649,11104,WARNER CTD CABLE 21CT TC - IPH,CELLUAR ACCESSORIES,1.0,1,1.0,0.08,36.75,36.75,36.75,36.75,26.25,10.5,28.6,Stable,0.0,Stable,0.0,2025-06-16,2025-06-16,82,1,0,0,0,0,0,0,1,0,0,0,0
4650,099900715329,100 GRAND REGULAR 24CT,CANDYS,1.0,1,1.0,0.0,47.99,47.99,47.99,47.99,39.45,8.54,17.8,Stable,0.0,Stable,0.0,2025-03-11,2025-03-11,178,1,0,0,0,0,0,0,1,0,0,0,0
4651,762446721207,TW POUCH WINTERGREEN 5CT,T7 SMOKELESS GA,1.0,1,1.0,0.0,11.49,11.49,11.49,11.49,10.3,1.19,10.4,Stable,0.0,Stable,0.0,2025-04-22,2025-04-22,136,1,0,0,0,0,0,1,0,0,0,0,0
4652,737488036701,GRINDER CLICKIT 1CT -MG070,NOVELTY ITEMS,1.0,1,1.0,0.0,7.5,7.5,7.50,7.50,6.5,1.0,13.3,Stable,0.0,Stable,0.0,2025-04-25,2025-04-25,133,1,0,0,0,0,1,0,0,0,0,0,0
4653,784762072290,ZIG ZAG CIG 3/99 15/3CT BLUBRY,CIGARS,1.0,1,1.0,0.0,10.99,10.99,10.99,10.99,7.35,3.64,33.1,Stable,0.0,Stable,0.0,2025-04-26,2025-04-26,133,1,0,0,0,0,0,1,0,0,0,0,0
4654,721800531777,GAME ON D10 1ML CARTRIGE 10CT,JBR,1.0,1,1.0,0.0,45.0,45.0,45.00,45.00,37.19,7.81,17.4,Stable,0.0,Stable,0.0,2025-05-29,2025-05-29,100,1,0,0,0,0,0,0,1,0,0,0,0
4655,842426157957,GT MINI 3/99 DIAMOND 45CT,CIGAR GA,1.0,1,1.0,0.08,8.99,8.99,8.99,8.99,7.51,1.48,16.5,Stable,0.0,Stable,0.0,2025-07-15,2025-07-15,52,1,0,0,0,0,1,0,0,0,0,0,0
4656,6291108161180,AL FAKHER 10 X 50GM FRSH FLVR ,LT-TAX PAID,1.0,1,1.0,0.0,16.99,16.99,16.99,16.99,15.5,1.49,8.8,Stable,0.0,Stable,0.0,2025-05-24,2025-05-24,104,1,0,0,0,0,0,1,0,0,0,0,0
4657,717932341575,"NEW ERA INCENSE 19"" 3STK 240CT",INCENSE,1.0,1,1.0,0.08,119.99,119.99,119.99,119.99,89.0,30.99,25.8,Stable,0.0,Stable,0.0,2025-08-09,2025-08-09,27,1,0,0,0,0,0,0,0,0,1,0,0
4658,10857545012039,BOB M CONES ORG KS 33/3PK,CIG ROLLING PAPER,1.0,1,1.0,0.0,33.99,33.99,33.99,33.99,30.99,3.0,8.8,Stable,0.0,Stable,0.0,2025-05-13,2025-05-13,116,1,0,0,0,0,0,0,1,0,0,0,0
4659,801822507063,HAMMER WITH RUBBER HANDLE,HARDWARE,1.0,1,1.0,0.0,1.99,1.99,1.99,1.99,0.75,1.24,62.3,Stable,0.0,Stable,0.0,2025-05-01,2025-05-01,128,1,0,1,0,0,0,0,0,0,0,0,0
4660,716053605757,CELLTEKK 5FT CABLE JAR 20CT,CELLUAR ACCESSORIES,1.0,1,1.0,0.0,42.99,42.99,42.99,42.99,33.0,9.99,23.2,Stable,0.0,Stable,0.0,2025-04-13,2025-04-13,146,1,0,0,0,0,0,0,1,0,0,0,0
4661,801822503515,CAR FUSE & PULLER 22 PCS,AUTOMOTIVE,1.0,1,1.0,0.0,1.39,1.39,1.39,1.39,0.65,0.74,53.2,Stable,0.0,Stable,0.0,2025-04-10,2025-04-10,148,1,0,1,0,0,0,0,0,0,0,0,0
4662,716165177562,RAW PERFORATED WIDE TIPS 50CT,CIG ROLLING PAPER,1.0,1,1.0,0.08,17.99,17.99,17.99,17.99,12.0,5.99,33.3,Stable,0.0,Stable,0.0,2025-06-23,2025-06-23,74,1,0,0,0,0,0,1,0,0,0,0,0
4663,655708010440,SELECT SINGLE EDGE BLADE 24CT,MISC,1.0,1,1.0,0.08,6.99,6.99,6.99,6.99,4.99,2.0,28.6,Stable,0.0,Stable,0.0,2025-08-31,2025-08-31,6,1,0,0,0,0,1,0,0,0,0,0,0
4664,10857545008773,BILLION WRAPS 25/2CT BLUEBERRY,BLUNT WRAP,1.0,1,1.0,0.0,9.99,9.99,9.99,9.99,8.99,1.0,10.0,Stable,0.0,Stable,0.0,2025-04-26,2025-04-26,133,1,0,0,0,0,1,0,0,0,0,0,0
4665,817127026949,HARSH LEAF WHL LF WRAP 10CT,LT-TAX PAID,1.0,1,1.0,0.0,26.99,26.99,26.99,26.99,21.0,5.99,22.2,Stable,0.0,Stable,0.0,2025-04-26,2025-04-26,133,1,0,0,0,0,0,0,1,0,0,0,0
4666,040000581383,MILKY WAY COOKIE DGH KS 24CT,CANDYS,1.0,1,1.0,0.0,54.99,54.99,54.99,54.99,43.78,11.21,20.4,Stable,0.0,Stable,0.0,2025-03-16,2025-03-16,173,1,0,0,0,0,0,0,0,1,0,0,0
4667,10857545008711,BILLION WRAPS 25/2CT MANGO,BLUNT WRAP,1.0,1,1.0,0.0,9.99,9.99,9.99,9.99,8.99,1.0,10.0,Stable,0.0,Stable,0.0,2025-05-22,2025-05-22,107,1,0,0,0,0,1,0,0,0,0,0,0
4668,8681655735091,ADALYA 10 X 50GM HAVANA,LT-TAX PAID,1.0,1,1.0,0.0,17.99,17.99,17.99,17.99,16.0,1.99,11.1,Stable,0.0,Stable,0.0,2025-03-19,2025-03-19,171,1,0,0,0,0,0,1,0,0,0,0,0
4669,5HD12,5-HOUR ENERGY 12CT DISPLAY,VITAMINS,1.0,1,1.0,0.0,269.99,269.99,269.99,269.99,241.44,28.55,10.6,Stable,0.0,Stable,0.0,2025-04-16,2025-04-16,143,1,0,0,0,0,0,0,0,0,0,1,0
4670,8681511389598,ADALYA 10 X 50GM BLUE MELON,LT-TAX PAID,1.0,1,1.0,0.0,17.99,17.99,17.99,17.99,16.0,1.99,11.1,Stable,0.0,Stable,0.0,2025-05-16,2025-05-16,113,1,0,0,0,0,0,1,0,0,0,0,0
4671,801822502396,DRILLING SCREWS 1/2'',HARDWARE,1.0,1,1.0,0.0,1.59,1.59,1.59,1.59,0.6,0.99,62.3,Stable,0.0,Stable,0.0,2025-03-26,2025-03-26,164,1,0,1,0,0,0,0,0,0,0,0,0
4672,801822702260,RECEIPT BOOK RENT 35 SHEETS,STATIONARY,1.0,1,1.0,0.08,0.99,0.99,0.99,0.99,0.46,0.53,53.5,Stable,0.0,Stable,0.0,2025-07-16,2025-07-16,52,1,1,0,0,0,0,0,0,0,0,0,0
4673,819721010843,ENTOURAGE 25CT BLACK DON,CIGARS,1.0,1,1.0,0.08,22.99,22.99,22.99,22.99,16.75,6.24,27.1,Stable,0.0,Stable,0.0,2025-06-30,2025-06-30,67,1,0,0,0,0,0,0,1,0,0,0,0
4674,RPM083,CLEARANCE GLASS BONG RPM083,NOVELTY ITEMS,1.0,1,1.0,0.0,27.99,27.99,27.99,27.99,27.0,0.99,3.5,Stable,0.0,Stable,0.0,2025-05-07,2025-05-07,121,1,0,0,0,0,0,0,1,0,0,0,0
4675,801822502402,DRILLING SCREWS 1'',HARDWARE,1.0,1,1.0,0.0,1.99,1.99,1.99,1.99,0.6,1.39,69.8,Stable,0.0,Stable,0.0,2025-03-15,2025-03-15,175,1,0,1,0,0,0,0,0,0,0,0,0
4676,810120068763,STIIIZY LEAF 8/5CT SR BLUE RAZ,LT-TAX-COLLECTED,1.0,1,1.0,0.0,39.99,39.99,39.99,39.99,33.0,6.99,17.5,Stable,0.0,Stable,0.0,2025-04-26,2025-04-26,133,1,0,0,0,0,0,0,1,0,0,0,0
4677,801822500361,"ADUSTABLE WRENCH 6 """,HARDWARE,1.0,1,1.0,0.0,2.29,2.29,2.29,2.29,1.09,1.2,52.4,Stable,0.0,Stable,0.0,2025-04-17,2025-04-17,141,1,0,0,1,0,0,0,0,0,0,0,0
4678,079200157340,NERDS 6CT TWIST & MIX,CANDYS,1.0,1,1.0,0.0,14.99,14.99,14.99,14.99,12.43,2.56,17.1,Stable,0.0,Stable,0.0,2025-04-19,2025-04-19,140,1,0,0,0,0,0,1,0,0,0,0,0
4679,DELIVERY CHARGES,DELIVERY CHARGES,MISC,1.0,1,1.0,0.0,50.0,50.0,50.00,50.00,500.0,-450.0,-900.0,Stable,0.0,Stable,0.0,2025-03-26,2025-03-26,164,1,0,0,0,0,0,0,0,1,0,0,0
4680,3299322671235,SHOT GLASSES I LOVE GEORGIA 6P,NOVELTY ITEMS,1.0,1,1.0,0.0,4.79,4.79,4.79,4.79,2.4,2.39,49.9,Stable,0.0,Stable,0.0,2025-03-13,2025-03-13,177,1,0,0,0,1,0,0,0,0,0,0,0
4681,3299322671211,SHOT GLASSES USA FLAG 6PC DISP,NOVELTY ITEMS,1.0,1,1.0,0.0,4.79,4.79,4.79,4.79,2.4,2.39,49.9,Stable,0.0,Stable,0.0,2025-03-13,2025-03-13,177,1,0,0,0,1,0,0,0,0,0,0,0
4682,8681511388805,ADALYA 10 X 50GM MANGO TANGO,LT-TAX PAID,1.0,1,1.0,0.0,17.99,17.99,17.99,17.99,16.0,1.99,11.1,Stable,0.0,Stable,0.0,2025-03-19,2025-03-19,171,1,0,0,0,0,0,1,0,0,0,0,0
4683,RPM084,FANCY GLASS BONG RPM084,NOVELTY ITEMS,1.0,1,1.0,0.0,44.0,44.0,44.00,44.00,36.0,8.0,18.2,Stable,0.0,Stable,0.0,2025-03-12,2025-03-12,178,1,0,0,0,0,0,0,1,0,0,0,0
4684,RPM725,FANCY GLASS BONG RPM725,NOVELTY ITEMS,1.0,1,1.0,0.08,44.0,44.0,44.00,44.00,38.0,6.0,13.6,Stable,0.0,Stable,0.0,2025-07-14,2025-07-14,53,1,0,0,0,0,0,0,1,0,0,0,0
4685,RPM745,FANCY GLASS BONG RPM745,NOVELTY ITEMS,1.0,1,1.0,0.08,44.0,44.0,44.00,44.00,39.5,4.5,10.2,Stable,0.0,Stable,0.0,2025-07-14,2025-07-14,53,1,0,0,0,0,0,0,1,0,0,0,0
4686,012300911634,CAMEL 99'S GOLD 100 BOX 10CT,CIGARETTE,1.0,1,1.0,0.0,84.99,84.99,84.99,84.99,72.6,12.39,14.6,Stable,0.0,Stable,0.0,2025-05-25,2025-05-25,103,1,0,0,0,0,0,0,0,1,0,0,0
4687,887969011489,MY BLU DEVICE 5CT,ELECTRONIC CIG,1.0,1,1.0,0.08,39.99,39.99,39.99,39.99,35.5,4.49,11.2,Stable,0.0,Stable,0.0,2025-06-30,2025-06-30,67,1,0,0,0,0,0,0,1,0,0,0,0
4688,071610340664,BACKWOODS 1PK 40/1CT BANANA,CIGARS,1.0,1,1.0,0.08,45.99,45.99,45.99,45.99,33.75,12.24,26.6,Stable,0.0,Stable,0.0,2025-08-19,2025-08-19,17,1,0,0,0,0,0,0,1,0,0,0,0
4689,071610340176,BACKWOODS 1PK 24/1CT BLK RUSS,CIGARS,1.0,1,1.0,0.0,25.49,25.49,25.49,25.49,16.92,8.57,33.6,Stable,0.0,Stable,0.0,2025-04-24,2025-04-24,135,1,0,0,0,0,0,0,1,0,0,0,0
4690,801822701614,BINDER CLIP SMALL BLACK 20PCS,STATIONARY,1.0,1,1.0,0.08,1.99,1.99,1.99,1.99,0.45,1.54,77.4,Stable,0.0,Stable,0.0,2025-08-28,2025-08-28,8,1,0,1,0,0,0,0,0,0,0,0,0
4691,10857545011308,BILLION WRAPS 25/2CT BLACK,BLUNT WRAP,1.0,1,1.0,0.0,9.99,9.99,9.99,9.99,8.99,1.0,10.0,Stable,0.0,Stable,0.0,2025-04-26,2025-04-26,133,1,0,0,0,0,1,0,0,0,0,0,0
4692,SL12,PIPE 12' SERLOCK COLOR/DESIGN ,NOVELTY ITEMS,1.0,1,1.0,0.08,6.99,6.99,6.99,6.99,3.5,3.49,49.9,Stable,0.0,Stable,0.0,2025-06-12,2025-06-12,86,1,0,0,0,0,1,0,0,0,0,0,0
4693,073100026041,SKOAL SNUS SMOOTH MINT 5CT,T7 SMOKELESS GA,1.0,1,1.0,0.08,25.99,25.99,25.99,25.99,23.75,2.24,8.6,Stable,0.0,Stable,0.0,2025-07-28,2025-07-28,40,1,0,0,0,0,0,0,1,0,0,0,0
4694,TZ026,FANCY GLASS BONG TZ026,NOVELTY ITEMS,1.0,1,1.0,0.0,29.0,29.0,29.00,29.00,26.05,2.95,10.2,Stable,0.0,Stable,0.0,2025-03-12,2025-03-12,178,1,0,0,0,0,0,0,1,0,0,0,0
4695,840439105866,ZIG ZAG ROSE CONES RED 12/1CT,CIG ROLLING PAPER,1.0,1,1.0,0.0,48.99,48.99,48.99,48.99,42.0,6.99,14.3,Stable,0.0,Stable,0.0,2025-04-27,2025-04-27,131,1,0,0,0,0,0,0,1,0,0,0,0
4696,842426146371,GT WOODS 2/1.29 15/2CT PLATINM,CIGAR GA,1.0,1,1.0,0.0,14.99,14.99,14.99,14.99,13.18,1.81,12.1,Stable,0.0,Stable,0.0,2025-04-09,2025-04-09,150,1,0,0,0,0,0,1,0,0,0,0,0
4697,021064709890,SWED DOGG LBS RP 1 1/4 50CT,CIG ROLLING PAPER,1.0,1,1.0,0.0,28.99,28.99,28.99,28.99,23.43,5.56,19.2,Stable,0.0,Stable,0.0,2025-03-28,2025-03-28,162,1,0,0,0,0,0,0,1,0,0,0,0
4698,6291108166611,AL FAKHER 250GM FRESH,LT-TAX PAID,1.0,1,1.0,0.0,9.99,9.99,9.99,9.99,8.65,1.34,13.4,Stable,0.0,Stable,0.0,2025-05-22,2025-05-22,107,1,0,0,0,0,1,0,0,0,0,0,0
4699,021064709920,SWED DOGG LBS CONE 1.25 25/3PK,CIG ROLLING PAPER,1.0,1,1.0,0.0,16.99,16.99,16.99,16.99,12.76,4.23,24.9,Stable,0.0,Stable,0.0,2025-03-28,2025-03-28,162,1,0,0,0,0,0,1,0,0,0,0,0
4700,021064709937,SWED DOGG LBS CONE KS 25/3PK,CIG ROLLING PAPER,1.0,1,1.0,0.0,16.99,16.99,16.99,16.99,12.76,4.23,24.9,Stable,0.0,Stable,0.0,2025-03-28,2025-03-28,162,1,0,0,0,0,0,1,0,0,0,0,0
4701,008660017314,ZIG ZAG RP 0.99 UT 1.25 24CT,CIG ROLLING PAPER,1.0,1,1.0,0.0,0.0,0.0,0.00,0.00,11.76,-11.76,0.0,Stable,0.0,Stable,0.0,2025-04-06,2025-04-06,153,1,1,0,0,0,0,0,0,0,0,0,0
4702,6291109092926,AL FAKHER 250GM HARVEST MOON,LT-TAX PAID,1.0,1,1.0,0.08,9.99,9.99,9.99,9.99,8.65,1.34,13.4,Stable,0.0,Stable,0.0,2025-06-26,2025-06-26,72,1,0,0,0,0,1,0,0,0,0,0,0
4703,PWPRT,PACKWOODS THCO 2G PRE ROLL 1CT,CBD/HEMP,1.0,1,1.0,0.0,8.5,8.5,8.50,8.50,5.5,3.0,35.3,Stable,0.0,Stable,0.0,2025-03-13,2025-03-13,176,1,0,0,0,0,1,0,0,0,0,0,0
4704,10853195000266,EAGLE PT101NCR TORCH 15CT,LIGHTERS,1.0,1,1.0,0.0,38.99,38.99,38.99,38.99,31.25,7.74,19.9,Stable,0.0,Stable,0.0,2025-03-13,2025-03-13,177,1,0,0,0,0,0,0,1,0,0,0,0
4705,HG,HARLEM GLOVES 12CT,GLOVES & T SHIRTS,1.0,1,1.0,0.0,8.99,8.99,8.99,8.99,5.5,3.49,38.8,Stable,0.0,Stable,0.0,2025-04-10,2025-04-10,149,1,0,0,0,0,1,0,0,0,0,0,0
4706,860003199190,MIT FREEZE 12CT,VITAMINS,1.0,1,1.0,0.0,87.0,87.0,87.00,87.00,84.0,3.0,3.4,Stable,0.0,Stable,0.0,2025-05-06,2025-05-06,123,1,0,0,0,0,0,0,0,1,0,0,0
4707,810179220464,BIG DOG WHOLE LF 10CT NATURAL,LT-TAX-COLLECTED,1.0,1,1.0,0.0,24.99,24.99,24.99,24.99,20.0,4.99,20.0,Stable,0.0,Stable,0.0,2025-03-28,2025-03-28,162,1,0,0,0,0,0,0,1,0,0,0,0
4708,6291109092919,AL FAKHER 250GM DREAM SCAPE,LT-TAX PAID,1.0,1,1.0,0.08,9.99,9.99,9.99,9.99,8.65,1.34,13.4,Stable,0.0,Stable,0.0,2025-06-26,2025-06-26,72,1,0,0,0,0,1,0,0,0,0,0,0
4709,801822705155,"RULER COLORED 3PCS 12""",STATIONARY,1.0,1,1.0,0.0,1.49,1.49,1.49,1.49,0.48,1.01,67.8,Stable,0.0,Stable,0.0,2025-04-11,2025-04-11,147,1,0,1,0,0,0,0,0,0,0,0,0
4710,011000495086,PYRAMID MENTHOL SILVER BX 10CT,CIGARETTE,1.0,1,1.0,0.0,66.19,66.19,66.19,66.19,65.11,1.08,1.6,Stable,0.0,Stable,0.0,2025-04-02,2025-04-02,156,1,0,0,0,0,0,0,0,1,0,0,0
4711,801822502716,BOLT CUTTER 18'',HARDWARE,1.0,1,1.0,0.08,6.99,6.99,6.99,6.99,3.92,3.07,43.9,Stable,0.0,Stable,0.0,2025-06-23,2025-06-23,75,1,0,0,0,0,1,0,0,0,0,0,0
4712,PERFUME TO GO,PERFUME TO GO FOR WOMEN 24CT,COSMETICS & BEAUTY,1.0,1,1.0,0.0,11.99,11.99,11.99,11.99,5.99,6.0,50.0,Stable,0.0,Stable,0.0,2025-05-01,2025-05-01,128,1,0,0,0,0,0,1,0,0,0,0,0
4713,878848996737,CHEF VALLEY WINE OPNER 12CT,NOVELTY ITEMS,1.0,1,1.0,0.0,14.99,14.99,14.99,14.99,10.88,4.12,27.5,Stable,0.0,Stable,0.0,2025-04-16,2025-04-16,143,1,0,0,0,0,0,1,0,0,0,0,0
4714,61250,SCORCH TORCH 45 DEGREE 6CT,LIGHTERS,1.0,1,1.0,0.08,42.0,42.0,42.00,42.00,36.0,6.0,14.3,Stable,0.0,Stable,0.0,2025-08-26,2025-08-26,10,1,0,0,0,0,0,0,1,0,0,0,0
4715,716053605160,CELLTEKK 10FT USB-TC 10CT,CELLUAR ACCESSORIES,1.0,1,1.0,0.0,29.99,29.99,29.99,29.99,19.9,10.09,33.6,Stable,0.0,Stable,0.0,2025-04-25,2025-04-25,134,1,0,0,0,0,0,0,1,0,0,0,0
4716,716053605153,CELLTEKK 10FT USB-IPH 10CT,CELLUAR ACCESSORIES,1.0,1,1.0,0.0,29.99,29.99,29.99,29.99,19.9,10.09,33.6,Stable,0.0,Stable,0.0,2025-04-25,2025-04-25,134,1,0,0,0,0,0,0,1,0,0,0,0
4717,817127028868,KRATOM ZONE 15/3CT CHAI HIGH,KRATOM,1.0,1,1.0,0.0,13.99,13.99,13.99,13.99,10.99,3.0,21.4,Stable,0.0,Stable,0.0,2025-03-18,2025-03-18,172,1,0,0,0,0,0,1,0,0,0,0,0
4718,610466015359,QUALITY AUTO FUSES 48 CT,AUTOMOTIVE,1.0,1,1.0,0.0,5.99,5.99,5.99,5.99,4.84,1.15,19.2,Stable,0.0,Stable,0.0,2025-04-13,2025-04-13,146,1,0,0,0,0,1,0,0,0,0,0,0
4719,20090097877788,SCREAMIN ENERGY ULTRA 12POUCH,VITAMINS,1.0,1,1.0,0.08,8.99,8.99,8.99,8.99,6.48,2.51,27.9,Stable,0.0,Stable,0.0,2025-08-07,2025-08-07,29,1,0,0,0,0,1,0,0,0,0,0,0
4720,GOLD30,GOLD STAR 10W30 12/1 QT CS,AUTOMOTIVE,1.0,1,1.0,0.08,38.99,38.99,38.99,38.99,35.88,3.11,8.0,Stable,0.0,Stable,0.0,2025-06-10,2025-06-10,87,1,0,0,0,0,0,0,1,0,0,0,0
4721,6291108166857,AL FAKHER 250GM STRAWBERRY,LT-TAX PAID,1.0,1,1.0,0.0,9.99,9.99,9.99,9.99,8.65,1.34,13.4,Stable,0.0,Stable,0.0,2025-06-03,2025-06-03,95,1,0,0,0,0,1,0,0,0,0,0,0
4722,6291108166468,AL FAKHER 250GM BANANA,LT-TAX PAID,1.0,1,1.0,0.0,9.99,9.99,9.99,9.99,7.79,2.2,22.0,Stable,0.0,Stable,0.0,2025-06-03,2025-06-03,95,1,0,0,0,0,1,0,0,0,0,0,0
4723,6291108161524,AL FAKHER 250GM LEMON,LT-TAX PAID,1.0,1,1.0,0.0,9.99,9.99,9.99,9.99,7.76,2.23,22.3,Stable,0.0,Stable,0.0,2025-04-13,2025-04-13,145,1,0,0,0,0,1,0,0,0,0,0,0
4724,071737981108,BUGLER CIG PAPER 1.25 24CT,CIG ROLLING PAPER,1.0,1,1.0,0.0,17.99,17.99,17.99,17.99,13.2,4.79,26.6,Stable,0.0,Stable,0.0,2025-06-01,2025-06-01,97,1,0,0,0,0,0,1,0,0,0,0,0
4725,742880886465,BOOST KRATOM MAENG DA 250GM,VITAMINS,1.0,1,1.0,0.08,15.99,15.99,15.99,15.99,12.5,3.49,21.8,Stable,0.0,Stable,0.0,2025-07-29,2025-07-29,39,1,0,0,0,0,0,1,0,0,0,0,0
4726,8681655765449,ADALYA 250GM EXAGELADO,LT-TAX PAID,1.0,1,1.0,0.0,10.49,10.49,10.49,10.49,9.0,1.49,14.2,Stable,0.0,Stable,0.0,2025-03-19,2025-03-19,171,1,0,0,0,0,0,1,0,0,0,0,0
4727,6974828617617,EVOK 6MG 5CT PEPPERMINT,NICOTINE POUCHES,1.0,1,1.0,0.0,9.99,9.99,9.99,9.99,8.5,1.49,14.9,Stable,0.0,Stable,0.0,2025-04-17,2025-04-17,142,1,0,0,0,0,1,0,0,0,0,0,0
4728,6974828617624,EVOK 6MG 5CT COOL MINT,NICOTINE POUCHES,1.0,1,1.0,0.0,9.99,9.99,9.99,9.99,8.5,1.49,14.9,Stable,0.0,Stable,0.0,2025-04-17,2025-04-17,142,1,0,0,0,0,1,0,0,0,0,0,0
4729,QWIK120,QWIK AIR FRESHNER ASST 120CT,NOVELTY ITEMS,1.0,1,1.0,0.08,89.99,89.99,89.99,89.99,70.0,19.99,22.2,Stable,0.0,Stable,0.0,2025-06-14,2025-06-14,84,1,0,0,0,0,0,0,0,1,0,0,0
4730,716165152811,RAW 110MM KS SLIM ROLLER 12CT,CIG ROLLING PAPER,1.0,1,1.0,0.0,20.99,20.99,20.99,20.99,16.49,4.5,21.4,Stable,0.0,Stable,0.0,2025-06-02,2025-06-02,96,1,0,0,0,0,0,0,1,0,0,0,0
4731,716165177586,RAW ORGANIC CONNOISSEUR KS 24C,CIG ROLLING PAPER,1.0,1,1.0,0.08,34.99,34.99,34.99,34.99,28.5,6.49,18.5,Stable,0.0,Stable,0.0,2025-08-07,2025-08-07,29,1,0,0,0,0,0,0,1,0,0,0,0
4732,887969005303,BLU E-CIG VIVD VANILLA 5 DISP,ELECTRONIC CIG,1.0,1,1.0,0.08,29.99,29.99,29.99,29.99,23.75,6.24,20.8,Stable,0.0,Stable,0.0,2025-08-05,2025-08-05,32,1,0,0,0,0,0,0,1,0,0,0,0
4733,8681511385880,ADALYA 250GM BERLIN NIGHTS,LT-TAX PAID,1.0,1,1.0,0.0,10.49,10.49,10.49,10.49,9.0,1.49,14.2,Stable,0.0,Stable,0.0,2025-06-03,2025-06-03,95,1,0,0,0,0,0,1,0,0,0,0,0
4734,10811020000423,SLEEP WALKER SHOT 12CT LEMON,VITAMINS,1.0,1,1.0,0.08,34.99,34.99,34.99,34.99,30.0,4.99,14.3,Stable,0.0,Stable,0.0,2025-08-17,2025-08-17,19,1,0,0,0,0,0,0,1,0,0,0,0
4735,012953000204,DUETTE AUR CITRUS 2PK,AIR FRESHENER,1.0,1,1.0,0.08,0.69,0.69,0.69,0.69,0.39,0.3,43.5,Stable,0.0,Stable,0.0,2025-07-03,2025-07-03,64,1,1,0,0,0,0,0,0,0,0,0,0
4736,NEEDLES24,KING SEWING NEEDLES 24PK 1CT,HOUSEHOLD GOODS,1.0,1,1.0,0.0,3.79,3.79,3.79,3.79,2.8,0.99,26.1,Stable,0.0,Stable,0.0,2025-03-12,2025-03-12,178,1,0,0,0,1,0,0,0,0,0,0,0
4737,4005808160266,NIVEA CREAM 250ML 1CT,COSMETICS & BEAUTY,1.0,1,1.0,0.08,4.99,4.99,4.99,4.99,3.25,1.74,34.9,Stable,0.0,Stable,0.0,2025-08-28,2025-08-28,8,1,0,0,0,1,0,0,0,0,0,0,0
4738,196177225855,BOB M ULTRATHN 1.25 PAPER 25CT,CIG ROLLING PAPER,1.0,1,1.0,0.08,18.99,18.99,18.99,18.99,13.99,5.0,26.3,Stable,0.0,Stable,0.0,2025-06-26,2025-06-26,72,1,0,0,0,0,0,1,0,0,0,0,0
4739,737488029628,CLICKIT PRE ROLL SHAPE  30CT,MISC,1.0,1,1.0,0.08,80.0,80.0,80.00,80.00,70.0,10.0,12.5,Stable,0.0,Stable,0.0,2025-07-07,2025-07-07,60,1,0,0,0,0,0,0,0,1,0,0,0
4740,073096500273,PANASONIC AAA  4PK 1CT,BATTERY,1.0,1,1.0,0.08,0.99,0.99,0.99,0.99,0.55,0.44,44.4,Stable,0.0,Stable,0.0,2025-08-14,2025-08-14,23,1,1,0,0,0,0,0,0,0,0,0,0
4741,737488029475,CLICKIT LIGHTER PIGS 20CT,MISC,1.0,1,1.0,0.08,48.0,48.0,48.00,48.00,41.0,7.0,14.6,Stable,0.0,Stable,0.0,2025-08-26,2025-08-26,10,1,0,0,0,0,0,0,1,0,0,0,0
4742,850069119386,KAVAHH PSEUDO 50ML 12CT STRBRY,VITAMINS,1.0,1,1.0,0.08,75.0,75.0,75.00,75.00,70.2,4.8,6.4,Stable,0.0,Stable,0.0,2025-07-15,2025-07-15,53,1,0,0,0,0,0,0,0,1,0,0,0
4743,10854029008564,KING PALM XL POUCH 5PK 15CT ,BLUNT WRAP,1.0,1,1.0,0.0,62.99,62.99,62.99,62.99,54.95,8.04,12.8,Stable,0.0,Stable,0.0,2025-03-13,2025-03-13,177,1,0,0,0,0,0,0,0,1,0,0,0
4744,61590,SCORCH STRAIGHT UP DBL 9CT,LIGHTERS,1.0,1,1.0,0.0,72.5,72.5,72.50,72.50,67.5,5.0,6.9,Stable,0.0,Stable,0.0,2025-04-15,2025-04-15,144,1,0,0,0,0,0,0,0,1,0,0,0
4745,086400901314,JOB ORG HEMP 1.5 1 1/2 24CT,CIG ROLLING PAPER,1.0,1,1.0,0.0,0.0,0.0,0.00,0.00,34.95,-34.95,0.0,Stable,0.0,Stable,0.0,2025-04-06,2025-04-06,153,1,1,0,0,0,0,0,0,0,0,0,0
4746,071610340541,DM LEAF 2/1.29 30/2CT BERRY,CIGARS,1.0,1,1.0,0.08,29.99,29.99,29.99,29.99,21.0,8.99,30.0,Stable,0.0,Stable,0.0,2025-08-13,2025-08-13,23,1,0,0,0,0,0,0,1,0,0,0,0
4747,071610340503,DM LEAF 2/1.29 30/2CT REAL SWT,CIGARS,1.0,1,1.0,0.08,29.99,29.99,29.99,29.99,21.0,8.99,30.0,Stable,0.0,Stable,0.0,2025-08-13,2025-08-13,23,1,0,0,0,0,0,0,1,0,0,0,0
4748,071610340527,DM LEAF 2/1.29 30/2CT PURE TOB,CIGARS,1.0,1,1.0,0.08,29.99,29.99,29.99,29.99,21.0,8.99,30.0,Stable,0.0,Stable,0.0,2025-08-13,2025-08-13,23,1,0,0,0,0,0,0,1,0,0,0,0
4749,054642003073,AIRBREEZE AIR FRSHNR 8.5OZ 1CT,AIR FRESHENER,1.0,1,1.0,0.08,1.69,1.69,1.69,1.69,1.2,0.49,29.0,Stable,0.0,Stable,0.0,2025-07-28,2025-07-28,40,1,0,1,0,0,0,0,0,0,0,0,0
4750,029000366824,PLANTERS DUOS HAZEL&CSHWS 10CT,FOOD,1.0,1,1.0,0.08,17.99,17.99,17.99,17.99,15.15,2.84,15.8,Stable,0.0,Stable,0.0,2025-06-23,2025-06-23,75,1,0,0,0,0,0,1,0,0,0,0,0
4751,071610340756,DM 2/1.49 30/2CT GOLD FUSION,CIGARS,1.0,1,1.0,0.08,31.99,31.99,31.99,31.99,20.28,11.71,36.6,Stable,0.0,Stable,0.0,2025-06-12,2025-06-12,86,1,0,0,0,0,0,0,1,0,0,0,0
4752,6291108164389,AL FAKHER 10 X 50GM GRPFRT MNT,LT-TAX PAID,1.0,1,1.0,0.08,18.99,18.99,18.99,18.99,15.5,3.49,18.4,Stable,0.0,Stable,0.0,2025-08-13,2025-08-13,23,1,0,0,0,0,0,1,0,0,0,0,0
4753,8681655717882,ADALYA 250GM JAMAICAN VIBES,LT-TAX PAID,1.0,1,1.0,0.08,10.49,10.49,10.49,10.49,9.0,1.49,14.2,Stable,0.0,Stable,0.0,2025-06-10,2025-06-10,88,1,0,0,0,0,0,1,0,0,0,0,0
4754,716165250692,RAW HEMP ADJ ROLLER 79MM 12CT,CIG ROLLING PAPER,1.0,1,1.0,0.0,19.99,19.99,19.99,19.99,15.75,4.24,21.2,Stable,0.0,Stable,0.0,2025-04-30,2025-04-30,128,1,0,0,0,0,0,1,0,0,0,0,0
4755,038000358487,NUTRI-GRAIN RASPBERRY 16CT,FOOD,1.0,1,1.0,0.0,12.99,12.99,12.99,12.99,10.43,2.56,19.7,Stable,0.0,Stable,0.0,2025-04-12,2025-04-12,147,1,0,0,0,0,0,1,0,0,0,0,0
4756,802284004602,EDGEFIELD RED 100 BOX 10CT,CIGARETTE,1.0,1,1.0,0.0,36.69,36.69,36.69,36.69,35.69,1.0,2.7,Stable,0.0,Stable,0.0,2025-06-03,2025-06-03,95,1,0,0,0,0,0,0,1,0,0,0,0
4757,839409002403,GLOVES WHITE DOTTED 12CT,HARDWARE,1.0,1,1.0,0.08,6.99,6.99,6.99,6.99,3.61,3.38,48.3,Stable,0.0,Stable,0.0,2025-08-10,2025-08-10,27,1,0,0,0,0,1,0,0,0,0,0,0
4758,801822850886,COFFEE CUP FROSTED ATL,HOUSEHOLD GOODS,1.0,1,1.0,0.0,3.49,3.49,3.49,3.49,0.95,2.54,72.8,Stable,0.0,Stable,0.0,2025-03-27,2025-03-27,163,1,0,0,0,1,0,0,0,0,0,0,0
4759,719410175436,5-HOUR ENERGY 12CT- WATERMLN,VITAMINS,1.0,1,1.0,0.0,19.99,19.99,19.99,19.99,18.12,1.87,9.4,Stable,0.0,Stable,0.0,2025-05-28,2025-05-28,101,1,0,0,0,0,0,1,0,0,0,0,0
4760,HKTIP50,TANYA CANDY HOOKAH TIPS 50CT,NOVELTY ITEMS,1.0,1,1.0,0.08,26.99,26.99,26.99,26.99,16.25,10.74,39.8,Stable,0.0,Stable,0.0,2025-07-08,2025-07-08,60,1,0,0,0,0,0,0,1,0,0,0,0
4761,801822825266,BRUSH MULTIPURPOSE,CLEANING PRODUCTS,1.0,1,1.0,0.08,2.99,2.99,2.99,2.99,0.75,2.24,74.9,Stable,0.0,Stable,0.0,2025-07-27,2025-07-27,41,1,0,0,1,0,0,0,0,0,0,0,0
4762,649964308373,WILD HEMP CONE DW WHT 50CT,CIG ROLLING PAPER,1.0,1,1.0,0.08,3.99,3.99,3.99,3.99,2.99,1.0,25.1,Stable,0.0,Stable,0.0,2025-08-31,2025-08-31,6,1,0,0,0,1,0,0,0,0,0,0,0
4763,018505141265,BLINK NEON TORCH LITE 50CT,LIGHTERS,1.0,1,1.0,0.08,21.99,21.99,21.99,21.99,17.0,4.99,22.7,Stable,0.0,Stable,0.0,2025-08-11,2025-08-11,25,1,0,0,0,0,0,0,1,0,0,0,0
4764,716165256380,RAW TERP CONES 12/6CT YEL KUSH,CIG ROLLING PAPER,1.0,1,1.0,0.08,0.0,0.0,0.00,0.00,42.75,-42.75,0.0,Stable,0.0,Stable,0.0,2025-07-04,2025-07-04,64,1,1,0,0,0,0,0,0,0,0,0,0
4765,716165256397,RAW TERP CONES 12/6CT BLU PARF,CIG ROLLING PAPER,1.0,1,1.0,0.08,0.0,0.0,0.00,0.00,42.75,-42.75,0.0,Stable,0.0,Stable,0.0,2025-07-04,2025-07-04,64,1,1,0,0,0,0,0,0,0,0,0,0
4766,739608278206,COCOUS COAL BURNER 1CT,NOVELTY ITEMS,1.0,1,1.0,0.0,14.99,14.99,14.99,14.99,8.75,6.24,41.6,Stable,0.0,Stable,0.0,2025-06-03,2025-06-03,95,1,0,0,0,0,0,1,0,0,0,0,0
4767,043152003352,PINALEN MAX OCEAN BREEZE  28OZ,CLEANING PRODUCTS,1.0,1,1.0,0.08,1.79,1.79,1.79,1.79,0.95,0.84,46.9,Stable,0.0,Stable,0.0,2025-07-28,2025-07-28,40,1,0,1,0,0,0,0,0,0,0,0,0
4768,842426157261,GT 3/92 BLUEBARRY 15/3CT,CIGAR GA,1.0,1,1.0,0.08,7.99,7.99,7.99,7.99,6.29,1.7,21.3,Stable,0.0,Stable,0.0,2025-08-16,2025-08-16,20,1,0,0,0,0,1,0,0,0,0,0,0
4769,762446708208,TW FC WINTERGREEN 5CT,T7 SMOKELESS GA,1.0,1,1.0,0.0,22.99,22.99,22.99,22.99,21.2,1.79,7.8,Stable,0.0,Stable,0.0,2025-04-22,2025-04-22,136,1,0,0,0,0,0,0,1,0,0,0,0
4770,810090981369,ZLAB 7GM 6CT STRAWBERRY,NICOTINE POUCHES,1.0,1,1.0,0.0,14.99,14.99,14.99,14.99,13.5,1.49,9.9,Stable,0.0,Stable,0.0,2025-03-18,2025-03-18,172,1,0,0,0,0,0,1,0,0,0,0,0
4771,737488029314,CLICKIT CIGAR PUNCHER 20CT,MISC,1.0,1,1.0,0.0,50.0,50.0,50.00,50.00,44.5,5.5,11.0,Stable,0.0,Stable,0.0,2025-03-16,2025-03-16,173,1,0,0,0,0,0,0,0,1,0,0,0
4772,043152040654,PINALEN CITRUS 28 OZ,CLEANING PRODUCTS,1.0,1,1.0,0.08,1.79,1.79,1.79,1.79,0.95,0.84,46.9,Stable,0.0,Stable,0.0,2025-07-28,2025-07-28,40,1,0,1,0,0,0,0,0,0,0,0,0
4773,801822401156,HINGES 2 PCS 40115,HARDWARE,1.0,1,1.0,0.08,2.29,2.29,2.29,2.29,0.85,1.44,62.9,Stable,0.0,Stable,0.0,2025-06-14,2025-06-14,83,1,0,0,1,0,0,0,0,0,0,0,0
4774,801822400890,DOOR HINGES 40089,HARDWARE,1.0,1,1.0,0.08,2.99,2.99,2.99,2.99,0.7,2.29,76.6,Stable,0.0,Stable,0.0,2025-08-30,2025-08-30,6,1,0,0,1,0,0,0,0,0,0,0,0
4775,025900240523,SS MINI 3/1.29 15/3CT DIAMOND,CIGARS,1.0,1,1.0,0.0,15.49,15.49,15.49,15.49,10.97,4.52,29.2,Stable,0.0,Stable,0.0,2025-03-10,2025-03-10,179,1,0,0,0,0,0,1,0,0,0,0,0
4776,022000158949,ALTOIDS 12CT CINNAMON,CANDYS,1.0,1,1.0,0.08,33.99,33.99,33.99,33.99,27.23,6.76,19.9,Stable,0.0,Stable,0.0,2025-07-08,2025-07-08,60,1,0,0,0,0,0,0,1,0,0,0,0
4777,801822505328,DOOR GUARD FOAM 2 PCS,HARDWARE,1.0,1,1.0,0.0,0.79,0.79,0.79,0.79,0.55,0.24,30.4,Stable,0.0,Stable,0.0,2025-05-26,2025-05-26,103,1,1,0,0,0,0,0,0,0,0,0,0
4778,753386098542,CAKE 3GM DELTA 8 DISP 5CT,ECIG - DISP D8,1.0,1,1.0,0.0,72.5,72.5,72.50,72.50,59.93,12.57,17.3,Stable,0.0,Stable,0.0,2025-03-23,2025-03-23,166,1,0,0,0,0,0,0,0,1,0,0,0
4779,00931250,DIAMOND AC EARPHONE 20CT 3.5M,CELLUAR ACCESSORIES,1.0,1,1.0,0.0,31.99,31.99,31.99,31.99,25.0,6.99,21.9,Stable,0.0,Stable,0.0,2025-04-25,2025-04-25,134,1,0,0,0,0,0,0,1,0,0,0,0
4780,038000169687,PRINGLES MEGA 1CT,FOOD,1.0,1,1.0,0.0,2.99,2.99,2.99,2.99,2.56,0.43,14.4,Stable,0.0,Stable,0.0,2025-03-18,2025-03-18,171,1,0,0,1,0,0,0,0,0,0,0,0
4781,686464519205,KM GRAB POP CANDY 12CT,CANDYS,1.0,1,1.0,0.0,12.99,12.99,12.99,12.99,9.94,3.05,23.5,Stable,0.0,Stable,0.0,2025-03-14,2025-03-14,176,1,0,0,0,0,0,1,0,0,0,0,0
4782,879954653217,XTREME KRATOM HONEY 6CT,KRATOM,1.0,1,1.0,0.08,30.0,30.0,30.00,30.00,24.0,6.0,20.0,Stable,0.0,Stable,0.0,2025-07-12,2025-07-12,55,1,0,0,0,0,0,0,1,0,0,0,0
4783,012300101134,CAMEL NON FILTER REG BOX 10CT,CIGARETTE,1.0,1,1.0,0.08,126.39,126.39,126.39,126.39,116.28,10.11,8.0,Stable,0.0,Stable,0.0,2025-08-04,2025-08-04,33,1,0,0,0,0,0,0,0,0,1,0,0
4784,086400901765,OCB PREMIUM SLIM 24CT,CIG ROLLING PAPER,1.0,1,1.0,0.0,42.99,42.99,42.99,42.99,19.0,23.99,55.8,Stable,0.0,Stable,0.0,2025-04-26,2025-04-26,133,1,0,0,0,0,0,0,1,0,0,0,0
4785,737488029529,CLICKIT ATOMIC BOMB 16CT,LIGHTERS,1.0,1,1.0,0.0,64.99,64.99,64.99,64.99,57.0,7.99,12.3,Stable,0.0,Stable,0.0,2025-05-25,2025-05-25,104,1,0,0,0,0,0,0,0,1,0,0,0
4786,840045207664,ROGUE 6MG POUCH 5CT TABAC,NICOTINE POUCHES,1.0,1,1.0,0.0,20.49,20.49,20.49,20.49,19.49,1.0,4.9,Stable,0.0,Stable,0.0,2025-03-17,2025-03-17,172,1,0,0,0,0,0,0,1,0,0,0,0
4787,8681655735114,ADALYA 10 X 50GM ANGEL LIPS,LT-TAX PAID,1.0,1,1.0,0.08,18.99,18.99,18.99,18.99,13.8,5.19,27.3,Stable,0.0,Stable,0.0,2025-08-25,2025-08-25,11,1,0,0,0,0,0,1,0,0,0,0,0
4788,PFL6110,"PIPE 6"" FLOWER O/B 110CT",NOVELTY ITEMS,1.0,1,1.0,0.08,50.0,50.0,50.00,50.00,33.0,17.0,34.0,Stable,0.0,Stable,0.0,2025-07-02,2025-07-02,66,1,0,0,0,0,0,0,0,1,0,0,0
4789,077170122702,OCB BAMBO CONE 70 MINI 32/6CT,CIG ROLLING PAPER,1.0,1,1.0,0.0,48.99,48.99,48.99,48.99,39.85,9.14,18.7,Stable,0.0,Stable,0.0,2025-05-22,2025-05-22,106,1,0,0,0,0,0,0,1,0,0,0,0
4790,801822825273,HAND BRUSH,CLEANING PRODUCTS,1.0,1,1.0,0.08,0.89,0.89,0.89,0.89,0.65,0.24,27.0,Stable,0.0,Stable,0.0,2025-07-09,2025-07-09,59,1,1,0,0,0,0,0,0,0,0,0,0
4791,SM3,FANCY PIPE WATER PIPE - SM3,NOVELTY ITEMS,1.0,1,1.0,0.08,38.0,38.0,38.00,38.00,35.0,3.0,7.9,Stable,0.0,Stable,0.0,2025-07-14,2025-07-14,53,1,0,0,0,0,0,0,1,0,0,0,0
4792,BICD6,LGT BIC DISPLAY 3 TIER,LIGHTERS,1.0,1,1.0,0.08,299.99,299.99,299.99,299.99,269.99,30.0,10.0,Stable,0.0,Stable,0.0,2025-06-23,2025-06-23,75,1,0,0,0,0,0,0,0,0,0,1,0
4793,645457080924,CREAM 2.2G D11 THCA DISP 5CT,ECIG - DISP D8,1.0,1,1.0,0.0,47.5,47.5,47.50,47.50,39.95,7.55,15.9,Stable,0.0,Stable,0.0,2025-03-12,2025-03-12,177,1,0,0,0,0,0,0,1,0,0,0,0
4794,6291108162156,AL FAKHER 250GM MOJITO,LT-TAX PAID,1.0,1,1.0,0.0,9.99,9.99,9.99,9.99,8.39,1.6,16.0,Stable,0.0,Stable,0.0,2025-04-13,2025-04-13,145,1,0,0,0,0,1,0,0,0,0,0,0
4795,197644087846,BREZ THC COCKTAIL 7.5OZ 4CT,NOVELTY ITEMS,1.0,1,1.0,0.08,16.0,16.0,16.00,16.00,11.98,4.02,25.1,Stable,0.0,Stable,0.0,2025-07-28,2025-07-28,40,1,0,0,0,0,0,1,0,0,0,0,0
4796,801822706923,CYPRESS GEL PEN 2CT,STATIONARY,1.0,1,1.0,0.08,0.99,0.99,0.99,0.99,0.49,0.5,50.5,Stable,0.0,Stable,0.0,2025-06-16,2025-06-16,82,1,1,0,0,0,0,0,0,0,0,0,0
4797,4902430289078,CAMAY INTNL SOAP BLK 3PK,COSMETICS & BEAUTY,1.0,1,1.0,0.0,1.99,1.99,1.99,1.99,1.2,0.79,39.7,Stable,0.0,Stable,0.0,2025-05-01,2025-05-01,128,1,0,1,0,0,0,0,0,0,0,0,0
4798,H126,SILICONE BIG BOY BEAKER H126,NOVELTY ITEMS,1.0,1,1.0,0.0,23.99,23.99,23.99,23.99,20.0,3.99,16.6,Stable,0.0,Stable,0.0,2025-05-07,2025-05-07,121,1,0,0,0,0,0,0,1,0,0,0,0
4799,810104329910,MELLOW FELLOW 2GM CART 6CT,ECIG - PODS D8,1.0,1,1.0,0.0,65.0,65.0,65.00,65.00,51.0,14.0,21.5,Stable,0.0,Stable,0.0,2025-03-21,2025-03-21,169,1,0,0,0,0,0,0,0,1,0,0,0
4800,801822710166,SHARPENER COLORED 12 PCS,STATIONARY,1.0,1,1.0,0.0,1.99,1.99,1.99,1.99,0.5,1.49,74.9,Stable,0.0,Stable,0.0,2025-05-31,2025-05-31,98,1,0,1,0,0,0,0,0,0,0,0,0
4801,737488029222,CLICKIT PATTERN PRINTED 20CT,MISC,1.0,1,1.0,0.08,50.0,50.0,50.00,50.00,42.0,8.0,16.0,Stable,0.0,Stable,0.0,2025-08-02,2025-08-02,34,1,0,0,0,0,0,0,0,1,0,0,0
4802,732326672851,KNIVES JAR 48CT -FOLDING KNIFE,MISC,1.0,1,1.0,0.08,175.0,175.0,175.00,175.00,120.0,55.0,31.4,Stable,0.0,Stable,0.0,2025-08-20,2025-08-20,16,1,0,0,0,0,0,0,0,0,1,0,0
4803,647535593173,CREAM DISP KO LR 3.5G 5CT,ECIG - DISP D8,1.0,1,1.0,0.0,65.0,65.0,65.00,65.00,62.5,2.5,3.8,Stable,0.0,Stable,0.0,2025-04-27,2025-04-27,131,1,0,0,0,0,0,0,0,1,0,0,0
4804,850041279428,KANVA RELEASE+RELAX KK 12CT,VITAMINS,1.0,1,1.0,0.0,46.0,46.0,46.00,46.00,43.0,3.0,6.5,Stable,0.0,Stable,0.0,2025-05-21,2025-05-21,108,1,0,0,0,0,0,0,1,0,0,0,0
4805,FB100,BEER RING FLAT BOTTLE 100CT,STATIONARY,1.0,1,1.0,0.08,18.99,18.99,18.99,18.99,12.5,6.49,34.2,Stable,0.0,Stable,0.0,2025-09-03,2025-09-03,3,1,0,0,0,0,0,1,0,0,0,0,0
4806,077170126335,OCB ORGANIC CONE K/S 3PK,CIG ROLLING PAPER,1.0,1,1.0,0.08,30.99,30.99,30.99,30.99,23.5,7.49,24.2,Stable,0.0,Stable,0.0,2025-06-16,2025-06-16,81,1,0,0,0,0,0,0,1,0,0,0,0
4807,753215569151,DB URB GUMMIES 125MG BD CAKE,VITAMINS,1.0,1,1.0,0.0,5.0,5.0,5.00,5.00,4.0,1.0,20.0,Stable,0.0,Stable,0.0,2025-03-18,2025-03-18,172,1,0,0,0,0,1,0,0,0,0,0,0
4808,683332497801,K TROPIIX KRATOM 24CAP 12/2CT,VITAMINS,1.0,1,1.0,0.08,80.0,80.0,80.00,80.00,72.24,7.76,9.7,Stable,0.0,Stable,0.0,2025-07-28,2025-07-28,39,1,0,0,0,0,0,0,0,1,0,0,0
4809,029000073593,PLANTERS CASHEWS HO/99C,FOOD,1.0,1,1.0,0.08,20.99,20.99,20.99,20.99,17.91,3.08,14.7,Stable,0.0,Stable,0.0,2025-08-10,2025-08-10,26,1,0,0,0,0,0,0,1,0,0,0,0
4810,858765006788,SHOW 5/$1 15/5CT SPIRAL BUZZ,CIGARS,1.0,1,1.0,0.0,10.69,10.69,10.69,10.69,6.5,4.19,39.2,Stable,0.0,Stable,0.0,2025-04-17,2025-04-17,141,1,0,0,0,0,0,1,0,0,0,0,0
4811,185092000845,PALMETTO MENTHOL 100 BX,CIGARETTE,1.0,1,1.0,0.0,29.29,29.29,29.29,29.29,25.5,3.79,12.9,Stable,0.0,Stable,0.0,2025-04-08,2025-04-08,151,1,0,0,0,0,0,0,1,0,0,0,0
4812,038000120619,RICE KRISPIE MINI SQ 50CT,COOKIES,1.0,1,1.0,0.0,12.99,12.99,12.99,12.99,10.0,2.99,23.0,Stable,0.0,Stable,0.0,2025-05-07,2025-05-07,122,1,0,0,0,0,0,1,0,0,0,0,0
4813,722429100078,AWESOME LAUNDRY DTRG 100OZ,CLEANING PRODUCTS,1.0,1,1.0,0.08,4.99,4.99,4.99,4.99,2.42,2.57,51.5,Stable,0.0,Stable,0.0,2025-08-25,2025-08-25,11,1,0,0,0,1,0,0,0,0,0,0,0
4814,722429100108,AWESOME LAUNDRY DTRG 100OZ,CLEANING PRODUCTS,1.0,1,1.0,0.08,4.99,4.99,4.99,4.99,2.42,2.57,51.5,Stable,0.0,Stable,0.0,2025-08-11,2025-08-11,26,1,0,0,0,1,0,0,0,0,0,0,0
4815,810089205179,MELLOW FELLOW HHC GUMMIES JAR,CBD/HEMP,1.0,1,1.0,0.0,12.0,12.0,12.00,12.00,11.0,1.0,8.3,Stable,0.0,Stable,0.0,2025-03-18,2025-03-18,172,1,0,0,0,0,0,1,0,0,0,0,0
4816,COLD & HOT ,COLD & HOT CUPS 16 OZ,MISC,1.0,1,1.0,0.0,1.99,1.99,1.99,1.99,0.75,1.24,62.3,Stable,0.0,Stable,0.0,2025-05-24,2025-05-24,104,1,0,1,0,0,0,0,0,0,0,0,0
4817,305730171304,ADVIL CHILDREN 4OZ,MEDICINE,1.0,1,1.0,0.0,6.49,6.49,6.49,6.49,4.82,1.67,25.8,Stable,0.0,Stable,0.0,2025-05-01,2025-05-01,127,1,0,0,0,0,1,0,0,0,0,0,0
4818,737488029550,GOLD BAR TORCH LGT 20CT,LIGHTERS,1.0,1,1.0,0.08,45.0,45.0,45.00,45.00,38.99,6.01,13.4,Stable,0.0,Stable,0.0,2025-06-15,2025-06-15,82,1,0,0,0,0,0,0,1,0,0,0,0
4819,077170260619,TOP CIG FILTER TIPS KS 16/200C,CIG ROLLING PAPER,1.0,1,1.0,0.0,24.99,24.99,24.99,24.99,16.8,8.19,32.8,Stable,0.0,Stable,0.0,2025-05-02,2025-05-02,126,1,0,0,0,0,0,0,1,0,0,0,0
4820,009800010547,TIC TAC KS SWT ADVENTURE 12CT,CANDYS,1.0,1,1.0,0.08,24.99,24.99,24.99,24.99,19.92,5.07,20.3,Stable,0.0,Stable,0.0,2025-07-28,2025-07-28,40,1,0,0,0,0,0,0,1,0,0,0,0
4821,009800010554,TIC TAC KS SOUR ADVENTURE 12CT,CANDYS,1.0,1,1.0,0.08,24.99,24.99,24.99,24.99,19.92,5.07,20.3,Stable,0.0,Stable,0.0,2025-07-28,2025-07-28,40,1,0,0,0,0,0,0,1,0,0,0,0
4822,801822706237,SHARPENER ASSORTED 10 PCS,STATIONARY,1.0,1,1.0,0.08,1.99,1.99,1.99,1.99,0.6,1.39,69.8,Stable,0.0,Stable,0.0,2025-07-16,2025-07-16,52,1,0,1,0,0,0,0,0,0,0,0,0
4823,086400904315,OCB BROWN RICE 1.25 1 1/4 24CT,CIG ROLLING PAPER,1.0,1,1.0,0.0,42.99,42.99,42.99,42.99,19.0,23.99,55.8,Stable,0.0,Stable,0.0,2025-04-26,2025-04-26,133,1,0,0,0,0,0,0,1,0,0,0,0
4824,086400901062,OCB ORG HEMP SINGLE WIDE 24CT,CIG ROLLING PAPER,1.0,1,1.0,0.0,42.99,42.99,42.99,42.99,19.0,23.99,55.8,Stable,0.0,Stable,0.0,2025-04-26,2025-04-26,133,1,0,0,0,0,0,0,1,0,0,0,0
4825,8681655726952,ADALYA 10 X 50GM JK 777,LT-TAX PAID,1.0,1,1.0,0.0,17.99,17.99,17.99,17.99,15.21,2.78,15.5,Stable,0.0,Stable,0.0,2025-03-19,2025-03-19,171,1,0,0,0,0,0,1,0,0,0,0,0
4826,850241000044,POWER STICK GEL COOL BLST,CLEANING PRODUCTS,1.0,1,1.0,0.08,0.99,0.99,0.99,0.99,0.3,0.69,69.7,Stable,0.0,Stable,0.0,2025-06-19,2025-06-19,78,1,1,0,0,0,0,0,0,0,0,0,0
4827,012300340793,CAMEL WIDES MENTHOL BOX 10CT,CIGARETTE,1.0,1,1.0,0.08,99.49,99.49,99.49,99.49,92.71,6.78,6.8,Stable,0.0,Stable,0.0,2025-08-04,2025-08-04,33,1,0,0,0,0,0,0,0,1,0,0,0
4828,026200117553,SLIM JIM GIANT 24CT MILD,FOOD,1.0,1,1.0,0.0,0.0,0.0,0.00,0.00,24.0,-24.0,0.0,Stable,0.0,Stable,0.0,2025-04-05,2025-04-05,153,1,1,0,0,0,0,0,0,0,0,0,0
4829,879982004210,TRAFFIC PIPE TOB GREEN 16OZ,LT-TAX PAID,1.0,1,1.0,0.0,9.99,9.99,9.99,9.99,8.35,1.64,16.4,Stable,0.0,Stable,0.0,2025-04-06,2025-04-06,152,1,0,0,0,0,1,0,0,0,0,0,0
4830,6291108166956,AL FAKHER 250GM VANILLA,LT-TAX PAID,1.0,1,1.0,0.0,9.99,9.99,9.99,9.99,8.65,1.34,13.4,Stable,0.0,Stable,0.0,2025-04-06,2025-04-06,153,1,0,0,0,0,1,0,0,0,0,0,0
4831,086400001885,JOB ORANGE 1.25 BOX 24CT,CIG ROLLING PAPER,1.0,1,1.0,0.0,36.99,36.99,36.99,36.99,25.95,11.04,29.8,Stable,0.0,Stable,0.0,2025-05-17,2025-05-17,111,1,0,0,0,0,0,0,1,0,0,0,0
4832,10853195000075,EAGLE PT133XP X-PEN TORCH 12CT,NOVELTY ITEMS,1.0,1,1.0,0.08,39.99,39.99,39.99,39.99,31.8,8.19,20.5,Stable,0.0,Stable,0.0,2025-08-06,2025-08-06,30,1,0,0,0,0,0,0,1,0,0,0,0
4833,086400904490,OCB RICE SLIM PAPER + TIPS 24C,CIG ROLLING PAPER,1.0,1,1.0,0.0,42.99,42.99,42.99,42.99,27.0,15.99,37.2,Stable,0.0,Stable,0.0,2025-04-26,2025-04-26,133,1,0,0,0,0,0,0,1,0,0,0,0
4834,H1,"SILICONE SLNTD BEAKER 13.5"" H1",NOVELTY ITEMS,1.0,1,1.0,0.0,16.5,16.5,16.50,16.50,13.99,2.51,15.2,Stable,0.0,Stable,0.0,2025-03-12,2025-03-12,178,1,0,0,0,0,0,1,0,0,0,0,0
4835,H116,"SILICONE CONE BEAKER 14"" H116",NOVELTY ITEMS,1.0,1,1.0,0.0,14.99,14.99,14.99,14.99,13.83,1.16,7.7,Stable,0.0,Stable,0.0,2025-05-07,2025-05-07,121,1,0,0,0,0,0,1,0,0,0,0,0
4836,61628,SCORCH TORCH ASTRO PRM 6CT,LIGHTERS,1.0,1,1.0,0.08,55.0,55.0,55.00,55.00,47.94,7.06,12.8,Stable,0.0,Stable,0.0,2025-09-03,2025-09-03,2,1,0,0,0,0,0,0,0,1,0,0,0
4837,849205031231,VUSE DUSK GLOW TOB 5.0% 5/3CT,ECIG - PODS,1.0,1,1.0,0.0,93.99,93.99,93.99,93.99,88.12,5.87,6.2,Stable,0.0,Stable,0.0,2025-04-04,2025-04-04,154,1,0,0,0,0,0,0,0,1,0,0,0
4838,WP16,WOOD TOBACCO PIPE 16CT,NOVELTY ITEMS,1.0,1,1.0,0.08,48.0,48.0,48.00,48.00,32.0,16.0,33.3,Stable,0.0,Stable,0.0,2025-07-20,2025-07-20,48,1,0,0,0,0,0,0,1,0,0,0,0
4839,801822331521,CAN OPENER 1CT,HOUSEHOLD GOODS,1.0,1,1.0,0.08,0.89,0.89,0.89,0.89,0.52,0.37,41.6,Stable,0.0,Stable,0.0,2025-08-26,2025-08-26,10,1,1,0,0,0,0,0,0,0,0,0,0
4840,10853195000792,EAGLE PT113SS TORCH USA 20CT,NOVELTY ITEMS,1.0,1,1.0,0.0,31.99,31.99,31.99,31.99,25.8,6.19,19.3,Stable,0.0,Stable,0.0,2025-03-21,2025-03-21,168,1,0,0,0,0,0,0,1,0,0,0,0
4841,801822502235,NAILS CEMENT 1'' PK 1CT,HARDWARE,1.0,1,1.0,0.08,1.79,1.79,1.79,1.79,0.85,0.94,52.5,Stable,0.0,Stable,0.0,2025-08-30,2025-08-30,6,1,0,1,0,0,0,0,0,0,0,0,0
4842,077170110167,OCB ROLLER 6CT - 1.25 1 1/4,NOVELTY ITEMS,1.0,1,1.0,0.08,14.99,14.99,14.99,14.99,11.4,3.59,23.9,Stable,0.0,Stable,0.0,2025-08-30,2025-08-30,7,1,0,0,0,0,0,1,0,0,0,0,0
4843,801822704806,CALCULATOR DEMETER,STATIONARY,1.0,1,1.0,0.0,1.69,1.69,1.69,1.69,0.75,0.94,55.6,Stable,0.0,Stable,0.0,2025-05-15,2025-05-15,114,1,0,1,0,0,0,0,0,0,0,0,0
4844,H127,SILICONE BIG TATOO STYLE H127,NOVELTY ITEMS,1.0,1,1.0,0.0,11.99,11.99,11.99,11.99,8.77,3.22,26.9,Stable,0.0,Stable,0.0,2025-05-07,2025-05-07,121,1,0,0,0,0,0,1,0,0,0,0,0
4845,024300861956,LITTLE DEBBIE ZEBRA CAKE 6CT,FOOD,1.0,1,1.0,0.0,8.49,8.49,8.49,8.49,6.94,1.55,18.3,Stable,0.0,Stable,0.0,2025-05-17,2025-05-17,112,1,0,0,0,0,1,0,0,0,0,0,0
4846,H40,SILICONE ADVANCED BEAKER H40,NOVELTY ITEMS,1.0,1,1.0,0.0,14.99,14.99,14.99,14.99,13.99,1.0,6.7,Stable,0.0,Stable,0.0,2025-05-22,2025-05-22,106,1,0,0,0,0,0,1,0,0,0,0,0
4847,WH230A,"FANCY EASTERN PIPE 8"" WH230A",NOVELTY ITEMS,1.0,1,1.0,0.0,19.99,19.99,19.99,19.99,15.5,4.49,22.5,Stable,0.0,Stable,0.0,2025-05-07,2025-05-07,121,1,0,0,0,0,0,1,0,0,0,0,0
